"","sampleID","LAT","MLWS","MLWN","MHWN","MHWS","HAT","model","IM","time","scaledto","range","tidalrangechange"
"1","306-20",-0.18397,-0.12681,-0.082372,0.061251,0.09817,0.14222,"Sulzbach et al. (2023)",NA,0,"OSU",0.22498,0
"2","308-20",-0.214045585307275,-0.159049874926504,-0.0144470604603002,0.0107084953042968,0.122736580974883,0.165470256794046,"Sulzbach et al. (2023)",NA,5.5,"OSU",0.281786455901387,0.0568064559013869
"3","309-20",-0.209379552697273,-0.151492138222608,-0.0221189336187439,0.0164000685007111,0.116940053264072,0.161863129774453,"Sulzbach et al. (2023)",NA,6.5,"OSU",0.26843219148668,0.04345219148668
"4","312-20",-0.208924305531546,-0.151074014664704,-0.0220560987905646,0.0163288465088874,0.116838801308001,0.161908654491026,"Sulzbach et al. (2023)",NA,6.5,"OSU",0.267912815972705,0.0433678159727046
"5","318-20",-0.18379,-0.12666,-0.082265,0.061054,0.098192,0.14239,"Sulzbach et al. (2023)",NA,0,"OSU",0.224852,0
"6","325-20",-0.151003787998891,-0.10967582407897,-0.0424813196071636,0.0315357074403445,0.0860971332272911,0.119413275407304,"Sulzbach et al. (2023)",NA,1.5,"OSU",0.195772957306261,-0.0330770426937387
"7","326-20",-0.227690979808403,-0.152510340251526,-0.0758474919003771,0.0559619277238216,0.118993680175197,0.180057242536322,"Sulzbach et al. (2023)",NA,4.5,"OSU",0.271504020426723,0.0426540204267228
"8","331-20",-0.18518,-0.12812,-0.083196,0.061834,0.10057,0.14753,"Sulzbach et al. (2023)",NA,0,"OSU",0.22869,0
"9","336-20",-0.151472906659559,-0.110071073700629,-0.0424638597766123,0.0318144635903176,0.0869028966391246,0.121194625882575,"Sulzbach et al. (2023)",NA,2,"OSU",0.196973970339754,-0.0328560296602465
"10","342-20",-0.181122179199475,-0.126873253318263,-0.0522102771720462,0.0388717146016446,0.0995744507363031,0.144259453106339,"Sulzbach et al. (2023)",NA,3,"OSU",0.226447704054566,-0.00271229594543365
"11","346-20",-0.18217,-0.12291,-0.076559,0.056698,0.09563,0.14434,"Sulzbach et al. (2023)",NA,0,"OSU",0.21854,0
"12","348-20",-0.1905296954646,-0.135342018007752,-0.0203664711779453,0.0150538550692189,0.105099357904671,0.150963694589452,"Sulzbach et al. (2023)",NA,6.5,"OSU",0.240441375912423,0.0219013759124229
"13","354-20",-0.18308,-0.12574,-0.080534,0.059749,0.098031,0.14389,"Sulzbach et al. (2023)",NA,0,"OSU",0.223771,0
"14","355-20",-0.133480506061297,-0.0977947297648395,-0.0362813728932406,0.0270224077157038,0.0765410408314457,0.104907745341709,"Sulzbach et al. (2023)",NA,1.5,"OSU",0.174335770596285,-0.0494352294037148
"15","226-21",-0.0956540076334589,-0.0564235533407977,-0.0360554405350691,0.0263881896108273,0.0433948150908621,0.0751783655144112,"Sulzbach et al. (2023)",NA,8,"OSU",0.0998183684316598,-0.12395263156834
"16","359-20",-0.136936737362492,-0.0978146119135196,-0.0542331632574653,0.0403733885606313,0.077102755233,0.109301130267353,"Sulzbach et al. (2023)",NA,3.5,"OSU",0.17491736714652,-0.0505196328534804
"17","360-20",-0.199267927680762,-0.14378612098624,-0.0210993303609253,0.0156376623123744,0.112838155554075,0.159053079115541,"Sulzbach et al. (2023)",NA,6.5,"OSU",0.256624276540315,0.0311872765403151
"18","362-20",-0.254799777964507,-0.163470440568314,-0.12760300657514,0.0944201634378904,0.128079288866854,0.203377882807799,"Sulzbach et al. (2023)",NA,8.5,"OSU",0.291549729435167,0.0661127294351673
"19","367-20",-0.219951840359743,-0.163482669098574,-0.0144547490192319,0.0107045647329864,0.129731767663744,0.1781010168072,"Sulzbach et al. (2023)",NA,5.5,"OSU",0.293214436762318,0.0639944367623178
"20","368-20",-0.214691257767658,-0.15574921178083,-0.0217449739161384,0.0161044167966929,0.123602739262364,0.173841379301479,"Sulzbach et al. (2023)",NA,7,"OSU",0.279351951043193,0.0501319510431932
"21","375-20",-0.182624326969237,-0.128502917182236,-0.0677571553144423,0.050356225309054,0.0996936357222981,0.142338082513863,"Sulzbach et al. (2023)",NA,1,"OSU",0.228196552904534,0.00588255290453413
"22","378-20",-0.133639509771868,-0.095457958386131,-0.0538927328365088,0.0401386650566256,0.0742166453529161,0.104159133039404,"Sulzbach et al. (2023)",NA,4,"OSU",0.169674603739047,-0.0526393962609529
"23","379-20",-0.201598963811721,-0.134750661972438,-0.067142359554231,0.0498152919146908,0.104364644611822,0.157126985336273,"Sulzbach et al. (2023)",NA,5,"OSU",0.23911530658426,0.01680130658426
"24","380-20",-0.196448040979307,-0.141220671552678,-0.0218759003007151,0.0162183893230951,0.109294049664856,0.153112336842777,"Sulzbach et al. (2023)",NA,6.5,"OSU",0.250514721217534,0.0282007212175337
"25","381-20",-0.18314,-0.1252,-0.079484,0.059061,0.097114,0.14274,"Sulzbach et al. (2023)",NA,0,"OSU",0.222314,0
"26","382-20",-0.182624326969237,-0.128502917182236,-0.0677571553144423,0.050356225309054,0.0996936357222981,0.142338082513863,"Sulzbach et al. (2023)",NA,1,"OSU",0.228196552904534,0.00588255290453413
"27","385-20",-0.136849305149951,-0.0985145327006036,-0.0405860369853641,0.0305194505016183,0.0768087152260784,0.103863415894542,"Sulzbach et al. (2023)",NA,1.5,"OSU",0.175323247926682,-0.046719752073318
"28","386-20",-0.211657325901281,-0.151428830058302,-0.0237079492512232,0.017706066813661,0.117259186406776,0.160639857419248,"Sulzbach et al. (2023)",NA,6.5,"OSU",0.268688016465078,0.0466450164650778
"29","387-20",-0.211657325901281,-0.151428830058302,-0.0237079492512232,0.017706066813661,0.117259186406776,0.160639857419248,"Sulzbach et al. (2023)",NA,6.5,"OSU",0.268688016465078,0.0466450164650778
"30","392-20",-0.185969492829073,-0.133066433853256,-0.0662767685318089,0.0496495673283504,0.102985422015302,0.141812958468769,"Sulzbach et al. (2023)",NA,0.5,"OSU",0.236051855868558,0.0135528558685576
"31","395-20",-0.18279,-0.12409,-0.078396,0.057901,0.096679,0.14407,"Sulzbach et al. (2023)",NA,0,"OSU",0.220769,0
"32","396-20",-0.194461997993639,-0.13921952957362,-0.0204075417730866,0.015039117259674,0.108226864508345,0.153269544564492,"Sulzbach et al. (2023)",NA,7,"OSU",0.247446394081965,0.0266773940819653
"33","BETA-89831",-0.170731224014486,-0.119718201150817,-0.0493612394218477,0.0367499667063776,0.0927946161220704,0.131985620912867,"Sulzbach et al. (2023)",NA,2.5,"OSU",0.212512817272888,-0.0124671827271125
"34","BETA-87920",-0.21529998778097,-0.144346492055272,-0.072452720710727,0.0537653054060329,0.111518113742219,0.166439986205411,"Sulzbach et al. (2023)",NA,4.5,"OSU",0.255864605797491,0.0308846057974909
"35","BETA-87921",-0.214045585307275,-0.159049874926504,-0.0144470604603002,0.0107084953042968,0.122736580974883,0.165470256794046,"Sulzbach et al. (2023)",NA,6,"OSU",0.281786455901387,0.0568064559013869
"36","BETA-89832",-0.140960137457667,-0.102928132404096,-0.0395018688914245,0.0294438901864632,0.0801399852602868,0.109207867525966,"Sulzbach et al. (2023)",NA,2,"OSU",0.183068117664383,-0.0417838823356174
"37","BETA-89833",-0.17056417710291,-0.119576589841199,-0.049297119907715,0.0366317687432235,0.0928154114929035,0.132143387440466,"Sulzbach et al. (2023)",NA,3,"OSU",0.212392001334103,-0.0124599986658971
"38","BETA-96587",-0.222902553457807,-0.14956532714151,-0.0740784480269916,0.0547508922503932,0.117227686876325,0.177404808222298,"Sulzbach et al. (2023)",NA,4.5,"OSU",0.266793014017835,0.0402100140178351
"39","BETA-96645",-0.188474193662267,-0.135335593548257,-0.067055611103829,0.0500206237035539,0.106583313299194,0.151455412602239,"Sulzbach et al. (2023)",NA,1,"OSU",0.241918906847451,0.014957906847451
"40","BETA-98360",-0.14934756541015,-0.107198632226425,-0.0617694783111749,0.0457763772992824,0.0840098012691773,0.118103540289092,"Sulzbach et al. (2023)",NA,4,"OSU",0.191208433495602,-0.0376415665043982
"41","BETA-171884",-0.205300871920488,-0.149096886093911,-0.0215193214793475,0.0158474632630013,0.11618720917151,0.162217046326433,"Sulzbach et al. (2023)",NA,7,"OSU",0.265284095265421,0.0400460952654213
"42","BETA-171885",-0.21924625741711,-0.158885586156588,-0.0213850607865156,0.0158385451659127,0.12428420122507,0.174670052687905,"Sulzbach et al. (2023)",NA,7,"OSU",0.283169787381658,0.0544797873816578
"43","BETA-117889",-0.19594520054848,-0.101415240568511,-0.0419313192174036,0.0306934607812187,0.0782547506099735,0.156065632573935,"Sulzbach et al. (2023)",NA,7.5,"OSU",0.179669991178485,-0.0494900088215154
"44","BETA-117890",-0.194371633111661,-0.100537027837465,-0.0416358534093631,0.030343452909621,0.077528865292557,0.154559566971409,"Sulzbach et al. (2023)",NA,7.5,"OSU",0.178065893130022,-0.0512341068699783
"45","BBR 1-2.8",-0.196763415568136,-0.130031405367213,-0.0628907656343932,0.0465154560996921,0.101040185591434,0.155902900604407,"Sulzbach et al. (2023)",NA,5,"OSU",0.231071590958647,0.0125315909586473
"46","BBR 2-2.0",-0.201519009119384,-0.135533802665505,-0.0666467364904132,0.0493778172675094,0.105521080315235,0.158381965382282,"Sulzbach et al. (2023)",NA,5,"OSU",0.241054882980739,0.0172838829807395
"47","BBR 3-3.5",-0.199267927680762,-0.14378612098624,-0.0210993303609253,0.0156376623123744,0.112838155554075,0.159053079115541,"Sulzbach et al. (2023)",NA,6.5,"OSU",0.256624276540315,0.0311872765403151
"48","BBR 3-8.4",-0.200046721892672,-0.114346728493351,-0.0261808400396562,0.0191363126922039,0.0884981696313154,0.159674702569166,"Sulzbach et al. (2023)",NA,7.5,"OSU",0.202844898124666,-0.022592101875334
"49","BBR 4-1.7",-0.145005856710072,-0.104194557798061,-0.0580288232834316,0.043183297366326,0.0830870268996365,0.117415205441444,"Sulzbach et al. (2023)",NA,3.5,"OSU",0.187281584697697,-0.041938415302303
"50","BBR 4-6.0",-0.214691257767658,-0.15574921178083,-0.0217449739161384,0.0161044167966929,0.123602739262364,0.173841379301479,"Sulzbach et al. (2023)",NA,6.5,"OSU",0.279351951043193,0.0501319510431932
"51","BBR 4-9.3",-0.191145582998026,-0.100578544622981,-0.0375447634583295,0.0274391905150315,0.0787668410998795,0.154775802896097,"Sulzbach et al. (2023)",NA,7.5,"OSU",0.17934538572286,-0.04987461427714
"52","BBR 5-2.8",-0.185749056717887,-0.132551255335098,-0.0671271197412672,0.0500699685049135,0.102340420075654,0.142127712454728,"Sulzbach et al. (2023)",NA,1,"OSU",0.234891675410752,0.0119766754107518
"53","BBR 5-7.3",-0.214399122689048,-0.159204957663826,-0.0142501379764512,0.010592989738859,0.122501133951108,0.164049591413944,"Sulzbach et al. (2023)",NA,6,"OSU",0.281706091614934,0.0587910916149336
"54","BBR 6-3.2",-0.201598963811721,-0.134750661972438,-0.067142359554231,0.0498152919146908,0.104364644611822,0.157126985336273,"Sulzbach et al. (2023)",NA,4.5,"OSU",0.23911530658426,0.01680130658426
"55","BBR 7-3.0",-0.201598963811721,-0.134750661972438,-0.067142359554231,0.0498152919146908,0.104364644611822,0.157126985336273,"Sulzbach et al. (2023)",NA,4.5,"OSU",0.23911530658426,0.01680130658426
"56","BBR 8-2.9",-0.165835417647473,-0.114866933787013,-0.0504129148201215,0.0377883344758208,0.0892732063756247,0.125862772443684,"Sulzbach et al. (2023)",NA,3,"OSU",0.204140140162637,-0.0179028598373627
"57","BBR 8-8.3",-0.209147379348979,-0.155333241847298,-0.0119442635731912,0.00890435984534094,0.1200654108253,0.158734903482148,"Sulzbach et al. (2023)",NA,6,"OSU",0.275398652672599,0.0533556526725986
"58","BBR 9-2.9",-0.185969492829073,-0.133066433853256,-0.0662767685318089,0.0496495673283504,0.102985422015302,0.141812958468769,"Sulzbach et al. (2023)",NA,0.5,"OSU",0.236051855868558,0.0135528558685576
"59","BBR 9-10.7",-0.222090106274827,-0.163702274985858,-0.0151944949013176,0.0113330741009279,0.126144761848022,0.169357105503451,"Sulzbach et al. (2023)",NA,5.5,"OSU",0.28984703683388,0.06734803683388
"60","BBR 10-2.2",-0.202215790296377,-0.148059889682137,-0.0141087637171483,0.010396423212271,0.115089488665147,0.159380868253181,"Sulzbach et al. (2023)",NA,5.5,"OSU",0.263149378347284,0.0423803783472836
"61","BBR 10-4.2",-0.202215790296377,-0.148059889682137,-0.0141087637171483,0.010396423212271,0.115089488665147,0.159380868253181,"Sulzbach et al. (2023)",NA,6,"OSU",0.263149378347284,0.0423803783472836
"62","BBR 10-7.0",-0.188554337004425,-0.105554062420077,-0.0258890644681817,0.0188162757897434,0.0809273823721538,0.148613290290648,"Sulzbach et al. (2023)",NA,7.5,"OSU",0.186481444792231,-0.0342875552077694
"63","BBR 11-2.0",-0.202215790296377,-0.148059889682137,-0.0141087637171483,0.010396423212271,0.115089488665147,0.159380868253181,"Sulzbach et al. (2023)",NA,5.5,"OSU",0.263149378347284,0.0423803783472836
"64","BBR 11-4.4",-0.194461997993639,-0.13921952957362,-0.0204075417730866,0.015039117259674,0.108226864508345,0.153269544564492,"Sulzbach et al. (2023)",NA,6.5,"OSU",0.247446394081965,0.0266773940819653
"65","BBR 11-6.8",-0.194461997993639,-0.13921952957362,-0.0204075417730866,0.015039117259674,0.108226864508345,0.153269544564492,"Sulzbach et al. (2023)",NA,7,"OSU",0.247446394081965,0.0266773940819653
"66","BBR 4-10.8",-0.108143281987533,-0.0640502095862051,-0.0406940899194881,0.0298008500073075,0.050261330406005,0.0875665711700607,"Sulzbach et al. (2023)",NA,8,"OSU",0.11431153999221,-0.11490846000779
"67","BBR 6-12.2",-0.196448040979307,-0.141220671552678,-0.0218759003007151,0.0162183893230951,0.109294049664856,0.153112336842777,"Sulzbach et al. (2023)",NA,7,"OSU",0.250514721217534,0.0282007212175337
"68","BBR 6-8.0",-0.196448040979307,-0.141220671552678,-0.0218759003007151,0.0162183893230951,0.109294049664856,0.153112336842777,"Sulzbach et al. (2023)",NA,6.5,"OSU",0.250514721217534,0.0282007212175337
"69","BBR 7-8.9",-0.196448040979307,-0.141220671552678,-0.0218759003007151,0.0162183893230951,0.109294049664856,0.153112336842777,"Sulzbach et al. (2023)",NA,6.5,"OSU",0.250514721217534,0.0282007212175337
"70","G5-460/465",-0.471299701605689,-0.312367017905664,-0.32442781609961,0.23931495645228,0.240898233369706,0.365966903400923,"Sulzbach et al. (2023)",NA,9,"OSU",0.55326525127537,0.32765325127537
"71","G7-base",-0.470890542884816,-0.31192471092625,-0.324278605141259,0.239002284823266,0.241093902649136,0.366631786322342,"Sulzbach et al. (2023)",NA,9,"OSU",0.553018613575386,0.327506613575386
"72","G9-base",-0.497001100000118,-0.333910602473939,-0.324803312161101,0.24052902534841,0.257389186361811,0.384202494420038,"Sulzbach et al. (2023)",NA,9.5,"OSU",0.59129978883575,0.36671478883575
"73","T4-base",-0.211658463660497,-0.153541813672713,-0.0215353962838675,0.0158121398104612,0.120032748231886,0.168025895419023,"Sulzbach et al. (2023)",NA,6.5,"OSU",0.273574561904599,0.0483395619045989
"74","T6-base",-0.219923215365966,-0.163456653236268,-0.0140443496643157,0.0103782224170625,0.128370657354138,0.175974546646431,"Sulzbach et al. (2023)",NA,5.5,"OSU",0.291827310590405,0.0652073105904054
"75","T7-base",-0.215824102761534,-0.156467053173307,-0.0217294308906002,0.0160500611767004,0.122673847679715,0.172277438659319,"Sulzbach et al. (2023)",NA,7,"OSU",0.279140900853021,0.0529789008530215
"76","T12-base",-0.1774315250687,-0.124484245614192,-0.050833239468147,0.0378172594727846,0.0979553398835579,0.142224243093181,"Sulzbach et al. (2023)",NA,3,"OSU",0.22243958549775,-0.00393541450224966
"77","L5-base",-0.112782298576112,-0.0669704709417709,-0.0427346341910829,0.0313504300181076,0.0518170698993106,0.0899074747793626,"Sulzbach et al. (2023)",NA,8,"OSU",0.118787540841082,-0.110502459158918
"78","L6-base",-0.195645061087152,-0.102070144149226,-0.0401328560056748,0.0291033869701195,0.0783897720079059,0.154161247961601,"Sulzbach et al. (2023)",NA,7.5,"OSU",0.180459916157132,-0.0471920838428678
"79","BETA-96642",-0.205289666764287,-0.149096886093911,-0.0215140674180695,0.0158354093696187,0.116267185790368,0.162273072107439,"Sulzbach et al. (2023)",NA,6.5,"OSU",0.265364071884278,0.0400580718842785
"80","GR 1-2.1",-0.21529998778097,-0.144346492055272,-0.072452720710727,0.0537653054060329,0.111518113742219,0.166439986205411,"Sulzbach et al. (2023)",NA,4.5,"OSU",0.255864605797491,0.0308846057974909
"81","GR 1-6.675",-0.209379552697273,-0.151492138222608,-0.0221189336187439,0.0164000685007111,0.116940053264072,0.161863129774453,"Sulzbach et al. (2023)",NA,7,"OSU",0.26843219148668,0.04345219148668
"82","GR 1-8.275",-0.190851816056259,-0.102912147158392,-0.034426444231903,0.025156102038646,0.0782905961386737,0.147540062398876,"Sulzbach et al. (2023)",NA,7.5,"OSU",0.181202743297066,-0.0437772567029341
"83","GR 2-6.575",-0.190436853146967,-0.102628106061433,-0.0343286465828199,0.0250468544648549,0.0782228086203709,0.147581558689805,"Sulzbach et al. (2023)",NA,7.5,"OSU",0.180850914681804,-0.0436940853181965
"84","GR 2-9.55",-0.190436853146967,-0.102628106061433,-0.0343286465828199,0.0250468544648549,0.0782228086203709,0.147581558689805,"Sulzbach et al. (2023)",NA,7.5,"OSU",0.180850914681804,-0.0436940853181965
"85","GR 2-9.8",-0.190436853146967,-0.102628106061433,-0.0343286465828199,0.0250468544648549,0.0782228086203709,0.147581558689805,"Sulzbach et al. (2023)",NA,7.5,"OSU",0.180850914681804,-0.0436940853181965
"86","GR 3-6.95",-0.209174691472696,-0.151312942412078,-0.0220902014537218,0.0163473213864657,0.116966259652702,0.162056609819888,"Sulzbach et al. (2023)",NA,6.5,"OSU",0.268279202064779,0.0434272020647794
"87","TR 4-0.25",-0.188432929700695,-0.135011738821636,-0.0671956581359593,0.0497878442666242,0.106084909690864,0.149970950254929,"Sulzbach et al. (2023)",NA,0.5,"OSU",0.241096648512501,0.0145136485125005
"88","TR 4-1.35",-0.177200454955471,-0.124148487977234,-0.0507333267695509,0.0376086014471196,0.0975967288803848,0.141031191615441,"Sulzbach et al. (2023)",NA,2.5,"OSU",0.221745216857619,-0.00483778314238095
"89","TR 4-3.125",-0.22077486717663,-0.163927723525318,-0.0140649741022182,0.010385614476631,0.12836471552302,0.17571141453607,"Sulzbach et al. (2023)",NA,6,"OSU",0.292292439048338,0.0657094390483382
"90","TR 5-0.45",-0.188474193662267,-0.135335593548257,-0.067055611103829,0.0500206237035539,0.106583313299194,0.151455412602239,"Sulzbach et al. (2023)",NA,1,"OSU",0.241918906847451,0.014957906847451
"91","TR 5-1.15",-0.188474193662267,-0.135335593548257,-0.067055611103829,0.0500206237035539,0.106583313299194,0.151455412602239,"Sulzbach et al. (2023)",NA,1,"OSU",0.241918906847451,0.014957906847451
"92","LR 7-4.9",-0.194455359854332,-0.100458788905295,-0.041639844337189,0.0302831318534594,0.0772596678436245,0.153774628758864,"Sulzbach et al. (2023)",NA,7.5,"OSU",0.17771845674892,-0.05113154325108
"93","LR 7-6.3",-0.114913163319325,-0.0680452778604773,-0.0434476636576706,0.0316682955091646,0.0524480584432979,0.090872933727171,"Sulzbach et al. (2023)",NA,8,"OSU",0.120493336303775,-0.108356663696225
"94","LR 10-3.775",-0.225971988926412,-0.151700127976067,-0.0752058679552108,0.0557535176171121,0.118777213665034,0.180028337435541,"Sulzbach et al. (2023)",NA,4.5,"OSU",0.270477341641102,0.041787341641102
"95","LR 11-0.6",-0.227421378002386,-0.152534095756238,-0.0757611662976918,0.0562283699384095,0.119337215936778,0.181135649760388,"Sulzbach et al. (2023)",NA,4.5,"OSU",0.271871311693016,0.0427113116930158
"96","LR 11-5.4",-0.224112001602051,-0.166756251721055,-0.0132683562870705,0.00983657210165375,0.130319350292452,0.178499811169303,"Sulzbach et al. (2023)",NA,5.5,"OSU",0.297075602013507,0.0679156020135069
"97","LR 12-2.125",-0.227365291417602,-0.15254719519477,-0.0755261933901022,0.0562588276580316,0.119743869434329,0.181916700746825,"Sulzbach et al. (2023)",NA,4.5,"OSU",0.272291064629098,0.0424610646290982
"98","LR 12-2.375",-0.227365291417602,-0.15254719519477,-0.0755261933901022,0.0562588276580316,0.119743869434329,0.181916700746825,"Sulzbach et al. (2023)",NA,5,"OSU",0.272291064629098,0.0424610646290982
"99","LR 12-5.475",-0.220382480188628,-0.159700248527816,-0.0210922236964833,0.0157007089246994,0.125273268835675,0.176329700317724,"Sulzbach et al. (2023)",NA,7,"OSU",0.284973517363492,0.0551435173634916
"100","LR 13-8.05",-0.541202143878689,-0.364641310184848,-0.356271161453065,0.263776577542695,0.284591309696595,0.431054471854236,"Sulzbach et al. (2023)",NA,9.5,"OSU",0.649232619881443,0.420072619881443
"101","LR 14-0.475",-0.150938770221497,-0.109761241387443,-0.0424772480290106,0.0315985235053674,0.086397123238536,0.120022817070378,"Sulzbach et al. (2023)",NA,2,"OSU",0.196158364625979,-0.0331416353740211
"102","LR 14-2.675",-0.220925166102889,-0.160063111973167,-0.0215521943376639,0.0159171670335117,0.125085040567967,0.175674286722349,"Sulzbach et al. (2023)",NA,6.5,"OSU",0.285148152541134,0.0558481525411337
"103","BBR 1-2.1",-0.196763415568136,-0.130031405367213,-0.0628907656343932,0.0465154560996921,0.101040185591434,0.155902900604407,"Sulzbach et al. (2023)",NA,4.5,"OSU",0.231071590958647,0.0125315909586473
"104","BBR 1-6.425",-0.1905296954646,-0.135342018007752,-0.0203664711779453,0.0150538550692189,0.105099357904671,0.150963694589452,"Sulzbach et al. (2023)",NA,6.5,"OSU",0.240441375912423,0.0219013759124229
"105","BBR 1-10.075",-0.1905296954646,-0.135342018007752,-0.0203664711779453,0.0150538550692189,0.105099357904671,0.150963694589452,"Sulzbach et al. (2023)",NA,7,"OSU",0.240441375912423,0.0219013759124229
"106","BBR 1-13.5",-0.1905296954646,-0.135342018007752,-0.0203664711779453,0.0150538550692189,0.105099357904671,0.150963694589452,"Sulzbach et al. (2023)",NA,7,"OSU",0.240441375912423,0.0219013759124229
"107","BBR 2-3.275",-0.194770515852483,-0.141070703913184,-0.0209640921622756,0.0155191139556875,0.109740354726648,0.153078050721072,"Sulzbach et al. (2023)",NA,7,"OSU",0.250811058639832,0.0270400586398318
"108","BBR 2-4.225",-0.0956540076334589,-0.0564235533407977,-0.0360554405350691,0.0263881896108273,0.0433948150908621,0.0751783655144112,"Sulzbach et al. (2023)",NA,8,"OSU",0.0998183684316598,-0.12395263156834
"109","BBR 3-0.425",-0.18423,-0.12618,-0.079944,0.059391,0.099257,0.14705,"Sulzbach et al. (2023)",NA,0,"OSU",0.225437,0
"110","BBR 4-0.75",-0.145523627278046,-0.106017255290266,-0.0397956869858656,0.0296631090317522,0.0846785442879641,0.117834458421907,"Sulzbach et al. (2023)",NA,2,"OSU",0.19069579957823,-0.0385242004217698
"111","BBR 4-2.575",-0.221375056389363,-0.148767057002437,-0.0725707356279232,0.0537915834753196,0.11816144012464,0.179253433725362,"Sulzbach et al. (2023)",NA,5,"OSU",0.266928497127077,0.0377084971270767
"112","BBR 4-11.6",-0.456774699319751,-0.304743536131999,-0.300104275674564,0.22199745634407,0.241560779883165,0.369862958489435,"Sulzbach et al. (2023)",NA,9,"OSU",0.546304316015164,0.317084316015164
"113","BBR 5-2",-0.185749056717887,-0.132551255335098,-0.0671271197412672,0.0500699685049135,0.102340420075654,0.142127712454728,"Sulzbach et al. (2023)",NA,0.5,"OSU",0.234891675410752,0.0119766754107518
"114","BBR 5-3.875",-0.215290533032915,-0.144322583396778,-0.0718856896045795,0.0534925274198293,0.111165225431073,0.164731662780932,"Sulzbach et al. (2023)",NA,5,"OSU",0.255487808827851,0.0325728088278508
"115","BBR 5-8.25",-0.210728797388202,-0.152242472778016,-0.022654419208452,0.01684809385383,0.117197333580357,0.161241206013816,"Sulzbach et al. (2023)",NA,7,"OSU",0.269439806358373,0.0465248063583732
"116","BBR 5-13.925",-0.262792156891809,-0.168199529009639,-0.133567756139454,0.0990674776922398,0.12913329779137,0.201077996141877,"Sulzbach et al. (2023)",NA,8.5,"OSU",0.297332826801009,0.0744178268010088
"117","BBR 6-0.625",-0.18314,-0.1252,-0.079484,0.059061,0.097114,0.14274,"Sulzbach et al. (2023)",NA,0,"OSU",0.222314,0
"118","BBR 7-4.95",-0.201598963811721,-0.134750661972438,-0.067142359554231,0.0498152919146908,0.104364644611822,0.157126985336273,"Sulzbach et al. (2023)",NA,5,"OSU",0.23911530658426,0.01680130658426
"119","BBR 7-8",-0.196448040979307,-0.141220671552678,-0.0218759003007151,0.0162183893230951,0.109294049664856,0.153112336842777,"Sulzbach et al. (2023)",NA,6.5,"OSU",0.250514721217534,0.0282007212175337
"120","BBR 8-15.9",-0.1861306195194,-0.102297869073088,-0.0338302594713749,0.0249003516446306,0.078068698833268,0.141266058491632,"Sulzbach et al. (2023)",NA,7.5,"OSU",0.180366567906356,-0.0416764320936437
"121","BBR 8-18.5",-0.1861306195194,-0.102297869073088,-0.0338302594713749,0.0249003516446306,0.078068698833268,0.141266058491632,"Sulzbach et al. (2023)",NA,7.5,"OSU",0.180366567906356,-0.0416764320936437
"122","BBR 9-11.45",-0.219372708905619,-0.157077113414915,-0.0235779667146336,0.0176032066523894,0.121157819372045,0.167284926059391,"Sulzbach et al. (2023)",NA,7,"OSU",0.27823493278696,0.0557359327869601
"123","BBR 9-13",-0.219372708905619,-0.157077113414915,-0.0235779667146336,0.0176032066523894,0.121157819372045,0.167284926059391,"Sulzbach et al. (2023)",NA,7,"OSU",0.27823493278696,0.0557359327869601
"124","OS-37476",-0.255163728563328,-0.121995133014381,-0.0740274242239946,0.0547624891864995,0.106278677725375,0.236863623140543,"Sulzbach et al. (2023)",NA,1,"UTide",0.228273810739756,0.00515447707291911
"125","OS-40695",-0.185466575180259,-0.090268266141824,-0.0573434571051934,0.0425080939324963,0.0788017750843001,0.172165084810482,"Sulzbach et al. (2023)",NA,4,"UTide",0.169070041226124,-0.054049292440713
"126","OS-40696",-0.276603116318854,-0.126157949866864,-0.0709704309030819,0.0524254957732631,0.109747045825076,0.256765397935422,"Sulzbach et al. (2023)",NA,4.5,"UTide",0.23590499569194,0.0127856620251027
"127","OS-37475",-0.267839970985567,-0.131310366710898,-0.0229829804247688,0.0169665285794731,0.114156006153732,0.248630737239576,"Sulzbach et al. (2023)",NA,6.5,"UTide",0.24546637286463,0.0223470391977927
"128","OS-37477",-0.131506824537852,-0.0523357615924821,-0.0385649409689198,0.0281180622508931,0.0449370281010373,0.122075277325369,"Sulzbach et al. (2023)",NA,8,"UTide",0.0972727896935194,-0.125846543973318
"129","491",-0.177999422191714,-0.125031649296759,-0.0505016610333981,0.0383572228281047,0.0999894960331533,0.146507806228469,"Sulzbach et al. (2023)",NA,2.5,"OSU",0.225021145329912,-0.00354665467008813
"130","663",-0.147650276057959,-0.106343413284,-0.0591414492208582,0.0451097143972897,0.0851693014752764,0.121716919464268,"Sulzbach et al. (2023)",NA,3.5,"OSU",0.191512714759276,-0.0365933852407235
"131","465",-0.219706113855756,-0.163948517119592,-0.0136555562085971,0.0102961794368025,0.130541494468951,0.180716238716933,"Sulzbach et al. (2023)",NA,5.5,"OSU",0.294490011588543,0.0663380115885435
"132","TR 4-1.1",-0.188422673172843,-0.135001098760259,-0.0671915700130804,0.049790297393446,0.106099807313924,0.149991463310634,"Sulzbach et al. (2023)",NA,1,"OSU",0.241100906074182,0.0145139060741823
"133","TR 5-2.7",-0.148269402762742,-0.108002853687738,-0.0413547611745657,0.0309754367551369,0.085332698316306,0.119199819225218,"Sulzbach et al. (2023)",NA,2,"OSU",0.193335552004044,-0.0341044479959556
"134","TR 4-1.1",-0.170489934031098,-0.119784286428639,-0.0492455845972906,0.0365333704388718,0.0942474563480011,0.135716335271394,"Sulzbach et al. (2023)",NA,2.5,"OSU",0.21403174277664,-0.0125552572233602
"135","TR 5-2.7",-0.170499214415075,-0.120114712817747,-0.0493312770320661,0.0368801644627454,0.0947229141447761,0.137071271331954,"Sulzbach et al. (2023)",NA,2.5,"OSU",0.214837626962523,-0.0126023730374772
"136","GR 3-1.25",-0.17056417710291,-0.119576589841199,-0.0493001161466932,0.0366419685674551,0.0928210829576761,0.132152667824443,"Sulzbach et al. (2023)",NA,3,"OSU",0.212397672798876,-0.0124603272011245
"137","LR 7-2",-0.14934756541015,-0.107190283423292,-0.0618279406000077,0.0457548790816034,0.0839679845438069,0.118031197550196,"Sulzbach et al. (2023)",NA,3.5,"OSU",0.191158267967098,-0.0376317320329015
"138","LR 7-3.5",-0.14934756541015,-0.107190283423292,-0.0618279406000077,0.0457548790816034,0.0839679845438069,0.118031197550196,"Sulzbach et al. (2023)",NA,4,"OSU",0.191158267967098,-0.0376317320329015
"139","LR 7-5.1",-0.14934756541015,-0.107190283423292,-0.0618279406000077,0.0457548790816034,0.0839679845438069,0.118031197550196,"Sulzbach et al. (2023)",NA,4,"OSU",0.191158267967098,-0.0376317320329015
"140","TR 4-3",-0.222890420725744,-0.149553540134879,-0.07407394116142,0.0547535899145374,0.117244149292105,0.177429073686424,"Sulzbach et al. (2023)",NA,4.5,"OSU",0.266797689426983,0.0402106894269831
"141","LR 7-5.1",-0.217441635754222,-0.146144989472252,-0.0734871061761256,0.054177865095521,0.114051325452978,0.171846769613293,"Sulzbach et al. (2023)",NA,4.5,"OSU",0.26019631492523,0.03140631492523
"142","TR 4-3",-0.214995709926846,-0.144426172320581,-0.0722829618715927,0.0534484244530431,0.113264098674702,0.171144589949932,"Sulzbach et al. (2023)",NA,5,"OSU",0.257690270995282,0.0311032709952825
"143","GR 1-2.8",-0.213568558129062,-0.158585807000293,-0.0144040903999305,0.0106670606601747,0.122589052029634,0.165400447938698,"Sulzbach et al. (2023)",NA,6,"OSU",0.281174859029928,0.0566828590299276
"144","GR 2-4.6",-0.209390933876416,-0.151527977384715,-0.0221202762432777,0.0164022105155028,0.116942435663038,0.161874510953597,"Sulzbach et al. (2023)",NA,6.5,"OSU",0.268470413047752,0.0434584130477525
"145","LR 7-7.9",-0.2210203309386,-0.159926092966809,-0.0215746604105288,0.0158780642036975,0.124588671359364,0.174675055947384,"Sulzbach et al. (2023)",NA,6.5,"OSU",0.284514764326172,0.0557247643261723
"146","GR 1-5.6",-0.209390933876416,-0.151527977384715,-0.0221202762432777,0.0164022105155028,0.116942435663038,0.161874510953597,"Sulzbach et al. (2023)",NA,6.5,"OSU",0.268470413047752,0.0434584130477525
"147","LR 7-7.9",-0.192750271366271,-0.104194389824667,-0.0349179401093457,0.0253491334660213,0.0800690216188535,0.152332884001202,"Sulzbach et al. (2023)",NA,7.5,"OSU",0.18426341144352,-0.04452658855648
"148","BBR 6-7.6",-0.201795159774211,-0.14910976452461,-0.0140531700950417,0.0104152071686251,0.115360244270854,0.1572799012022,"Sulzbach et al. (2023)",NA,6,"OSU",0.264470008795464,0.0421560087954643
"149","BBR 7-6.4",-0.201795159774211,-0.14910976452461,-0.0140531700950417,0.0104152071686251,0.115360244270854,0.1572799012022,"Sulzbach et al. (2023)",NA,6,"OSU",0.264470008795464,0.0421560087954643
"150","BBR 1-8.1",-0.1905296954646,-0.135342018007752,-0.0203664711779453,0.0150538550692189,0.105099357904671,0.150963694589452,"Sulzbach et al. (2023)",NA,6.5,"OSU",0.240441375912423,0.0219013759124229
"151","BBR 2-4.4",-0.194770515852483,-0.141070703913184,-0.0209640921622756,0.0155191139556875,0.109740354726648,0.153078050721072,"Sulzbach et al. (2023)",NA,6.5,"OSU",0.250811058639832,0.0270400586398318
"152","BBR 8-14.5",-0.211657325901281,-0.151428830058302,-0.0237079492512232,0.017706066813661,0.117259186406776,0.160639857419248,"Sulzbach et al. (2023)",NA,7,"OSU",0.268688016465078,0.0466450164650778
"153","BBR 9-15.5",-0.219372708905619,-0.157077113414915,-0.0235779667146336,0.0176032066523894,0.121157819372045,0.167284926059391,"Sulzbach et al. (2023)",NA,7,"OSU",0.27823493278696,0.0557359327869601
"154","BBR 1-13.9",-0.18139726299005,-0.101378357870095,-0.024205699724451,0.0176518344066737,0.077669933234307,0.143727732008475,"Sulzbach et al. (2023)",NA,7.5,"OSU",0.179048291104402,-0.0394917088955981
"155","BBR 5-14.0",-0.107120493937091,-0.0620415183993655,-0.041645625697985,0.0305087112151912,0.0470458049462137,0.0819642965047321,"Sulzbach et al. (2023)",NA,8,"OSU",0.109087323345579,-0.113827676654421
"156","BBR 3-20.0",-0.09702583988237,-0.0570021898908632,-0.0365681672274749,0.0267956631624547,0.0442271255767649,0.0774447687928269,"Sulzbach et al. (2023)",NA,8,"OSU",0.101229315467628,-0.124207684532372
"157","BBR 9-19.8",-0.117704396453674,-0.0676601151383384,-0.0469702475627216,0.0345020280718549,0.051346110403031,0.0897567038117281,"Sulzbach et al. (2023)",NA,8,"OSU",0.119006225541369,-0.103492774458631
"158","BBR 8-20.0",-0.11859662269175,-0.0692596892829444,-0.0524811873520964,0.0386640416953437,0.0529047094200267,0.090010324369745,"Sulzbach et al. (2023)",NA,8,"OSU",0.122164398702971,-0.0998786012970288
"159","G5-120/125",-0.141575572806465,-0.103154374297152,-0.0403747527961396,0.0300478417624271,0.080261596536054,0.109934238873214,"Sulzbach et al. (2023)",NA,2,"OSU",0.183415970833206,-0.0421960291667944
"160","G5-240/245",-0.170944340825426,-0.119715246475871,-0.0501898309630725,0.0372371457791699,0.0928596009334495,0.132739254560644,"Sulzbach et al. (2023)",NA,3,"OSU",0.212574847409321,-0.0130371525906792
"161","L4-base",-0.227514011113524,-0.152609923318051,-0.0756141045270372,0.0561191980335984,0.119398970428033,0.181205957859069,"Sulzbach et al. (2023)",NA,5,"OSU",0.272008893746084,0.0423988937460837
"162","G5-380/385",-0.213889492225124,-0.158834207663097,-0.0141858288082654,0.0104775429960127,0.122649413693809,0.166086409291033,"Sulzbach et al. (2023)",NA,5.5,"OSU",0.281483621356906,0.0558716213569064
"163","T5-base",-0.28669331666386,-0.184868079254475,-0.147650254004966,0.108178499271006,0.144024907593231,0.227516735164958,"Sulzbach et al. (2023)",NA,8.5,"OSU",0.328892986847706,0.103435986847706
"164","G4-base",-0.108525566045228,-0.0633038667462463,-0.0425191933465468,0.031060395731246,0.048261049689283,0.0840277888602948,"Sulzbach et al. (2023)",NA,8,"OSU",0.111564916435529,-0.113413083564471
"165","G5-base",-0.647127727060735,-0.436819922921668,-0.375174958936767,0.276605634591872,0.336702464138643,0.502498366899956,"Sulzbach et al. (2023)",NA,11.5,"OSU",0.773522387060311,0.547910387060311
"166","T9-base",-0.220366291872689,-0.163643508069604,-0.0140339977526551,0.0103448477799648,0.128144535908057,0.175410991518466,"Sulzbach et al. (2023)",NA,5.5,"OSU",0.291788043977662,0.0655960439776617
"167","Beta-22919",-0.130090588487303,-0.0937049587665708,-0.0338435677422731,0.0252468589050179,0.0731598575232209,0.103166424067872,"Sulzbach et al. (2023)",NA,2,"OSU",0.166864816289792,-0.0513671837102083
"168","Beta-22916",-0.15707865062315,-0.108757210213926,-0.0427709232695307,0.0318252056374372,0.0846733190990988,0.124553439833383,"Sulzbach et al. (2023)",NA,2.5,"OSU",0.193430529313024,-0.0248064706869756
"169","Beta-22923",-0.157113160130619,-0.108792641785913,-0.042912888865049,0.0319078072093549,0.0847309761147335,0.124441283934108,"Sulzbach et al. (2023)",NA,2.5,"OSU",0.193523617900646,-0.0248183820993539
"170","Beta-22917",-0.15707865062315,-0.108757210213926,-0.0427709232695307,0.0318252056374372,0.0846733190990988,0.124553439833383,"Sulzbach et al. (2023)",NA,3,"OSU",0.193430529313024,-0.0248064706869756
"171","Beta-22936",-0.131918363069426,-0.092994374229261,-0.0507945857929901,0.0377526509842434,0.0725249444512359,0.104535254051282,"Sulzbach et al. (2023)",NA,3.5,"OSU",0.165519318680497,-0.0529276813195031
"172","Beta-31605",-0.131867667019935,-0.0929716649803649,-0.0506532094761662,0.0377726072778231,0.0724566656872516,0.104520769465713,"Sulzbach et al. (2023)",NA,4,"OSU",0.165428330667617,-0.0528986693323835
"173","Beta-22920",-0.131853182434366,-0.0929338162322049,-0.0505762158012761,0.0376588564044189,0.0724225263052594,0.10456422322242,"Sulzbach et al. (2023)",NA,4,"OSU",0.165356342537464,-0.0528756574625357
"174","Beta-22924",-0.197608131349313,-0.143896126426413,-0.013791910769343,0.0102179016320351,0.111665720901992,0.156515275744467,"Sulzbach et al. (2023)",NA,5.5,"OSU",0.255561847328405,0.0372198473284048
"175","Beta-22921",-0.190414647616431,-0.135187857381919,-0.0202707028212001,0.0150310212561046,0.104914722412378,0.151005530170604,"Sulzbach et al. (2023)",NA,6.5,"OSU",0.240102579794297,0.0218705797942973
"176","Beta-22929",-0.190393729825854,-0.135143811488824,-0.0202558055212619,0.0150241180102794,0.104912524370803,0.151068283542333,"Sulzbach et al. (2023)",NA,6.5,"OSU",0.240056335859627,0.0218663358596273
"177","Beta-22926",-0.190404188721142,-0.135154822962098,-0.020260327915886,0.015023321481915,0.104916920453953,0.151057824647045,"Sulzbach et al. (2023)",NA,6.5,"OSU",0.240071743416051,0.0218677434160509
"178","Beta-31606",-0.190435565407007,-0.135242914748288,-0.0203015615139291,0.0150764233728784,0.104964178347814,0.150942776798875,"Sulzbach et al. (2023)",NA,6.5,"OSU",0.240207093096102,0.0218800930961017
"179","Beta-22932",-0.190404188721142,-0.135176845908646,-0.020266180426576,0.0150254455575535,0.104913623391591,0.151026447961181,"Sulzbach et al. (2023)",NA,6.5,"OSU",0.240090469300236,0.021869469300236
"180","Beta-22927",-0.190404188721142,-0.135154822962098,-0.020260327915886,0.015023321481915,0.104916920453953,0.151057824647045,"Sulzbach et al. (2023)",NA,7,"OSU",0.240071743416051,0.0218677434160509
"181","Beta-22925",-0.190466942092871,-0.135242914748288,-0.0203443912512513,0.0150766888823332,0.104980663659625,0.15085910563657,"Sulzbach et al. (2023)",NA,7,"OSU",0.240223578407914,0.0218815784079135
"182","Beta-22928",-0.190404188721142,-0.135154822962098,-0.020260327915886,0.015023321481915,0.104916920453953,0.151057824647045,"Sulzbach et al. (2023)",NA,7,"OSU",0.240071743416051,0.0218677434160509
"183","Beta-22930",-0.190393729825854,-0.135143811488824,-0.0202558055212619,0.0150241180102794,0.104912524370803,0.151068283542333,"Sulzbach et al. (2023)",NA,7,"OSU",0.240056335859627,0.0218663358596273
"184","Beta-22922",-0.181287729593065,-0.101262883375735,-0.0240918783330953,0.0176250599567994,0.0775334849567439,0.143767562334652,"Sulzbach et al. (2023)",NA,7.5,"OSU",0.178796368332479,-0.0394356316675214
"185","Beta-22937",-0.181377347826962,-0.101328868801083,-0.0241958984379732,0.0176689576013608,0.0776431308940714,0.143727732008475,"Sulzbach et al. (2023)",NA,7.5,"OSU",0.178971999695155,-0.0394750003048452
"186","Beta-22933",-0.18127777201152,-0.101254635197566,-0.0240865034340591,0.017618522009737,0.0775326727646155,0.14378747749774,"Sulzbach et al. (2023)",NA,7.5,"OSU",0.178787307962182,-0.0394336920378183
"187","Beta-22934",-0.000472668160093281,-0.000214371235065972,-0.000111207608813779,7.44434765672305e-05,0.000150221731325742,0.000374915036075091,"Sulzbach et al. (2023)",NA,8,"OSU",0.000364592966391714,-0.217856407033608
"188","Beta-22918",-0.000472720087383582,-0.000214406160324213,-0.000111267459066616,7.45039879545897e-05,0.000150215436745482,0.000374837145139612,"Sulzbach et al. (2023)",NA,8,"OSU",0.000364621597069695,-0.21787237840293
"189","Beta-22931",-0.000472642196448103,-0.00021431884717861,-0.000111150678085481,7.44368992425179e-05,0.000150220157680681,0.000375018890655721,"Sulzbach et al. (2023)",NA,8,"OSU",0.000364539004859291,-0.217825460995141
"190","20180",-0.255163728563328,-0.121995133014381,-0.0740274242239946,0.0547624891864995,0.106278677725375,0.236863623140543,"Sulzbach et al. (2023)",NA,1,"UTide",0.228273810739756,0.00515447707291911
"191","10-115-125",-0.255163728563328,-0.121995133014381,-0.0740274242239946,0.0547624891864995,0.106278677725375,0.236863623140543,"Sulzbach et al. (2023)",NA,1,"UTide",0.228273810739756,0.00515447707291911
"192","34790",-0.255163728563328,-0.121995133014381,-0.0740274242239946,0.0547624891864995,0.106278677725375,0.236863623140543,"Sulzbach et al. (2023)",NA,1,"UTide",0.228273810739756,0.00515447707291911
"193","6-200-216",-0.220936944692045,-0.105629205899205,-0.0484785252394829,0.0359074016284972,0.0921364896503809,0.205091552392689,"Sulzbach et al. (2023)",NA,3,"UTide",0.197765695549586,-0.0253536381172511
"194","12-90-100",-0.182987285285546,-0.0910172905803717,-0.0383719332174073,0.0284978343025056,0.0796040532119027,0.169863607282371,"Sulzbach et al. (2023)",NA,2,"UTide",0.170621343792274,-0.0524979898745626
"195","12-190-200",-0.182987285285546,-0.0910172905803717,-0.0383719332174073,0.0284978343025056,0.0796040532119027,0.169863607282371,"Sulzbach et al. (2023)",NA,2,"UTide",0.170621343792274,-0.0524979898745626
"196","1C-60",-0.220936944692045,-0.105629205899205,-0.0484785252394829,0.0359074016284972,0.0921364896503809,0.205091552392689,"Sulzbach et al. (2023)",NA,3,"UTide",0.197765695549586,-0.0253536381172511
"197","32933",-0.185466575180259,-0.090268266141824,-0.0573434571051934,0.0425080939324963,0.0788017750843001,0.172165084810482,"Sulzbach et al. (2023)",NA,4,"UTide",0.169070041226124,-0.054049292440713
"198","1A-128",-0.185466575180259,-0.090268266141824,-0.0573434571051934,0.0425080939324963,0.0788017750843001,0.172165084810482,"Sulzbach et al. (2023)",NA,4,"UTide",0.169070041226124,-0.054049292440713
"199","16-138-148",-0.220936944692045,-0.105629205899205,-0.0484785252394829,0.0359074016284972,0.0921364896503809,0.205091552392689,"Sulzbach et al. (2023)",NA,3,"UTide",0.197765695549586,-0.0253536381172511
"200","45703",-0.276603116318854,-0.126157949866864,-0.0709704309030819,0.0524254957732631,0.109747045825076,0.256765397935422,"Sulzbach et al. (2023)",NA,4.5,"UTide",0.23590499569194,0.0127856620251027
"201","12-290-300",-0.185466575180259,-0.090268266141824,-0.0573434571051934,0.0425080939324963,0.0788017750843001,0.172165084810482,"Sulzbach et al. (2023)",NA,3.5,"UTide",0.169070041226124,-0.054049292440713
"202","16-300-310",-0.185466575180259,-0.090268266141824,-0.0573434571051934,0.0425080939324963,0.0788017750843001,0.172165084810482,"Sulzbach et al. (2023)",NA,4,"UTide",0.169070041226124,-0.054049292440713
"203","15-250-270",-0.276603116318854,-0.126157949866864,-0.0709704309030819,0.0524254957732631,0.109747045825076,0.256765397935422,"Sulzbach et al. (2023)",NA,5,"UTide",0.23590499569194,0.0127856620251027
"204","14-490-500",-0.185466575180259,-0.090268266141824,-0.0573434571051934,0.0425080939324963,0.0788017750843001,0.172165084810482,"Sulzbach et al. (2023)",NA,4,"UTide",0.169070041226124,-0.054049292440713
"205","1B-237",-0.276603116318854,-0.126157949866864,-0.0709704309030819,0.0524254957732631,0.109747045825076,0.256765397935422,"Sulzbach et al. (2023)",NA,4.5,"UTide",0.23590499569194,0.0127856620251027
"206","9-200-220",-0.277882112168866,-0.139711963207073,-0.0155806684661785,0.0114986998415357,0.121425339468025,0.257952665391973,"Sulzbach et al. (2023)",NA,6,"UTide",0.261137302675098,0.0380179690082609
"207","11-190-210",-0.277882112168866,-0.139711963207073,-0.0155806684661785,0.0114986998415357,0.121425339468025,0.257952665391973,"Sulzbach et al. (2023)",NA,6,"UTide",0.261137302675098,0.0380179690082609
"208","15-500-520",-0.267839970985567,-0.131310366710898,-0.0229829804247688,0.0169665285794731,0.114156006153732,0.248630737239576,"Sulzbach et al. (2023)",NA,6.5,"UTide",0.24546637286463,0.0223470391977927
"209","1C-425",-0.267839970985567,-0.131310366710898,-0.0229829804247688,0.0169665285794731,0.114156006153732,0.248630737239576,"Sulzbach et al. (2023)",NA,6.5,"UTide",0.24546637286463,0.0223470391977927
"210","7-250-270",-0.267839970985567,-0.131310366710898,-0.0229829804247688,0.0169665285794731,0.114156006153732,0.248630737239576,"Sulzbach et al. (2023)",NA,7,"UTide",0.24546637286463,0.0223470391977927
"211","9-350-370",-0.267839970985567,-0.131310366710898,-0.0229829804247688,0.0169665285794731,0.114156006153732,0.248630737239576,"Sulzbach et al. (2023)",NA,7,"UTide",0.24546637286463,0.0223470391977927
"212","2-210",-0.267839970985567,-0.131310366710898,-0.0229829804247688,0.0169665285794731,0.114156006153732,0.248630737239576,"Sulzbach et al. (2023)",NA,7,"UTide",0.24546637286463,0.0223470391977927
"213","1C-555",-0.267839970985567,-0.131310366710898,-0.0229829804247688,0.0169665285794731,0.114156006153732,0.248630737239576,"Sulzbach et al. (2023)",NA,7,"UTide",0.24546637286463,0.0223470391977927
"214","1A-350",-0.267839970985567,-0.131310366710898,-0.0229829804247688,0.0169665285794731,0.114156006153732,0.248630737239576,"Sulzbach et al. (2023)",NA,7,"UTide",0.24546637286463,0.0223470391977927
"215","2-204",-0.267839970985567,-0.131310366710898,-0.0229829804247688,0.0169665285794731,0.114156006153732,0.248630737239576,"Sulzbach et al. (2023)",NA,7,"UTide",0.24546637286463,0.0223470391977927
"216","1B-360",-0.267839970985567,-0.131310366710898,-0.0229829804247688,0.0169665285794731,0.114156006153732,0.248630737239576,"Sulzbach et al. (2023)",NA,7,"UTide",0.24546637286463,0.0223470391977927
"217","1A-355",-0.267839970985567,-0.131310366710898,-0.0229829804247688,0.0169665285794731,0.114156006153732,0.248630737239576,"Sulzbach et al. (2023)",NA,7,"UTide",0.24546637286463,0.0223470391977927
"218","7-500-520",-0.267839970985567,-0.131310366710898,-0.0229829804247688,0.0169665285794731,0.114156006153732,0.248630737239576,"Sulzbach et al. (2023)",NA,7,"UTide",0.24546637286463,0.0223470391977927
"219","1A-420",-0.267839970985567,-0.131310366710898,-0.0229829804247688,0.0169665285794731,0.114156006153732,0.248630737239576,"Sulzbach et al. (2023)",NA,7,"UTide",0.24546637286463,0.0223470391977927
"220","16-630-644",-0.255001917352791,-0.0983584369763746,-0.0273154400717844,0.0198945952092585,0.0843629262159499,0.236713416879612,"Sulzbach et al. (2023)",NA,7.5,"UTide",0.182721363192325,-0.0403979704745124
"221","3-260",-0.255001917352791,-0.0983584369763746,-0.0273154400717844,0.0198945952092585,0.0843629262159499,0.236713416879612,"Sulzbach et al. (2023)",NA,7.5,"UTide",0.182721363192325,-0.0403979704745124
"222","7-693-713",-0.255001917352791,-0.0983584369763746,-0.0273154400717844,0.0198945952092585,0.0843629262159499,0.236713416879612,"Sulzbach et al. (2023)",NA,7.5,"UTide",0.182721363192325,-0.0403979704745124
"223","6-620-640",-0.131506824537852,-0.0523357615924821,-0.0385649409689198,0.0281180622508931,0.0449370281010373,0.122075277325369,"Sulzbach et al. (2023)",NA,8,"UTide",0.0972727896935194,-0.125846543973318
"224","15-690-709",-0.131506824537852,-0.0523357615924821,-0.0385649409689198,0.0281180622508931,0.0449370281010373,0.122075277325369,"Sulzbach et al. (2023)",NA,8,"UTide",0.0972727896935194,-0.125846543973318
"225","1A-518",-0.131506824537852,-0.0523357615924821,-0.0385649409689198,0.0281180622508931,0.0449370281010373,0.122075277325369,"Sulzbach et al. (2023)",NA,8,"UTide",0.0972727896935194,-0.125846543973318
"226","Geochron BS30-5.3",-0.215308758399876,-0.156528844119097,-0.0212366069660858,0.0160701695508473,0.125188350175819,0.178252025651105,"Sulzbach et al. (2023)",NA,7,"OSU",0.281717194294916,0.052537194294916
"227","Geochron 22-1",-0.18823795573605,-0.135317025534988,-0.0659560394158167,0.0498388903042959,0.108087291555473,0.154774115234314,"Sulzbach et al. (2023)",NA,0.5,"OSU",0.243404317090461,0.0151243170904606
"228","Geochron 14-4",-0.147501415246437,-0.107328491804451,-0.0405136195635403,0.030753967158976,0.0860841048104956,0.121341546239565,"Sulzbach et al. (2023)",NA,2,"OSU",0.193412596614947,-0.0349674033850531
"229","Geochron 7-3",-0.17838324831472,-0.125093227534099,-0.0504666045589472,0.038172415281829,0.0999912269156664,0.146756117412973,"Sulzbach et al. (2023)",NA,2.5,"OSU",0.225084454449765,-0.00329554555023504
"230","Geochron 16-4",-0.178354045054423,-0.125053809469648,-0.0504603895364032,0.0381431967824357,0.0999912269156664,0.146668507632081,"Sulzbach et al. (2023)",NA,2.5,"OSU",0.225045036385314,-0.00329496361468568
"231","Geochron BS44-.9",-0.178604723470713,-0.12513491119248,-0.0500469458764694,0.0379800768809359,0.100282219684722,0.147765868141247,"Sulzbach et al. (2023)",NA,3,"OSU",0.225417130877202,-0.00355286912279817
"232","Geochron 16-5.4",-0.223415234525409,-0.15025538360403,-0.0733878394130553,0.0553259445900173,0.119821087067649,0.183724338969236,"Sulzbach et al. (2023)",NA,5,"OSU",0.27007647067168,0.0417364706716798
"233","Geochron 9-5.4",-0.223427428348929,-0.150279064515552,-0.0734149561523785,0.0553457824344169,0.119762026989245,0.183748726616275,"Sulzbach et al. (2023)",NA,5,"OSU",0.270041091504796,0.0417310915047965
"234","Geochron BS8-1.6",-0.220458588808078,-0.1641425613699,-0.0135588627753137,0.010250263361891,0.131144268567801,0.18235448692944,"Sulzbach et al. (2023)",NA,5.5,"OSU",0.295286829937701,0.0665168299377011
"235","Geochron BS30-3.8",-0.219412185857296,-0.163393006370049,-0.0139389239669709,0.0105460965136667,0.130656244837334,0.181649213307722,"Sulzbach et al. (2023)",NA,6,"OSU",0.294049251207383,0.0648692512073826
"236","Geochron 22-3.9",-0.216734743320959,-0.157433483522825,-0.0213000837013839,0.0160409877600528,0.125330041500861,0.178204910943012,"Sulzbach et al. (2023)",NA,6.5,"OSU",0.282763525023686,0.0544835250236864
"237","Geochron 7-4.9",-0.21678206273438,-0.157470698907789,-0.0212932657445933,0.016047782906146,0.125416586858512,0.178346869183275,"Sulzbach et al. (2023)",NA,6.5,"OSU",0.2828872857663,0.0545072857663004
"238","Geochron BS42-3.4",-0.215754095479083,-0.157021228026361,-0.0212895621436781,0.0161289990460081,0.12551966613884,0.178744240317598,"Sulzbach et al. (2023)",NA,6.5,"OSU",0.282540894165201,0.0526908941652013
"239","Geochron BS25A-4.3",-0.216747923759091,-0.157494967809018,-0.0211789146130499,0.0159589721048279,0.125706591443979,0.179057763236087,"Sulzbach et al. (2023)",NA,7,"OSU",0.283201559252997,0.0542115592529971
"240","Geochron BS8-3.2",-0.216629920751818,-0.157247275793906,-0.0211061824879072,0.0159618410163028,0.125681899518729,0.179187566544088,"Sulzbach et al. (2023)",NA,7,"OSU",0.282929175312636,0.0541591753126357
"241","Beta-234828",-0.18817651650439,-0.134841497839593,-0.0670869140673804,0.0495752399420668,0.105840163026315,0.149622228307954,"Sulzbach et al. (2023)",NA,1,"OSU",0.240681660865908,0.0144886608659082
"242","WHOI-63006",-0.147084687784426,-0.107005718976439,-0.0409479604601702,0.0303599859987985,0.0842706292792733,0.116949442709936,"Sulzbach et al. (2023)",NA,1.5,"OSU",0.191276348255712,-0.0349166517442875
"243","WHOI-63028",-0.222599235156237,-0.149376735035413,-0.0739585654027875,0.0545170946912245,0.116957232902811,0.176992295332163,"Sulzbach et al. (2023)",NA,5,"OSU",0.266333967938224,0.0401409679382238
"244","Beta-234830",-0.220474444159026,-0.163721021375708,-0.0140422124751911,0.0103412657689606,0.128068567502895,0.175302839232129,"Sulzbach et al. (2023)",NA,5.5,"OSU",0.291789588878603,0.0655965888786032
"245","Beta-234829",-0.216224802783043,-0.15665246996882,-0.0217865185737895,0.016042916525865,0.122527253035362,0.171923879816811,"Sulzbach et al. (2023)",NA,6.5,"OSU",0.279179723004182,0.0529867230041819
"246","TC-SSA",-0.255163728563328,-0.121995133014381,-0.0740274242239946,0.0547624891864995,0.106278677725375,0.236863623140543,"Sulzbach et al. (2023)",NA,0.5,"UTide",0.228273810739756,0.00515447707291911
"247","TC5-8B",-0.255163728563328,-0.121995133014381,-0.0740274242239946,0.0547624891864995,0.106278677725375,0.236863623140543,"Sulzbach et al. (2023)",NA,1,"UTide",0.228273810739756,0.00515447707291911
"248","CC10-7",-0.181228268993061,-0.125629050024806,-0.064545075383578,0.0482809632511438,0.0978191317493497,0.1433053512545,"Sulzbach et al. (2023)",NA,1,"OSU",0.223448181774155,0.00576018177415549
"249","TC9-6B",-0.255163728563328,-0.121995133014381,-0.0740274242239946,0.0547624891864995,0.106278677725375,0.236863623140543,"Sulzbach et al. (2023)",NA,1,"UTide",0.228273810739756,0.00515447707291911
"250","TC-REU 1-8",-0.182987285285546,-0.0910172905803717,-0.0383719332174073,0.0284978343025056,0.0796040532119027,0.169863607282371,"Sulzbach et al. (2023)",NA,1.5,"UTide",0.170621343792274,-0.0524979898745626
"251","TC8-26B",-0.220936944692045,-0.105629205899205,-0.0484785252394829,0.0359074016284972,0.0921364896503809,0.205091552392689,"Sulzbach et al. (2023)",NA,2.5,"UTide",0.197765695549586,-0.0253536381172511
"252","TC8-14B",-0.220936944692045,-0.105629205899205,-0.0484785252394829,0.0359074016284972,0.0921364896503809,0.205091552392689,"Sulzbach et al. (2023)",NA,2.5,"UTide",0.197765695549586,-0.0253536381172511
"253","TC9-19",-0.220936944692045,-0.105629205899205,-0.0484785252394829,0.0359074016284972,0.0921364896503809,0.205091552392689,"Sulzbach et al. (2023)",NA,3,"UTide",0.197765695549586,-0.0253536381172511
"254","TC-REU 1-32",-0.185466575180259,-0.090268266141824,-0.0573434571051934,0.0425080939324963,0.0788017750843001,0.172165084810482,"Sulzbach et al. (2023)",NA,4,"UTide",0.169070041226124,-0.054049292440713
"255","TC5-35B",-0.276603116318854,-0.126157949866864,-0.0709704309030819,0.0524254957732631,0.109747045825076,0.256765397935422,"Sulzbach et al. (2023)",NA,4.5,"UTide",0.23590499569194,0.0127856620251027
"256","TC3-36B",-0.277882112168866,-0.139711963207073,-0.0155806684661785,0.0114986998415357,0.121425339468025,0.257952665391973,"Sulzbach et al. (2023)",NA,5.5,"UTide",0.261137302675098,0.0380179690082609
"257","TC5-65B",-0.267839970985567,-0.131310366710898,-0.0229829804247688,0.0169665285794731,0.114156006153732,0.248630737239576,"Sulzbach et al. (2023)",NA,7,"UTide",0.24546637286463,0.0223470391977927
"258","TC8-85B",-0.267839970985567,-0.131310366710898,-0.0229829804247688,0.0169665285794731,0.114156006153732,0.248630737239576,"Sulzbach et al. (2023)",NA,7,"UTide",0.24546637286463,0.0223470391977927
"259","TC-REU 1-64",-0.267839970985567,-0.131310366710898,-0.0229829804247688,0.0169665285794731,0.114156006153732,0.248630737239576,"Sulzbach et al. (2023)",NA,7,"UTide",0.24546637286463,0.0223470391977927
"260","TC3-64B",-0.267839970985567,-0.131310366710898,-0.0229829804247688,0.0169665285794731,0.114156006153732,0.248630737239576,"Sulzbach et al. (2023)",NA,7,"UTide",0.24546637286463,0.0223470391977927
"261","TC-REU 1-82",-0.255001917352791,-0.0983584369763746,-0.0273154400717844,0.0198945952092585,0.0843629262159499,0.236713416879612,"Sulzbach et al. (2023)",NA,7.5,"UTide",0.182721363192325,-0.0403979704745124
"262","TC5-100B",-0.255001917352791,-0.0983584369763746,-0.0273154400717844,0.0198945952092585,0.0843629262159499,0.236713416879612,"Sulzbach et al. (2023)",NA,7.5,"UTide",0.182721363192325,-0.0403979704745124
"263","TC3-80B",-0.255001917352791,-0.0983584369763746,-0.0273154400717844,0.0198945952092585,0.0843629262159499,0.236713416879612,"Sulzbach et al. (2023)",NA,7.5,"UTide",0.182721363192325,-0.0403979704745124
"264","OS-58900",-0.189852739444871,-0.135698285522494,-0.0669230613179922,0.049668635212536,0.107633470860029,0.15331183027017,"Sulzbach et al. (2023)",NA,0.5,"OSU",0.243331756382523,0.0144417563825234
"265","OS-55440",-0.189852739444871,-0.135698285522494,-0.0669230613179922,0.049668635212536,0.107633470860029,0.15331183027017,"Sulzbach et al. (2023)",NA,1,"OSU",0.243331756382523,0.0144417563825234
"266","OS-58742",-0.189852739444871,-0.135698285522494,-0.0669230613179922,0.049668635212536,0.107633470860029,0.15331183027017,"Sulzbach et al. (2023)",NA,1,"OSU",0.243331756382523,0.0144417563825234
"267","OS-55648",-0.175585317860928,-0.122990165692068,-0.0492146009809758,0.0365492180564035,0.0976160064291549,0.141790455742384,"Sulzbach et al. (2023)",NA,2.5,"OSU",0.220606172121223,-0.00828382787877743
"268","OS-58890",-0.215016477158347,-0.155773618144816,-0.0216786531914859,0.0160398806368848,0.123176900511091,0.173632309693179,"Sulzbach et al. (2023)",NA,6.5,"OSU",0.278950518655907,0.0500605186559068
"269","OS-59240",-0.215016477158347,-0.155773618144816,-0.0216786531914859,0.0160398806368848,0.123176900511091,0.173632309693179,"Sulzbach et al. (2023)",NA,6.5,"OSU",0.278950518655907,0.0500605186559068
"270","OS-55416",-0.215016477158347,-0.155773618144816,-0.0216786531914859,0.0160398806368848,0.123176900511091,0.173632309693179,"Sulzbach et al. (2023)",NA,7,"OSU",0.278950518655907,0.0500605186559068
"271","OS-59247",-0.221710400556151,-0.148790369242036,-0.0723493997093811,0.0535760213552306,0.117754347851349,0.179037855332428,"Sulzbach et al. (2023)",NA,5,"OSU",0.266544717093385,0.0376547170933849
"272","OS-55649",-0.108307099986648,-0.0640602464442457,-0.0405699756509247,0.0296814273394291,0.05008816901569,0.0874612595992007,"Sulzbach et al. (2023)",NA,8,"OSU",0.114148415459936,-0.114741584540064
"273","OS-42359",-0.255163728563328,-0.121995133014381,-0.0740274242239946,0.0547624891864995,0.106278677725375,0.236863623140543,"Sulzbach et al. (2023)",NA,0.5,"UTide",0.228273810739756,0.00515447707291911
"274","OS-54559",-0.185466575180259,-0.090268266141824,-0.0573434571051934,0.0425080939324963,0.0788017750843001,0.172165084810482,"Sulzbach et al. (2023)",NA,3.5,"UTide",0.169070041226124,-0.054049292440713
"275","OS-54558",-0.277882112168866,-0.139711963207073,-0.0155806684661785,0.0114986998415357,0.121425339468025,0.257952665391973,"Sulzbach et al. (2023)",NA,5.5,"UTide",0.261137302675098,0.0380179690082609
"276","OS-40701",-0.277882112168866,-0.139711963207073,-0.0155806684661785,0.0114986998415357,0.121425339468025,0.257952665391973,"Sulzbach et al. (2023)",NA,6,"UTide",0.261137302675098,0.0380179690082609
"277","OS-40700",-0.267839970985567,-0.131310366710898,-0.0229829804247688,0.0169665285794731,0.114156006153732,0.248630737239576,"Sulzbach et al. (2023)",NA,7,"UTide",0.24546637286463,0.0223470391977927
"278","OS-40699",-0.267839970985567,-0.131310366710898,-0.0229829804247688,0.0169665285794731,0.114156006153732,0.248630737239576,"Sulzbach et al. (2023)",NA,7,"UTide",0.24546637286463,0.0223470391977927
"279","OS-40698",-0.255001917352791,-0.0983584369763746,-0.0273154400717844,0.0198945952092585,0.0843629262159499,0.236713416879612,"Sulzbach et al. (2023)",NA,7.5,"UTide",0.182721363192325,-0.0403979704745124
"280","OS-40697",-0.131506824537852,-0.0523357615924821,-0.0385649409689198,0.0281180622508931,0.0449370281010373,0.122075277325369,"Sulzbach et al. (2023)",NA,8,"UTide",0.0972727896935194,-0.125846543973318
"281","OS-65273",-0.177460589968514,-0.124503894299476,-0.0507879749985605,0.0377428209330442,0.0979484599620289,0.141991723894663,"Sulzbach et al. (2023)",NA,2.5,"OSU",0.222452354261505,-0.00393564573849506
"282","OS-65271",-0.146623112781231,-0.105442129092569,-0.0597903996227636,0.0444833113946466,0.0830464456366801,0.117317701639008,"Sulzbach et al. (2023)",NA,4,"OSU",0.18848857472925,-0.0378994252707505
"283","OS-66026",-0.222810538406113,-0.149776110017186,-0.0739693253665507,0.0548146038610682,0.117497454892544,0.178277624659059,"Sulzbach et al. (2023)",NA,4.5,"OSU",0.26727356490973,0.0408855649097301
"284","OS-65272",-0.220383089969595,-0.163994263156238,-0.0136807071416093,0.0101274604020628,0.128517404271019,0.176335347851416,"Sulzbach et al. (2023)",NA,6,"OSU",0.292511667427257,0.0661236674272571
"285","GR/19/C1",-0.256088203969791,-0.119248681303925,-0.086394642594996,0.0639017868164501,0.103870652362912,0.237721796030209,"Sulzbach et al. (2023)","LAT to HAT",-0.5,"UTide",0.223119333666837,0
"286","GR/19/C1",-0.256088203969791,-0.119248681303925,-0.086394642594996,0.0639017868164501,0.103870652362912,0.237721796030209,"Sulzbach et al. (2023)","LAT to HAT",0,"UTide",0.223119333666837,0
"287","GR/19/C1",-0.256088203969791,-0.119248681303925,-0.086394642594996,0.0639017868164501,0.103870652362912,0.237721796030209,"Sulzbach et al. (2023)","LAT to HAT",0,"UTide",0.223119333666837,0
"288","GR/19/C1",-0.256088203969791,-0.119248681303925,-0.086394642594996,0.0639017868164501,0.103870652362912,0.237721796030209,"Sulzbach et al. (2023)","LAT to HAT",0,"UTide",0.223119333666837,0
"289","GR/19/C1",-0.256088203969791,-0.119248681303925,-0.086394642594996,0.0639017868164501,0.103870652362912,0.237721796030209,"Sulzbach et al. (2023)","LAT to HAT",0,"UTide",0.223119333666837,0
"290","GR/19/C1",-0.256088203969791,-0.119248681303925,-0.086394642594996,0.0639017868164501,0.103870652362912,0.237721796030209,"Sulzbach et al. (2023)","LAT to HAT",0,"UTide",0.223119333666837,0
"291","GR/19/C1",-0.256088203969791,-0.119248681303925,-0.086394642594996,0.0639017868164501,0.103870652362912,0.237721796030209,"Sulzbach et al. (2023)","LAT to HAT",0,"UTide",0.223119333666837,0
"292","GR/19/C1",-0.255163728563328,-0.121995133014381,-0.0740274242239946,0.0547624891864995,0.106278677725375,0.236863623140543,"Sulzbach et al. (2023)","LAT to HAT",0.5,"UTide",0.228273810739756,0.00515447707291911
"293","GR/19/C1",-0.255163728563328,-0.121995133014381,-0.0740274242239946,0.0547624891864995,0.106278677725375,0.236863623140543,"Sulzbach et al. (2023)","LAT to HAT",0.5,"UTide",0.228273810739756,0.00515447707291911
"294","GR/19/C1",-0.255163728563328,-0.121995133014381,-0.0740274242239946,0.0547624891864995,0.106278677725375,0.236863623140543,"Sulzbach et al. (2023)","LAT to HAT",0.5,"UTide",0.228273810739756,0.00515447707291911
"295","GR/19/C1",-0.255163728563328,-0.121995133014381,-0.0740274242239946,0.0547624891864995,0.106278677725375,0.236863623140543,"Sulzbach et al. (2023)","LAT to HAT",0.5,"UTide",0.228273810739756,0.00515447707291911
"296","GR/19/C1",-0.255163728563328,-0.121995133014381,-0.0740274242239946,0.0547624891864995,0.106278677725375,0.236863623140543,"Sulzbach et al. (2023)","LAT to HAT",0.5,"UTide",0.228273810739756,0.00515447707291911
"297","GR/19/C1",-0.255163728563328,-0.121995133014381,-0.0740274242239946,0.0547624891864995,0.106278677725375,0.236863623140543,"Sulzbach et al. (2023)","LAT to HAT",0.5,"UTide",0.228273810739756,0.00515447707291911
"298","GR/19/C1",-0.255163728563328,-0.121995133014381,-0.0740274242239946,0.0547624891864995,0.106278677725375,0.236863623140543,"Sulzbach et al. (2023)","LAT to HAT",0.5,"UTide",0.228273810739756,0.00515447707291911
"299","GR/19/C1",-0.255163728563328,-0.121995133014381,-0.0740274242239946,0.0547624891864995,0.106278677725375,0.236863623140543,"Sulzbach et al. (2023)","LAT to HAT",0.5,"UTide",0.228273810739756,0.00515447707291911
"300","GR/19/C1",-0.255163728563328,-0.121995133014381,-0.0740274242239946,0.0547624891864995,0.106278677725375,0.236863623140543,"Sulzbach et al. (2023)","LAT to HAT",0.5,"UTide",0.228273810739756,0.00515447707291911
"301","GR/19/C1",-0.255163728563328,-0.121995133014381,-0.0740274242239946,0.0547624891864995,0.106278677725375,0.236863623140543,"Sulzbach et al. (2023)","LAT to HAT",0.5,"UTide",0.228273810739756,0.00515447707291911
"302","GR/19/C1",-0.255163728563328,-0.121995133014381,-0.0740274242239946,0.0547624891864995,0.106278677725375,0.236863623140543,"Sulzbach et al. (2023)","LAT to HAT",1,"UTide",0.228273810739756,0.00515447707291911
"303","GR/19/C1",-0.255163728563328,-0.121995133014381,-0.0740274242239946,0.0547624891864995,0.106278677725375,0.236863623140543,"Sulzbach et al. (2023)","LAT to HAT",1,"UTide",0.228273810739756,0.00515447707291911
"304","GR/19/C1",-0.182987285285546,-0.0910172905803717,-0.0383719332174073,0.0284978343025056,0.0796040532119027,0.169863607282371,"Sulzbach et al. (2023)","LAT to HAT",1.5,"UTide",0.170621343792274,-0.0524979898745626
"305","GR/19/C1",-0.182987285285546,-0.0910172905803717,-0.0383719332174073,0.0284978343025056,0.0796040532119027,0.169863607282371,"Sulzbach et al. (2023)","LAT to HAT",1.5,"UTide",0.170621343792274,-0.0524979898745626
"306","GR/19/C1",-0.182987285285546,-0.0910172905803717,-0.0383719332174073,0.0284978343025056,0.0796040532119027,0.169863607282371,"Sulzbach et al. (2023)","LAT to HAT",1.5,"UTide",0.170621343792274,-0.0524979898745626
"307","GR/19/C1",-0.182987285285546,-0.0910172905803717,-0.0383719332174073,0.0284978343025056,0.0796040532119027,0.169863607282371,"Sulzbach et al. (2023)","LAT to HAT",1.5,"UTide",0.170621343792274,-0.0524979898745626
"308","GR/19/C1",-0.182987285285546,-0.0910172905803717,-0.0383719332174073,0.0284978343025056,0.0796040532119027,0.169863607282371,"Sulzbach et al. (2023)","LAT to HAT",1.5,"UTide",0.170621343792274,-0.0524979898745626
"309","GR/19/C1",-0.182987285285546,-0.0910172905803717,-0.0383719332174073,0.0284978343025056,0.0796040532119027,0.169863607282371,"Sulzbach et al. (2023)","LAT to HAT",1.5,"UTide",0.170621343792274,-0.0524979898745626
"310","GR/19/C1",-0.182987285285546,-0.0910172905803717,-0.0383719332174073,0.0284978343025056,0.0796040532119027,0.169863607282371,"Sulzbach et al. (2023)","LAT to HAT",2,"UTide",0.170621343792274,-0.0524979898745626
"311","GR/19/C1",-0.182987285285546,-0.0910172905803717,-0.0383719332174073,0.0284978343025056,0.0796040532119027,0.169863607282371,"Sulzbach et al. (2023)","LAT to HAT",2,"UTide",0.170621343792274,-0.0524979898745626
"312","GR/19/C1",-0.220936944692045,-0.105629205899205,-0.0484785252394829,0.0359074016284972,0.0921364896503809,0.205091552392689,"Sulzbach et al. (2023)","LAT to HAT",2.5,"UTide",0.197765695549586,-0.0253536381172511
"313","GR/19/C1",-0.220936944692045,-0.105629205899205,-0.0484785252394829,0.0359074016284972,0.0921364896503809,0.205091552392689,"Sulzbach et al. (2023)","LAT to HAT",2.5,"UTide",0.197765695549586,-0.0253536381172511
"314","GR/19/C1",-0.220936944692045,-0.105629205899205,-0.0484785252394829,0.0359074016284972,0.0921364896503809,0.205091552392689,"Sulzbach et al. (2023)","LAT to HAT",2.5,"UTide",0.197765695549586,-0.0253536381172511
"315","GR/19/C1",-0.220936944692045,-0.105629205899205,-0.0484785252394829,0.0359074016284972,0.0921364896503809,0.205091552392689,"Sulzbach et al. (2023)","LAT to HAT",2.5,"UTide",0.197765695549586,-0.0253536381172511
"316","GR/19/C1",-0.220936944692045,-0.105629205899205,-0.0484785252394829,0.0359074016284972,0.0921364896503809,0.205091552392689,"Sulzbach et al. (2023)","LAT to HAT",2.5,"UTide",0.197765695549586,-0.0253536381172511
"317","GR/19/C1",-0.220936944692045,-0.105629205899205,-0.0484785252394829,0.0359074016284972,0.0921364896503809,0.205091552392689,"Sulzbach et al. (2023)","LAT to HAT",2.5,"UTide",0.197765695549586,-0.0253536381172511
"318","GR/19/C1",-0.220936944692045,-0.105629205899205,-0.0484785252394829,0.0359074016284972,0.0921364896503809,0.205091552392689,"Sulzbach et al. (2023)","LAT to HAT",3,"UTide",0.197765695549586,-0.0253536381172511
"319","GR/19/C1",-0.220936944692045,-0.105629205899205,-0.0484785252394829,0.0359074016284972,0.0921364896503809,0.205091552392689,"Sulzbach et al. (2023)","LAT to HAT",3,"UTide",0.197765695549586,-0.0253536381172511
"320","GR/19/C1",-0.220936944692045,-0.105629205899205,-0.0484785252394829,0.0359074016284972,0.0921364896503809,0.205091552392689,"Sulzbach et al. (2023)","LAT to HAT",3,"UTide",0.197765695549586,-0.0253536381172511
"321","GR/19/C1",-0.220936944692045,-0.105629205899205,-0.0484785252394829,0.0359074016284972,0.0921364896503809,0.205091552392689,"Sulzbach et al. (2023)","LAT to HAT",3,"UTide",0.197765695549586,-0.0253536381172511
"322","GR/19/C1",-0.220936944692045,-0.105629205899205,-0.0484785252394829,0.0359074016284972,0.0921364896503809,0.205091552392689,"Sulzbach et al. (2023)","LAT to HAT",3,"UTide",0.197765695549586,-0.0253536381172511
"323","GR/19/C1",-0.220936944692045,-0.105629205899205,-0.0484785252394829,0.0359074016284972,0.0921364896503809,0.205091552392689,"Sulzbach et al. (2023)","LAT to HAT",3,"UTide",0.197765695549586,-0.0253536381172511
"324","GR/19/C1",-0.220936944692045,-0.105629205899205,-0.0484785252394829,0.0359074016284972,0.0921364896503809,0.205091552392689,"Sulzbach et al. (2023)","LAT to HAT",3,"UTide",0.197765695549586,-0.0253536381172511
"325","GR/19/C1",-0.220936944692045,-0.105629205899205,-0.0484785252394829,0.0359074016284972,0.0921364896503809,0.205091552392689,"Sulzbach et al. (2023)","LAT to HAT",3,"UTide",0.197765695549586,-0.0253536381172511
"326","GR/19/C1",-0.185466575180259,-0.090268266141824,-0.0573434571051934,0.0425080939324963,0.0788017750843001,0.172165084810482,"Sulzbach et al. (2023)","LAT to HAT",3.5,"UTide",0.169070041226124,-0.054049292440713
"327","GR/19/C1",-0.185466575180259,-0.090268266141824,-0.0573434571051934,0.0425080939324963,0.0788017750843001,0.172165084810482,"Sulzbach et al. (2023)","LAT to HAT",3.5,"UTide",0.169070041226124,-0.054049292440713
"328","GR/19/C1",-0.185466575180259,-0.090268266141824,-0.0573434571051934,0.0425080939324963,0.0788017750843001,0.172165084810482,"Sulzbach et al. (2023)","LAT to HAT",3.5,"UTide",0.169070041226124,-0.054049292440713
"329","GR/19/C1",-0.185466575180259,-0.090268266141824,-0.0573434571051934,0.0425080939324963,0.0788017750843001,0.172165084810482,"Sulzbach et al. (2023)","LAT to HAT",3.5,"UTide",0.169070041226124,-0.054049292440713
"330","GR/19/C1",-0.185466575180259,-0.090268266141824,-0.0573434571051934,0.0425080939324963,0.0788017750843001,0.172165084810482,"Sulzbach et al. (2023)","LAT to HAT",3.5,"UTide",0.169070041226124,-0.054049292440713
"331","GR/19/C1",-0.185466575180259,-0.090268266141824,-0.0573434571051934,0.0425080939324963,0.0788017750843001,0.172165084810482,"Sulzbach et al. (2023)","LAT to HAT",3.5,"UTide",0.169070041226124,-0.054049292440713
"332","GR/19/C1",-0.185466575180259,-0.090268266141824,-0.0573434571051934,0.0425080939324963,0.0788017750843001,0.172165084810482,"Sulzbach et al. (2023)","LAT to HAT",3.5,"UTide",0.169070041226124,-0.054049292440713
"333","GR/19/C1",-0.185466575180259,-0.090268266141824,-0.0573434571051934,0.0425080939324963,0.0788017750843001,0.172165084810482,"Sulzbach et al. (2023)","LAT to HAT",3.5,"UTide",0.169070041226124,-0.054049292440713
"334","GR/19/C1",-0.185466575180259,-0.090268266141824,-0.0573434571051934,0.0425080939324963,0.0788017750843001,0.172165084810482,"Sulzbach et al. (2023)","LAT to HAT",3.5,"UTide",0.169070041226124,-0.054049292440713
"335","GR/19/C1",-0.185466575180259,-0.090268266141824,-0.0573434571051934,0.0425080939324963,0.0788017750843001,0.172165084810482,"Sulzbach et al. (2023)","LAT to HAT",3.5,"UTide",0.169070041226124,-0.054049292440713
"336","GR/19/C1",-0.185466575180259,-0.090268266141824,-0.0573434571051934,0.0425080939324963,0.0788017750843001,0.172165084810482,"Sulzbach et al. (2023)","LAT to HAT",3.5,"UTide",0.169070041226124,-0.054049292440713
"337","GR/19/C1",-0.185466575180259,-0.090268266141824,-0.0573434571051934,0.0425080939324963,0.0788017750843001,0.172165084810482,"Sulzbach et al. (2023)","LAT to HAT",3.5,"UTide",0.169070041226124,-0.054049292440713
"338","GR/19/C1",-0.185466575180259,-0.090268266141824,-0.0573434571051934,0.0425080939324963,0.0788017750843001,0.172165084810482,"Sulzbach et al. (2023)","LAT to HAT",3.5,"UTide",0.169070041226124,-0.054049292440713
"339","GR/19/C1",-0.185466575180259,-0.090268266141824,-0.0573434571051934,0.0425080939324963,0.0788017750843001,0.172165084810482,"Sulzbach et al. (2023)","LAT to HAT",3.5,"UTide",0.169070041226124,-0.054049292440713
"340","GR/19/C1",-0.185466575180259,-0.090268266141824,-0.0573434571051934,0.0425080939324963,0.0788017750843001,0.172165084810482,"Sulzbach et al. (2023)","LAT to HAT",3.5,"UTide",0.169070041226124,-0.054049292440713
"341","GR/19/C1",-0.185466575180259,-0.090268266141824,-0.0573434571051934,0.0425080939324963,0.0788017750843001,0.172165084810482,"Sulzbach et al. (2023)","LAT to HAT",3.5,"UTide",0.169070041226124,-0.054049292440713
"342","GR/19/C1",-0.185466575180259,-0.090268266141824,-0.0573434571051934,0.0425080939324963,0.0788017750843001,0.172165084810482,"Sulzbach et al. (2023)","LAT to HAT",4,"UTide",0.169070041226124,-0.054049292440713
"343","GR/19/C1",-0.185466575180259,-0.090268266141824,-0.0573434571051934,0.0425080939324963,0.0788017750843001,0.172165084810482,"Sulzbach et al. (2023)","LAT to HAT",4,"UTide",0.169070041226124,-0.054049292440713
"344","GR/19/C1",-0.185466575180259,-0.090268266141824,-0.0573434571051934,0.0425080939324963,0.0788017750843001,0.172165084810482,"Sulzbach et al. (2023)","LAT to HAT",4,"UTide",0.169070041226124,-0.054049292440713
"345","GR/19/C1",-0.185466575180259,-0.090268266141824,-0.0573434571051934,0.0425080939324963,0.0788017750843001,0.172165084810482,"Sulzbach et al. (2023)","LAT to HAT",4,"UTide",0.169070041226124,-0.054049292440713
"346","GR/19/C1",-0.185466575180259,-0.090268266141824,-0.0573434571051934,0.0425080939324963,0.0788017750843001,0.172165084810482,"Sulzbach et al. (2023)","LAT to HAT",4,"UTide",0.169070041226124,-0.054049292440713
"347","GR/19/C1",-0.185466575180259,-0.090268266141824,-0.0573434571051934,0.0425080939324963,0.0788017750843001,0.172165084810482,"Sulzbach et al. (2023)","LAT to HAT",4,"UTide",0.169070041226124,-0.054049292440713
"348","GR/19/C1",-0.185466575180259,-0.090268266141824,-0.0573434571051934,0.0425080939324963,0.0788017750843001,0.172165084810482,"Sulzbach et al. (2023)","LAT to HAT",4,"UTide",0.169070041226124,-0.054049292440713
"349","GR/19/C1",-0.185466575180259,-0.090268266141824,-0.0573434571051934,0.0425080939324963,0.0788017750843001,0.172165084810482,"Sulzbach et al. (2023)","LAT to HAT",4,"UTide",0.169070041226124,-0.054049292440713
"350","GR/19/C1",-0.185466575180259,-0.090268266141824,-0.0573434571051934,0.0425080939324963,0.0788017750843001,0.172165084810482,"Sulzbach et al. (2023)","LAT to HAT",4,"UTide",0.169070041226124,-0.054049292440713
"351","GR/19/C1",-0.185466575180259,-0.090268266141824,-0.0573434571051934,0.0425080939324963,0.0788017750843001,0.172165084810482,"Sulzbach et al. (2023)","LAT to HAT",4,"UTide",0.169070041226124,-0.054049292440713
"352","GR/19/C1",-0.185466575180259,-0.090268266141824,-0.0573434571051934,0.0425080939324963,0.0788017750843001,0.172165084810482,"Sulzbach et al. (2023)","LAT to HAT",4,"UTide",0.169070041226124,-0.054049292440713
"353","GR/19/C1",-0.185466575180259,-0.090268266141824,-0.0573434571051934,0.0425080939324963,0.0788017750843001,0.172165084810482,"Sulzbach et al. (2023)","LAT to HAT",4,"UTide",0.169070041226124,-0.054049292440713
"354","GR/19/C1",-0.276603116318854,-0.126157949866864,-0.0709704309030819,0.0524254957732631,0.109747045825076,0.256765397935422,"Sulzbach et al. (2023)","LAT to HAT",4.5,"UTide",0.23590499569194,0.0127856620251027
"355","GR/19/C1",-0.276603116318854,-0.126157949866864,-0.0709704309030819,0.0524254957732631,0.109747045825076,0.256765397935422,"Sulzbach et al. (2023)","LAT to HAT",4.5,"UTide",0.23590499569194,0.0127856620251027
"356","GR/19/C1",-0.276603116318854,-0.126157949866864,-0.0709704309030819,0.0524254957732631,0.109747045825076,0.256765397935422,"Sulzbach et al. (2023)","LAT to HAT",4.5,"UTide",0.23590499569194,0.0127856620251027
"357","GR/19/C1",-0.276603116318854,-0.126157949866864,-0.0709704309030819,0.0524254957732631,0.109747045825076,0.256765397935422,"Sulzbach et al. (2023)","LAT to HAT",4.5,"UTide",0.23590499569194,0.0127856620251027
"358","GR/19/C1",-0.276603116318854,-0.126157949866864,-0.0709704309030819,0.0524254957732631,0.109747045825076,0.256765397935422,"Sulzbach et al. (2023)","LAT to HAT",4.5,"UTide",0.23590499569194,0.0127856620251027
"359","GR/19/C1",-0.276603116318854,-0.126157949866864,-0.0709704309030819,0.0524254957732631,0.109747045825076,0.256765397935422,"Sulzbach et al. (2023)","LAT to HAT",4.5,"UTide",0.23590499569194,0.0127856620251027
"360","GR/19/C1",-0.276603116318854,-0.126157949866864,-0.0709704309030819,0.0524254957732631,0.109747045825076,0.256765397935422,"Sulzbach et al. (2023)","LAT to HAT",4.5,"UTide",0.23590499569194,0.0127856620251027
"361","GR/19/C1",-0.276603116318854,-0.126157949866864,-0.0709704309030819,0.0524254957732631,0.109747045825076,0.256765397935422,"Sulzbach et al. (2023)","LAT to HAT",4.5,"UTide",0.23590499569194,0.0127856620251027
"362","GR/19/C1",-0.276603116318854,-0.126157949866864,-0.0709704309030819,0.0524254957732631,0.109747045825076,0.256765397935422,"Sulzbach et al. (2023)","LAT to HAT",4.5,"UTide",0.23590499569194,0.0127856620251027
"363","GR/19/C1",-0.276603116318854,-0.126157949866864,-0.0709704309030819,0.0524254957732631,0.109747045825076,0.256765397935422,"Sulzbach et al. (2023)","LAT to HAT",4.5,"UTide",0.23590499569194,0.0127856620251027
"364","GR/19/C1",-0.276603116318854,-0.126157949866864,-0.0709704309030819,0.0524254957732631,0.109747045825076,0.256765397935422,"Sulzbach et al. (2023)","LAT to HAT",4.5,"UTide",0.23590499569194,0.0127856620251027
"365","GR/19/C1",-0.276603116318854,-0.126157949866864,-0.0709704309030819,0.0524254957732631,0.109747045825076,0.256765397935422,"Sulzbach et al. (2023)","LAT to HAT",4.5,"UTide",0.23590499569194,0.0127856620251027
"366","GR/19/C1",-0.276603116318854,-0.126157949866864,-0.0709704309030819,0.0524254957732631,0.109747045825076,0.256765397935422,"Sulzbach et al. (2023)","LAT to HAT",4.5,"UTide",0.23590499569194,0.0127856620251027
"367","GR/19/C1",-0.276603116318854,-0.126157949866864,-0.0709704309030819,0.0524254957732631,0.109747045825076,0.256765397935422,"Sulzbach et al. (2023)","LAT to HAT",4.5,"UTide",0.23590499569194,0.0127856620251027
"368","GR/19/C1",-0.276603116318854,-0.126157949866864,-0.0709704309030819,0.0524254957732631,0.109747045825076,0.256765397935422,"Sulzbach et al. (2023)","LAT to HAT",5,"UTide",0.23590499569194,0.0127856620251027
"369","GR/19/C1",-0.276603116318854,-0.126157949866864,-0.0709704309030819,0.0524254957732631,0.109747045825076,0.256765397935422,"Sulzbach et al. (2023)","LAT to HAT",5,"UTide",0.23590499569194,0.0127856620251027
"370","GR/19/C1",-0.276603116318854,-0.126157949866864,-0.0709704309030819,0.0524254957732631,0.109747045825076,0.256765397935422,"Sulzbach et al. (2023)","LAT to HAT",5,"UTide",0.23590499569194,0.0127856620251027
"371","GR/19/C1",-0.276603116318854,-0.126157949866864,-0.0709704309030819,0.0524254957732631,0.109747045825076,0.256765397935422,"Sulzbach et al. (2023)","LAT to HAT",5,"UTide",0.23590499569194,0.0127856620251027
"372","GR/19/C1",-0.276603116318854,-0.126157949866864,-0.0709704309030819,0.0524254957732631,0.109747045825076,0.256765397935422,"Sulzbach et al. (2023)","LAT to HAT",5,"UTide",0.23590499569194,0.0127856620251027
"373","GR/19/C1",-0.276603116318854,-0.126157949866864,-0.0709704309030819,0.0524254957732631,0.109747045825076,0.256765397935422,"Sulzbach et al. (2023)","LAT to HAT",5,"UTide",0.23590499569194,0.0127856620251027
"374","GR/19/C1",-0.276603116318854,-0.126157949866864,-0.0709704309030819,0.0524254957732631,0.109747045825076,0.256765397935422,"Sulzbach et al. (2023)","LAT to HAT",5,"UTide",0.23590499569194,0.0127856620251027
"375","GR/19/C1",-0.276603116318854,-0.126157949866864,-0.0709704309030819,0.0524254957732631,0.109747045825076,0.256765397935422,"Sulzbach et al. (2023)","LAT to HAT",5,"UTide",0.23590499569194,0.0127856620251027
"376","GR/19/C1",-0.276603116318854,-0.126157949866864,-0.0709704309030819,0.0524254957732631,0.109747045825076,0.256765397935422,"Sulzbach et al. (2023)","LAT to HAT",5,"UTide",0.23590499569194,0.0127856620251027
"377","GR/19/C1",-0.276603116318854,-0.126157949866864,-0.0709704309030819,0.0524254957732631,0.109747045825076,0.256765397935422,"Sulzbach et al. (2023)","LAT to HAT",5,"UTide",0.23590499569194,0.0127856620251027
"378","GR/19/C1",-0.276603116318854,-0.126157949866864,-0.0709704309030819,0.0524254957732631,0.109747045825076,0.256765397935422,"Sulzbach et al. (2023)","LAT to HAT",5,"UTide",0.23590499569194,0.0127856620251027
"379","GR/19/C1",-0.277882112168866,-0.139711963207073,-0.0155806684661785,0.0114986998415357,0.121425339468025,0.257952665391973,"Sulzbach et al. (2023)","LAT to HAT",5.5,"UTide",0.261137302675098,0.0380179690082609
"380","GR/19/C1",-0.277882112168866,-0.139711963207073,-0.0155806684661785,0.0114986998415357,0.121425339468025,0.257952665391973,"Sulzbach et al. (2023)","LAT to HAT",5.5,"UTide",0.261137302675098,0.0380179690082609
"381","GR/19/C1",-0.277882112168866,-0.139711963207073,-0.0155806684661785,0.0114986998415357,0.121425339468025,0.257952665391973,"Sulzbach et al. (2023)","LAT to HAT",5.5,"UTide",0.261137302675098,0.0380179690082609
"382","GR/19/C1",-0.277882112168866,-0.139711963207073,-0.0155806684661785,0.0114986998415357,0.121425339468025,0.257952665391973,"Sulzbach et al. (2023)","LAT to HAT",5.5,"UTide",0.261137302675098,0.0380179690082609
"383","GR/19/C1",-0.277882112168866,-0.139711963207073,-0.0155806684661785,0.0114986998415357,0.121425339468025,0.257952665391973,"Sulzbach et al. (2023)","LAT to HAT",5.5,"UTide",0.261137302675098,0.0380179690082609
"384","GR/19/C1",-0.277882112168866,-0.139711963207073,-0.0155806684661785,0.0114986998415357,0.121425339468025,0.257952665391973,"Sulzbach et al. (2023)","LAT to HAT",5.5,"UTide",0.261137302675098,0.0380179690082609
"385","GR/19/C1",-0.277882112168866,-0.139711963207073,-0.0155806684661785,0.0114986998415357,0.121425339468025,0.257952665391973,"Sulzbach et al. (2023)","LAT to HAT",5.5,"UTide",0.261137302675098,0.0380179690082609
"386","GR/19/C1",-0.277882112168866,-0.139711963207073,-0.0155806684661785,0.0114986998415357,0.121425339468025,0.257952665391973,"Sulzbach et al. (2023)","LAT to HAT",5.5,"UTide",0.261137302675098,0.0380179690082609
"387","GR/19/C1",-0.277882112168866,-0.139711963207073,-0.0155806684661785,0.0114986998415357,0.121425339468025,0.257952665391973,"Sulzbach et al. (2023)","LAT to HAT",5.5,"UTide",0.261137302675098,0.0380179690082609
"388","GR/19/C1",-0.277882112168866,-0.139711963207073,-0.0155806684661785,0.0114986998415357,0.121425339468025,0.257952665391973,"Sulzbach et al. (2023)","LAT to HAT",5.5,"UTide",0.261137302675098,0.0380179690082609
"389","GR/19/C1",-0.277882112168866,-0.139711963207073,-0.0155806684661785,0.0114986998415357,0.121425339468025,0.257952665391973,"Sulzbach et al. (2023)","LAT to HAT",5.5,"UTide",0.261137302675098,0.0380179690082609
"390","GR/19/C1",-0.277882112168866,-0.139711963207073,-0.0155806684661785,0.0114986998415357,0.121425339468025,0.257952665391973,"Sulzbach et al. (2023)","LAT to HAT",5.5,"UTide",0.261137302675098,0.0380179690082609
"391","GR/19/C1",-0.277882112168866,-0.139711963207073,-0.0155806684661785,0.0114986998415357,0.121425339468025,0.257952665391973,"Sulzbach et al. (2023)","LAT to HAT",5.5,"UTide",0.261137302675098,0.0380179690082609
"392","GR/19/C1",-0.277882112168866,-0.139711963207073,-0.0155806684661785,0.0114986998415357,0.121425339468025,0.257952665391973,"Sulzbach et al. (2023)","LAT to HAT",5.5,"UTide",0.261137302675098,0.0380179690082609
"393","GR/19/C1",-0.277882112168866,-0.139711963207073,-0.0155806684661785,0.0114986998415357,0.121425339468025,0.257952665391973,"Sulzbach et al. (2023)","LAT to HAT",5.5,"UTide",0.261137302675098,0.0380179690082609
"394","GR/19/C1",-0.277882112168866,-0.139711963207073,-0.0155806684661785,0.0114986998415357,0.121425339468025,0.257952665391973,"Sulzbach et al. (2023)","LAT to HAT",5.5,"UTide",0.261137302675098,0.0380179690082609
"395","GR/19/C1",-0.277882112168866,-0.139711963207073,-0.0155806684661785,0.0114986998415357,0.121425339468025,0.257952665391973,"Sulzbach et al. (2023)","LAT to HAT",5.5,"UTide",0.261137302675098,0.0380179690082609
"396","GR/19/C1",-0.277882112168866,-0.139711963207073,-0.0155806684661785,0.0114986998415357,0.121425339468025,0.257952665391973,"Sulzbach et al. (2023)","LAT to HAT",5.5,"UTide",0.261137302675098,0.0380179690082609
"397","GR/19/C1",-0.277882112168866,-0.139711963207073,-0.0155806684661785,0.0114986998415357,0.121425339468025,0.257952665391973,"Sulzbach et al. (2023)","LAT to HAT",5.5,"UTide",0.261137302675098,0.0380179690082609
"398","GR/19/C1",-0.277882112168866,-0.139711963207073,-0.0155806684661785,0.0114986998415357,0.121425339468025,0.257952665391973,"Sulzbach et al. (2023)","LAT to HAT",5.5,"UTide",0.261137302675098,0.0380179690082609
"399","GR/19/C1",-0.277882112168866,-0.139711963207073,-0.0155806684661785,0.0114986998415357,0.121425339468025,0.257952665391973,"Sulzbach et al. (2023)","LAT to HAT",5.5,"UTide",0.261137302675098,0.0380179690082609
"400","GR/19/C1",-0.277882112168866,-0.139711963207073,-0.0155806684661785,0.0114986998415357,0.121425339468025,0.257952665391973,"Sulzbach et al. (2023)","LAT to HAT",5.5,"UTide",0.261137302675098,0.0380179690082609
"401","GR/19/C1",-0.277882112168866,-0.139711963207073,-0.0155806684661785,0.0114986998415357,0.121425339468025,0.257952665391973,"Sulzbach et al. (2023)","LAT to HAT",5.5,"UTide",0.261137302675098,0.0380179690082609
"402","GR/19/C1",-0.277882112168866,-0.139711963207073,-0.0155806684661785,0.0114986998415357,0.121425339468025,0.257952665391973,"Sulzbach et al. (2023)","LAT to HAT",5.5,"UTide",0.261137302675098,0.0380179690082609
"403","GR/19/C1",-0.277882112168866,-0.139711963207073,-0.0155806684661785,0.0114986998415357,0.121425339468025,0.257952665391973,"Sulzbach et al. (2023)","LAT to HAT",5.5,"UTide",0.261137302675098,0.0380179690082609
"404","GR/19/C1",-0.277882112168866,-0.139711963207073,-0.0155806684661785,0.0114986998415357,0.121425339468025,0.257952665391973,"Sulzbach et al. (2023)","LAT to HAT",5.5,"UTide",0.261137302675098,0.0380179690082609
"405","GR/19/C1",-0.277882112168866,-0.139711963207073,-0.0155806684661785,0.0114986998415357,0.121425339468025,0.257952665391973,"Sulzbach et al. (2023)","LAT to HAT",5.5,"UTide",0.261137302675098,0.0380179690082609
"406","GR/19/C1",-0.277882112168866,-0.139711963207073,-0.0155806684661785,0.0114986998415357,0.121425339468025,0.257952665391973,"Sulzbach et al. (2023)","LAT to HAT",5.5,"UTide",0.261137302675098,0.0380179690082609
"407","GR/19/C1",-0.277882112168866,-0.139711963207073,-0.0155806684661785,0.0114986998415357,0.121425339468025,0.257952665391973,"Sulzbach et al. (2023)","LAT to HAT",5.5,"UTide",0.261137302675098,0.0380179690082609
"408","GR/19/C1",-0.277882112168866,-0.139711963207073,-0.0155806684661785,0.0114986998415357,0.121425339468025,0.257952665391973,"Sulzbach et al. (2023)","LAT to HAT",5.5,"UTide",0.261137302675098,0.0380179690082609
"409","GR/19/C1",-0.277882112168866,-0.139711963207073,-0.0155806684661785,0.0114986998415357,0.121425339468025,0.257952665391973,"Sulzbach et al. (2023)","LAT to HAT",5.5,"UTide",0.261137302675098,0.0380179690082609
"410","GR/19/C1",-0.277882112168866,-0.139711963207073,-0.0155806684661785,0.0114986998415357,0.121425339468025,0.257952665391973,"Sulzbach et al. (2023)","LAT to HAT",5.5,"UTide",0.261137302675098,0.0380179690082609
"411","GR/19/C1",-0.277882112168866,-0.139711963207073,-0.0155806684661785,0.0114986998415357,0.121425339468025,0.257952665391973,"Sulzbach et al. (2023)","LAT to HAT",5.5,"UTide",0.261137302675098,0.0380179690082609
"412","GR/19/C1",-0.277882112168866,-0.139711963207073,-0.0155806684661785,0.0114986998415357,0.121425339468025,0.257952665391973,"Sulzbach et al. (2023)","LAT to HAT",6,"UTide",0.261137302675098,0.0380179690082609
"413","GR/19/C1",-0.277882112168866,-0.139711963207073,-0.0155806684661785,0.0114986998415357,0.121425339468025,0.257952665391973,"Sulzbach et al. (2023)","LAT to HAT",6,"UTide",0.261137302675098,0.0380179690082609
"414","GR/19/C1",-0.277882112168866,-0.139711963207073,-0.0155806684661785,0.0114986998415357,0.121425339468025,0.257952665391973,"Sulzbach et al. (2023)","LAT to HAT",6,"UTide",0.261137302675098,0.0380179690082609
"415","GR/19/C1",-0.277882112168866,-0.139711963207073,-0.0155806684661785,0.0114986998415357,0.121425339468025,0.257952665391973,"Sulzbach et al. (2023)","LAT to HAT",6,"UTide",0.261137302675098,0.0380179690082609
"416","GR/19/C1",-0.277882112168866,-0.139711963207073,-0.0155806684661785,0.0114986998415357,0.121425339468025,0.257952665391973,"Sulzbach et al. (2023)","LAT to HAT",6,"UTide",0.261137302675098,0.0380179690082609
"417","GR/19/C1",-0.277882112168866,-0.139711963207073,-0.0155806684661785,0.0114986998415357,0.121425339468025,0.257952665391973,"Sulzbach et al. (2023)","LAT to HAT",6,"UTide",0.261137302675098,0.0380179690082609
"418","GR/19/C1",-0.277882112168866,-0.139711963207073,-0.0155806684661785,0.0114986998415357,0.121425339468025,0.257952665391973,"Sulzbach et al. (2023)","LAT to HAT",6,"UTide",0.261137302675098,0.0380179690082609
"419","GR/19/C1",-0.277882112168866,-0.139711963207073,-0.0155806684661785,0.0114986998415357,0.121425339468025,0.257952665391973,"Sulzbach et al. (2023)","LAT to HAT",6,"UTide",0.261137302675098,0.0380179690082609
"420","GR/19/C1",-0.277882112168866,-0.139711963207073,-0.0155806684661785,0.0114986998415357,0.121425339468025,0.257952665391973,"Sulzbach et al. (2023)","LAT to HAT",6,"UTide",0.261137302675098,0.0380179690082609
"421","GR/19/C1",-0.277882112168866,-0.139711963207073,-0.0155806684661785,0.0114986998415357,0.121425339468025,0.257952665391973,"Sulzbach et al. (2023)","LAT to HAT",6,"UTide",0.261137302675098,0.0380179690082609
"422","GR/19/C1",-0.277882112168866,-0.139711963207073,-0.0155806684661785,0.0114986998415357,0.121425339468025,0.257952665391973,"Sulzbach et al. (2023)","LAT to HAT",6,"UTide",0.261137302675098,0.0380179690082609
"423","GR/19/C1",-0.277882112168866,-0.139711963207073,-0.0155806684661785,0.0114986998415357,0.121425339468025,0.257952665391973,"Sulzbach et al. (2023)","LAT to HAT",6,"UTide",0.261137302675098,0.0380179690082609
"424","GR/19/C1",-0.277882112168866,-0.139711963207073,-0.0155806684661785,0.0114986998415357,0.121425339468025,0.257952665391973,"Sulzbach et al. (2023)","LAT to HAT",6,"UTide",0.261137302675098,0.0380179690082609
"425","GR/19/C1",-0.277882112168866,-0.139711963207073,-0.0155806684661785,0.0114986998415357,0.121425339468025,0.257952665391973,"Sulzbach et al. (2023)","LAT to HAT",6,"UTide",0.261137302675098,0.0380179690082609
"426","GR/19/C1",-0.277882112168866,-0.139711963207073,-0.0155806684661785,0.0114986998415357,0.121425339468025,0.257952665391973,"Sulzbach et al. (2023)","LAT to HAT",6,"UTide",0.261137302675098,0.0380179690082609
"427","GR/19/C1",-0.277882112168866,-0.139711963207073,-0.0155806684661785,0.0114986998415357,0.121425339468025,0.257952665391973,"Sulzbach et al. (2023)","LAT to HAT",6,"UTide",0.261137302675098,0.0380179690082609
"428","GR/19/C1",-0.277882112168866,-0.139711963207073,-0.0155806684661785,0.0114986998415357,0.121425339468025,0.257952665391973,"Sulzbach et al. (2023)","LAT to HAT",6,"UTide",0.261137302675098,0.0380179690082609
"429","GR/19/C1",-0.267839970985567,-0.131310366710898,-0.0229829804247688,0.0169665285794731,0.114156006153732,0.248630737239576,"Sulzbach et al. (2023)","LAT to HAT",6.5,"UTide",0.24546637286463,0.0223470391977927
"430","GR/19/C1",-0.267839970985567,-0.131310366710898,-0.0229829804247688,0.0169665285794731,0.114156006153732,0.248630737239576,"Sulzbach et al. (2023)","LAT to HAT",6.5,"UTide",0.24546637286463,0.0223470391977927
"431","GR/19/C1",-0.267839970985567,-0.131310366710898,-0.0229829804247688,0.0169665285794731,0.114156006153732,0.248630737239576,"Sulzbach et al. (2023)","LAT to HAT",6.5,"UTide",0.24546637286463,0.0223470391977927
"432","GR/19/C1",-0.267839970985567,-0.131310366710898,-0.0229829804247688,0.0169665285794731,0.114156006153732,0.248630737239576,"Sulzbach et al. (2023)","LAT to HAT",6.5,"UTide",0.24546637286463,0.0223470391977927
"433","GR/19/C1",-0.267839970985567,-0.131310366710898,-0.0229829804247688,0.0169665285794731,0.114156006153732,0.248630737239576,"Sulzbach et al. (2023)","LAT to HAT",6.5,"UTide",0.24546637286463,0.0223470391977927
"434","GR/19/C1",-0.267839970985567,-0.131310366710898,-0.0229829804247688,0.0169665285794731,0.114156006153732,0.248630737239576,"Sulzbach et al. (2023)","LAT to HAT",6.5,"UTide",0.24546637286463,0.0223470391977927
"435","GR/19/C1",-0.267839970985567,-0.131310366710898,-0.0229829804247688,0.0169665285794731,0.114156006153732,0.248630737239576,"Sulzbach et al. (2023)","LAT to HAT",6.5,"UTide",0.24546637286463,0.0223470391977927
"436","GR/19/C1",-0.267839970985567,-0.131310366710898,-0.0229829804247688,0.0169665285794731,0.114156006153732,0.248630737239576,"Sulzbach et al. (2023)","LAT to HAT",6.5,"UTide",0.24546637286463,0.0223470391977927
"437","GR/19/C1",-0.267839970985567,-0.131310366710898,-0.0229829804247688,0.0169665285794731,0.114156006153732,0.248630737239576,"Sulzbach et al. (2023)","LAT to HAT",6.5,"UTide",0.24546637286463,0.0223470391977927
"438","GR/19/C1",-0.267839970985567,-0.131310366710898,-0.0229829804247688,0.0169665285794731,0.114156006153732,0.248630737239576,"Sulzbach et al. (2023)","LAT to HAT",6.5,"UTide",0.24546637286463,0.0223470391977927
"439","GR/19/C1",-0.267839970985567,-0.131310366710898,-0.0229829804247688,0.0169665285794731,0.114156006153732,0.248630737239576,"Sulzbach et al. (2023)","LAT to HAT",6.5,"UTide",0.24546637286463,0.0223470391977927
"440","GR/19/C1",-0.267839970985567,-0.131310366710898,-0.0229829804247688,0.0169665285794731,0.114156006153732,0.248630737239576,"Sulzbach et al. (2023)","LAT to HAT",6.5,"UTide",0.24546637286463,0.0223470391977927
"441","GR/19/C1",-0.267839970985567,-0.131310366710898,-0.0229829804247688,0.0169665285794731,0.114156006153732,0.248630737239576,"Sulzbach et al. (2023)","LAT to HAT",6.5,"UTide",0.24546637286463,0.0223470391977927
"442","GR/19/C1",-0.267839970985567,-0.131310366710898,-0.0229829804247688,0.0169665285794731,0.114156006153732,0.248630737239576,"Sulzbach et al. (2023)","LAT to HAT",6.5,"UTide",0.24546637286463,0.0223470391977927
"443","GR/19/C1",-0.267839970985567,-0.131310366710898,-0.0229829804247688,0.0169665285794731,0.114156006153732,0.248630737239576,"Sulzbach et al. (2023)","LAT to HAT",6.5,"UTide",0.24546637286463,0.0223470391977927
"444","GR/19/C1",-0.267839970985567,-0.131310366710898,-0.0229829804247688,0.0169665285794731,0.114156006153732,0.248630737239576,"Sulzbach et al. (2023)","LAT to HAT",6.5,"UTide",0.24546637286463,0.0223470391977927
"445","GR/19/C1",-0.267839970985567,-0.131310366710898,-0.0229829804247688,0.0169665285794731,0.114156006153732,0.248630737239576,"Sulzbach et al. (2023)","LAT to HAT",6.5,"UTide",0.24546637286463,0.0223470391977927
"446","GR/19/C1",-0.267839970985567,-0.131310366710898,-0.0229829804247688,0.0169665285794731,0.114156006153732,0.248630737239576,"Sulzbach et al. (2023)","LAT to HAT",6.5,"UTide",0.24546637286463,0.0223470391977927
"447","GR/19/C1",-0.267839970985567,-0.131310366710898,-0.0229829804247688,0.0169665285794731,0.114156006153732,0.248630737239576,"Sulzbach et al. (2023)","LAT to HAT",6.5,"UTide",0.24546637286463,0.0223470391977927
"448","GR/19/C1",-0.267839970985567,-0.131310366710898,-0.0229829804247688,0.0169665285794731,0.114156006153732,0.248630737239576,"Sulzbach et al. (2023)","LAT to HAT",6.5,"UTide",0.24546637286463,0.0223470391977927
"449","GR/19/C1",-0.267839970985567,-0.131310366710898,-0.0229829804247688,0.0169665285794731,0.114156006153732,0.248630737239576,"Sulzbach et al. (2023)","LAT to HAT",7,"UTide",0.24546637286463,0.0223470391977927
"450","GR/19/C1",-0.267839970985567,-0.131310366710898,-0.0229829804247688,0.0169665285794731,0.114156006153732,0.248630737239576,"Sulzbach et al. (2023)","LAT to HAT",7,"UTide",0.24546637286463,0.0223470391977927
"451","GR/19/C1",-0.267839970985567,-0.131310366710898,-0.0229829804247688,0.0169665285794731,0.114156006153732,0.248630737239576,"Sulzbach et al. (2023)","LAT to HAT",7,"UTide",0.24546637286463,0.0223470391977927
"452","GR/19/C1",-0.267839970985567,-0.131310366710898,-0.0229829804247688,0.0169665285794731,0.114156006153732,0.248630737239576,"Sulzbach et al. (2023)","LAT to HAT",7,"UTide",0.24546637286463,0.0223470391977927
"453","GR/19/C1",-0.267839970985567,-0.131310366710898,-0.0229829804247688,0.0169665285794731,0.114156006153732,0.248630737239576,"Sulzbach et al. (2023)","LAT to HAT",7,"UTide",0.24546637286463,0.0223470391977927
"454","GR/19/C1",-0.267839970985567,-0.131310366710898,-0.0229829804247688,0.0169665285794731,0.114156006153732,0.248630737239576,"Sulzbach et al. (2023)","LAT to HAT",7,"UTide",0.24546637286463,0.0223470391977927
"455","GR/19/C1",-0.267839970985567,-0.131310366710898,-0.0229829804247688,0.0169665285794731,0.114156006153732,0.248630737239576,"Sulzbach et al. (2023)","LAT to HAT",7,"UTide",0.24546637286463,0.0223470391977927
"456","GR/19/C1",-0.267839970985567,-0.131310366710898,-0.0229829804247688,0.0169665285794731,0.114156006153732,0.248630737239576,"Sulzbach et al. (2023)","LAT to HAT",7,"UTide",0.24546637286463,0.0223470391977927
"457","GR/19/C1",-0.267839970985567,-0.131310366710898,-0.0229829804247688,0.0169665285794731,0.114156006153732,0.248630737239576,"Sulzbach et al. (2023)","LAT to HAT",7,"UTide",0.24546637286463,0.0223470391977927
"458","GR/19/C1",-0.267839970985567,-0.131310366710898,-0.0229829804247688,0.0169665285794731,0.114156006153732,0.248630737239576,"Sulzbach et al. (2023)","LAT to HAT",7,"UTide",0.24546637286463,0.0223470391977927
"459","GR/19/C1",-0.267839970985567,-0.131310366710898,-0.0229829804247688,0.0169665285794731,0.114156006153732,0.248630737239576,"Sulzbach et al. (2023)","LAT to HAT",7,"UTide",0.24546637286463,0.0223470391977927
"460","GR/19/C1",-0.267839970985567,-0.131310366710898,-0.0229829804247688,0.0169665285794731,0.114156006153732,0.248630737239576,"Sulzbach et al. (2023)","LAT to HAT",7,"UTide",0.24546637286463,0.0223470391977927
"461","GR/19/C1",-0.267839970985567,-0.131310366710898,-0.0229829804247688,0.0169665285794731,0.114156006153732,0.248630737239576,"Sulzbach et al. (2023)","LAT to HAT",7,"UTide",0.24546637286463,0.0223470391977927
"462","GR/19/C1",-0.267839970985567,-0.131310366710898,-0.0229829804247688,0.0169665285794731,0.114156006153732,0.248630737239576,"Sulzbach et al. (2023)","LAT to HAT",7,"UTide",0.24546637286463,0.0223470391977927
"463","GR/19/C1",-0.267839970985567,-0.131310366710898,-0.0229829804247688,0.0169665285794731,0.114156006153732,0.248630737239576,"Sulzbach et al. (2023)","LAT to HAT",7,"UTide",0.24546637286463,0.0223470391977927
"464","GR/19/C1",-0.267839970985567,-0.131310366710898,-0.0229829804247688,0.0169665285794731,0.114156006153732,0.248630737239576,"Sulzbach et al. (2023)","LAT to HAT",7,"UTide",0.24546637286463,0.0223470391977927
"465","GR/19/C1",-0.267839970985567,-0.131310366710898,-0.0229829804247688,0.0169665285794731,0.114156006153732,0.248630737239576,"Sulzbach et al. (2023)","LAT to HAT",7,"UTide",0.24546637286463,0.0223470391977927
"466","GR/19/C1",-0.267839970985567,-0.131310366710898,-0.0229829804247688,0.0169665285794731,0.114156006153732,0.248630737239576,"Sulzbach et al. (2023)","LAT to HAT",7,"UTide",0.24546637286463,0.0223470391977927
"467","GR/19/C1",-0.267839970985567,-0.131310366710898,-0.0229829804247688,0.0169665285794731,0.114156006153732,0.248630737239576,"Sulzbach et al. (2023)","LAT to HAT",7,"UTide",0.24546637286463,0.0223470391977927
"468","GR/19/C1",-0.267839970985567,-0.131310366710898,-0.0229829804247688,0.0169665285794731,0.114156006153732,0.248630737239576,"Sulzbach et al. (2023)","LAT to HAT",7,"UTide",0.24546637286463,0.0223470391977927
"469","GR/19/C1",-0.267839970985567,-0.131310366710898,-0.0229829804247688,0.0169665285794731,0.114156006153732,0.248630737239576,"Sulzbach et al. (2023)","LAT to HAT",7,"UTide",0.24546637286463,0.0223470391977927
"470","GR/19/C1",-0.267839970985567,-0.131310366710898,-0.0229829804247688,0.0169665285794731,0.114156006153732,0.248630737239576,"Sulzbach et al. (2023)","LAT to HAT",7,"UTide",0.24546637286463,0.0223470391977927
"471","GR/19/C1",-0.267839970985567,-0.131310366710898,-0.0229829804247688,0.0169665285794731,0.114156006153732,0.248630737239576,"Sulzbach et al. (2023)","LAT to HAT",7,"UTide",0.24546637286463,0.0223470391977927
"472","GR/19/C1",-0.267839970985567,-0.131310366710898,-0.0229829804247688,0.0169665285794731,0.114156006153732,0.248630737239576,"Sulzbach et al. (2023)","LAT to HAT",7,"UTide",0.24546637286463,0.0223470391977927
"473","GR/19/C1",-0.267839970985567,-0.131310366710898,-0.0229829804247688,0.0169665285794731,0.114156006153732,0.248630737239576,"Sulzbach et al. (2023)","LAT to HAT",7,"UTide",0.24546637286463,0.0223470391977927
"474","GR/19/C1",-0.267839970985567,-0.131310366710898,-0.0229829804247688,0.0169665285794731,0.114156006153732,0.248630737239576,"Sulzbach et al. (2023)","LAT to HAT",7,"UTide",0.24546637286463,0.0223470391977927
"475","GR/19/C1",-0.267839970985567,-0.131310366710898,-0.0229829804247688,0.0169665285794731,0.114156006153732,0.248630737239576,"Sulzbach et al. (2023)","LAT to HAT",7,"UTide",0.24546637286463,0.0223470391977927
"476","GR/19/C1",-0.267839970985567,-0.131310366710898,-0.0229829804247688,0.0169665285794731,0.114156006153732,0.248630737239576,"Sulzbach et al. (2023)","LAT to HAT",7,"UTide",0.24546637286463,0.0223470391977927
"477","GR/19/C1",-0.267839970985567,-0.131310366710898,-0.0229829804247688,0.0169665285794731,0.114156006153732,0.248630737239576,"Sulzbach et al. (2023)","LAT to HAT",7,"UTide",0.24546637286463,0.0223470391977927
"478","GR/19/C1",-0.267839970985567,-0.131310366710898,-0.0229829804247688,0.0169665285794731,0.114156006153732,0.248630737239576,"Sulzbach et al. (2023)","LAT to HAT",7,"UTide",0.24546637286463,0.0223470391977927
"479","GR/19/C1",-0.267839970985567,-0.131310366710898,-0.0229829804247688,0.0169665285794731,0.114156006153732,0.248630737239576,"Sulzbach et al. (2023)","LAT to HAT",7,"UTide",0.24546637286463,0.0223470391977927
"480","GR/19/C1",-0.267839970985567,-0.131310366710898,-0.0229829804247688,0.0169665285794731,0.114156006153732,0.248630737239576,"Sulzbach et al. (2023)","LAT to HAT",7,"UTide",0.24546637286463,0.0223470391977927
"481","GR/19/C1",-0.267839970985567,-0.131310366710898,-0.0229829804247688,0.0169665285794731,0.114156006153732,0.248630737239576,"Sulzbach et al. (2023)","LAT to HAT",7,"UTide",0.24546637286463,0.0223470391977927
"482","GR/19/C1",-0.267839970985567,-0.131310366710898,-0.0229829804247688,0.0169665285794731,0.114156006153732,0.248630737239576,"Sulzbach et al. (2023)","LAT to HAT",7,"UTide",0.24546637286463,0.0223470391977927
"483","GR/19/C1",-0.267839970985567,-0.131310366710898,-0.0229829804247688,0.0169665285794731,0.114156006153732,0.248630737239576,"Sulzbach et al. (2023)","LAT to HAT",7,"UTide",0.24546637286463,0.0223470391977927
"484","GR/19/C1",-0.267839970985567,-0.131310366710898,-0.0229829804247688,0.0169665285794731,0.114156006153732,0.248630737239576,"Sulzbach et al. (2023)","LAT to HAT",7,"UTide",0.24546637286463,0.0223470391977927
"485","GR/19/C1",-0.267839970985567,-0.131310366710898,-0.0229829804247688,0.0169665285794731,0.114156006153732,0.248630737239576,"Sulzbach et al. (2023)","LAT to HAT",7,"UTide",0.24546637286463,0.0223470391977927
"486","GR/19/C1",-0.267839970985567,-0.131310366710898,-0.0229829804247688,0.0169665285794731,0.114156006153732,0.248630737239576,"Sulzbach et al. (2023)","LAT to HAT",7,"UTide",0.24546637286463,0.0223470391977927
"487","GR/19/C1",-0.267839970985567,-0.131310366710898,-0.0229829804247688,0.0169665285794731,0.114156006153732,0.248630737239576,"Sulzbach et al. (2023)","LAT to HAT",7,"UTide",0.24546637286463,0.0223470391977927
"488","GR/19/C1",-0.267839970985567,-0.131310366710898,-0.0229829804247688,0.0169665285794731,0.114156006153732,0.248630737239576,"Sulzbach et al. (2023)","LAT to HAT",7,"UTide",0.24546637286463,0.0223470391977927
"489","GR/19/C1",-0.267839970985567,-0.131310366710898,-0.0229829804247688,0.0169665285794731,0.114156006153732,0.248630737239576,"Sulzbach et al. (2023)","LAT to HAT",7,"UTide",0.24546637286463,0.0223470391977927
"490","GR/19/C1",-0.267839970985567,-0.131310366710898,-0.0229829804247688,0.0169665285794731,0.114156006153732,0.248630737239576,"Sulzbach et al. (2023)","LAT to HAT",7,"UTide",0.24546637286463,0.0223470391977927
"491","GR/19/C1",-0.267839970985567,-0.131310366710898,-0.0229829804247688,0.0169665285794731,0.114156006153732,0.248630737239576,"Sulzbach et al. (2023)","LAT to HAT",7,"UTide",0.24546637286463,0.0223470391977927
"492","GR/19/C1",-0.267839970985567,-0.131310366710898,-0.0229829804247688,0.0169665285794731,0.114156006153732,0.248630737239576,"Sulzbach et al. (2023)","LAT to HAT",7,"UTide",0.24546637286463,0.0223470391977927
"493","GR/19/C1",-0.267839970985567,-0.131310366710898,-0.0229829804247688,0.0169665285794731,0.114156006153732,0.248630737239576,"Sulzbach et al. (2023)","LAT to HAT",7,"UTide",0.24546637286463,0.0223470391977927
"494","GR/19/C1",-0.267839970985567,-0.131310366710898,-0.0229829804247688,0.0169665285794731,0.114156006153732,0.248630737239576,"Sulzbach et al. (2023)","LAT to HAT",7,"UTide",0.24546637286463,0.0223470391977927
"495","GR/19/C1",-0.267839970985567,-0.131310366710898,-0.0229829804247688,0.0169665285794731,0.114156006153732,0.248630737239576,"Sulzbach et al. (2023)","LAT to HAT",7,"UTide",0.24546637286463,0.0223470391977927
"496","GR/19/C1",-0.267839970985567,-0.131310366710898,-0.0229829804247688,0.0169665285794731,0.114156006153732,0.248630737239576,"Sulzbach et al. (2023)","LAT to HAT",7,"UTide",0.24546637286463,0.0223470391977927
"497","GR/19/C1",-0.267839970985567,-0.131310366710898,-0.0229829804247688,0.0169665285794731,0.114156006153732,0.248630737239576,"Sulzbach et al. (2023)","LAT to HAT",7,"UTide",0.24546637286463,0.0223470391977927
"498","GR/19/C1",-0.255001917352791,-0.0983584369763746,-0.0273154400717844,0.0198945952092585,0.0843629262159499,0.236713416879612,"Sulzbach et al. (2023)","LAT to HAT",7.5,"UTide",0.182721363192325,-0.0403979704745124
"499","GR/19/C1",-0.255001917352791,-0.0983584369763746,-0.0273154400717844,0.0198945952092585,0.0843629262159499,0.236713416879612,"Sulzbach et al. (2023)","LAT to HAT",7.5,"UTide",0.182721363192325,-0.0403979704745124
"500","GR/19/C1",-0.255001917352791,-0.0983584369763746,-0.0273154400717844,0.0198945952092585,0.0843629262159499,0.236713416879612,"Sulzbach et al. (2023)","LAT to HAT",7.5,"UTide",0.182721363192325,-0.0403979704745124
"501","GR/19/C1",-0.255001917352791,-0.0983584369763746,-0.0273154400717844,0.0198945952092585,0.0843629262159499,0.236713416879612,"Sulzbach et al. (2023)","LAT to HAT",7.5,"UTide",0.182721363192325,-0.0403979704745124
"502","GR/19/C1",-0.255001917352791,-0.0983584369763746,-0.0273154400717844,0.0198945952092585,0.0843629262159499,0.236713416879612,"Sulzbach et al. (2023)","LAT to HAT",7.5,"UTide",0.182721363192325,-0.0403979704745124
"503","GR/19/C1",-0.255001917352791,-0.0983584369763746,-0.0273154400717844,0.0198945952092585,0.0843629262159499,0.236713416879612,"Sulzbach et al. (2023)","LAT to HAT",7.5,"UTide",0.182721363192325,-0.0403979704745124
"504","GR/19/C1",-0.255001917352791,-0.0983584369763746,-0.0273154400717844,0.0198945952092585,0.0843629262159499,0.236713416879612,"Sulzbach et al. (2023)","LAT to HAT",7.5,"UTide",0.182721363192325,-0.0403979704745124
"505","GR/19/C1",-0.255001917352791,-0.0983584369763746,-0.0273154400717844,0.0198945952092585,0.0843629262159499,0.236713416879612,"Sulzbach et al. (2023)","LAT to HAT",7.5,"UTide",0.182721363192325,-0.0403979704745124
"506","GR/19/C1",-0.255001917352791,-0.0983584369763746,-0.0273154400717844,0.0198945952092585,0.0843629262159499,0.236713416879612,"Sulzbach et al. (2023)","LAT to HAT",7.5,"UTide",0.182721363192325,-0.0403979704745124
"507","GR/19/C1",-0.255001917352791,-0.0983584369763746,-0.0273154400717844,0.0198945952092585,0.0843629262159499,0.236713416879612,"Sulzbach et al. (2023)","LAT to HAT",7.5,"UTide",0.182721363192325,-0.0403979704745124
"508","GR/19/C1",-0.255001917352791,-0.0983584369763746,-0.0273154400717844,0.0198945952092585,0.0843629262159499,0.236713416879612,"Sulzbach et al. (2023)","LAT to HAT",7.5,"UTide",0.182721363192325,-0.0403979704745124
"509","GR/19/C1",-0.255001917352791,-0.0983584369763746,-0.0273154400717844,0.0198945952092585,0.0843629262159499,0.236713416879612,"Sulzbach et al. (2023)","LAT to HAT",7.5,"UTide",0.182721363192325,-0.0403979704745124
"510","GR/19/C1",-0.255001917352791,-0.0983584369763746,-0.0273154400717844,0.0198945952092585,0.0843629262159499,0.236713416879612,"Sulzbach et al. (2023)","LAT to HAT",7.5,"UTide",0.182721363192325,-0.0403979704745124
"511","GR/19/C1",-0.255001917352791,-0.0983584369763746,-0.0273154400717844,0.0198945952092585,0.0843629262159499,0.236713416879612,"Sulzbach et al. (2023)","LAT to HAT",7.5,"UTide",0.182721363192325,-0.0403979704745124
"512","GR/19/C1",-0.255001917352791,-0.0983584369763746,-0.0273154400717844,0.0198945952092585,0.0843629262159499,0.236713416879612,"Sulzbach et al. (2023)","LAT to HAT",7.5,"UTide",0.182721363192325,-0.0403979704745124
"513","GR/19/C1",-0.255001917352791,-0.0983584369763746,-0.0273154400717844,0.0198945952092585,0.0843629262159499,0.236713416879612,"Sulzbach et al. (2023)","LAT to HAT",7.5,"UTide",0.182721363192325,-0.0403979704745124
"514","GR/19/C1",-0.255001917352791,-0.0983584369763746,-0.0273154400717844,0.0198945952092585,0.0843629262159499,0.236713416879612,"Sulzbach et al. (2023)","LAT to HAT",7.5,"UTide",0.182721363192325,-0.0403979704745124
"515","GR/19/C1",-0.255001917352791,-0.0983584369763746,-0.0273154400717844,0.0198945952092585,0.0843629262159499,0.236713416879612,"Sulzbach et al. (2023)","LAT to HAT",7.5,"UTide",0.182721363192325,-0.0403979704745124
"516","GR/19/C1",-0.255001917352791,-0.0983584369763746,-0.0273154400717844,0.0198945952092585,0.0843629262159499,0.236713416879612,"Sulzbach et al. (2023)","LAT to HAT",7.5,"UTide",0.182721363192325,-0.0403979704745124
"517","GR/19/C1",-0.255001917352791,-0.0983584369763746,-0.0273154400717844,0.0198945952092585,0.0843629262159499,0.236713416879612,"Sulzbach et al. (2023)","LAT to HAT",7.5,"UTide",0.182721363192325,-0.0403979704745124
"518","GR/19/C1",-0.255001917352791,-0.0983584369763746,-0.0273154400717844,0.0198945952092585,0.0843629262159499,0.236713416879612,"Sulzbach et al. (2023)","LAT to HAT",7.5,"UTide",0.182721363192325,-0.0403979704745124
"519","GR/19/C1",-0.255001917352791,-0.0983584369763746,-0.0273154400717844,0.0198945952092585,0.0843629262159499,0.236713416879612,"Sulzbach et al. (2023)","LAT to HAT",7.5,"UTide",0.182721363192325,-0.0403979704745124
"520","GR/19/C1",-0.255001917352791,-0.0983584369763746,-0.0273154400717844,0.0198945952092585,0.0843629262159499,0.236713416879612,"Sulzbach et al. (2023)","LAT to HAT",7.5,"UTide",0.182721363192325,-0.0403979704745124
"521","GR/19/C1",-0.255001917352791,-0.0983584369763746,-0.0273154400717844,0.0198945952092585,0.0843629262159499,0.236713416879612,"Sulzbach et al. (2023)","LAT to HAT",7.5,"UTide",0.182721363192325,-0.0403979704745124
"522","GR/19/C1",-0.255001917352791,-0.0983584369763746,-0.0273154400717844,0.0198945952092585,0.0843629262159499,0.236713416879612,"Sulzbach et al. (2023)","LAT to HAT",7.5,"UTide",0.182721363192325,-0.0403979704745124
"523","GR/19/C1",-0.255001917352791,-0.0983584369763746,-0.0273154400717844,0.0198945952092585,0.0843629262159499,0.236713416879612,"Sulzbach et al. (2023)","LAT to HAT",7.5,"UTide",0.182721363192325,-0.0403979704745124
"524","GR/19/C1",-0.255001917352791,-0.0983584369763746,-0.0273154400717844,0.0198945952092585,0.0843629262159499,0.236713416879612,"Sulzbach et al. (2023)","LAT to HAT",7.5,"UTide",0.182721363192325,-0.0403979704745124
"525","GR/19/C1",-0.255001917352791,-0.0983584369763746,-0.0273154400717844,0.0198945952092585,0.0843629262159499,0.236713416879612,"Sulzbach et al. (2023)","LAT to HAT",7.5,"UTide",0.182721363192325,-0.0403979704745124
"526","GR/19/C1",-0.255001917352791,-0.0983584369763746,-0.0273154400717844,0.0198945952092585,0.0843629262159499,0.236713416879612,"Sulzbach et al. (2023)","LAT to HAT",7.5,"UTide",0.182721363192325,-0.0403979704745124
"527","GR/19/C1",-0.255001917352791,-0.0983584369763746,-0.0273154400717844,0.0198945952092585,0.0843629262159499,0.236713416879612,"Sulzbach et al. (2023)","LAT to HAT",7.5,"UTide",0.182721363192325,-0.0403979704745124
"528","GR/19/C1",-0.255001917352791,-0.0983584369763746,-0.0273154400717844,0.0198945952092585,0.0843629262159499,0.236713416879612,"Sulzbach et al. (2023)","LAT to HAT",7.5,"UTide",0.182721363192325,-0.0403979704745124
"529","GR/19/C1",-0.255001917352791,-0.0983584369763746,-0.0273154400717844,0.0198945952092585,0.0843629262159499,0.236713416879612,"Sulzbach et al. (2023)","LAT to HAT",7.5,"UTide",0.182721363192325,-0.0403979704745124
"530","GR/19/C1",-0.255001917352791,-0.0983584369763746,-0.0273154400717844,0.0198945952092585,0.0843629262159499,0.236713416879612,"Sulzbach et al. (2023)","LAT to HAT",7.5,"UTide",0.182721363192325,-0.0403979704745124
"531","GR/19/C1",-0.255001917352791,-0.0983584369763746,-0.0273154400717844,0.0198945952092585,0.0843629262159499,0.236713416879612,"Sulzbach et al. (2023)","LAT to HAT",7.5,"UTide",0.182721363192325,-0.0403979704745124
"532","GR/19/C1",-0.255001917352791,-0.0983584369763746,-0.0273154400717844,0.0198945952092585,0.0843629262159499,0.236713416879612,"Sulzbach et al. (2023)","LAT to HAT",7.5,"UTide",0.182721363192325,-0.0403979704745124
"533","GR/19/C1",-0.255001917352791,-0.0983584369763746,-0.0273154400717844,0.0198945952092585,0.0843629262159499,0.236713416879612,"Sulzbach et al. (2023)","LAT to HAT",7.5,"UTide",0.182721363192325,-0.0403979704745124
"534","GR/19/C1",-0.255001917352791,-0.0983584369763746,-0.0273154400717844,0.0198945952092585,0.0843629262159499,0.236713416879612,"Sulzbach et al. (2023)","LAT to HAT",7.5,"UTide",0.182721363192325,-0.0403979704745124
"535","GR/19/C1",-0.255001917352791,-0.0983584369763746,-0.0273154400717844,0.0198945952092585,0.0843629262159499,0.236713416879612,"Sulzbach et al. (2023)","LAT to HAT",7.5,"UTide",0.182721363192325,-0.0403979704745124
"536","GR/19/C1",-0.255001917352791,-0.0983584369763746,-0.0273154400717844,0.0198945952092585,0.0843629262159499,0.236713416879612,"Sulzbach et al. (2023)","LAT to HAT",7.5,"UTide",0.182721363192325,-0.0403979704745124
"537","GR/19/C1",-0.255001917352791,-0.0983584369763746,-0.0273154400717844,0.0198945952092585,0.0843629262159499,0.236713416879612,"Sulzbach et al. (2023)","LAT to HAT",7.5,"UTide",0.182721363192325,-0.0403979704745124
"538","GR/19/C1",-0.255001917352791,-0.0983584369763746,-0.0273154400717844,0.0198945952092585,0.0843629262159499,0.236713416879612,"Sulzbach et al. (2023)","LAT to HAT",7.5,"UTide",0.182721363192325,-0.0403979704745124
"539","GR/19/C1",-0.255001917352791,-0.0983584369763746,-0.0273154400717844,0.0198945952092585,0.0843629262159499,0.236713416879612,"Sulzbach et al. (2023)","LAT to HAT",7.5,"UTide",0.182721363192325,-0.0403979704745124
"540","GR/19/C1",-0.255001917352791,-0.0983584369763746,-0.0273154400717844,0.0198945952092585,0.0843629262159499,0.236713416879612,"Sulzbach et al. (2023)","LAT to HAT",7.5,"UTide",0.182721363192325,-0.0403979704745124
"541","GR/19/C1",-0.255001917352791,-0.0983584369763746,-0.0273154400717844,0.0198945952092585,0.0843629262159499,0.236713416879612,"Sulzbach et al. (2023)","LAT to HAT",7.5,"UTide",0.182721363192325,-0.0403979704745124
"542","GR/19/C1",-0.255001917352791,-0.0983584369763746,-0.0273154400717844,0.0198945952092585,0.0843629262159499,0.236713416879612,"Sulzbach et al. (2023)","LAT to HAT",7.5,"UTide",0.182721363192325,-0.0403979704745124
"543","GR/19/C1",-0.255001917352791,-0.0983584369763746,-0.0273154400717844,0.0198945952092585,0.0843629262159499,0.236713416879612,"Sulzbach et al. (2023)","LAT to HAT",7.5,"UTide",0.182721363192325,-0.0403979704745124
"544","GR/19/C1",-0.255001917352791,-0.0983584369763746,-0.0273154400717844,0.0198945952092585,0.0843629262159499,0.236713416879612,"Sulzbach et al. (2023)","LAT to HAT",7.5,"UTide",0.182721363192325,-0.0403979704745124
"545","GR/19/C1",-0.255001917352791,-0.0983584369763746,-0.0273154400717844,0.0198945952092585,0.0843629262159499,0.236713416879612,"Sulzbach et al. (2023)","LAT to HAT",7.5,"UTide",0.182721363192325,-0.0403979704745124
"546","GR/19/C1",-0.255001917352791,-0.0983584369763746,-0.0273154400717844,0.0198945952092585,0.0843629262159499,0.236713416879612,"Sulzbach et al. (2023)","LAT to HAT",7.5,"UTide",0.182721363192325,-0.0403979704745124
"547","GR/19/C1",-0.255001917352791,-0.0983584369763746,-0.0273154400717844,0.0198945952092585,0.0843629262159499,0.236713416879612,"Sulzbach et al. (2023)","LAT to HAT",7.5,"UTide",0.182721363192325,-0.0403979704745124
"548","GR/19/C1",-0.131506824537852,-0.0523357615924821,-0.0385649409689198,0.0281180622508931,0.0449370281010373,0.122075277325369,"Sulzbach et al. (2023)","LAT to HAT",8,"UTide",0.0972727896935194,-0.125846543973318
"549","GR/19/C1",-0.131506824537852,-0.0523357615924821,-0.0385649409689198,0.0281180622508931,0.0449370281010373,0.122075277325369,"Sulzbach et al. (2023)","LAT to HAT",8,"UTide",0.0972727896935194,-0.125846543973318
"550","GR/19/C1",-0.131506824537852,-0.0523357615924821,-0.0385649409689198,0.0281180622508931,0.0449370281010373,0.122075277325369,"Sulzbach et al. (2023)","LAT to HAT",8,"UTide",0.0972727896935194,-0.125846543973318
"551","GR/19/C1",-0.131506824537852,-0.0523357615924821,-0.0385649409689198,0.0281180622508931,0.0449370281010373,0.122075277325369,"Sulzbach et al. (2023)","LAT to HAT",8,"UTide",0.0972727896935194,-0.125846543973318
"552","GR/19/C1",-0.131506824537852,-0.0523357615924821,-0.0385649409689198,0.0281180622508931,0.0449370281010373,0.122075277325369,"Sulzbach et al. (2023)","LAT to HAT",8,"UTide",0.0972727896935194,-0.125846543973318
"553","GR/19/C1",-0.131506824537852,-0.0523357615924821,-0.0385649409689198,0.0281180622508931,0.0449370281010373,0.122075277325369,"Sulzbach et al. (2023)","LAT to HAT",8,"UTide",0.0972727896935194,-0.125846543973318
"554","GR/19/C1",-0.131506824537852,-0.0523357615924821,-0.0385649409689198,0.0281180622508931,0.0449370281010373,0.122075277325369,"Sulzbach et al. (2023)","LAT to HAT",8,"UTide",0.0972727896935194,-0.125846543973318
"555","GR/19/C1",-0.131506824537852,-0.0523357615924821,-0.0385649409689198,0.0281180622508931,0.0449370281010373,0.122075277325369,"Sulzbach et al. (2023)","LAT to HAT",8,"UTide",0.0972727896935194,-0.125846543973318
"556","GR/19/C1",-0.131506824537852,-0.0523357615924821,-0.0385649409689198,0.0281180622508931,0.0449370281010373,0.122075277325369,"Sulzbach et al. (2023)","LAT to HAT",8,"UTide",0.0972727896935194,-0.125846543973318
"557","GR/19/C1",-0.131506824537852,-0.0523357615924821,-0.0385649409689198,0.0281180622508931,0.0449370281010373,0.122075277325369,"Sulzbach et al. (2023)","LAT to HAT",8,"UTide",0.0972727896935194,-0.125846543973318
"558","GR/19/C1",-0.131506824537852,-0.0523357615924821,-0.0385649409689198,0.0281180622508931,0.0449370281010373,0.122075277325369,"Sulzbach et al. (2023)","LAT to HAT",8,"UTide",0.0972727896935194,-0.125846543973318
"559","GR/19/C1",-0.131506824537852,-0.0523357615924821,-0.0385649409689198,0.0281180622508931,0.0449370281010373,0.122075277325369,"Sulzbach et al. (2023)","LAT to HAT",8,"UTide",0.0972727896935194,-0.125846543973318
"560","GR/19/C1",-0.131506824537852,-0.0523357615924821,-0.0385649409689198,0.0281180622508931,0.0449370281010373,0.122075277325369,"Sulzbach et al. (2023)","LAT to HAT",8,"UTide",0.0972727896935194,-0.125846543973318
"561","GR/19/C1",-0.131506824537852,-0.0523357615924821,-0.0385649409689198,0.0281180622508931,0.0449370281010373,0.122075277325369,"Sulzbach et al. (2023)","LAT to HAT",8,"UTide",0.0972727896935194,-0.125846543973318
"562","GR/19/C1",-0.131506824537852,-0.0523357615924821,-0.0385649409689198,0.0281180622508931,0.0449370281010373,0.122075277325369,"Sulzbach et al. (2023)","LAT to HAT",8,"UTide",0.0972727896935194,-0.125846543973318
"563","GR/19/C1",-0.131506824537852,-0.0523357615924821,-0.0385649409689198,0.0281180622508931,0.0449370281010373,0.122075277325369,"Sulzbach et al. (2023)","LAT to HAT",8,"UTide",0.0972727896935194,-0.125846543973318
"564","GR/19/C1",-0.131506824537852,-0.0523357615924821,-0.0385649409689198,0.0281180622508931,0.0449370281010373,0.122075277325369,"Sulzbach et al. (2023)","LAT to HAT",8,"UTide",0.0972727896935194,-0.125846543973318
"565","GR/19/C1",-0.131506824537852,-0.0523357615924821,-0.0385649409689198,0.0281180622508931,0.0449370281010373,0.122075277325369,"Sulzbach et al. (2023)","LAT to HAT",8,"UTide",0.0972727896935194,-0.125846543973318
"566","GR/19/C1",-0.131506824537852,-0.0523357615924821,-0.0385649409689198,0.0281180622508931,0.0449370281010373,0.122075277325369,"Sulzbach et al. (2023)","LAT to HAT",8,"UTide",0.0972727896935194,-0.125846543973318
"567","GR/19/C1",-0.131506824537852,-0.0523357615924821,-0.0385649409689198,0.0281180622508931,0.0449370281010373,0.122075277325369,"Sulzbach et al. (2023)","LAT to HAT",8,"UTide",0.0972727896935194,-0.125846543973318
"568","GR/19/C1",-0.131506824537852,-0.0523357615924821,-0.0385649409689198,0.0281180622508931,0.0449370281010373,0.122075277325369,"Sulzbach et al. (2023)","LAT to HAT",8,"UTide",0.0972727896935194,-0.125846543973318
"569","GR/19/C1",-0.131506824537852,-0.0523357615924821,-0.0385649409689198,0.0281180622508931,0.0449370281010373,0.122075277325369,"Sulzbach et al. (2023)","LAT to HAT",8,"UTide",0.0972727896935194,-0.125846543973318
"570","GR/19/C1",-0.131506824537852,-0.0523357615924821,-0.0385649409689198,0.0281180622508931,0.0449370281010373,0.122075277325369,"Sulzbach et al. (2023)","LAT to HAT",8,"UTide",0.0972727896935194,-0.125846543973318
"571","GR/19/C1",-0.131506824537852,-0.0523357615924821,-0.0385649409689198,0.0281180622508931,0.0449370281010373,0.122075277325369,"Sulzbach et al. (2023)","LAT to HAT",8,"UTide",0.0972727896935194,-0.125846543973318
"572","GR/19/C1",-0.131506824537852,-0.0523357615924821,-0.0385649409689198,0.0281180622508931,0.0449370281010373,0.122075277325369,"Sulzbach et al. (2023)","LAT to HAT",8,"UTide",0.0972727896935194,-0.125846543973318
"573","GR/19/C1",-0.131506824537852,-0.0523357615924821,-0.0385649409689198,0.0281180622508931,0.0449370281010373,0.122075277325369,"Sulzbach et al. (2023)","LAT to HAT",8,"UTide",0.0972727896935194,-0.125846543973318
"574","GR/19/C1",-0.131506824537852,-0.0523357615924821,-0.0385649409689198,0.0281180622508931,0.0449370281010373,0.122075277325369,"Sulzbach et al. (2023)","LAT to HAT",8,"UTide",0.0972727896935194,-0.125846543973318
"575","GR/19/C1",-0.131506824537852,-0.0523357615924821,-0.0385649409689198,0.0281180622508931,0.0449370281010373,0.122075277325369,"Sulzbach et al. (2023)","LAT to HAT",8,"UTide",0.0972727896935194,-0.125846543973318
"576","GR/19/C1",-0.131506824537852,-0.0523357615924821,-0.0385649409689198,0.0281180622508931,0.0449370281010373,0.122075277325369,"Sulzbach et al. (2023)","LAT to HAT",8,"UTide",0.0972727896935194,-0.125846543973318
"577","GR/19/C1",-0.131506824537852,-0.0523357615924821,-0.0385649409689198,0.0281180622508931,0.0449370281010373,0.122075277325369,"Sulzbach et al. (2023)","LAT to HAT",8,"UTide",0.0972727896935194,-0.125846543973318
"578","GR/19/C1",-0.131506824537852,-0.0523357615924821,-0.0385649409689198,0.0281180622508931,0.0449370281010373,0.122075277325369,"Sulzbach et al. (2023)","LAT to HAT",8,"UTide",0.0972727896935194,-0.125846543973318
"579","GR/19/C1",-0.131506824537852,-0.0523357615924821,-0.0385649409689198,0.0281180622508931,0.0449370281010373,0.122075277325369,"Sulzbach et al. (2023)","LAT to HAT",8,"UTide",0.0972727896935194,-0.125846543973318
"580","GR/19/C1",-0.131506824537852,-0.0523357615924821,-0.0385649409689198,0.0281180622508931,0.0449370281010373,0.122075277325369,"Sulzbach et al. (2023)","LAT to HAT",8,"UTide",0.0972727896935194,-0.125846543973318
"581","GR/19/C1",-0.131506824537852,-0.0523357615924821,-0.0385649409689198,0.0281180622508931,0.0449370281010373,0.122075277325369,"Sulzbach et al. (2023)","LAT to HAT",8,"UTide",0.0972727896935194,-0.125846543973318
"582","GR/19/C1",-0.131506824537852,-0.0523357615924821,-0.0385649409689198,0.0281180622508931,0.0449370281010373,0.122075277325369,"Sulzbach et al. (2023)","LAT to HAT",8,"UTide",0.0972727896935194,-0.125846543973318
"583","GR/19/C1",-0.131506824537852,-0.0523357615924821,-0.0385649409689198,0.0281180622508931,0.0449370281010373,0.122075277325369,"Sulzbach et al. (2023)","LAT to HAT",8,"UTide",0.0972727896935194,-0.125846543973318
"584","GR/19/C1",-0.131506824537852,-0.0523357615924821,-0.0385649409689198,0.0281180622508931,0.0449370281010373,0.122075277325369,"Sulzbach et al. (2023)","LAT to HAT",8,"UTide",0.0972727896935194,-0.125846543973318
"585","GR/19/C1",-0.335538882917142,-0.146074092535691,-0.130552739204674,0.0961801527721534,0.126731842033484,0.311474346137561,"Sulzbach et al. (2023)","LAT to HAT",8.5,"UTide",0.272805934569174,0.0496866009023372
"586","GR/19/C1",-0.335538882917142,-0.146074092535691,-0.130552739204674,0.0961801527721534,0.126731842033484,0.311474346137561,"Sulzbach et al. (2023)","LAT to HAT",8.5,"UTide",0.272805934569174,0.0496866009023372
