"","depth","age_lwr_2sd","age_upr_2sd","mid_age","sample_elev","RWL","IR","IR_uncertainty_2sd","levelling_uncertainty_dumpy","levelling_uncertainty_GPS","core_uncertainty_russian","nonvertical_uncertainty","PDL","PDL sd","RSL","RSL_uncertainty_up","RSL_uncertainty_down","RSL_lwr_2sd","RSL_upr_2sd","paleotide_corr_RWL","paleotide_corr_IR","correctedRSL","corrRSL_uncertainty_up","corrRSL_uncertainty_down","corrRSL_lwr_2sd","corrRSL_upr_2sd"
"1",0,-69,-67,-68,-0.0403182039697909,0.0269678719963519,0.383090372199337,0.191545186099668,0.2,0.04,0.01,0,0.000782610754736075,7.57776080455978e-05,-0.0665034652114068,0.279981394537102,0.279981394537102,-0.346484859748508,0.213477929325695,-0.009183203969791,0.49381,-0.0303523892452638,0.320409272640452,0.320409272640452,-0.350761661885716,0.290056883395188
"2",0.04,-60,88,14,-0.0803182039697909,0.0269678719963519,0.383090372199337,0.191545186099668,0.2,0.04,0.01,8e-04,0.00212869818740498,0.00040711062814396,-0.105157377778738,0.279983680371215,0.279982537445125,-0.385139915223863,0.174826302592477,-0.009183203969791,0.49381,-0.0690063018125949,0.320411270059675,0.320410271341688,-0.389416573154283,0.25140496824708
"3",0.08,-52,138,43,-0.120318203969791,0.0269678719963519,0.383090372199337,0.191545186099668,0.2,0.04,0.01,0.0016,0.00330007603826859,0.000544286164984923,-0.143985999927874,0.279988041365474,0.279983469704328,-0.423969469632202,0.136002041437599,-0.009183203969791,0.49381,-0.107834923961731,0.320415080816614,0.3204110859735,-0.428246009935231,0.212580156854883
"4",0.12,-42.025,173.025,65.5,-0.160318203969791,0.0269678719963519,0.383090372199337,0.191545186099668,0.2,0.04,0.01,0.0024,0.00437593559463757,0.000648503898908142,-0.182910140371505,0.279994643783027,0.27998435768304,-0.462894498054545,0.0970845034115218,-0.009183203969791,0.49381,-0.146759064405362,0.32042085021769,0.320411861912488,-0.467170926317851,0.173661785812328
"5",0.16,-29,202.025,86.5125,-0.200318203969791,0.0269678719963519,0.383090372199337,0.191545186099668,0.2,0.04,0.01,0.0032,0.00539487587736945,0.000736591717378965,-0.221891200088773,0.280003515312557,0.279985229230738,-0.501876429319512,0.0581123152237831,-0.009183203969791,0.49381,-0.18574012412263,0.320428602491152,0.320412623494195,-0.506152747616825,0.134688478368521
"6",0.2,-10.075,224.025,106.975,-0.240318203969791,0.0269678719963519,0.383090372199337,0.191545186099668,0.2,0.04,0.01,0.004,0.0063634924949926,0.000815493746595031,-0.26092258347115,0.280014675397843,0.279986104009038,-0.540908687480188,0.0190920919266931,-0.009183203969791,0.49381,-0.224771507505007,0.320438354672475,0.320413387899449,-0.545184895404457,0.0956668471674678
"7",0.24,27,260,143.5,-0.280318203969791,0.0269678719963519,0.383090372199337,0.191545186099668,0.2,0.04,0.01,0.0048,0.00729445476657093,0.000899439249918504,-0.299991621199572,0.280028274075697,0.279987132350424,-0.579978753549996,-0.0199633471238747,-0.009183203969791,0.49381,-0.263840545233429,0.320450237929163,0.320414286493061,-0.58425483172649,0.056609692695734
"8",0.28,74,448.1,261.05,-0.320318203969791,0.0269678719963519,0.383090372199337,0.191545186099668,0.2,0.04,0.01,0.0056,0.00819252969048208,0.000978730184431949,-0.339093546275661,0.280044192885788,0.279988196124501,-0.619081742400162,-0.059049353389873,-0.00915005271139249,0.492027351703871,-0.302975621567916,0.319777923498913,0.319728885709873,-0.622704507277789,0.016802301930997
"9",0.32,98.975,530.075,314.525,-0.360318203969791,0.0269678719963519,0.383090372199337,0.191545186099668,0.2,0.04,0.01,0.0064,0.00905735827035152,0.00105361252434817,-0.378228717695791,0.280062419319984,0.279989283215202,-0.658218000910993,-0.0981662983758074,-0.00915005271139249,0.492027351703871,-0.342110792988047,0.319793885344275,0.319729837681107,-0.661840630669154,-0.0223169076437723
"10",0.36,130.8,579.05,354.925,-0.400318203969791,0.0269678719963519,0.383090372199337,0.191545186099668,0.2,0.04,0.01,0.0072,0.00990292767413116,0.00112665698663032,-0.417383148292012,0.280082980100217,0.279990420803675,-0.697373569095686,-0.137300168191794,-0.00915005271139249,0.492027351703871,-0.381265223584267,0.319811891789601,0.319730833874438,-0.700996057458705,-0.0614533317946665
"11",0.4,147.925,625.05,386.4875,-0.440318203969791,0.0269678719963519,0.383090372199337,0.191545186099668,0.2,0.04,0.01,0.008,0.0107202301954351,0.00119533851646328,-0.456565845770708,0.280105825813446,0.279991559970354,-0.736557405741062,-0.176460019957262,-0.00915005271139249,0.492027351703871,-0.420447921062963,0.319831899664272,0.31973183145076,-0.740179752513723,-0.100616021398691
"12",0.44,170.9,678.125,424.5125,-0.480318203969791,0.0269678719963519,0.383090372199337,0.191545186099668,0.2,0.04,0.01,0.0088,0.011518949193929,0.00126284338346067,-0.495767126772214,0.280131000447293,0.279992745283876,-0.775759872056089,-0.215636126324921,-0.00915005271139249,0.492027351703871,-0.459649202064469,0.319853947607069,0.319732869439202,-0.779382071503671,-0.1397952544574
"13",0.48,192.95,718,455.475,-0.520318203969791,0.0269678719963519,0.383090372199337,0.191545186099668,0.2,0.04,0.01,0.0096,0.0123023916997317,0.00133271451286948,-0.534983684266411,0.280158567296893,0.279994040704169,-0.81497772497058,-0.254825116969518,-0.00915005271139249,0.492027351703871,-0.498865759558667,0.319878091181738,0.319734003850189,-0.818599763408855,-0.178987668376929
"14",0.52,232.775,747.05,489.9125,-0.560318203969791,0.0269678719963519,0.383090372199337,0.191545186099668,0.2,0.04,0.01,0.0104,0.0130600180416495,0.00140343966764824,-0.574226057924493,0.280188502422136,0.279995422979662,-0.854221480904155,-0.294037555502357,-0.00915005271139249,0.492027351703871,-0.538108133216749,0.319904309564257,0.319735214322389,-0.857843347539138,-0.218203823652492
"15",0.56,299.975,780.05,540.0125,-0.600318203969791,0.0269678719963519,0.383090372199337,0.191545186099668,0.2,0.04,0.01,0.0112,0.0138007892956127,0.00147225618769459,-0.61348528667053,0.280220749537013,0.279996836537639,-0.89348212320817,-0.333264537133517,-0.00915005271139249,0.492027351703871,-0.577367361962786,0.319932553609835,0.319736452190409,-0.897103814153195,-0.257434808352951
"16",0.6,348,819.025,583.5125,-0.640318203969791,0.0269678719963519,0.383090372199337,0.191545186099668,0.2,0.04,0.01,0.012,0.0145294007690969,0.00153990153240859,-0.652756675197046,0.280255318423888,0.279998291967781,-0.932754967164827,-0.372501356773158,-0.00915005271139249,0.492027351703871,-0.616638750489302,0.319962832049442,0.319737726727859,-0.936376477217161,-0.29667591843986
"17",0.64,445.85,932.025,688.9375,-0.680318203969791,0.0269678719963519,0.383090372199337,0.191545186099668,0.2,0.04,0.01,0.0128,0.0152430857439528,0.0016027548538406,-0.69204299022219,0.280292121920047,0.279999702875633,-0.972042693097823,-0.411750868302143,-0.00915005271139249,0.492027351703871,-0.655925065514446,0.319995068709921,0.319738962278086,-0.975664027792531,-0.335929996804524
"18",0.68,594,1100.25,847.125,-0.720318203969791,0.0269678719963519,0.383090372199337,0.191545186099668,0.2,0.04,0.01,0.0136,0.0159404124475356,0.00166939358270893,-0.731345663518607,0.280331350044358,0.2800012603859,-1.01134692390451,-0.451014313474249,-0.00915005271139249,0.492027351703871,-0.695227738810863,0.320029430218405,0.319740326211626,-1.01496806502249,-0.375198308592458
"19",0.72,851,1297,1074,-0.760318203969791,0.0269678719963519,0.383090372199337,0.191545186099668,0.2,0.04,0.01,0.0144,0.0166302139347073,0.00173762638670285,-0.770655862031436,0.280372958217792,0.280002920877257,-1.05065878290869,-0.490282903813644,-0.00915005271139249,0.492027351703871,-0.734537937323691,0.320065877731476,0.319741780329097,-1.05427971765279,-0.414472059592215
"20",0.76,1040.975,1468.125,1254.55,-0.800318203969791,0.0269678719963519,0.383090372199337,0.191545186099668,0.2,0.04,0.01,0.0152,0.0173022426641847,0.00180561172462481,-0.809983833301958,0.280416902580349,0.28000464148431,-1.08998847478627,-0.529566930721609,0.0177628864052372,0.401500343381566,-0.800778847710844,0.28678338928306,0.286380293261739,-1.08715914097258,-0.513995458427783
"21",0.8,1144,1732.025,1438.0125,-0.840318203969791,0.0269678719963519,0.383090372199337,0.191545186099668,0.2,0.04,0.01,0.016,0.0179625799450368,0.00186899286357079,-0.849323496021106,0.280463065046457,0.280006305027678,-1.12932980104878,-0.568860430974649,0.0177628864052372,0.401500343381566,-0.840118510429991,0.286828527122348,0.286381919770043,-1.12650043020003,-0.553289983307644
"22",0.84,1224.875,1808.05,1516.4625,-0.880318203969791,0.0269678719963519,0.383090372199337,0.191545186099668,0.2,0.04,0.01,0.0168,0.018612491346188,0.00193520901995803,-0.888673584619955,0.280511636931091,0.280008104264431,-1.16868168888439,-0.608161947688864,0.0177628864052372,0.401500343381566,-0.87946859902884,0.286876021252531,0.286383678951302,-1.16585227798014,-0.592592577776309
"23",0.88,1279.925,1870,1574.9625,-0.920318203969791,0.0269678719963519,0.383090372199337,0.191545186099668,0.2,0.04,0.01,0.0176,0.0192502123814425,0.00200135951694472,-0.9280358635847,0.280562542185554,0.280009964247026,-1.20804582783173,-0.647473321399146,0.0177628864052372,0.401500343381566,-0.918830877993586,0.286925797365004,0.286385497526574,-1.20521637552016,-0.631905080628582
"24",0.92,1345,1938.075,1641.5375,-0.960318203969791,0.0269678719963519,0.383090372199337,0.191545186099668,0.2,0.04,0.01,0.0184,0.0198780188134772,0.00206499376598916,-0.967408057152666,0.280615707177932,0.280011812456137,-1.2474198696088,-0.686792349974734,0.0177628864052372,0.401500343381566,-0.958203071561551,0.286977783514497,0.286387304590991,-1.24459037615254,-0.671225288047055
"25",0.96,1416.925,1996.025,1706.475,-1.00031820396979,0.0269678719963519,0.383090372199337,0.191545186099668,0.2,0.04,0.01,0.0192,0.0204970084622354,0.00212638369862029,-1.00678906750391,0.280671132018403,0.280013650289574,-1.28680271779348,-0.726117935485505,0.0177628864052372,0.401500343381566,-0.997584081912793,0.287031979863593,0.286389101511238,-1.28397318342403,-0.7105521020492
"26",1,1544.975,2118,1831.4875,-1.04031820396979,0.0269678719963519,0.383090372199337,0.191545186099668,0.2,0.04,0.01,0.02,0.0211046011460491,0.00218480193664323,-1.04618147482009,0.280728786831643,0.280015449138018,-1.32619692395811,-0.765452687988451,0.0177628864052372,0.401500343381566,-1.03697648922898,0.287088357255895,0.286390860314865,-1.32336734954384,-0.749888131973084
"27",1.04,1777.975,2272.1,2025.0375,-1.08031820396979,0.0269678719963519,0.383090372199337,0.191545186099668,0.2,0.04,0.01,0.0208,0.0217073515697504,0.00224437596308258,-1.08557872439639,0.280788794669252,0.280017333770271,-1.36559605816666,-0.804789929727141,0.0177628864052372,0.401500343381566,-1.07637373880528,0.287147036076874,0.286392702993169,-1.36276644179845,-0.789226702728404
"28",1.08,2021,2563.075,2292.0375,-1.12031820396979,0.0269678719963519,0.383090372199337,0.191545186099668,0.2,0.04,0.01,0.0216,0.0222963097162469,0.00230566260736046,-1.1249897662499,0.280851175248017,0.280019325472712,-1.40500909172261,-0.844138591001879,-0.0012119432980123,0.439450002788065,-1.09680995095553,0.300777160964465,0.300000567595869,-1.3968105185514,-0.796032789991067
"29",1.12,2120,2859.025,2489.5125,-1.16031820396979,0.0269678719963519,0.383090372199337,0.191545186099668,0.2,0.04,0.01,0.0224,0.0228758627499185,0.00236642459088216,-1.16441021321622,0.280915856048273,0.280021353077464,-1.44443156629369,-0.883494357167951,-0.0012119432980123,0.439450002788065,-1.13623039792186,0.300837557660251,0.300002460154888,-1.43623285807675,-0.835392840261609
"30",1.16,2156,2976.025,2566.0125,-1.20031820396979,0.0269678719963519,0.383090372199337,0.191545186099668,0.2,0.04,0.01,0.0232,0.0234481052472705,0.00243143433790699,-1.20383797071887,0.280982999147128,0.280023580810108,-1.48386155152898,-0.922854971571744,-0.0012119432980123,0.439450002788065,-1.17565815542451,0.300900255449154,0.300004539514598,-1.47566269493911,-0.874757899975354
"31",1.2,2186.9,3054.1,2620.5,-1.24031820396979,0.0269678719963519,0.383090372199337,0.191545186099668,0.2,0.04,0.01,0.024,0.0240132423962639,0.00248894884021998,-1.24327283356988,0.281052197613314,0.280025602013947,-1.52329843558383,-0.962220635956565,-0.0012119432980123,0.439450002788065,-1.21509301827551,0.300964874533432,0.300006426102716,-1.51509944437823,-0.914128143742083
"32",1.24,2214.975,3116.075,2665.525,-1.28031820396979,0.0269678719963519,0.383090372199337,0.191545186099668,0.2,0.04,0.01,0.0248,0.0245684300960122,0.00254598087232938,-1.28271764587013,0.281123685221231,0.280027652906576,-1.56274529877671,-1.0015939606489,-0.0012119432980123,0.439450002788065,-1.25453783057577,0.301031633407549,0.300008340404091,-1.55454617097986,-0.953506197168218
"33",1.28,2244.975,3182.025,2713.5,-1.32031820396979,0.0269678719963519,0.383090372199337,0.191545186099668,0.2,0.04,0.01,0.0256,0.0251089815950137,0.00260720428389192,-1.32217709437113,0.281197632235174,0.280029906214798,-1.60220700058593,-1.04097946213595,-0.0012119432980123,0.439450002788065,-1.29399727907677,0.301100691288345,0.300010443642083,-1.59400772271885,-0.99289658778842
"34",1.32,2272.8,3230.025,2751.4125,-1.36031820396979,0.0269678719963519,0.383090372199337,0.191545186099668,0.2,0.04,0.01,0.0264,0.0256524656143049,0.00266094655825375,-1.36163361035184,0.281273604990408,0.280031928294436,-1.64166553864627,-1.08036000536143,-0.0012119432980123,0.439450002788065,-1.33345379505747,0.301171643392852,0.300012331053161,-1.63346612611063,-1.03228215166462
"35",1.36,2319,3274.025,2796.5125,-1.40031820396979,0.0269678719963519,0.383090372199337,0.191545186099668,0.2,0.04,0.01,0.0272,0.0261753131114771,0.00271763479952847,-1.40111076285467,0.281351986795137,0.280034105911353,-1.68114486876602,-1.11975877605953,-0.0012119432980123,0.439450002788065,-1.3729309475603,0.301244847911499,0.300014363644846,-1.67294531120515,-1.0716860996488
"36",1.4,2360.95,3320,2840.475,-1.44031820396979,0.0269678719963519,0.383090372199337,0.191545186099668,0.2,0.04,0.01,0.028,0.0267063755450868,0.00278142302388031,-1.44057970042106,0.281432946852546,0.280036611131666,-1.72061631155272,-1.15914675356851,-0.0012119432980123,0.439450002788065,-1.41239988512669,0.301320463118187,0.300016702024669,-1.71241658715136,-1.1110794220085
"37",1.44,2409.975,3380.025,2895,-1.48031820396979,0.0269678719963519,0.383090372199337,0.191545186099668,0.2,0.04,0.01,0.0288,0.0272228201070245,0.00283545378969285,-1.48006325585912,0.281515821066473,0.280038778583843,-1.76010203444296,-1.19854743479265,-0.0012119432980123,0.439450002788065,-1.45188344056475,0.301397868987791,0.300018725132918,-1.75190216569767,-1.15048557157696
"38",1.48,2515.975,3584.125,3050.05,-1.52031820396979,0.0269678719963519,0.383090372199337,0.191545186099668,0.2,0.04,0.01,0.0296,0.0277249810626507,0.00289338384796844,-1.51956109490349,0.281601145236172,0.280041148759113,-1.7996022436626,-1.23795994966732,-0.0012119432980123,0.439450002788065,-1.49138127960913,0.30147756619353,0.300020937465995,-1.79140221707512,-1.1899037134156
"39",1.52,2598.925,3674,3136.4625,-1.56031820396979,0.0269678719963519,0.383090372199337,0.191545186099668,0.2,0.04,0.01,0.0304,0.0282168683779346,0.00294573910440294,-1.55906920758821,0.281688529822287,0.280043332063882,-1.83911253965209,-1.27738067776592,-0.0012119432980123,0.439450002788065,-1.53088939229384,0.301559191126871,0.300022975375374,-1.83091236766922,-1.22933020116697
"40",1.56,2640.875,3713.05,3176.9625,-1.60031820396979,0.0269678719963519,0.383090372199337,0.191545186099668,0.2,0.04,0.01,0.0312,0.0287091188150942,0.00300551530713741,-1.59857695715105,0.281778513742624,0.280045872683392,-1.87862282983444,-1.31679844340842,-0.0012119432980123,0.439450002788065,-1.57039714185668,0.301643247440836,0.300025346806988,-1.87042248866367,-1.26875389441585
"41",1.6,2691.925,3791,3241.4625,-1.64031820396979,0.0269678719963519,0.383090372199337,0.191545186099668,0.2,0.04,0.01,0.032,0.0291948756439261,0.00306078234482065,-1.63809120032222,0.281870594195645,0.280048267040177,-1.91813946736239,-1.35622060612657,-0.0012119432980123,0.439450002788065,-1.60991138502785,0.301729265719879,0.30002758171851,-1.90993896674636,-1.30818211930797
"42",1.64,2749.975,3857.025,3303.5,-1.68031820396979,0.0269678719963519,0.383090372199337,0.191545186099668,0.2,0.04,0.01,0.0328,0.0296752996220589,0.00311086573128547,-1.67761077634408,0.281964728752284,0.28005047448692,-1.957661250831,-1.3956460475918,0.0165232414578807,0.403979633276279,-1.66716614580561,0.28916160873792,0.287295311426939,-1.95446145723255,-1.37800453706769
"43",1.68,2782.875,3899.05,3340.9625,-1.72031820396979,0.0269678719963519,0.383090372199337,0.191545186099668,0.2,0.04,0.01,0.0336,0.030146223601746,0.00316792737842774,-1.7171398523644,0.282061449640777,0.28005303314454,-1.99719288550894,-1.43507840272362,0.0165232414578807,0.403979633276279,-1.70669522182593,0.28925592315631,0.287297805562467,-1.99399302738839,-1.41743929866962
"44",1.72,2814.8,3927.075,3370.9375,-1.76031820396979,0.0269678719963519,0.383090372199337,0.191545186099668,0.2,0.04,0.01,0.0344,0.0306136793538799,0.00322177392956366,-1.75667239661226,0.282160304839234,0.280055490263929,-2.03672788687619,-1.47451209177303,0.0165232414578807,0.403979633276279,-1.74622776607379,0.289352320423601,0.28730020072134,-2.03352796679513,-1.45687544565019
"45",1.76,2847.975,3943.025,3395.5,-1.80031820396979,0.0269678719963519,0.383090372199337,0.191545186099668,0.2,0.04,0.01,0.0352,0.0310724207929407,0.00327824992324545,-1.7962136551732,0.282261556022413,0.280058111841442,-2.07627176701464,-1.51395209915079,0.0165232414578807,0.403979633276279,-1.78576902463473,0.289451055820749,0.287302756192394,-2.07307178082713,-1.49631796881398
"46",1.8,2886.95,3961.05,3424,-1.84031820396979,0.0269678719963519,0.383090372199337,0.191545186099668,0.2,0.04,0.01,0.036,0.0315203661669084,0.00332865623506009,-1.83576570979923,0.282364796189754,0.280060490121833,-2.11582619992107,-1.55340091360948,0.0165232414578807,0.403979633276279,-1.82532107926076,0.289551732570942,0.287305074502408,-2.11262615376317,-1.53576934668982
"47",1.84,2916.725,3980,3448.3625,-1.88031820396979,0.0269678719963519,0.383090372199337,0.191545186099668,0.2,0.04,0.01,0.0368,0.0319606215903846,0.00337939141547023,-1.87532545437576,0.28247031607465,0.280062920543424,-2.15538837491918,-1.59285513830111,0.0165232414578807,0.403979633276279,-1.86488082383729,0.289654634298962,0.287307443639849,-2.15218826747714,-1.57522618953833
"48",1.88,2950.925,4002.025,3476.475,-1.92031820396979,0.0269678719963519,0.383090372199337,0.191545186099668,0.2,0.04,0.01,0.0376,0.0323975388999399,0.00342620693490459,-1.9148885370662,0.282577907653447,0.280065195791622,-2.19495373285783,-1.63231062941276,0.0165232414578807,0.403979633276279,-1.90444390652773,0.289759558257105,0.287309661517591,-2.19175356804532,-1.61468434827063
"49",1.92,2984.975,4030,3507.4875,-1.96031820396979,0.0269678719963519,0.383090372199337,0.191545186099668,0.2,0.04,0.01,0.0384,0.0328371442422683,0.0034691571671562,-1.95444893172387,0.282687563440202,0.280067310701835,-2.23451624242571,-1.67176136828367,0.0165232414578807,0.403979633276279,-1.9440043011854,0.289866497255738,0.287311723101079,-2.23131602428648,-1.65413780392966
"50",1.96,3035.7,4059,3547.35,-2.00031820396979,0.0269678719963519,0.383090372199337,0.191545186099668,0.2,0.04,0.01,0.0392,0.0332675753678827,0.00351765666321855,-1.99401850059826,0.282799741781278,0.280069730516452,-2.27408823111471,-1.71121875881698,0.0165232414578807,0.403979633276279,-1.98357387005979,0.289975898410731,0.287314081901863,-2.27088795196165,-1.69359797164906
"51",2,3097.925,4089.05,3593.4875,-2.04031820396979,0.0269678719963519,0.383090372199337,0.191545186099668,0.2,0.04,0.01,0.04,0.0336822028695877,0.00357344951222892,-2.03360387309656,0.282914539187406,0.280072555748725,-2.31367642884528,-1.75068933390915,0.0165232414578807,0.403979633276279,-2.02315924255808,0.29008785598707,0.287316835899282,-2.31047607845737,-1.73307138657101
"52",2.04,3145.95,4104.025,3624.9875,-2.08031820396979,0.0269678719963519,0.383090372199337,0.191545186099668,0.2,0.04,0.01,0.0408,0.0340911069292652,0.00362129952058768,-2.07319496903688,0.283031188314694,0.280075014163756,-2.35326998320063,-1.79016378072218,0.0165232414578807,0.403979633276279,-2.06275033849841,0.290201621750087,0.287319232329443,-2.35006957082785,-1.77254871674832
"53",2.08,3177.85,4127.025,3652.4375,-2.12031820396979,0.0269678719963519,0.383090372199337,0.191545186099668,0.2,0.04,0.01,0.0416,0.0345027487829271,0.00367009407634828,-2.11278332718322,0.283150130990741,0.280077554759523,-2.39286088194274,-1.82963319619248,0.0165232414578807,0.403979633276279,-2.10233869664474,0.290317626725671,0.28732170886939,-2.38966040551413,-1.81202106991907
"54",2.12,3202.875,4136.1,3669.4875,-2.16031820396979,0.0269678719963519,0.383090372199337,0.191545186099668,0.2,0.04,0.01,0.0424,0.0349093520549022,0.0037177202629034,-2.15237672391124,0.28327125532565,0.280080067291068,-2.43245679120231,-1.86910546858559,0.0165232414578807,0.403979633276279,-2.14193209337277,0.290435761918745,0.287324158053795,-2.42925625142656,-1.85149633145402
"55",2.16,3241.75,4157.025,3699.3875,-2.20031820396979,0.0269678719963519,0.383090372199337,0.191545186099668,0.2,0.04,0.01,0.0432,0.0353116220755259,0.00376533012969268,-2.19197445389062,0.283394617383427,0.280082611316552,-2.47205706520717,-1.90857983650719,0.0165232414578807,0.403979633276279,-2.18152982335215,0.290556082141558,0.287326637939213,-2.46885646129136,-1.89097374121059
"56",2.2,3272.875,4170.05,3721.4625,-2.24031820396979,0.0269678719963519,0.383090372199337,0.191545186099668,0.2,0.04,0.01,0.044,0.0357049359919987,0.00381413249712945,-2.23158113997414,0.283520279247851,0.280085252637084,-2.51166639261123,-1.94806086072629,0.0165232414578807,0.403979633276279,-2.22113650943567,0.290678648084671,0.287329212667859,-2.50846572210353,-1.930457861351
"57",2.24,3292.9,4183,3737.95,-2.28031820396979,0.0269678719963519,0.383090372199337,0.191545186099668,0.2,0.04,0.01,0.0448,0.0360909238453938,0.00385964547934074,-2.27119515212075,0.283647996239814,0.280087746556077,-2.55128289867683,-1.98754715588094,0.0165232414578807,0.403979633276279,-2.26075052158228,0.290803221231152,0.287331643712303,-2.54808216529458,-1.96994730035113
"58",2.28,3312.95,4192.025,3752.4875,-2.32031820396979,0.0269678719963519,0.383090372199337,0.191545186099668,0.2,0.04,0.01,0.0456,0.0364721885612068,0.0039021071464127,-2.31081388740494,0.283777772347809,0.280090099929799,-2.59090398733474,-2.02703611505713,0.0165232414578807,0.403979633276279,-2.30036925686646,0.290929805599629,0.287333937755772,-2.58770319462224,-2.00943945126684
"59",2.32,3351.825,4198,3774.9125,-2.36031820396979,0.0269678719963519,0.383090372199337,0.191545186099668,0.2,0.04,0.01,0.0464,0.0368523478106828,0.00394037852191797,-2.35043372815546,0.283909536031357,0.280092243108481,-2.63052597126394,-2.0665241921241,0.0165232414578807,0.403979633276279,-2.33998909761699,0.291058331536985,0.287336026904204,-2.62732512452119,-2.04893076608
"60",2.36,3405.775,4205.1,3805.4375,-2.40031820396979,0.0269678719963519,0.383090372199337,0.191545186099668,0.2,0.04,0.01,0.0472,0.037224051002433,0.00398046749252701,-2.39006202496371,0.284043614263361,0.280094510484931,-2.67015653544864,-2.10601841070035,0.0165232414578807,0.403979633276279,-2.37961739442524,0.291189118119729,0.287338237120202,-2.66695563154544,-2.08842827630551
"61",2.4,3440.925,4216.05,3828.4875,-2.44031820396979,0.0269678719963519,0.383090372199337,0.191545186099668,0.2,0.04,0.01,0.048,0.0375912403718288,0.00402399042290408,-2.42969483559431,0.284180098377158,0.280096998044697,-2.70979183363901,-2.14551473721716,0.0165232414578807,0.403979633276279,-2.41925020505584,0.291322254593095,0.287340661969732,-2.70659086702557,-2.12792795046275
"62",2.44,3481.85,4231,3856.425,-2.48031820396979,0.0269678719963519,0.383090372199337,0.191545186099668,0.2,0.04,0.01,0.0488,0.0379542872613051,0.00406870386151281,-2.46933178870484,0.284318862762229,0.280099581796202,-2.74943137050104,-2.18501292594261,0.0165232414578807,0.403979633276279,-2.45888715816637,0.291457618582805,0.287343180587186,-2.74623033875355,-2.16742953958356
"63",2.48,3512.8,4244.05,3878.425,-2.52031820396979,0.0269678719963519,0.383090372199337,0.191545186099668,0.2,0.04,0.01,0.0496,0.038309672598626,0.00411245726107934,-2.50897640336752,0.284459781932092,0.280102137687047,-2.78907854105456,-2.22451662143542,0.0165232414578807,0.403979633276279,-2.49853177282905,0.291595087826263,0.287345672047459,-2.78587744487651,-2.20693668500278
"64",2.52,3553.625,4265.025,3909.325,-2.56031820396979,0.0269678719963519,0.383090372199337,0.191545186099668,0.2,0.04,0.01,0.0504,0.0386593384390971,0.00415532907060958,-2.54862673752705,0.284602855496386,0.280104668573547,-2.82873140610059,-2.26402388203066,0.0165232414578807,0.403979633276279,-2.53818210698857,0.291734662089114,0.28734813913483,-2.8255302461234,-2.24644744489946
"65",2.56,3613.9,4316.025,3964.9625,-2.60031820396979,0.0269678719963519,0.383090372199337,0.191545186099668,0.2,0.04,0.01,0.0512,0.0390058631257376,0.00419544733963049,-2.58828021284041,0.284747968265754,0.280107060659804,-2.86838727350021,-2.30353224457465,0.0165232414578807,0.403979633276279,-2.57783558230193,0.291876229143498,0.287350470921883,-2.86518605322382,-2.28595935315844
"66",2.6,3700.9,4425.025,4062.9625,-2.64031820396979,0.0269678719963519,0.383090372199337,0.191545186099668,0.2,0.04,0.01,0.052,0.0393500323479351,0.00423116441112634,-2.62793604361821,0.284895014570372,0.280109209643404,-2.90804525326161,-2.34304102904784,0.0165232414578807,0.403979633276279,-2.61749141307974,0.292019686039495,0.287352565735205,-2.90484397881494,-2.32547172704024
"67",2.64,3794.7,4481,4137.85,-2.68031820396979,0.0269678719963519,0.383090372199337,0.191545186099668,0.2,0.04,0.01,0.0528,0.0396865088359585,0.00426155837429829,-2.66759956713018,0.285043929661845,0.280111052686371,-2.94771061981656,-2.38255563746834,0.0165232414578807,0.403979633276279,-2.65715493659171,0.292164969742472,0.287354362320497,-2.94450929891221,-2.36498996684924
"68",2.68,3851.875,4531.025,4191.45,-2.72031820396979,0.0269678719963519,0.383090372199337,0.191545186099668,0.2,0.04,0.01,0.0536,0.0400219198336097,0.00430119840831835,-2.70726415613253,0.285195581222689,0.280113476200178,-2.98737763233271,-2.42206857490984,0.0165232414578807,0.403979633276279,-2.69681952559406,0.292312926940463,0.287356724745568,-2.98417625033963,-2.4045065986536
"69",2.72,3892.825,4562.025,4227.425,-2.76031820396979,0.0269678719963519,0.383090372199337,0.191545186099668,0.2,0.04,0.01,0.0544,0.0403485443177537,0.0043386100859736,-2.74693753164839,0.285349281526814,0.280115784039152,-3.02705331568754,-2.46158825012157,0.0165232414578807,0.403979633276279,-2.73649290110992,0.292462886834247,0.287358974412531,-3.02385187552245,-2.44403001427567
"70",2.76,3952.725,4609.1,4280.9125,-2.80031820396979,0.0269678719963519,0.383090372199337,0.191545186099668,0.2,0.04,0.01,0.0552,0.0406662751252519,0.00437835795005039,-2.78661980084089,0.285505303613281,0.28011825786855,-3.06673805870944,-2.50111449722761,-0.00991885919171598,0.533368514254276,-2.74973306965282,0.340505819440444,0.336001745639526,-3.08573481529235,-2.40922725021238
"71",2.8,4008.975,4634.075,4321.525,-2.84031820396979,0.0269678719963519,0.383090372199337,0.191545186099668,0.2,0.04,0.01,0.056,0.0409878158495969,0.00441315199368795,-2.82629826011655,0.285663196719553,0.280120441881763,-3.10641870199831,-2.54063506339699,-0.00991885919171598,0.533368514254276,-2.78941152892848,0.340638219584255,0.336003566411922,-3.1254150953404,-2.44877330934422
"72",2.84,4053.8,4655.025,4354.4125,-2.88031820396979,0.0269678719963519,0.383090372199337,0.191545186099668,0.2,0.04,0.01,0.0568,0.0413033680115331,0.00445025006071139,-2.86598270795461,0.285823402156591,0.280122789541244,-3.14610549749585,-2.58015930579802,-0.00991885919171598,0.533368514254276,-2.82909597676654,0.340772580912645,0.336005523618087,-3.16510150038463,-2.4883233958539
"73",2.88,4090.825,4676.025,4383.425,-2.92031820396979,0.0269678719963519,0.383090372199337,0.191545186099668,0.2,0.04,0.01,0.0576,0.041611236660805,0.00448148445206323,-2.90567483930534,0.285985407196824,0.280124781355618,-3.18579962066096,-2.61968943210851,-0.00991885919171598,0.533368514254276,-2.86878810811727,0.340908474243498,0.3360071841658,-3.20479529228307,-2.52787963387377
"74",2.92,4124.75,4692.025,4408.3875,-2.96031820396979,0.0269678719963519,0.383090372199337,0.191545186099668,0.2,0.04,0.01,0.0584,0.0419135651489681,0.00451153821993241,-2.94537251081717,0.286149496288909,0.280126711019132,-3.22549922183631,-2.65922301452827,-0.00991885919171598,0.533368514254276,-2.90848577962911,0.34104613897227,0.336008792902646,-3.24449457253175,-2.56743964065684
"75",2.96,4154.975,4715.025,4435,-3.00031820396979,0.0269678719963519,0.383090372199337,0.191545186099668,0.2,0.04,0.01,0.0592,0.0422228865588585,0.00454607166572639,-2.98506318940728,0.286316023631784,0.280128944217331,-3.26519213362461,-2.6987471657755,-0.00991885919171598,0.533368514254276,-2.94817645821922,0.3411858731979,0.336010654696861,-3.28418711291608,-2.60699058502132
"76",3,4175.9,4730.1,4453,-3.04031820396979,0.0269678719963519,0.383090372199337,0.191545186099668,0.2,0.04,0.01,0.06,0.042518544743188,0.00457956992068269,-3.02476753122295,0.286484638611899,0.280131126725665,-3.30489865794862,-2.73828289261106,-0.00991885919171598,0.533368514254276,-2.98788080003489,0.341327383668652,0.336012474235834,-3.32389327427072,-2.64655341636623
"77",3.04,4221.925,4748.025,4484.975,-3.08031820396979,0.0269678719963519,0.383090372199337,0.191545186099668,0.2,0.04,0.01,0.0608,0.0428132655195226,0.00461446961178199,-3.06447281044662,0.286655492947805,0.280133417565896,-3.34460622801252,-2.77781731749882,-0.00991885919171598,0.533368514254276,-3.02758607925855,0.341470798632395,0.336014384094856,-3.36360046335341,-2.68611528062616
"78",3.08,4265.75,4765,4515.375,-3.12031820396979,0.0269678719963519,0.383090372199337,0.191545186099668,0.2,0.04,0.01,0.0616,0.0430997317860511,0.00464644742083743,-3.10418634418009,0.286828304413102,0.280135531863588,-3.38432187604368,-2.81735803976699,-0.00991885919171598,0.533368514254276,-3.06729961299202,0.341615882086872,0.336016146775705,-3.40331575976773,-2.72568373090515
"79",3.12,4294.9,4780.025,4537.4625,-3.16031820396979,0.0269678719963519,0.383090372199337,0.191545186099668,0.2,0.04,0.01,0.0624,0.0433798318406537,0.00467391624736955,-3.14390624412549,0.287002962162948,0.280137359683257,-3.42404360380875,-2.85690328196254,-0.00991885919171598,0.533368514254276,-3.10701951293742,0.341762541791524,0.336017670624334,-3.44303718356176,-2.7652569711459
"80",3.16,4336.95,4796,4566.475,-3.20031820396979,0.0269678719963519,0.383090372199337,0.191545186099668,0.2,0.04,0.01,0.0632,0.0436650744573652,0.00470951427126451,-3.18362100150878,0.287180285564037,0.280139744443093,-3.46376074595187,-2.89644071594474,-0.00991885919171598,0.533368514254276,-3.14673427032071,0.34191146675439,0.336019658797128,-3.48275392911784,-2.80482280356632
"81",3.2,4387.975,4810.025,4599,-3.24031820396979,0.0269678719963519,0.383090372199337,0.191545186099668,0.2,0.04,0.01,0.064,0.0439372003426132,0.0047372280776496,-3.22334887562353,0.287359224033953,0.280141613541072,-3.5034904891646,-2.93598965158958,-0.00991885919171598,0.533368514254276,-3.18646214443546,0.342061775588697,0.33602121706656,-3.52248336150202,-2.84440036884676
"82",3.24,4465.95,4826,4645.975,-3.28031820396979,0.0269678719963519,0.383090372199337,0.191545186099668,0.2,0.04,0.01,0.0648,0.0442069541835506,0.00476400268290394,-3.26307912178259,0.287540225367178,0.28014342970023,-3.54322255148282,-2.97553889641541,-0.00991885919171598,0.533368514254276,-3.22619239059452,0.342213845257179,0.336022731203864,-3.56221512179839,-2.88397854533735
"83",3.28,4525.95,4855.025,4690.4875,-3.32031820396979,0.0269678719963519,0.383090372199337,0.191545186099668,0.2,0.04,0.01,0.0656,0.0444770067968688,0.00479465197336774,-3.30280906916927,0.287723605337031,0.280145521235196,-3.58295459040447,-3.01508546383224,-0.00991885919171598,0.533368514254276,-3.26592233798121,0.342367942058885,0.336024474926509,-3.60194681290772,-2.92355439592232
"84",3.32,4633,4950.1,4791.55,-3.36031820396979,0.0269678719963519,0.383090372199337,0.191545186099668,0.2,0.04,0.01,0.0664,0.0447427514888516,0.00482901367161347,-3.34254332447729,0.287909353460632,0.28014788203754,-3.62269120651483,-3.05463397101666,-0.00991885919171598,0.533368514254276,-3.30565659328922,0.342524058266884,0.336026443143417,-3.64168303643264,-2.96313253502234
"85",3.36,4780.95,5136.1,4958.525,-3.40031820396979,0.0269678719963519,0.383090372199337,0.191545186099668,0.2,0.04,0.01,0.0672,0.0449963691265525,0.00485381974399169,-3.38228970683959,0.28809657509659,0.280149596791402,-3.66243930363099,-3.094193131743,-0.00991885919171598,0.533368514254276,-3.34540297565152,0.342681442835591,0.3360278727485,-3.68143084840002,-3.00272153281593
"86",3.4,4862.975,5227.125,5045.05,-3.44031820396979,0.0269678719963519,0.383090372199337,0.191545186099668,0.2,0.04,0.01,0.068,0.0452488182565318,0.00489205508463006,-3.42203725770961,0.288286814006053,0.2801522570492,-3.70218951475881,-3.13375044370356,-0.00991885919171598,0.533368514254276,-3.38515052652154,0.342841394541642,0.336030090633648,-3.72118061715519,-3.0423091319799
"87",3.44,4880.975,5269,5074.9875,-3.48031820396979,0.0269678719963519,0.383090372199337,0.191545186099668,0.2,0.04,0.01,0.0688,0.0455054758624384,0.00492072348077183,-3.4617806001037,0.288478512884848,0.280154265354382,-3.74193486545809,-3.17330208721886,-0.00991885919171598,0.533368514254276,-3.42489386891564,0.343002605059714,0.336031764983238,-3.76092563389888,-3.08189126385592
"88",3.48,4890.975,5310.05,5100.5125,-3.52031820396979,0.0269678719963519,0.383090372199337,0.191545186099668,0.2,0.04,0.01,0.0696,0.0457480250428806,0.00494883575104414,-3.50153805092326,0.28867227476694,0.280156246082646,-3.78169429700591,-3.21286577615632,-0.00991885919171598,0.533368514254276,-3.46465131973519,0.34316558233689,0.336033416345185,-3.80068473608038,-3.1214857373983
"89",3.52,4903.975,5336,5119.9875,-3.56031820396979,0.0269678719963519,0.383090372199337,0.191545186099668,0.2,0.04,0.01,0.0704,0.0459915950809237,0.00497533712886822,-3.54129448088522,0.288868022176461,0.28015812363046,-3.82145260451568,-3.25242645870876,-0.00991885919171598,0.533368514254276,-3.50440774969715,0.343330262164053,0.336034981687379,-3.84044273138453,-3.1610774875331
"90",3.56,4913.875,5366.025,5139.95,-3.60031820396979,0.0269678719963519,0.383090372199337,0.191545186099668,0.2,0.04,0.01,0.0712,0.0462290689058967,0.00500400108511578,-3.58105700706025,0.289066010498287,0.280160165664921,-3.86121717272517,-3.29199099656196,-0.00991885919171598,0.533368514254276,-3.54417027587218,0.343496860403254,0.3360366841684,-3.88020696004058,-3.20067341546892
"91",3.6,4917.975,5409,5163.4875,-3.64031820396979,0.0269678719963519,0.383090372199337,0.191545186099668,0.2,0.04,0.01,0.072,0.0464581600758757,0.00502799010321104,-3.62082791589027,0.289265761983455,0.280161883659909,-3.90098979955018,-3.33156215390681,-0.00991885919171598,0.533368514254276,-3.5839411847022,0.343664976012054,0.336038116494789,-3.91997930119699,-3.24027620869015
"92",3.64,4938,5464,5201,-3.68031820396979,0.0269678719963519,0.383090372199337,0.191545186099668,0.2,0.04,0.01,0.0728,0.0466906261347226,0.00505054169652854,-3.66059544983142,0.289467494209056,0.280163506195347,-3.94075895602677,-3.37112795562236,-0.00991885919171598,0.533368514254276,-3.62370871864335,0.343834793011363,0.336039469237122,-3.95974818788048,-3.27987392563199
"93",3.68,4948.975,5498.025,5223.5,-3.72031820396979,0.0269678719963519,0.383090372199337,0.191545186099668,0.2,0.04,0.01,0.0736,0.0469178155938561,0.00507378888096789,-3.70036826037229,0.289671351107408,0.280165186367598,-3.98053344673989,-3.41069690926488,-0.00991885919171598,0.533368514254276,-3.66348152918422,0.344006433564676,0.336040870035012,-3.99952239921923,-3.31947509561954
"94",3.72,4956,5525.05,5240.525,-3.76031820396979,0.0269678719963519,0.383090372199337,0.191545186099668,0.2,0.04,0.01,0.0744,0.0471416893283726,0.00509144930144269,-3.74014438663777,0.289876887215786,0.280166467911335,-4.02031085454911,-3.45026749942198,-0.00991885919171598,0.533368514254276,-3.7032576554497,0.344179523538821,0.336041938488948,-4.03929959393865,-3.35907813191088
"95",3.76,4966,5541.025,5253.5125,-3.80031820396979,0.0269678719963519,0.383090372199337,0.191545186099668,0.2,0.04,0.01,0.0752,0.0473534752670125,0.00511994847732394,-3.77993260069913,0.290085252654454,0.280168545357252,-4.06010114605638,-3.48984734804468,-0.00996472338844651,0.535834777560839,-3.74300000531433,0.345310907300306,0.337023118940764,-4.0800231242551,-3.39768909801403
"96",3.8,4973,5553.025,5263.0125,-3.84031820396979,0.0269678719963519,0.383090372199337,0.191545186099668,0.2,0.04,0.01,0.076,0.0475731508405936,0.00514396869910302,-3.81971292512555,0.290295366779882,0.280170305303517,-4.09988323042907,-3.52941755834567,-0.00996472338844651,0.535834777560839,-3.78278032974075,0.345487436626613,0.337024581991919,-4.11980491173267,-3.43729289311414
"97",3.84,4981.975,5563.025,5272.5,-3.88031820396979,0.0269678719963519,0.383090372199337,0.191545186099668,0.2,0.04,0.01,0.0768,0.0477771562520358,0.00517162774683837,-3.85950891971411,0.290507798952393,0.280172342054251,-4.13968126176836,-3.56900112076171,-0.00996472338844651,0.535834777560839,-3.82257632432931,0.345665951671735,0.337026275155404,-4.15960259948471,-3.47691037265757
"98",3.88,4989.975,5576,5282.9875,-3.92031820396979,0.0269678719963519,0.383090372199337,0.191545186099668,0.2,0.04,0.01,0.0776,0.0479789166197854,0.0051900935745924,-3.89930715934636,0.290721630779701,0.28017370790852,-4.17948086725488,-3.60858552856666,-0.00996472338844651,0.535834777560839,-3.86237456396156,0.3458456816214,0.337027410600637,-4.1994019745622,-3.51652888234016
"99",3.92,4994,5583,5288.5,-3.96031820396979,0.0269678719963519,0.383090372199337,0.191545186099668,0.2,0.04,0.01,0.0784,0.0481728555877599,0.00521076058020299,-3.93911322037838,0.290937667587498,0.280175242341741,-4.21928846272012,-3.64817555279089,-0.00996472338844651,0.535834777560839,-3.90218062499358,0.346027304290016,0.337028686188899,-4.23920931118248,-3.55615332070357
"100",3.96,5001,5592,5296.5,-4.00031820396979,0.0269678719963519,0.383090372199337,0.191545186099668,0.2,0.04,0.01,0.0792,0.0483695936474876,0.00523395128764869,-3.97891648231865,0.291155929533098,0.28017697139894,-4.25909345371759,-3.68776055278556,-0.00996472338844651,0.535834777560839,-3.94198388693386,0.346210837778433,0.337030123572425,-4.27901401050628,-3.59577304915542
"101",4,5008,5603.025,5305.5125,-4.04031820396979,0.0269678719963519,0.383090372199337,0.191545186099668,0.2,0.04,0.01,0.08,0.0485630550189832,0.00525781681250151,-4.01872302094716,0.291376280552299,0.280178758774629,-4.29890177972179,-3.72734674039486,-0.00996472338844651,0.535834777560839,-3.98179042556236,0.346396168803083,0.33703160943961,-4.31882203500197,-3.63539425675928
"102",4.04,5024.95,5627.025,5325.9875,-4.08031820396979,0.0269678719963519,0.383090372199337,0.191545186099668,0.2,0.04,0.01,0.0808,0.0487514815217055,0.00527948805072649,-4.05853459444444,0.291598508731214,0.280180388846664,-4.3387149832911,-3.76693608571322,-0.00996472338844651,0.535834777560839,-4.02160199905964,0.346583120170659,0.337032964540903,-4.35863496360054,-3.67501887888898
"103",4.08,5060.975,5654.025,5357.5,-4.12031820396979,0.0269678719963519,0.383090372199337,0.191545186099668,0.2,0.04,0.01,0.0816,0.0489280536091054,0.00529882377868578,-4.09835802235704,0.291822597568637,0.280181848897652,-4.37853987125469,-3.8065354247884,-0.00996472338844651,0.535834777560839,-4.06142542697224,0.346771678982971,0.337034178303431,-4.39845960527567,-3.71465374798927
"104",4.12,5080,5660.025,5370.0125,-4.16031820396979,0.0269678719963519,0.383090372199337,0.191545186099668,0.2,0.04,0.01,0.0824,0.0491108101039432,0.00531927779292013,-4.1381752658622,0.292048792469528,0.280183399192225,-4.41835866505442,-3.84612647339267,-0.00996472338844651,0.535834777560839,-4.1012426704774,0.346962052789453,0.337035467088957,-4.43827813756636,-3.75428061768795
"105",4.16,5095,5667,5381,-4.20031820396979,0.0269678719963519,0.383090372199337,0.191545186099668,0.2,0.04,0.01,0.0832,0.0492878328891792,0.00534193783672222,-4.17799824307696,0.292277168997789,0.280185123654633,-4.4581833667316,-3.88572107407917,-0.00996472338844651,0.535834777560839,-4.14106564769217,0.347154306339881,0.337036900665675,-4.47810254835784,-3.79391134135228
"106",4.2,5103,5670.025,5386.5125,-4.24031820396979,0.0269678719963519,0.383090372199337,0.191545186099668,0.2,0.04,0.01,0.084,0.0494590901743227,0.00536575364419464,-4.21782698579182,0.292507647022496,0.280186943961772,-4.49801392975359,-3.92531933876932,-0.00996472338844651,0.535834777560839,-4.18089439040702,0.347348373336625,0.337038413922804,-4.51793280432983,-3.8335460170704
"107",4.24,5108.95,5675,5391.975,-4.28031820396979,0.0269678719963519,0.383090372199337,0.191545186099668,0.2,0.04,0.01,0.0848,0.0496285588316476,0.00538005799806093,-4.2576575171345,0.292739437750035,0.280188041169152,-4.53784555830365,-3.96491807938446,-0.00996472338844651,0.535834777560839,-4.2207249217497,0.34754359051372,0.337039326054347,-4.55776424780404,-3.87318133123598
"108",4.28,5113,5678.025,5395.5125,-4.32031820396979,0.0269678719963519,0.383090372199337,0.191545186099668,0.2,0.04,0.01,0.0856,0.049800834194752,0.00539748818216833,-4.29748524177139,0.292973462676508,0.280189382084088,-4.57767462385548,-4.00451177909488,-0.00996472338844651,0.535834777560839,-4.26055264638659,0.347740734924203,0.337040440786599,-4.59759308717319,-3.91281191146239
"109",4.32,5124.95,5683,5403.975,-4.36031820396979,0.0269678719963519,0.383090372199337,0.191545186099668,0.2,0.04,0.01,0.0864,0.049958518620254,0.00541339647858154,-4.33732755734589,0.293209375299791,0.280190609699351,-4.61751816704524,-4.0441181820461,-0.00996472338844651,0.535834777560839,-4.30039496196109,0.34793951580218,0.337041461331771,-4.63743642329286,-3.95245544615891
"110",4.36,5133.95,5687,5410.475,-4.40031820396979,0.0269678719963519,0.383090372199337,0.191545186099668,0.2,0.04,0.01,0.0872,0.0501166241495728,0.00542318875295073,-4.37716945181657,0.293446830316767,0.280191367145666,-4.65736081896223,-4.0837226214998,-0.00996472338844651,0.535834777560839,-4.34023685643177,0.348139643126029,0.337042091015231,-4.677278947447,-3.99209721330574
"111",4.4,5148.95,5690,5419.475,-4.44031820396979,0.0269678719963519,0.383090372199337,0.191545186099668,0.2,0.04,0.01,0.088,0.0502712790394082,0.00543883151808342,-4.41701479692674,0.293686707004394,0.280192579971499,-4.69720737689823,-4.12332808992234,-0.00996472338844651,0.535834777560839,-4.38008220154194,0.348341859046608,0.337043099267804,-4.71712530080974,-4.03174034249533
"112",4.44,5158,5693,5425.5,-4.48031820396979,0.0269678719963519,0.383090372199337,0.191545186099668,0.2,0.04,0.01,0.0888,0.0504229900295942,0.00544974579696526,-4.45686308593655,0.293928217827011,0.280193428250847,-4.7370565141874,-4.16293486810954,-0.00996472338844651,0.535834777560839,-4.41993049055175,0.348545500800003,0.33704380446453,-4.75697429501628,-4.07138498975175
"113",4.48,5162,5696.05,5429.025,-4.52031820396979,0.0269678719963519,0.383090372199337,0.191545186099668,0.2,0.04,0.01,0.0896,0.0505647215220408,0.00545997155607181,-4.4967213544441,0.294171656478882,0.280194224557768,-4.77691557900187,-4.20254969796522,-0.00996472338844651,0.535834777560839,-4.4597887590593,0.348750817014801,0.337044466455824,-4.79683322551513,-4.1110379420445
"114",4.52,5172.95,5700.025,5436.4875,-4.56031820396979,0.0269678719963519,0.383090372199337,0.191545186099668,0.2,0.04,0.01,0.0904,0.0507101209376552,0.0054724853512382,-4.53657595502849,0.294417239137987,0.280195201068174,-4.81677115609666,-4.2421587158905,-0.00996472338844651,0.535834777560839,-4.49964335964369,0.348957991160249,0.337045278255899,-4.83668863789959,-4.15068536848344
"115",4.56,5176.925,5705.025,5440.975,-4.60031820396979,0.0269678719963519,0.383090372199337,0.191545186099668,0.2,0.04,0.01,0.0912,0.0508560532226681,0.00549449367575064,-4.57643002274347,0.294665498762526,0.280196923896334,-4.85662694663981,-4.28176452398095,-0.00996472338844651,0.535834777560839,-4.53949742735867,0.349167474221082,0.33704671049267,-4.87654413785134,-4.19032995313759
"116",4.6,5183.975,5709,5446.4875,-4.64031820396979,0.0269678719963519,0.383090372199337,0.191545186099668,0.2,0.04,0.01,0.092,0.0509915260252598,0.00550882148526617,-4.61629454994088,0.29491515182266,0.280198049198389,-4.89649259913927,-4.32137939811822,-0.00996472338844651,0.535834777560839,-4.57936195455608,0.349378184303978,0.337047645990214,-4.9164096005463,-4.22998377025211
"117",4.64,5191,5710.025,5450.5125,-4.68031820396979,0.0269678719963519,0.383090372199337,0.191545186099668,0.2,0.04,0.01,0.0928,0.051121793736395,0.00552177952899804,-4.65616428222975,0.295166662268326,0.280199069439254,-4.936363351669,-4.36099761996142,-0.00996472338844651,0.535834777560839,-4.61923168684495,0.349590513898169,0.337048494148225,-4.95628018099317,-4.26964117294678
"118",4.68,5201,5715.025,5458.0125,-4.72031820396979,0.0269678719963519,0.383090372199337,0.191545186099668,0.2,0.04,0.01,0.0936,0.0512481854895596,0.0055367054636987,-4.69603789047658,0.295420274773963,0.280200247586478,-4.97623813806306,-4.40061761570262,-0.00996472338844651,0.535834777560839,-4.65910529509178,0.34980467069564,0.337049473579897,-4.99615476867168,-4.30930062439614
"119",4.72,5211,5718.025,5464.5125,-4.76031820396979,0.0269678719963519,0.383090372199337,0.191545186099668,0.2,0.04,0.01,0.0944,0.0513727166418458,0.00555362929377472,-4.7359133593243,0.295675987376871,0.280201587274746,-5.01611494659904,-4.44023737194743,-0.00996472338844651,0.535834777560839,-4.6989807639395,0.350020654253787,0.337050587307379,-5.03603135124688,-4.34896010968571
"120",4.76,5217.975,5721,5469.4875,-4.80031820396979,0.0269678719963519,0.383090372199337,0.191545186099668,0.2,0.04,0.01,0.0952,0.051490551941001,0.00556466028485603,-4.77579552402514,0.295933202081652,0.280202462684217,-5.05599798670936,-4.47986232194349,-0.00996472338844651,0.535834777560839,-4.73886292864034,0.35023796051722,0.33705131506532,-5.07591424370566,-4.38862496812312
"121",4.8,5239,5726.025,5482.5125,-4.84031820396979,0.0269678719963519,0.383090372199337,0.191545186099668,0.2,0.04,0.01,0.096,0.0516047311246157,0.00557785875261921,-4.81568134484153,0.296192519066592,0.28020351238165,-5.09588485722318,-4.51948882577493,-0.00996472338844651,0.535834777560839,-4.77874874945673,0.350457097579683,0.337052187715753,-5.11580093717248,-4.42829165187705
"122",4.84,5257.95,5737,5497.475,-4.88031820396979,0.0269678719963519,0.383090372199337,0.191545186099668,0.2,0.04,0.01,0.0968,0.0517194925436808,0.00559249717049247,-4.85556658342246,0.296453879071205,0.280204679504759,-5.13577126292722,-4.55911270435126,-0.00996472338844651,0.535834777560839,-4.81863398803766,0.3506780165755,0.33705315798747,-5.15568714602513,-4.46795597146216
"123",4.88,5274,5746,5510,-4.92031820396979,0.0269678719963519,0.383090372199337,0.191545186099668,0.2,0.04,0.01,0.0976,0.0518302231800342,0.00560385047388921,-4.89545585278611,0.296716920445214,0.280205586808135,-5.17566143959424,-4.59873893234089,-0.00996472338844651,0.535834777560839,-4.85852325740131,0.35090041289724,0.337053912262494,-5.1955771696638,-4.50762284450407
"124",4.92,5286,5756,5521,-4.96031820396979,0.0269678719963519,0.383090372199337,0.191545186099668,0.2,0.04,0.01,0.0984,0.0519453396613219,0.00561606606859935,-4.93534073630482,0.296981950815709,0.280206565073526,-5.21554730137835,-4.63835878548911,-0.00996472338844651,0.535834777560839,-4.89840814092002,0.351124547708169,0.337054725531724,-5.23546286645175,-4.54728359321185
"125",4.96,5307.95,5773.15,5540.55,-5.00031820396979,0.0269678719963519,0.383090372199337,0.191545186099668,0.2,0.04,0.01,0.0992,0.0520513543652246,0.00561981766861608,-4.97523472160092,0.297248259406965,0.280206865940988,-5.25544158754191,-4.67798646219395,-0.00996472338844651,0.535834777560839,-4.93830212621612,0.351349820852996,0.337054975654466,-5.27535710187058,-4.58695230536312
"126",5,5338,5848,5593,-5.04031820396979,0.0269678719963519,0.383090372199337,0.191545186099668,0.2,0.04,0.01,0.1,0.0521515361591522,0.00563165594638162,-5.01513453980699,0.297517092807708,0.280207816651767,-5.29534235645876,-4.71761744699928,-0.00996472338844651,0.535834777560839,-4.97820194442219,0.351577287954885,0.337055766017602,-5.31525771043979,-4.62662465646731
"127",5.04,5431,5953.05,5692.025,-5.08031820396979,0.0269678719963519,0.383090372199337,0.191545186099668,0.2,0.04,0.01,0.1008,0.0522474513600169,0.00564022575727769,-5.05503862460612,0.297787586887581,0.280208506124152,-5.33524713073028,-4.75725103771854,-0.00996472338844651,0.535834777560839,-5.01810602922133,0.351806219099792,0.337056339203538,-5.35516236842486,-4.66629981012153
"128",5.08,5532,6006.025,5769.0125,-5.12031820396979,0.0269678719963519,0.383090372199337,0.191545186099668,0.2,0.04,0.01,0.1016,0.0523473293893454,0.0056487180348625,-5.0949387465768,0.298059977822763,0.280209190391226,-5.37514793696802,-4.79687876875403,-0.00996472338844651,0.535834777560839,-5.058006151192,0.352036815223448,0.337056908062523,-5.39506305925452,-4.70596933596855
"129",5.12,5579.95,6044.025,5811.9875,-5.16031820396979,0.0269678719963519,0.383090372199337,0.191545186099668,0.2,0.04,0.01,0.1024,0.0524340340079578,0.00565820895251725,-5.13485204195818,0.29833434202612,0.280209956340167,-5.41506199829835,-4.83651769993206,-0.00996472338844651,0.535834777560839,-5.09791944657339,0.352269142169904,0.337057544827467,-5.43497699140085,-4.74565030440348
"130",5.16,5604.975,6059.075,5832.025,-5.20031820396979,0.0269678719963519,0.383090372199337,0.191545186099668,0.2,0.04,0.01,0.1032,0.0525193453323466,0.00567704405426556,-5.1747667306338,0.298611308618299,0.280211480197962,-5.45497821083176,-4.8761554220155,-0.00996472338844651,0.535834777560839,-5.137834135249,0.352503734062059,0.337058811674899,-5.4748929469239,-4.78533040118694
"131",5.2,5621.975,6081.175,5851.575,-5.24031820396979,0.0269678719963519,0.383090372199337,0.191545186099668,0.2,0.04,0.01,0.104,0.0526031838610473,0.00568328857996348,-5.21468289210509,0.298889205884537,0.280211986528573,-5.49489487863367,-4.91579368622056,-0.00996472338844651,0.535834777560839,-5.1777502967203,0.352739176002965,0.33705923260942,-5.51480952932972,-4.82501112071733
"132",5.24,5642.85,6110,5876.425,-5.28031820396979,0.0269678719963519,0.383090372199337,0.191545186099668,0.2,0.04,0.01,0.1048,0.0526810118866562,0.00569033120953105,-5.25460506407949,0.299169045516165,0.280212558239372,-5.53481762231886,-4.95543601856332,-0.00996472338844651,0.535834777560839,-5.21767246869469,0.35297632595971,0.3370597078976,-5.55473217659229,-4.86469614273498
"133",5.28,5664.875,6124.25,5894.5625,-5.32031820396979,0.0269678719963519,0.383090372199337,0.191545186099668,0.2,0.04,0.01,0.1056,0.052757366455639,0.00569106788950836,-5.2945287095105,0.299450281904774,0.280212618082856,-5.57474132759336,-4.99507842760573,-0.00996472338844651,0.535834777560839,-5.2575961141257,0.353214722549628,0.337059757648122,-5.59465587177383,-4.90438139157608
"134",5.32,5688,6143.075,5915.5375,-5.36031820396979,0.0269678719963519,0.383090372199337,0.191545186099668,0.2,0.04,0.01,0.1064,0.052829392960211,0.00569827773331565,-5.33445668300593,0.299733881625786,0.280213204175786,-5.61466988718172,-5.03472280138015,-0.00996472338844651,0.535834777560839,-5.29752408762113,0.353455186250566,0.337060244893138,-5.63458433251427,-4.94406890137057
"135",5.36,5711.825,6160.15,5935.9875,-5.40031820396979,0.0269678719963519,0.383090372199337,0.191545186099668,0.2,0.04,0.01,0.1072,0.0528985934472847,0.00570391430199754,-5.37438748251886,0.300019227502863,0.280213662892113,-5.65460114541097,-5.07436825501599,-0.00996472338844651,0.535834777560839,-5.33745488713406,0.353697195019096,0.337060626244562,-5.67451551337862,-4.98375769211496
"136",5.4,5739.975,6179.05,5959.5125,-5.44031820396979,0.0269678719963519,0.383090372199337,0.191545186099668,0.2,0.04,0.01,0.108,0.0529671391014398,0.0057075717115371,-5.4143189368647,0.300306283346396,0.280213960782339,-5.69453289764704,-5.11401265351831,-0.00996472338844651,0.535834777560839,-5.37738634147991,0.353940719203496,0.33706087389415,-5.71444721537405,-5.02344562227641
"137",5.44,5769.925,6196,5982.9625,-5.48031820396979,0.0269678719963519,0.383090372199337,0.191545186099668,0.2,0.04,0.01,0.1088,0.0530304088422811,0.00571328851634537,-5.45425566712386,0.300595350896584,0.280214426788916,-5.73447009391278,-5.15366031622728,-0.00996472338844651,0.535834777560839,-5.41732307173906,0.354186015920452,0.33706126130661,-5.75438433304567,-5.06313705581861
"138",5.48,5799.95,6214.075,6007.0125,-5.52031820396979,0.0269678719963519,0.383090372199337,0.191545186099668,0.2,0.04,0.01,0.1096,0.0530912785493559,0.00572359974007381,-5.49419479741679,0.300886617671665,0.280215268488166,-5.77441006590495,-5.19330817974512,-0.00996472338844651,0.535834777560839,-5.45726220203199,0.354433245600433,0.337061961049978,-5.79432416308197,-5.10282895643156
"139",5.52,5841,6245.05,6043.025,-5.56031820396979,0.0269678719963519,0.383090372199337,0.191545186099668,0.2,0.04,0.01,0.1104,0.053144454735365,0.00572402433838486,-5.53414162123078,0.301178976916488,0.280215303180362,-5.81435692441114,-5.23296264431429,-0.00996472338844651,0.535834777560839,-5.49720902584598,0.354681469814007,0.337061989891213,-5.83427101573719,-5.14252755603197
"140",5.56,5898.975,6273.025,6086,-5.60031820396979,0.0269678719963519,0.383090372199337,0.191545186099668,0.2,0.04,0.01,0.1112,0.0532001993175234,0.0057344651037458,-5.57408587664862,0.301473936979735,0.280216157061046,-5.85430203370966,-5.27261193966888,-0.00996472338844651,0.535834777560839,-5.53715328126382,0.354931970342237,0.337062699762259,-5.87421598102608,-5.18222131092158
"141",5.6,5932,6295.05,6113.525,-5.64031820396979,0.0269678719963519,0.383090372199337,0.191545186099668,0.2,0.04,0.01,0.112,0.0532475636299194,0.00574223251182887,-5.61403851233622,0.301770527478805,0.280216793313385,-5.89425530564961,-5.31226798485742,-0.00996472338844651,0.535834777560839,-5.57710591695142,0.355183924393825,0.337063228709093,-5.91416914566052,-5.2219219925576
"142",5.64,5971.95,6316.05,6144,-5.68031820396979,0.0269678719963519,0.383090372199337,0.191545186099668,0.2,0.04,0.01,0.1128,0.0532903089006988,0.00574319889936403,-5.65399576706544,0.302068428758034,0.280216872533306,-5.93421263959875,-5.35192733830741,-0.00996472338844651,0.535834777560839,-5.61706317168064,0.355437061299619,0.337063294568408,-5.95412646624905,-5.26162611038103
"143",5.68,6007,6340,6173.5,-5.72031820396979,0.0269678719963519,0.383090372199337,0.191545186099668,0.2,0.04,0.01,0.1136,0.0533287320978722,0.00575911651704467,-5.69395734386827,0.302369290785596,0.280218179299959,-5.97417552316823,-5.39158805308267,-0.00996472338844651,0.535834777560839,-5.65702474848347,0.355692784440655,0.337064380946943,-5.99408912943041,-5.30133196404282
"144",5.72,6048.95,6400.025,6224.4875,-5.76031820396979,0.0269678719963519,0.383090372199337,0.191545186099668,0.2,0.04,0.01,0.1144,0.0533684068197877,0.00575946781747205,-5.73391766914635,0.302670785171147,0.280218208180908,-6.01413587732726,-5.43124688397521,-0.00996472338844651,0.535834777560839,-5.69698507376156,0.355949115870626,0.337064404957095,-6.03404947871865,-5.34103595789093
"145",5.76,6148.975,6482.1,6315.5375,-5.80031820396979,0.0269678719963519,0.383090372199337,0.191545186099668,0.2,0.04,0.01,0.1152,0.0534084177536854,0.00576379605141949,-5.77387765821246,0.30297439445875,0.280218564155993,-6.05409622236845,-5.47090326375371,-0.00960461687299551,0.516470708225143,-5.73730516934311,0.348983414352795,0.329421285732016,-6.06672645507513,-5.38832175499032
"146",5.8,6238.95,6513.05,6376,-5.84031820396979,0.0269678719963519,0.383090372199337,0.191545186099668,0.2,0.04,0.01,0.116,0.0534382680862209,0.00576046522494463,-5.81384780787992,0.303279228033157,0.280218290188895,-6.09406609806882,-5.51056857984676,-0.00960461687299551,0.516470708225143,-5.77727531901057,0.34924809226691,0.329421052684974,-6.10669637169555,-5.42802722674366
"147",5.84,6275,6528.025,6401.5125,-5.88031820396979,0.0269678719963519,0.383090372199337,0.191545186099668,0.2,0.04,0.01,0.1168,0.0534669823076843,0.00576206437277288,-5.85381909365846,0.303586237931334,0.280218421702251,-6.13403751536071,-5.55023285572712,-0.00960461687299551,0.516470708225143,-5.81724660478911,0.349514725951553,0.329421164555329,-6.14666776934444,-5.46773187883756
"148",5.88,6294.975,6541,6417.9875,-5.92031820396979,0.0269678719963519,0.383090372199337,0.191545186099668,0.2,0.04,0.01,0.1176,0.0534888579408413,0.00576482897911615,-5.8937972180253,0.303895132127171,0.280218649148465,-6.17401586717377,-5.58990208589813,-0.00960461687299551,0.516470708225143,-5.85722472915595,0.349783062949422,0.329421358029923,-6.18664608718588,-5.50744166620653
"149",5.92,6318.925,6560.025,6439.475,-5.96031820396979,0.0269678719963519,0.383090372199337,0.191545186099668,0.2,0.04,0.01,0.1184,0.0535055630393143,0.00576748632333689,-5.93378051292683,0.304205808478267,0.280218867872804,-6.21399938079963,-5.62957470444856,-0.00960461687299551,0.516470708225143,-5.89720802405748,0.350053015567078,0.329421544085393,-6.22662956814287,-5.5471550084904
"150",5.96,6342.975,6584.025,6463.5,-6.00031820396979,0.0269678719963519,0.383090372199337,0.191545186099668,0.2,0.04,0.01,0.1192,0.0535327386209827,0.00576117260183313,-5.97375333734516,0.304517590225834,0.280218348358827,-6.25397168570399,-5.66923574711933,-0.00960461687299551,0.516470708225143,-5.93718084847581,0.350323996541256,0.32942110216657,-6.26660195064238,-5.58685685193456
"151",6,6355.975,6591,6473.4875,-6.04031820396979,0.0269678719963519,0.383090372199337,0.191545186099668,0.2,0.04,0.01,0.12,0.0535516317767625,0.00576368495954352,-6.01373444418938,0.304831820148764,0.280218555015916,-6.2939529992053,-5.70890262404062,-0.00960461687299551,0.516470708225143,-5.97716195532003,0.350597173934555,0.329421277957112,-6.30658323327714,-5.62656478138548
"152",6.04,6367.975,6599.025,6483.5,-6.08031820396979,0.0269678719963519,0.383090372199337,0.191545186099668,0.2,0.04,0.01,0.1208,0.0535574793783227,0.0057633205957662,-6.05372859658782,0.305147606536763,0.280218525039147,-6.33394712162697,-5.74858099005106,-0.00960461687299551,0.516470708225143,-6.01715610771847,0.350871773687773,0.329421252457706,-6.34657736017618,-5.6662843340307
"153",6.08,6381.975,6602.025,6492,-6.12031820396979,0.0269678719963519,0.383090372199337,0.191545186099668,0.2,0.04,0.01,0.1216,0.0535709221420668,0.00576703602204869,-6.09371515382408,0.305465469629343,0.280218830801706,-6.37393398462578,-5.78824968419473,-0.00960461687299551,0.516470708225143,-6.05714266495473,0.35114824922184,0.329421512551266,-6.38656417750599,-5.70599441573289
"154",6.12,6390,6606,6498,-6.16031820396979,0.0269678719963519,0.383090372199337,0.191545186099668,0.2,0.04,0.01,0.1224,0.053579748942769,0.005767553288329,-6.13370632702337,0.305784854107739,0.280218873385951,-6.41392520040932,-5.82792147291563,-0.00960461687299551,0.516470708225143,-6.09713383815403,0.351426118547526,0.329421548775092,-6.42655538692912,-5.7457077196065
"155",6.16,6402.95,6612,6507.475,-6.20031820396979,0.0269678719963519,0.383090372199337,0.191545186099668,0.2,0.04,0.01,0.1232,0.0535773069632174,0.00577455444861947,-6.17370876900293,0.306106485122869,0.280219450135562,-6.45392821913849,-5.86760228388006,-0.00960461687299551,0.516470708225143,-6.13713628013358,0.351706013639183,0.329422039381043,-6.46655831951462,-5.7854302664944
"156",6.2,6408.9,6617,6512.95,-6.24031820396979,0.0269678719963519,0.383090372199337,0.191545186099668,0.2,0.04,0.01,0.124,0.0535754792027901,0.00577935136020326,-6.21371059676335,0.306429701443146,0.280219845704289,-6.49393044246764,-5.90728089532021,-0.00960461687299551,0.516470708225143,-6.17713810789401,0.351987360173947,0.329422375867554,-6.50656048376156,-5.82515074772006
"157",6.24,6421,6621.025,6521.0125,-6.28031820396979,0.0269678719963519,0.383090372199337,0.191545186099668,0.2,0.04,0.01,0.1248,0.0535737022263052,0.00577923386304195,-6.25371237373984,0.306754293358922,0.280219836011178,-6.53393220975102,-5.94695808038092,-0.00960461687299551,0.516470708225143,-6.21713988487049,0.352269976424077,0.329422367622206,-6.5465622524927,-5.86486990844641
"158",6.28,6428.975,6625,6526.9875,-6.32031820396979,0.0269678719963519,0.383090372199337,0.191545186099668,0.2,0.04,0.01,0.1256,0.0535575273866351,0.00578077354679785,-6.29372854857951,0.307080751088625,0.28021996304538,-6.57394851162489,-5.98664779749088,-0.00960461687299551,0.516470708225143,-6.25715605971016,0.352554290124007,0.329422475682584,-6.58657853539274,-5.90460176958615
"159",6.32,6438,6630,6534,-6.36031820396979,0.0269678719963519,0.383090372199337,0.191545186099668,0.2,0.04,0.01,0.1264,0.0535530472741324,0.00577234272878397,-6.33373302869201,0.307408194556148,0.280219267860493,-6.6139522965525,-6.02632483413586,-0.00960461687299551,0.516470708225143,-6.29716053982266,0.35283953559084,0.329421884330655,-6.62658242415332,-5.94432100423182
"160",6.36,6448.925,6634,6541.4625,-6.40031820396979,0.0269678719963519,0.383090372199337,0.191545186099668,0.2,0.04,0.01,0.1272,0.0535422800845754,0.00577581430972423,-6.37374379588157,0.307738262882142,0.280219553996002,-6.65396334987757,-6.06600553299942,-0.00960461687299551,0.516470708225143,-6.33717130701222,0.353127141745586,0.329422127728856,-6.66659343474108,-5.98404416526663
"161",6.4,6460.975,6637,6548.9875,-6.44031820396979,0.0269678719963519,0.383090372199337,0.191545186099668,0.2,0.04,0.01,0.128,0.0535307857157428,0.00578012366103907,-6.4137552902504,0.308070118051239,0.28021990942134,-6.69397519967174,-6.10568517219916,-0.00960461687299551,0.516470708225143,-6.37718280138105,0.353416379688029,0.329422430067828,-6.70660523144888,-6.02376642169302
"162",6.44,6525.925,6688.025,6606.975,-6.48031820396979,0.0269678719963519,0.383090372199337,0.191545186099668,0.2,0.04,0.01,0.1288,0.0535093388272301,0.00577768042707287,-6.45377673713891,0.308403185266343,0.280219707876563,-6.73399644501547,-6.14537355187257,-0.00960461687299551,0.516470708225143,-6.41720424826956,0.353706749268536,0.329422258625787,-6.74662650689535,-6.06349749900103
"163",6.48,6593.975,6735,6664.4875,-6.52031820396979,0.0269678719963519,0.383090372199337,0.191545186099668,0.2,0.04,0.01,0.1296,0.0534900275978949,0.00578566690481738,-6.49379604836825,0.308738747299542,0.280220367004418,-6.77401641537267,-6.18505730106871,-0.00960461687299551,0.516470708225143,-6.4572235594989,0.353999369886133,0.329422819306403,-6.7866463788053,-6.10322418961277
"164",6.52,6674.975,6774.025,6724.5,-6.56031820396979,0.0269678719963519,0.383090372199337,0.191545186099668,0.2,0.04,0.01,0.1304,0.0534650578546967,0.00578485261869794,-6.53382101811145,0.309075357149736,0.28022029975938,-6.81404131787083,-6.22474566096171,-0.00960461687299551,0.516470708225143,-6.4972485292421,0.35429298072771,0.329422762105058,-6.82667129134716,-6.14295554851439
"165",6.56,6716.975,6790,6753.4875,-6.60031820396979,0.0269678719963519,0.383090372199337,0.191545186099668,0.2,0.04,0.01,0.1312,0.0534388001458385,0.00578619626044088,-6.5738472758203,0.309413830632398,0.280220410724512,-6.85406768654481,-6.26443344518791,-0.00960461687299551,0.516470708225143,-6.53727478695096,0.354588294198078,0.329422856496483,-6.86669764344744,-6.18268649275288
"166",6.6,6722.975,6793,6757.9875,-6.64031820396979,0.0269678719963519,0.383090372199337,0.191545186099668,0.2,0.04,0.01,0.132,0.0534076855121672,0.00578506028236625,-6.61387839045398,0.309753815162685,0.280220316907677,-6.89409870736165,-6.30412457529129,-0.00960461687299551,0.516470708225143,-6.57730590158463,0.354885003632906,0.329422776692092,-6.90672867827672,-6.22242089795172
"167",6.64,6728.975,6805,6766.9875,-6.68031820396979,0.0269678719963519,0.383090372199337,0.191545186099668,0.2,0.04,0.01,0.1328,0.0533652529505101,0.0057856912573903,-6.65392082301563,0.310095622689615,0.280220369015637,-6.93414119203127,-6.34382520032602,-0.00960461687299551,0.516470708225143,-6.61734833414628,0.355183382222407,0.329422821017228,-6.94677115516351,-6.26216495192388
"168",6.68,6749,6851.025,6800.0125,-6.72031820396979,0.0269678719963519,0.383090372199337,0.191545186099668,0.2,0.04,0.01,0.1336,0.0533248385169182,0.00578250612894762,-6.69396123744922,0.310438831054496,0.280220106035384,-6.97418134348461,-6.38352240639473,-0.00960461687299551,0.516470708225143,-6.65738874857988,0.35548306235624,0.329422597315622,-6.9868113458955,-6.30190568622364
"169",6.72,6795.975,6902,6848.9875,-6.76031820396979,0.0269678719963519,0.383090372199337,0.191545186099668,0.2,0.04,0.01,0.1344,0.0532801310930888,0.00578627742746063,-6.73400594487305,0.31078423760517,0.280220417428543,-7.0142263623016,-6.42322170726788,-0.00960461687299551,0.516470708225143,-6.69743345600371,0.355784741296638,0.329422862199203,-7.02685631820291,-6.34164871470707
"170",6.76,6839,6921,6880,-6.80031820396979,0.0269678719963519,0.383090372199337,0.191545186099668,0.2,0.04,0.01,0.1352,0.0532267650530494,0.00579195825789923,-6.77405931091309,0.31113146006118,0.280220886872841,-7.05428019778593,-6.46292785085191,-0.00960461687299551,0.516470708225143,-6.73748682204375,0.356088086343099,0.329423261527613,-7.06691008357136,-6.38139873570065
"171",6.8,6846,6924,6885,-6.84031820396979,0.0269678719963519,0.383090372199337,0.191545186099668,0.2,0.04,0.01,0.136,0.0531705915169491,0.00579755855904557,-6.81411548444919,0.311480344578818,0.280221350112619,-7.09433683456181,-6.50263513987038,-0.00960461687299551,0.516470708225143,-6.77754299557985,0.356392964092485,0.329423655578387,-7.10696665115823,-6.42115003148736
"172",6.84,6849.95,6925,6887.475,-6.88031820396979,0.0269678719963519,0.383090372199337,0.191545186099668,0.2,0.04,0.01,0.1368,0.0531176144025931,0.00579195155490062,-6.85416846156355,0.311830058091285,0.280220886318657,-7.13438934788221,-6.54233840347227,-0.00960461687299551,0.516470708225143,-6.8175959726942,0.356698647214848,0.329423261056202,-7.1470192337504,-6.46089732547935
"173",6.88,6851,6926,6888.5,-6.92031820396979,0.0269678719963519,0.383090372199337,0.191545186099668,0.2,0.04,0.01,0.1376,0.0530600231914339,0.00578796007837527,-6.89422605277471,0.312181550136186,0.280220556429096,-7.1744466092038,-6.58204450263852,-0.00960461687299551,0.516470708225143,-6.85765356390536,0.35700596639429,0.329422980438707,-7.18707654434407,-6.50064759751107
"174",6.92,6853,6928,6890.5,-6.96031820396979,0.0269678719963519,0.383090372199337,0.191545186099668,0.2,0.04,0.01,0.1384,0.052995341582095,0.005793617616269,-6.93429073438405,0.312535409735106,0.280221024083295,-7.21451175846734,-6.62175532464894,-0.00960461687299551,0.516470708225143,-6.8977182455147,0.357315437861254,0.32942337824444,-7.22714162375914,-6.54040280765345
"175",6.96,6854,6929,6891.5,-7.00031820396979,0.0269678719963519,0.383090372199337,0.191545186099668,0.2,0.04,0.01,0.1392,0.0529298122630145,0.00579151192095349,-6.97435626370313,0.312890339830553,0.280220849972444,-7.25457711367557,-6.66146592387257,-0.00960461687299551,0.516470708225143,-6.93778377483378,0.357625928247614,0.329423230138628,-7.26720700497241,-6.58015784658617
"176",7,6854,6930,6892,-7.04031820396979,0.0269678719963519,0.383090372199337,0.191545186099668,0.2,0.04,0.01,0.14,0.052861471152929,0.00579005186799383,-7.01442460481321,0.313246958677164,0.280220729284064,-7.29464533409728,-6.70117764613605,-0.00960461687299551,0.516470708225143,-6.97785211594387,0.357937979147479,0.329423127476171,-7.30727524342004,-6.61991413679639
"177",7.04,6857,6931,6894,-7.08031820396979,0.0269678719963519,0.383090372199337,0.191545186099668,0.2,0.04,0.01,0.1408,0.0527896466170427,0.0057855916848547,-7.0544964293491,0.313604991354621,0.280220360792238,-7.33471679014134,-6.74089143799448,-0.00960461687299551,0.516470708225143,-7.01792394047975,0.358251350867266,0.329422814022072,-7.34734675450182,-6.65967258961249
"178",7.08,6858,6933,6895.5,-7.12031820396979,0.0269678719963519,0.383090372199337,0.191545186099668,0.2,0.04,0.01,0.1416,0.0527128052011757,0.00578360592904976,-7.09457327076497,0.313964836738331,0.280220196824081,-7.37479346758905,-6.78060843402664,-0.00960461687299551,0.516470708225143,-7.05800078189562,0.358566393438949,0.329422674544141,-7.38742345643976,-6.69943438845667
"179",7.12,6859.975,6935,6897.4875,-7.16031820396979,0.0269678719963519,0.383090372199337,0.191545186099668,0.2,0.04,0.01,0.1424,0.0526299420488518,0.00578797848853679,-7.13465613391729,0.314326774389157,0.280220557950147,-7.41487669186744,-6.82032935952813,-0.00960461687299551,0.516470708225143,-7.09808364504794,0.358883352767414,0.329422981732575,-7.42750662678052,-6.73920029228053
"180",7.16,6860.975,6936,6898.4875,-7.20031820396979,0.0269678719963519,0.383090372199337,0.191545186099668,0.2,0.04,0.01,0.1432,0.0525400906894122,0.00578490861371399,-7.17474598527673,0.31468978214844,0.280220304383235,-7.45496628965997,-6.86005620312829,-0.00960461687299551,0.516470708225143,-7.13817349640738,0.359201334608213,0.329422766038295,-7.46759626244568,-6.77897216179917
"181",7.2,6862,6936.025,6899.0125,-7.24031820396979,0.0269678719963519,0.383090372199337,0.191545186099668,0.2,0.04,0.01,0.144,0.052443199514507,0.00577770948381639,-7.21484287645163,0.315054100156583,0.280219710272982,-7.49506258672462,-6.89978877629505,-0.00960461687299551,0.516470708225143,-7.17827038758229,0.359520549928878,0.329422260664277,-7.50769264824656,-6.81874983765341
"182",7.24,6864,6938,6901,-7.28031820396979,0.0269678719963519,0.383090372199337,0.191545186099668,0.2,0.04,0.01,0.1448,0.0523520713583489,0.00577896019938976,-7.25493400460779,0.315420645871352,0.280219813435633,-7.53515381804343,-6.93951335873644,-0.00960461687299551,0.516470708225143,-7.21836151573845,0.35984180362708,0.329422348418546,-7.54778386415699,-6.85851971211137
"183",7.28,6866,6939,6902.5,-7.32031820396979,0.0269678719963519,0.383090372199337,0.191545186099668,0.2,0.04,0.01,0.1456,0.0522543211254099,0.00578145181715151,-7.29503175484073,0.315788883684041,0.280220019017937,-7.57525177385867,-6.97924287115669,-0.00960461687299551,0.516470708225143,-7.25845926597138,0.360164627433208,0.329422523295086,-7.58788178926647,-6.89829463853818
"184",7.32,6867,6939,6903,-7.36031820396979,0.0269678719963519,0.383090372199337,0.191545186099668,0.2,0.04,0.01,0.1464,0.0521521584710592,0.00577349557232728,-7.33513391749508,0.316157953122251,0.280219362861404,-7.61535328035649,-7.01897596437283,-0.00960461687299551,0.516470708225143,-7.29856142862574,0.360488267656716,0.329421965142187,-7.62798339376792,-6.93807316096902
"185",7.36,6868.975,6941,6904.9875,-7.40031820396979,0.0269678719963519,0.383090372199337,0.191545186099668,0.2,0.04,0.01,0.1472,0.0520424784335762,0.00576048936149658,-7.37524359753257,0.31652824718924,0.280218292173606,-7.65546188970617,-7.05871535034333,-0.00960461687299551,0.516470708225143,-7.33867110866322,0.360813069420137,0.329421054373246,-7.66809216303646,-6.97785803924308
"186",7.4,6870,6942.025,6906.0125,-7.44031820396979,0.0269678719963519,0.383090372199337,0.191545186099668,0.2,0.04,0.01,0.148,0.0519410950180187,0.00576202349211699,-7.41534498094812,0.316901186455418,0.280218418339786,-7.69556339928791,-7.09844379449271,-0.00960461687299551,0.516470708225143,-7.37877249207878,0.361140279908708,0.329421161695086,-7.70819365377386,-7.01763221217007
"187",7.44,6878,6962.025,6920.0125,-7.48031820396979,0.0269678719963519,0.383090372199337,0.191545186099668,0.2,0.04,0.01,0.1488,0.0518289034742902,0.00575303569007689,-7.45545717249185,0.317274940700588,0.28021767966451,-7.73567485215636,-7.13818223179126,-0.00960461687299551,0.516470708225143,-7.4188846836225,0.361468294311203,0.329420533349472,-7.74830521697198,-7.0574163893113
"188",7.48,6900.975,7010,6955.4875,-7.52031820396979,0.0269678719963519,0.383090372199337,0.191545186099668,0.2,0.04,0.01,0.1496,0.0517127534702299,0.00575128488040211,-7.49557332249591,0.317650794787387,0.280217535905694,-7.77579085840161,-7.17792252770853,-0.00960461687299551,0.516470708225143,-7.45900083362657,0.361798241047061,0.329420411062744,-7.78842124468931,-7.09720259257951
"189",7.52,6945.975,7072.025,7009,-7.56031820396979,0.0269678719963519,0.383090372199337,0.191545186099668,0.2,0.04,0.01,0.1504,0.0515965283723155,0.00575678673428691,-7.53568954759383,0.318028741927476,0.280217987809443,-7.81590753540327,-7.21766080566635,-0.00960461687299551,0.516470708225143,-7.49911705872448,0.362130115411107,0.329420795469353,-7.82853785419383,-7.13698694331337
"190",7.56,6993,7095,7044,-7.60031820396979,0.0269678719963519,0.383090372199337,0.191545186099668,0.2,0.04,0.01,0.1512,0.0514698521186522,0.00575445922114702,-7.57581622384749,0.318407684457627,0.280217796582708,-7.8560340204302,-7.25740853938986,-0.00960461687299551,0.516470708225143,-7.53924373497814,0.36246295440687,0.32942063280456,-7.8686643677827,-7.17678078057127
"191",7.6,7000.975,7100,7050.4875,-7.64031820396979,0.0269678719963519,0.383090372199337,0.191545186099668,0.2,0.04,0.01,0.152,0.0513443027854504,0.00575278307835066,-7.61594177318069,0.318788231229672,0.280217658919888,-7.89615943210058,-7.29715354195102,-0.00960461687299551,0.516470708225143,-7.57936928431134,0.362797293493531,0.329420515703305,-7.90878980001465,-7.21657199081781
"192",7.64,7006,7107,7056.5,-7.68031820396979,0.0269678719963519,0.383090372199337,0.191545186099668,0.2,0.04,0.01,0.1528,0.0512032189107763,0.00574237982773006,-7.65608285705536,0.319169700977866,0.280216805388792,-7.93629966244416,-7.3369131560775,-0.00960461687299551,0.516470708225143,-7.61951036818602,0.363132534783086,0.329419789657496,-7.94893015784351,-7.25637783340293
"193",7.68,7012.975,7114.025,7063.5,-7.72031820396979,0.0269678719963519,0.383090372199337,0.191545186099668,0.2,0.04,0.01,0.1536,0.0510644789065081,0.0057509230581196,-7.69622159705963,0.319554081153783,0.280217506201947,-7.97643910326158,-7.37666751590585,-0.00960461687299551,0.516470708225143,-7.65964910819029,0.363470426001521,0.329420385795607,-7.98906949398589,-7.29617868218877
"194",7.72,7015,7117.05,7066.025,-7.76031820396979,0.0269678719963519,0.383090372199337,0.191545186099668,0.2,0.04,0.01,0.1544,0.0509205815105728,0.00574550932545205,-7.73636549445557,0.319938997040986,0.280217061985155,-8.01658255644072,-7.41642649741458,-0.00960461687299551,0.516470708225143,-7.69979300558622,0.363808880627288,0.329420007927996,-8.02921301351422,-7.33598412495893
"195",7.76,7018.975,7120,7069.4875,-7.80031820396979,0.0269678719963519,0.383090372199337,0.191545186099668,0.2,0.04,0.01,0.1552,0.0507838910781959,0.00574111278284216,-7.77650218488795,0.320325521652425,0.280216701539894,-8.05671888642784,-7.45617666323552,-0.00960461687299551,0.516470708225143,-7.7399296960186,0.364148842669569,0.32941970131974,-8.06934939733834,-7.37578085334903
"196",7.8,7021,7121.025,7071.0125,-7.84031820396979,0.0269678719963519,0.383090372199337,0.191545186099668,0.2,0.04,0.01,0.156,0.0506339766970936,0.00574279171676431,-7.81665209926905,0.320714011145078,0.280216839152763,-8.09686893842181,-7.49593808812397,-0.00960461687299551,0.516470708225143,-7.7800796103997,0.364490626409588,0.329419818378393,-8.1094994287781,-7.41558898399011
"197",7.84,7022,7122,7072,-7.88031820396979,0.0269678719963519,0.383090372199337,0.191545186099668,0.2,0.04,0.01,0.1568,0.0504747727619398,0.00573281768084534,-7.8568113032042,0.321103190753695,0.280216022226075,-8.13702732543028,-7.53570811245051,-0.00960461687299551,0.516470708225143,-7.82023881433486,0.36483311103557,0.329419123470227,-8.14965793780508,-7.45540570329929
"198",7.88,7023,7123,7073,-7.92031820396979,0.0269678719963519,0.383090372199337,0.191545186099668,0.2,0.04,0.01,0.1576,0.0503237561904568,0.00572866854272915,-7.89696231977569,0.321494306156495,0.280215682807095,-8.17717800258278,-7.57546801361919,-0.00960461687299551,0.516470708225143,-7.86038983090634,0.365177393449725,0.329418834748007,-8.18980866565435,-7.49521243745661
"199",7.92,7025,7123.025,7074.0125,-7.96031820396979,0.0269678719963519,0.383090372199337,0.191545186099668,0.2,0.04,0.01,0.1584,0.0501639613348912,0.00573187307646335,-7.93712211463125,0.321887458273564,0.280215944931432,-8.21733805956268,-7.61523465635769,-0.00960461687299551,0.516470708225143,-7.9005496257619,0.365523563658356,0.329419057720564,-8.22996868348247,-7.53502606210355
"200",7.96,7028,7126,7077,-8.00031820396979,0.0269678719963519,0.383090372199337,0.191545186099668,0.2,0.04,0.01,0.1592,0.0499977394410062,0.00572898171646882,-7.97728833652514,0.322281683072413,0.280215708417617,-8.25750404494275,-7.65500665345272,-0.00960461687299551,0.516470708225143,-7.94071584765579,0.365870773688847,0.329418856533253,-8.27013470418904,-7.57484507396694
"201",8,7028,7127.025,7077.5125,-8.04031820396979,0.0269678719963519,0.383090372199337,0.191545186099668,0.2,0.04,0.01,0.16,0.0498308779754221,0.00572982250353111,-8.01745519799072,0.322677674749346,0.280215777181879,-8.2976709751726,-7.69477752324137,-0.00960461687299551,0.516470708225143,-7.98088270912137,0.366219635706953,0.329418915026647,-8.31030162414802,-7.61466307341442
"202",8.04,7029,7129,7079,-8.08031820396979,0.0269678719963519,0.383090372199337,0.191545186099668,0.2,0.04,0.01,0.1608,0.0496627504497134,0.00571948596539486,-8.05762332551643,0.323074369761499,0.280214932501446,-8.33783825801788,-7.73454895575493,-0.00960461687299551,0.516470708225143,-8.02105083664708,0.366569213372425,0.329418196510877,-8.35046903315796,-7.65448162327466
"203",8.08,7031.975,7130.025,7081,-8.12031820396979,0.0269678719963519,0.383090372199337,0.191545186099668,0.2,0.04,0.01,0.1616,0.0494913842300887,0.00571231467129564,-8.09779469173605,0.323472781658013,0.280214347372814,-8.37800903910887,-7.77432191007804,-0.00960461687299551,0.516470708225143,-8.06122220286671,0.366920400453914,0.329417698779621,-8.39063990164633,-7.69430180241279
"204",8.12,7033.975,7132,7082.9875,-8.16031820396979,0.0269678719963519,0.383090372199337,0.191545186099668,0.2,0.04,0.01,0.1624,0.0493144430379957,0.00570961043731956,-8.13797163292815,0.323872995051055,0.280214126916079,-8.41818575984422,-7.81409863787709,-0.00960461687299551,0.516470708225143,-8.1013991440588,0.367273272535627,0.329417511251343,-8.43081665531014,-7.73412587152317
"205",8.16,7035.975,7133,7084.4875,-8.20031820396979,0.0269678719963519,0.383090372199337,0.191545186099668,0.2,0.04,0.01,0.1632,0.0491237040718529,0.00569862987949161,-8.17816237189429,0.324274106039891,0.280213232820954,-8.45837560471525,-7.8538882658544,-0.00960461687299551,0.516470708225143,-8.14158988302494,0.367627033341754,0.329416750702904,-8.47100663372785,-7.77396284968319
"206",8.2,7037.975,7134.025,7086,-8.24031820396979,0.0269678719963519,0.383090372199337,0.191545186099668,0.2,0.04,0.01,0.164,0.0489364005677183,0.00568582872891846,-8.21834967539842,0.324676566618681,0.280212192652809,-8.49856186805123,-7.89367310877974,-0.00960461687299551,0.516470708225143,-8.18177718652908,0.367982082046101,0.329415865900511,-8.51119305242959,-7.81379510448297
"207",8.24,7038.975,7135.025,7087,-8.28031820396979,0.0269678719963519,0.383090372199337,0.191545186099668,0.2,0.04,0.01,0.1648,0.0487395992593611,0.00567678575699192,-8.25854647670678,0.325080762125475,0.280211459266176,-8.53875793597296,-7.93346571458131,-0.00960461687299551,0.516470708225143,-8.22197398783743,0.368338759431815,0.32941524205745,-8.55138922989488,-7.85363522840562
"208",8.28,7040.975,7137,7088.9875,-8.32031820396979,0.0269678719963519,0.383090372199337,0.191545186099668,0.2,0.04,0.01,0.1656,0.0485502236539415,0.00566558285603621,-8.2987358523122,0.325486272574361,0.280210552325124,-8.57894640463732,-7.97324957973784,-0.00960461687299551,0.516470708225143,-8.26216336344285,0.368696695713482,0.329414470583852,-8.5915778340267,-7.89346666772937
"209",8.32,7042,7138,7090,-8.36031820396979,0.0269678719963519,0.383090372199337,0.191545186099668,0.2,0.04,0.01,0.1664,0.0483449664604385,0.00565392922417083,-8.3389411095057,0.325893212541538,0.280209610792786,-8.61915072029849,-8.01304789696417,-0.00960461687299551,0.516470708225143,-8.30236862063636,0.36905599273868,0.32941366968651,-8.63178229032287,-7.93331262789768
"210",8.36,7044,7143,7093.5,-8.40031820396979,0.0269678719963519,0.383090372199337,0.191545186099668,0.2,0.04,0.01,0.1672,0.0481399087908934,0.00565043428581077,-8.37914616717525,0.326302172760816,0.28020932880336,-8.65935549597861,-8.05284399441443,-0.00960461687299551,0.516470708225143,-8.3425736783059,0.369417173049817,0.329413429817484,-8.67198710812338,-7.97315650525608
"211",8.4,7048,7152.075,7100.0375,-8.44031820396979,0.0269678719963519,0.383090372199337,0.191545186099668,0.2,0.04,0.01,0.168,0.0479261479086707,0.0056328725525634,-8.41935992805747,0.326711608809253,0.2802079144684,-8.69956784252587,-8.09264831924822,-0.00960461687299551,0.516470708225143,-8.38278743918812,0.369778873282965,0.329412226740932,-8.71219966592906,-8.01300856590516
"212",8.44,7059.975,7193.05,7126.5125,-8.48031820396979,0.0269678719963519,0.383090372199337,0.191545186099668,0.2,0.04,0.01,0.1688,0.047707469573082,0.00562558490268325,-8.45957860639306,0.327123198718687,0.280207328847669,-8.73978593524073,-8.13245540767437,-0.00960461687299551,0.516470708225143,-8.42300611752371,0.370142576496726,0.329411728594527,-8.75241784611824,-8.05286354102699
"213",8.48,7105,7294,7199.5,-8.52031820396979,0.0269678719963519,0.383090372199337,0.191545186099668,0.2,0.04,0.01,0.1696,0.0474967299956809,0.00561284427569447,-8.49978934597046,0.327535852085553,0.280206306855162,-8.77999565282563,-8.17225349388491,-0.00960461687299551,0.516470708225143,-8.46321685710111,0.370507320031734,0.329410859258006,-8.79262771635912,-8.09270953706938
"214",8.52,7181,7356,7268.5,-8.56031820396979,0.0269678719963519,0.383090372199337,0.191545186099668,0.2,0.04,0.01,0.1704,0.0472804073644725,0.00559693495565072,-8.54000566860167,0.327949723344216,0.280205033933275,-8.82021070253495,-8.21205594525745,-0.00914425023658949,0.491715334232403,-8.50389354636873,0.362363705692792,0.319798835525416,-8.82369238189415,-8.14152984067594
"215",8.56,7230.975,7376.025,7303.5,-8.60031820396979,0.0269678719963519,0.383090372199337,0.191545186099668,0.2,0.04,0.01,0.1712,0.0470632855486321,0.00558174142711469,-8.58022279041751,0.32836507376302,0.280203821650229,-8.86042661206774,-8.25185771665449,-0.00914425023658949,0.491715334232403,-8.54411066818457,0.362739652959609,0.319797773333802,-8.86390844151837,-8.18137101522496
"216",8.6,7257,7387,7322,-8.64031820396979,0.0269678719963519,0.383090372199337,0.191545186099668,0.2,0.04,0.01,0.172,0.0468308652994088,0.00556973794568863,-8.62045521066673,0.32878206496263,0.280202866225689,-8.90065807689242,-8.2916731457041,-0.00914425023658949,0.491715334232403,-8.58434308843379,0.363117171726917,0.319796936200076,-8.90414002463387,-8.22122591670687
"217",8.64,7277.975,7398.025,7338,-8.68031820396979,0.0269678719963519,0.383090372199337,0.191545186099668,0.2,0.04,0.01,0.1728,0.0465896237992252,0.00556324209442685,-8.66069645216692,0.329200845941139,0.280202350040754,-8.94089880220767,-8.33149560622578,-0.00914425023658949,0.491715334232403,-8.62458432993398,0.36349639768535,0.319796483924113,-8.94438081385809,-8.26108793224863
"218",8.68,7299,7412,7355.5,-8.72031820396979,0.0269678719963519,0.383090372199337,0.191545186099668,0.2,0.04,0.01,0.1736,0.0463584286387484,0.00555386981944606,-8.70092764732739,0.329620843087694,0.28020160634415,-8.98112925367154,-8.3713068042397,-0.00914425023658949,0.491715334232403,-8.66481552509445,0.363876812066538,0.319795832305092,-8.98461135739954,-8.30093871302791
"219",8.72,7334.975,7451.025,7393,-8.76031820396979,0.0269678719963519,0.383090372199337,0.191545186099668,0.2,0.04,0.01,0.1744,0.0461111340154942,0.00554859196721897,-8.74117494195065,0.330042521213906,0.280201188093897,-9.02137613004455,-8.41113242073674,-0.00914425023658949,0.491715334232403,-8.70506281971771,0.364258836503791,0.319795465838863,-9.02485828555657,-8.34080398321392
"220",8.76,7344,7486.1,7415.05,-8.80031820396979,0.0269678719963519,0.383090372199337,0.191545186099668,0.2,0.04,0.01,0.1752,0.045860171889898,0.00554113291564128,-8.78142590407625,0.330465451952109,0.280200597668727,-9.06162650174497,-8.45096045212414,-0.00914425023658949,0.491715334232403,-8.7453137818433,0.364642083550125,0.319794948515101,-9.06510873035841,-8.38067169829318
"221",8.8,7350,7511,7430.5,-8.84031820396979,0.0269678719963519,0.383090372199337,0.191545186099668,0.2,0.04,0.01,0.176,0.0456050159620554,0.00552238613535727,-8.82168106000409,0.330889022653319,0.280199117258546,-9.10188017726263,-8.49079203735077,-0.00914425023658949,0.491715334232403,-8.78556893777115,0.365025998353998,0.319793651397793,-9.10536258916894,-8.42054293941715
"222",8.84,7355.975,7528,7441.9875,-8.88031820396979,0.0269678719963519,0.383090372199337,0.191545186099668,0.2,0.04,0.01,0.1768,0.0453474104721874,0.00550590631081539,-8.86193866549396,0.331314138447442,0.280197820004315,-9.14213648549827,-8.53062452704651,-0.00914425023658949,0.491715334232403,-8.82582654326101,0.365411401706398,0.319792514760797,-9.14561905802181,-8.46041514155462
"223",8.88,7359,7542,7450.5,-8.92031820396979,0.0269678719963519,0.383090372199337,0.191545186099668,0.2,0.04,0.01,0.1776,0.045090878145167,0.00549057244383964,-8.90219519782098,0.331740717821917,0.280196616433891,-9.18239181425487,-8.57045447999906,-0.00914425023658949,0.491715334232403,-8.86608307558804,0.365798220365908,0.319791460209408,-9.18587453579744,-8.50028485522213
"224",8.92,7366.95,7552.025,7459.4875,-8.96031820396979,0.0269678719963519,0.383090372199337,0.191545186099668,0.2,0.04,0.01,0.1784,0.0448140290667388,0.00546251159709344,-8.9424720468994,0.332167840781961,0.280194422588584,-9.22266646948799,-8.61030420611744,-0.00914425023658949,0.491715334232403,-8.90635992466646,0.366185620432609,0.319789537995874,-9.22614946266234,-8.54017430423385
"225",8.96,7374,7562.05,7468.025,-9.00031820396979,0.0269678719963519,0.383090372199337,0.191545186099668,0.2,0.04,0.01,0.1792,0.0445431676342757,0.00545583124189951,-8.98274290833187,0.332597749084562,0.280193901960976,-9.26293681029284,-8.65014515924731,-0.00914425023658949,0.491715334232403,-8.94663078609893,0.366575635930678,0.31978908183048,-9.26641986792941,-8.58005515016825
"226",9,7380,7576.075,7478.0375,-9.04031820396979,0.0269678719963519,0.383090372199337,0.191545186099668,0.2,0.04,0.01,0.18,0.0442669466155383,0.00545010798276238,-9.0230191293506,0.333029087357323,0.280193456429753,-9.30321258578036,-8.68999004199328,-0.00914425023658949,0.491715334232403,-8.98690700711766,0.366967038285342,0.319788691463466,-9.30669569858113,-8.61993996883232
"227",9.04,7389.975,7587.05,7488.5125,-9.08031820396979,0.0269678719963519,0.383090372199337,0.191545186099668,0.2,0.04,0.01,0.1808,0.043994710888578,0.00543808278597101,-9.06329136507756,0.333461376017531,0.280192521840796,-9.34348388691836,-8.72982998906003,-0.00914425023658949,0.491715334232403,-9.02717924284462,0.367359392771397,0.319787872592707,-9.34696711543733,-8.65981985007323
"228",9.08,7396.975,7595.05,7496.0125,-9.12031820396979,0.0269678719963519,0.383090372199337,0.191545186099668,0.2,0.04,0.01,0.1816,0.0437059687951445,0.00541094621492283,-9.103580107171,0.333894042584949,0.280190420381782,-9.38377052755278,-8.76968606458605,-0.00914425023658949,0.491715334232403,-9.06746798493806,0.367752179919554,0.319786031332802,-9.38725401627086,-8.6997158050185
"229",9.12,7402.975,7601,7501.9875,-9.16031820396979,0.0269678719963519,0.383090372199337,0.191545186099668,0.2,0.04,0.01,0.1824,0.0434083656666047,0.00539511816327114,-9.14387771029954,0.334328801508245,0.280189199502656,-9.42406690980219,-8.80954890879129,-0.00914425023658949,0.491715334232403,-9.1077655880666,0.368146956635259,0.319784961622343,-9.42755054968894,-8.73961863143134
"230",9.16,7412,7607.025,7509.5125,-9.20031820396979,0.0269678719963519,0.383090372199337,0.191545186099668,0.2,0.04,0.01,0.1832,0.0431175007301972,0.00538073389141309,-9.18416857523595,0.334765003408059,0.280188093085337,-9.46435666832128,-8.84940357182789,-0.00914425023658949,0.491715334232403,-9.148056453003,0.368543134067997,0.31978399220202,-9.46784044520502,-8.77951331893501
"231",9.2,7421,7613.05,7517.025,-9.24031820396979,0.0269678719963519,0.383090372199337,0.191545186099668,0.2,0.04,0.01,0.184,0.0428108487432534,0.00535782982833285,-9.22447522722289,0.335202004289703,0.280186337425354,-9.50466156464824,-8.88927322293319,-0.00914425023658949,0.491715334232403,-9.18836310498995,0.368940127719524,0.319782453930322,-9.50814555892027,-8.81942297727042
"232",9.24,7423.975,7618,7520.9875,-9.28031820396979,0.0269678719963519,0.383090372199337,0.191545186099668,0.2,0.04,0.01,0.1848,0.0425145328754698,0.00533793705362405,-9.26477154309067,0.335640540766324,0.280184818657097,-9.54495636174777,-8.92913100232435,-0.00914425023658949,0.491715334232403,-9.22865942085773,0.369338607199105,0.31978112321989,-9.54844054407762,-8.85932081365863
"233",9.28,7429.975,7624,7526.9875,-9.32031820396979,0.0269678719963519,0.383090372199337,0.191545186099668,0.2,0.04,0.01,0.1856,0.0422004277990625,0.00531284594190982,-9.30508564816708,0.336080085167161,0.280182911052702,-9.58526855921978,-8.96900556299992,-0.00914425023658949,0.491715334232403,-9.26897352593414,0.369738093530854,0.319779451822394,-9.58875297775653,-8.89923543240328
"234",9.32,7441,7630,7535.5,-9.36031820396979,0.0269678719963519,0.383090372199337,0.191545186099668,0.2,0.04,0.01,0.1864,0.0418860018103234,0.00529662687111337,-9.34540007415582,0.33652152285226,0.280181682739618,-9.62558175689544,-9.00887855130356,-0.00914425023658949,0.491715334232403,-9.30928795192288,0.370139391992622,0.31977837560515,-9.62906632752803,-8.93914855993025
"235",9.36,7449.975,7636,7542.9875,-9.40031820396979,0.0269678719963519,0.383090372199337,0.191545186099668,0.2,0.04,0.01,0.1872,0.0415794707654818,0.00528613195161118,-9.38570660520066,0.336964643667546,0.280180889930052,-9.66588749513071,-9.04874196153311,-0.00914425023658949,0.491715334232403,-9.34959448296772,0.370542312352935,0.319777680965793,-9.66937216393351,-8.97905217061478
"236",9.4,7472.975,7645.025,7559,-9.44031820396979,0.0269678719963519,0.383090372199337,0.191545186099668,0.2,0.04,0.01,0.188,0.0412491846677007,0.00527370648963108,-9.42603689129844,0.337408959926247,0.280179953313066,-9.70621684461151,-9.0886279313722,-0.00914425023658949,0.491715334232403,-9.3899247690655,0.370946411763716,0.31977686032666,-9.70970162939216,-9.01897835730179
"237",9.44,7485,7647,7566,-9.48031820396979,0.0269678719963519,0.383090372199337,0.191545186099668,0.2,0.04,0.01,0.1888,0.0409152215331259,0.00524888466957274,-9.46637085443302,0.337853816730039,0.280178088863235,-9.74654894329625,-9.12851703770298,-0.00914425023658949,0.491715334232403,-9.43025873220008,0.371351094842763,0.319775226746724,-9.7500339589468,-9.05890763735731
"238",9.48,7490.975,7649,7569.9875,-9.52031820396979,0.0269678719963519,0.383090372199337,0.191545186099668,0.2,0.04,0.01,0.1896,0.0405658708486846,0.00522639894294565,-9.50672020511746,0.338300131985786,0.280176407467866,-9.78689661258533,-9.16842007313167,-0.00914425023658949,0.491715334232403,-9.47060808288452,0.371757196922217,0.319773753556267,-9.79038183644079,-9.0988508859623
"239",9.52,7494,7651,7572.5,-9.56031820396979,0.0269678719963519,0.383090372199337,0.191545186099668,0.2,0.04,0.01,0.1904,0.0402255927122539,0.00520777924662922,-9.54706048325389,0.338747992136755,0.28017502061512,-9.82723550386901,-9.20831249111713,-0.00914425023658949,0.491715334232403,-9.51094836102095,0.372164797285487,0.319772538437164,-9.83072089945811,-9.13878356373546
"240",9.56,7500,7652.025,7576.0125,-9.60031820396979,0.0269678719963519,0.383090372199337,0.191545186099668,0.2,0.04,0.01,0.1912,0.0398756989703533,0.00518750931340388,-9.58741037699579,0.339197050885563,0.280173516466962,-9.86758389346275,-9.24821332611023,-0.00914425023658949,0.491715334232403,-9.55129825476285,0.372573581311568,0.319771220548891,-9.87106947531174,-9.17872467345128
"241",9.6,7509,7655,7582,-9.64031820396979,0.0269678719963519,0.383090372199337,0.191545186099668,0.2,0.04,0.01,0.192,0.0395224096013528,0.00516024717656611,-9.62776366636479,0.339646979850623,0.280171502693707,-9.9079351690585,-9.28811668651417,-0.00914425023658949,0.491715334232403,-9.59165154413185,0.372983250406119,0.319769456145383,-9.91142100027723,-9.21866829372573
"242",9.64,7517.95,7656.025,7586.9875,-9.68031820396979,0.0269678719963519,0.383090372199337,0.191545186099668,0.2,0.04,0.01,0.1928,0.0391545849740264,0.00514008183213879,-9.66813149099212,0.340098632874231,0.280170019957384,-9.9483015109495,-9.32803285811789,-0.00914425023658949,0.491715334232403,-9.63201936875918,0.37339458250594,0.319768157021279,-9.95178752578046,-9.25862478625324
"243",9.68,7522.975,7658,7590.4875,-9.72031820396979,0.0269678719963519,0.383090372199337,0.191545186099668,0.2,0.04,0.01,0.1936,0.0387856862916775,0.00510536956172658,-9.70850038967447,0.340550697417292,0.280167481181175,-9.98866787085564,-9.36794969225717,-0.00914425023658949,0.491715334232403,-9.67238826744152,0.373806382601031,0.319765932633963,-9.99215420007549,-9.29858188484049
"244",9.72,7527,7659,7593,-9.76031820396979,0.0269678719963519,0.383090372199337,0.191545186099668,0.2,0.04,0.01,0.1944,0.0384087222625793,0.005074552722371,-9.74887735370356,0.341004285397244,0.2801652417044,-10.029042595408,-9.40787306830632,-0.00914425023658949,0.491715334232403,-9.71276523147062,0.374219663862215,0.319763970486278,-10.0325292019569,-9.33854556760841
"245",9.76,7532.975,7660.025,7596.5,-9.80031820396979,0.0269678719963519,0.383090372199337,0.191545186099668,0.2,0.04,0.01,0.1952,0.0380220921341801,0.00504111173661916,-9.78926398383196,0.341459001269729,0.280162826849175,-10.0694268106811,-9.44780498256223,-0.00914425023658949,0.491715334232403,-9.75315186159902,0.374634066403451,0.319761854682489,-10.0729137162815,-9.37851779519557
"246",9.8,7540,7663,7601.5,-9.84031820396979,0.0269678719963519,0.383090372199337,0.191545186099668,0.2,0.04,0.01,0.196,0.0376390000262584,0.00501709388341148,-9.82964707593989,0.341915549868819,0.28016110230026,-10.1098081782401,-9.48773152607107,-0.00914425023658949,0.491715334232403,-9.79353495370694,0.375050233174119,0.31976034370128,-10.1132952974082,-9.41848472053283
"247",9.84,7546,7664,7605,-9.88031820396979,0.0269678719963519,0.383090372199337,0.191545186099668,0.2,0.04,0.01,0.1968,0.0372526404759748,0.00498295072832762,-9.87003343549017,0.342372775655134,0.280158664884384,-10.1501921003746,-9.52766065983503,-0.00914425023658949,0.491715334232403,-9.83392131325723,0.375467111304925,0.319758208138063,-10.1536795213953,-9.4584542019523
"248",9.88,7554.975,7665.025,7610,-9.92031820396979,0.0269678719963519,0.383090372199337,0.191545186099668,0.2,0.04,0.01,0.1976,0.0368558427289926,0.00495855103040247,-9.91043023323715,0.342831835206769,0.28015693322001,-10.1905871664572,-9.56759839803038,-0.00914425023658949,0.491715334232403,-9.87431811100421,0.375885755773088,0.319756690927814,-10.194074801932,-9.49843235523112
"249",9.92,7564,7667,7615.5,-9.96031820396979,0.0269678719963519,0.383090372199337,0.191545186099668,0.2,0.04,0.01,0.1984,0.036441286070892,0.00491905831555316,-9.95084478989525,0.34329128572803,0.280154148384071,-10.2309989382793,-9.60755350416722,-0.00914425023658949,0.491715334232403,-9.91473266766231,0.376304851176102,0.31975425097826,-10.2344869186406,-9.53842781648621
"250",9.96,7573.95,7670,7621.975,-10.0003182039698,0.0269678719963519,0.383090372199337,0.191545186099668,0.2,0.04,0.01,0.1992,0.036032469272076,0.00487490497086937,-9.99125360669407,0.343751737612854,0.280151061236356,-10.2714046679304,-9.64750186908121,-0.00914425023658949,0.491715334232403,-9.95514148446113,0.376724954408015,0.319751546163144,-10.2748930306243,-9.57841653005311
"251",10,7580.95,7672,7626.475,-10.0403182039698,0.0269678719963519,0.383090372199337,0.191545186099668,0.2,0.04,0.01,0.2,0.0356173833028623,0.00484217368650277,-10.0316686926633,0.344214097477134,0.280148790648822,-10.3118174833121,-9.68745459518615,-0.00914425023658949,0.491715334232403,-9.99555657043034,0.377146893217831,0.319749556784465,-10.3153061272148,-9.61840967721251
"252",10.04,7593.975,7684,7638.9875,-10.0803182039698,0.0269678719963519,0.383090372199337,0.191545186099668,0.2,0.04,0.01,0.2008,0.0351854151951321,0.00480817872990504,-10.072100660771,0.344677635840725,0.280146448574226,-10.3522471093452,-9.72742302493029,-0.00914425023658949,0.491715334232403,-10.0359885385381,0.377570002530148,0.319747504776215,-10.3557360433143,-9.65841853600792
"253",10.08,7605.975,7698,7651.9875,-10.1203182039698,0.0269678719963519,0.383090372199337,0.191545186099668,0.2,0.04,0.01,0.2016,0.0347546953590851,0.00478290126369548,-10.1125313806071,0.345142902137578,0.280144717772707,-10.3926760983798,-9.76738847846948,-0.00914425023658949,0.491715334232403,-10.0764192583741,0.377994784432026,0.319745988337327,-10.3961652467114,-9.69842447394209
"254",10.12,7610,7710,7660,-10.1603182039698,0.0269678719963519,0.383090372199337,0.191545186099668,0.2,0.04,0.01,0.2024,0.0343239885956036,0.00475717830453192,-10.1529620873705,0.345609376753064,0.280142965822169,-10.4331050531927,-9.80735271061747,-0.00914425023658949,0.491715334232403,-10.1168499651376,0.378420765103483,0.319744453370978,-10.4365944185086,-9.73842920003411
"255",10.16,7617,7719.025,7668.0125,-10.2003182039698,0.0269678719963519,0.383090372199337,0.191545186099668,0.2,0.04,0.01,0.2032,0.0338680967858556,0.00471600893565387,-10.1934179791803,0.346076236224161,0.28014018147899,-10.4735581606593,-9.84734174295613,-0.00914425023658949,0.491715334232403,-10.1573058569473,0.378847192732038,0.319742013881419,-10.4770478708288,-9.77845866421531
"256",10.2,7622,7725.025,7673.5125,-10.2403182039698,0.0269678719963519,0.383090372199337,0.191545186099668,0.2,0.04,0.01,0.204,0.0334092538255044,0.00468249972264345,-10.2338768221406,0.346544746796957,0.280137933048288,-10.5140147551889,-9.88733207534368,-0.00914425023658949,0.491715334232403,-10.1977646999077,0.379275224203257,0.319740043933241,-10.5175047438409,-9.81848947570444
"257",10.24,7627.975,7733.025,7680.5,-10.2803182039698,0.0269678719963519,0.383090372199337,0.191545186099668,0.2,0.04,0.01,0.2048,0.0329422048601723,0.00464072671486165,-10.274343871106,0.347014039623363,0.2801351525527,-10.5544790236587,-9.92732983148261,-0.00914425023658949,0.491715334232403,-10.238231748873,0.379704066158883,0.319737607824899,-10.5579693566979,-9.85852768271415
"258",10.28,7635.975,7743,7689.4875,-10.3203182039698,0.0269678719963519,0.383090372199337,0.191545186099668,0.2,0.04,0.01,0.2056,0.0324801660055315,0.00460579742610405,-10.3148059099606,0.347484923122828,0.280132846695417,-10.594938756656,-9.96732098683778,-0.00914425023658949,0.491715334232403,-10.2786937877277,0.380134457737709,0.319735587571265,-10.5984293752989,-9.89855932998996
"259",10.32,7642,7752,7697,-10.3603182039698,0.0269678719963519,0.383090372199337,0.191545186099668,0.2,0.04,0.01,0.2064,0.0320029730689935,0.00457633740432008,-10.3552831028972,0.347957310275426,0.280130915420111,-10.6354140183173,-10.0073257926217,-0.00914425023658949,0.491715334232403,-10.3191709806642,0.380566320023164,0.319733895506832,-10.638904876171,-9.93860466064104
"260",10.36,7649.95,7760.025,7704.9875,-10.4003182039698,0.0269678719963519,0.383090372199337,0.191545186099668,0.2,0.04,0.01,0.2072,0.0315253111937751,0.00454626120491374,-10.3957607647724,0.348430871596835,0.280128956521331,-10.6758897212937,-10.0473298931755,-0.00914425023658949,0.491715334232403,-10.3596486425394,0.380999352287631,0.319732179243182,-10.6793808217826,-9.97864929025179
"261",10.4,7654.975,7767,7710.9875,-10.4403182039698,0.0269678719963519,0.383090372199337,0.191545186099668,0.2,0.04,0.01,0.208,0.0310333315882145,0.00449865926904826,-10.4362527443779,0.348904729201014,0.280125882522184,-10.7163786269001,-10.0873480151769,-0.00914425023658949,0.491715334232403,-10.400140622145,0.381432751898283,0.319729486004492,-10.7198701081495,-10.0187078702467
"262",10.44,7665,7774,7719.5,-10.4803182039698,0.0269678719963519,0.383090372199337,0.191545186099668,0.2,0.04,0.01,0.2088,0.0305404173927163,0.00446530149324475,-10.4767456585734,0.349380528918912,0.280123747632469,-10.7568694062059,-10.1273651296545,-0.00914425023658949,0.491715334232403,-10.4406335363405,0.381868024518319,0.319727615556622,-10.7603611518971,-10.0587655118222
"263",10.48,7680.975,7794,7737.4875,-10.5203182039698,0.0269678719963519,0.383090372199337,0.191545186099668,0.2,0.04,0.01,0.2096,0.0300341024997659,0.00440861008819772,-10.5172519734664,0.349856344360933,0.28012015580746,-10.7973721292738,-10.1673956291054,-0.00914425023658949,0.491715334232403,-10.4811398512334,0.382303408108612,0.319724468646771,-10.8008643198802,-10.0988364431248
"264",10.52,7691,7819.025,7755.0125,-10.5603182039698,0.0269678719963519,0.383090372199337,0.191545186099668,0.2,0.04,0.01,0.2104,0.0295203419478434,0.00436490137867213,-10.5577657340183,0.35033402314668,0.28011741783427,-10.8378831518526,-10.2074317108716,0.0269678719963519,0.383090372199337,-10.5577657340183,0.35033402314668,0.28011741783427,-10.8378831518526,-10.2074317108716
"265",10.56,7699,7832.025,7765.5125,-10.6003182039698,0.0269678719963519,0.383090372199337,0.191545186099668,0.2,0.04,0.01,0.2112,0.0289963450552409,0.00431386223399491,-10.5982897309109,0.350812536759239,0.280114255166445,-10.8784039860773,-10.2474771941517,0.0269678719963519,0.383090372199337,-10.5982897309109,0.350812536759239,0.280114255166445,-10.8784039860773,-10.2474771941517
"266",10.6,7707,7841.05,7774.025,-10.6403182039698,0.0269678719963519,0.383090372199337,0.191545186099668,0.2,0.04,0.01,0.212,0.0284571608387204,0.00426013365483775,-10.6388289151274,0.351292119571426,0.280110965999164,-10.9189398811266,-10.287536795556,0.0269678719963519,0.383090372199337,-10.6388289151274,0.351292119571426,0.280110965999164,-10.9189398811266,-10.287536795556
"267",10.64,7714.975,7856.05,7785.5125,-10.6803182039698,0.0269678719963519,0.383090372199337,0.191545186099668,0.2,0.04,0.01,0.2128,0.0278985294956079,0.00419730209144541,-10.6793875464705,0.351772465803315,0.280107171806336,-10.9594947182769,-10.3276150806672,0.0269678719963519,0.383090372199337,-10.6793875464705,0.351772465803315,0.280107171806336,-10.9594947182769,-10.3276150806672
"268",10.68,7719.975,7867.025,7793.5,-10.7203182039698,0.0269678719963519,0.383090372199337,0.191545186099668,0.2,0.04,0.01,0.2136,0.0273163163912906,0.00412898716066,-10.7199697595749,0.352253761453087,0.280103110403737,-11.0000728699786,-10.3677159981218,0.0269678719963519,0.383090372199337,-10.7199697595749,0.352253761453087,0.280103110403737,-11.0000728699786,-10.3677159981218
"269",10.72,7732,7883.05,7807.525,-10.7603182039698,0.0269678719963519,0.383090372199337,0.191545186099668,0.2,0.04,0.01,0.2144,0.0267380689991318,0.00406869013934772,-10.760548006967,0.352736637274549,0.280099580998895,-11.0406475879659,-10.4078113696925,0.0269678719963519,0.383090372199337,-10.760548006967,0.352736637274549,0.280099580998895,-11.0406475879659,-10.4078113696925
"270",10.76,7746.975,7898.025,7822.5,-10.8003182039698,0.0269678719963519,0.383090372199337,0.191545186099668,0.2,0.04,0.01,0.2152,0.0261639649997628,0.0040059115572566,-10.8011221109664,0.353220593436417,0.280095961462451,-11.0812180724288,-10.44790151753,0.0269678719963519,0.383090372199337,-10.8011221109664,0.353220593436417,0.280095961462451,-11.0812180724288,-10.44790151753
"271",10.8,7768,7922,7845,-10.8403182039698,0.0269678719963519,0.383090372199337,0.191545186099668,0.2,0.04,0.01,0.216,0.0255677492920815,0.00394976493950935,-10.8417183266741,0.353706037395838,0.280092771935061,-11.1218110986091,-10.4880122892782,0.0269678719963519,0.383090372199337,-10.8417183266741,0.353706037395838,0.280092771935061,-11.1218110986091,-10.4880122892782
"272",10.84,7783.975,7928,7855.9875,-10.8803182039698,0.0269678719963519,0.383090372199337,0.191545186099668,0.2,0.04,0.01,0.2168,0.0249632203551983,0.00387900829576338,-10.8823228556109,0.354192017328724,0.280088816519673,-11.1624116721306,-10.5281308382822,0.0269678719963519,0.383090372199337,-10.8823228556109,0.354192017328724,0.280088816519673,-11.1624116721306,-10.5281308382822
"273",10.88,7793,7937,7865,-10.9203182039698,0.0269678719963519,0.383090372199337,0.191545186099668,0.2,0.04,0.01,0.2176,0.0243410028142523,0.00381215400174587,-10.9229450731519,0.354679359972481,0.280085144894349,-11.2030302180462,-10.5682657131794,0.0269678719963519,0.383090372199337,-10.9229450731519,0.354679359972481,0.280085144894349,-11.2030302180462,-10.5682657131794
"274",10.92,7797,7952,7874.5,-10.9603182039698,0.0269678719963519,0.383090372199337,0.191545186099668,0.2,0.04,0.01,0.2184,0.0237093325057611,0.00373235396099937,-10.9635767434604,0.35516734109757,0.280080845796919,-11.2436575892573,-10.6084094023628,0.0269678719963519,0.383090372199337,-10.9635767434604,0.35516734109757,0.280080845796919,-11.2436575892573,-10.6084094023628
"275",10.96,7806.95,7958,7882.475,-11.0003182039698,0.0269678719963519,0.383090372199337,0.191545186099668,0.2,0.04,0.01,0.2192,0.0230728632537518,0.00366721408626844,-11.0042132127124,0.355657127237139,0.280077403862887,-11.2842906165753,-10.6485560854753,0.0269678719963519,0.383090372199337,-11.0042132127124,0.355657127237139,0.280077403862887,-11.2842906165753,-10.6485560854753
"276",11,7811,7965,7888,-11.0403182039698,0.0269678719963519,0.383090372199337,0.191545186099668,0.2,0.04,0.01,0.22,0.0224154626809918,0.00358860361407358,-11.0448706132852,0.356147540524362,0.28007333079312,-11.3249439440783,-10.6887230727608,0.0269678719963519,0.383090372199337,-11.0448706132852,0.356147540524362,0.28007333079312,-11.3249439440783,-10.6887230727608
"277",11.04,7819.975,7973.025,7896.5,-11.0803182039698,0.0269678719963519,0.383090372199337,0.191545186099668,0.2,0.04,0.01,0.2208,0.0217409997675007,0.00350271752714315,-11.0855450761986,0.356638857162616,0.28006898157107,-11.3656140577697,-10.728906219036,0.0269678719963519,0.383090372199337,-11.0855450761986,0.356638857162616,0.28006898157107,-11.3656140577697,-10.728906219036
"278",11.08,7825.975,7978,7901.9875,-11.1203182039698,0.0269678719963519,0.383090372199337,0.191545186099668,0.2,0.04,0.01,0.2216,0.0210536287295359,0.00342892765462675,-11.1262324472366,0.357131836297745,0.280065328981292,-11.4062977762179,-10.7691006109389,0.0269678719963519,0.383090372199337,-11.1262324472366,0.357131836297745,0.280065328981292,-11.4062977762179,-10.7691006109389
"279",11.12,7835.925,7983.025,7909.475,-11.1603182039698,0.0269678719963519,0.383090372199337,0.191545186099668,0.2,0.04,0.01,0.2224,0.0203348990441142,0.00335417588727268,-11.166951176922,0.357625950262964,0.280061708024299,-11.4470128849463,-10.8093252266591,0.0269678719963519,0.383090372199337,-11.166951176922,0.357625950262964,0.280061708024299,-11.4470128849463,-10.8093252266591
"280",11.16,7843.975,7988.025,7916,-11.2003182039698,0.0269678719963519,0.383090372199337,0.191545186099668,0.2,0.04,0.01,0.2232,0.0196223326372722,0.00326681204508895,-11.2076637433289,0.358120770916333,0.28005757722602,-11.4877213205549,-10.8495429724125,0.0269678719963519,0.383090372199337,-11.2076637433289,0.358120770916333,0.28005757722602,-11.4877213205549,-10.8495429724125
"281",11.2,7852,7991,7921.5,-11.2403182039698,0.0269678719963519,0.383090372199337,0.191545186099668,0.2,0.04,0.01,0.224,0.018884820367017,0.00319154873277597,-11.2484012555991,0.358617208526322,0.280054105935284,-11.5284553615344,-10.8897840470728,0.0269678719963519,0.383090372199337,-11.2484012555991,0.358617208526322,0.280054105935284,-11.5284553615344,-10.8897840470728
"282",11.24,7861,7995,7928,-11.2803182039698,0.0269678719963519,0.383090372199337,0.191545186099668,0.2,0.04,0.01,0.2248,0.0181134261895396,0.00305971484100364,-11.2891726497766,0.359112859331979,0.280048220379258,-11.5692208701559,-10.9300597904446,0.0269678719963519,0.383090372199337,-11.2891726497766,0.359112859331979,0.280048220379258,-11.5692208701559,-10.9300597904446
"283",11.28,7868.975,8001,7934.9875,-11.3203182039698,0.0269678719963519,0.383090372199337,0.191545186099668,0.2,0.04,0.01,0.2256,0.0173335515002441,0.00293673425813882,-11.3299525244659,0.359610088777231,0.280042953759541,-11.6099954782254,-10.9703424356887,0.0269678719963519,0.383090372199337,-11.3299525244659,0.359610088777231,0.280042953759541,-11.6099954782254,-10.9703424356887
"284",11.32,7881.925,8003.025,7942.475,-11.3603182039698,0.0269678719963519,0.383090372199337,0.191545186099668,0.2,0.04,0.01,0.2264,0.0165319776054848,0.00279895447036981,-11.3707540983607,0.360108115574289,0.280037309840074,-11.6507914082007,-11.0106459827864,0.0269678719963519,0.383090372199337,-11.3707540983607,0.360108115574289,0.280037309840074,-11.6507914082007,-11.0106459827864
"285",11.36,7894,8007.05,7950.525,-11.4003182039698,0.0269678719963519,0.383090372199337,0.191545186099668,0.2,0.04,0.01,0.2272,0.015704861924223,0.00266616508441165,-11.4115812140419,0.360607587361922,0.280032126840807,-11.6916133408827,-11.05097362668,0.0269678719963519,0.383090372199337,-11.4115812140419,0.360607587361922,0.280032126840807,-11.6916133408827,-11.05097362668
"286",11.4,7912,8013.025,7962.5125,-11.4403182039698,0.0269678719963519,0.383090372199337,0.191545186099668,0.2,0.04,0.01,0.228,0.0148449706533445,0.00251136506536751,-11.4524411053128,0.361107720958612,0.280026402569334,-11.7324675078821,-11.0913333843542,0.0269678719963519,0.383090372199337,-11.4524411053128,0.361107720958612,0.280026402569334,-11.7324675078821,-11.0913333843542
"287",11.44,7937,8033.05,7985.025,-11.4803182039698,0.0269678719963519,0.383090372199337,0.191545186099668,0.2,0.04,0.01,0.2288,0.0139484162281183,0.00234113730916737,-11.493337659738,0.361608796925017,0.280020502844985,-11.773358162583,-11.131728862813,0.0269678719963519,0.383090372199337,-11.493337659738,0.361608796925017,0.280020502844985,-11.773358162583,-11.131728862813
"288",11.48,7953.975,8113.025,8033.5,-11.5203182039698,0.0269678719963519,0.383090372199337,0.191545186099668,0.2,0.04,0.01,0.2296,0.0130304456289224,0.00218137724118275,-11.5342556303372,0.362111518657761,0.280015342337933,-11.8142709726752,-11.1721441116795,0.0269678719963519,0.383090372199337,-11.5342556303372,0.362111518657761,0.280015342337933,-11.8142709726752,-11.1721441116795
"289",11.52,7962,8159,8060.5,-11.5603182039698,0.0269678719963519,0.383090372199337,0.191545186099668,0.2,0.04,0.01,0.2304,0.0120580727892542,0.00197030346519073,-11.5752280031769,0.362614460137674,0.280009083247198,-11.8552370864241,-11.2126135430392,0.0269678719963519,0.383090372199337,-11.5752280031769,0.362614460137674,0.280009083247198,-11.8552370864241,-11.2126135430392
"290",11.56,7971,8188.075,8079.5375,-11.6003182039698,0.0269678719963519,0.383090372199337,0.191545186099668,0.2,0.04,0.01,0.2312,0.0110198145115581,0.00171433878321303,-11.6162662614546,0.363118099449492,0.280002346682686,-11.8962686081373,-11.2531481620051,0.0269678719963519,0.383090372199337,-11.6162662614546,0.363118099449492,0.280002346682686,-11.8962686081373,-11.2531481620051
"291",11.6,7979.975,8212.05,8096.0125,-11.6403182039698,0.0269678719963519,0.383090372199337,0.191545186099668,0.2,0.04,0.01,0.232,0.0099169153065145,0.00146364765650689,-11.6573691606596,0.36362360673615,0.279996656008257,-11.9373658166679,-11.2937455539235,0.0269678719963519,0.383090372199337,-11.6573691606596,0.36362360673615,0.279996656008257,-11.9373658166679,-11.2937455539235
