component,RSL,RSLsd,yearBP,siteID,model_ranking
1,358.812853910029,1572.73995113407,-68,1,0
1,407.348889226094,1566.04242555472,14,1,0
1,420.9567945241,1568.24164721799,43,1,0
1,430.176572048571,1571.14871750487,65.5,1,0
1,437.71847372083,1574.65835872211,86.5125,1,0
1,444.067638092209,1578.70543338668,106.975,1,0
1,452.968905578367,1587.19582325405,143.5,1,0
1,461.186922763009,1621.48269651469,261.05,1,0
1,455.334593791049,1638.80446899816,314.525,1,0
1,447.365149729419,1652.0383860258,354.925,1,0
1,439.20674372511,1662.30238125329,386.4875,1,0
1,427.346845976543,1674.42950895934,424.5125,1,0
1,416.224080612883,1684.00902180056,455.475,1,0
1,402.50488162972,1694.25047916407,489.9125,1,0
1,380.437756940722,1708.18415769412,540.0125,1,0
1,359.710234316997,1719.18509952418,583.5125,1,0
1,306.117050089873,1740.92955554525,688.9375,1,0
1,226.44732330041,1759.7973769562,847.125,1,0
1,135.009915137663,1762.98284963257,1074,1,0
1,87.1603111741133,1752.49596024087,1254.55,1,0
1,54.1776755424216,1736.55943569457,1438.0125,1,0
1,41.3221716000699,1729.87301566055,1516.4625,1,0
1,30.8762378608808,1725.38126190968,1574.9625,1,0
1,17.0551091469824,1720.96521112503,1641.5375,1,0
1,0.529039345216006,1717.4640338097,1706.475,1,0
1,-43.8195268018171,1713.07675501177,1831.4875,1,0
1,-160.623791134451,1712.29623985012,2025.0375,1,0
1,-449.961940543726,1717.12803239618,2292.0375,1,0
1,-746.69795964146,1713.45667527312,2489.5125,1,0
1,-868.437535865698,1709.04427866804,2566.0125,1,0
1,-953.696524027735,1705.2274574158,2620.5,1,0
1,-1021.90616707318,1701.93942783996,2665.525,1,0
1,-1091.28240659274,1698.60785281836,2713.5,1,0
1,-1143.04982178798,1696.29873405114,2751.4125,1,0
1,-1200.43659710418,1694.08748705981,2796.5125,1,0
1,-1251.39833187871,1692.62318882184,2840.475,1,0
1,-1307.06096289353,1691.88896610836,2895,1,0
1,-1416.48913390422,1695.89961290202,3050.05,1,0
1,-1447.65904426062,1700.14422916916,3136.4625,1,0
1,-1456.02577379858,1701.98175837111,3176.9625,1,0
1,-1462.5665663518,1704.15589148837,3241.4625,1,0
1,-1462.62349990383,1704.9667436904,3303.5,1,0
1,-1460.47902105702,1704.73432419313,3340.9625,1,0
1,-1457.91114493413,1704.14113024093,3370.9375,1,0
1,-1455.39149183501,1703.39004834933,3395.5,1,0
1,-1452.14420512738,1702.23351557153,3424,1,0
1,-1449.20241691219,1701.01943261172,3448.3625,1,0
1,-1445.74167481018,1699.38686796985,3476.475,1,0
1,-1441.98895962909,1697.33950685471,3507.4875,1,0
1,-1437.50828330731,1694.41443158079,3547.35,1,0
1,-1433.14934028685,1690.77246277389,3593.4875,1,0
1,-1430.85619523702,1688.22595002911,3624.9875,1,0
1,-1429.38628097717,1686.02279509235,3652.4375,1,0
1,-1428.73895505536,1684.67919454563,3669.4875,1,0
1,-1428.11429477576,1682.39665539037,3699.3875,1,0
1,-1428.07505767094,1680.78994656425,3721.4625,1,0
1,-1428.27759188041,1679.6419107093,3737.95,1,0
1,-1428.6174147143,1678.67042361534,3752.4875,1,0
1,-1429.42931627342,1677.25275107337,3774.9125,1,0
1,-1431.0697868648,1675.49303869237,3805.4375,1,0
1,-1432.6935598175,1674.30253112957,3828.4875,1,0
1,-1435.07672261307,1673.02723018908,3856.425,1,0
1,-1437.25607367884,1672.15617818867,3878.425,1,0
1,-1440.74633103656,1671.13482250215,3909.325,1,0
1,-1448.26808080729,1669.8887791144,3964.9625,1,0
1,-1465.79107444361,1669.36565500669,4062.9625,1,0
1,-1484.04660889087,1669.97035611534,4137.85,1,0
1,-1500.67194438912,1670.61425316248,4191.45,1,0
1,-1513.87523440178,1671.03076338487,4227.425,1,0
1,-1537.01812928356,1671.50155176204,4280.9125,1,0
1,-1557.70998533396,1671.67385542298,4321.525,1,0
1,-1576.61091490323,1671.67121449884,4354.4125,1,0
1,-1594.96577755222,1671.55737316895,4383.425,1,0
1,-1612.06576453755,1671.37605271389,4408.3875,1,0
1,-1631.66298176255,1671.1002380335,4435,1,0
1,-1645.73180293618,1670.86771573879,4453,1,0
1,-1672.36631889781,1670.36822008565,4484.975,1,0
1,-1699.65971231321,1669.79790063555,4515.375,1,0
1,-1720.70482462971,1669.32918777903,4537.4625,1,0
1,-1749.90963688027,1668.64767643283,4566.475,1,0
1,-1784.76657925174,1667.79692715255,4599,1,0
1,-1839.08242214797,1666.40340598921,4645.975,1,0
1,-1894.93775357027,1664.88669632682,4690.4875,1,0
1,-2038.16403669817,1660.58188539701,4791.55,1,0
1,-2327.64180761389,1650.468169257,4958.525,1,0
1,-2503.53076241072,1644.31572297872,5045.05,1,0
1,-2568.10905373842,1642.22585668237,5074.9875,1,0
1,-2624.50957122259,1640.50905949586,5100.5125,1,0
1,-2668.29828295438,1639.25572831688,5119.9875,1,0
1,-2713.79762233933,1638.03392286596,5139.95,1,0
1,-2768.15359812323,1636.68972026141,5163.4875,1,0
1,-2856.07623033132,1634.79997721751,5201,1,0
1,-2909.37894743634,1633.83472326443,5223.5,1,0
1,-2949.89455646276,1633.19500944999,5240.525,1,0
1,-2980.86564354505,1632.76151172354,5253.5125,1,0
1,-3003.53689034516,1632.47481757336,5263.0125,1,0
1,-3026.17966631241,1632.21441462451,5272.5,1,0
1,-3051.19671666948,1631.95675268267,5282.9875,1,0
1,-3064.33603473241,1631.83409835608,5288.5,1,0
1,-3083.38590898411,1631.67155793827,5296.5,1,0
1,-3104.81262412155,1631.51042778039,5305.5125,1,0
1,-3153.30470818141,1631.22929413527,5325.9875,1,0
1,-3227.20684494963,1631.01766306717,5357.5,1,0
1,-3256.22620820859,1631.00324039222,5370.0125,1,0
1,-3281.52595107676,1631.02080649647,5381,1,0
1,-3294.14908091584,1631.03981141561,5386.5125,1,0
1,-3306.60893619945,1631.0650161187,5391.975,1,0
1,-3314.65107039176,1631.08471914189,5395.5125,1,0
1,-3333.80058109062,1631.1419118922,5403.975,1,0
1,-3348.42040799744,1631.19521740561,5410.475,1,0
1,-3368.52956121648,1631.28167327927,5419.475,1,0
1,-3381.90120994998,1631.34715297299,5425.5,1,0
1,-3389.6897635744,1631.38829563032,5429.025,1,0
1,-3406.09139881749,1631.48133990983,5436.4875,1,0
1,-3415.89614088228,1631.54120157555,5440.975,1,0
1,-3427.87900336506,1631.61835366832,5446.4875,1,0
1,-3436.5847929907,1631.67720168937,5450.5125,1,0
1,-3452.70636567893,1631.79176440501,5458.0125,1,0
1,-3466.57033537654,1631.8958926254,5464.5125,1,0
1,-3477.11232328927,1631.97833900271,5469.4875,1,0
1,-3504.42032417655,1632.20348853545,5482.5125,1,0
1,-3535.25318374159,1632.47450837713,5497.475,1,0
1,-3560.60747263953,1632.70719582104,5510,1,0
1,-3582.52407356212,1632.91257325296,5521,1,0
1,-3620.65120444307,1633.27125401771,5540.55,1,0
1,-3717.64951814339,1634.08277463024,5593,1,0
1,-3880.51345349196,1634.13179742565,5692.025,1,0
1,-3991.2573650023,1631.96611817919,5769.0125,1,0
1,-4048.20005109627,1629.73926492319,5811.9875,1,0
1,-4073.73147126753,1628.44579269503,5832.025,1,0
1,-4098.07036252879,1627.03067367677,5851.575,1,0
1,-4128.24232311081,1625.0210566452,5876.425,1,0
1,-4149.75286169257,1623.4124888119,5894.5625,1,0
1,-4174.11806496046,1621.41337502509,5915.5375,1,0
1,-4197.36944113299,1619.33250885446,5935.9875,1,0
1,-4223.52923399163,1616.79630512958,5959.5125,1,0
1,-4249.00750572095,1614.13991185569,5982.9625,1,0
1,-4274.54611769691,1611.31120260275,6007.0125,1,0
1,-4311.73179501621,1606.94832414797,6043.025,1,0
1,-4354.58596381173,1601.69007074768,6086,1,0
1,-4381.2584820888,1598.38363021704,6113.525,1,0
1,-4410.18321265653,1594.85714511503,6144,1,0
1,-4437.68009240692,1591.64250054546,6173.5,1,0
1,-4484.40400130814,1586.71703953826,6224.4875,1,0
1,-4567.35473799938,1580.50221815304,6315.5375,1,0
1,-4623.76581722172,1578.41844264678,6376,1,0
1,-4648.18133709673,1578.01333932321,6401.5125,1,0
1,-4664.18586634472,1577.89014849084,6417.9875,1,0
1,-4685.37076591467,1577.88159853276,6439.475,1,0
1,-4709.51542787813,1578.05906646867,6463.5,1,0
1,-4719.70710147824,1578.1858168846,6473.4875,1,0
1,-4730.02144263638,1578.34159987271,6483.5,1,0
1,-4738.85741296876,1578.49513214954,6492,1,0
1,-4745.14037174219,1578.61451943199,6498,1,0
1,-4755.14249479352,1578.82063832086,6507.475,1,0
1,-4760.96854055254,1578.9490965015,6512.95,1,0
1,-4769.61256160308,1579.14970680765,6521.0125,1,0
1,-4776.07001280179,1579.30677712128,6526.9875,1,0
1,-4783.70703988103,1579.49968088979,6534,1,0
1,-4791.90628798539,1579.7142762849,6541.4625,1,0
1,-4800.25315887248,1579.93962651868,6548.9875,1,0
1,-4867.71278117644,1581.89153986226,6606.975,1,0
1,-4941.76664707297,1583.96677768491,6664.4875,1,0
1,-5029.32794716908,1585.98001488497,6724.5,1,0
1,-5076.15563731454,1586.83007377261,6753.4875,1,0
1,-5083.71418122947,1586.95314173321,6757.9875,1,0
1,-5099.07155770762,1587.19157685299,6766.9875,1,0
1,-5158.24224383989,1587.97452730545,6800.0125,1,0
1,-5254.43354046717,1588.85707720495,6848.9875,1,0
1,-5320.67071082909,1589.2478087326,6880,1,0
1,-5331.73707501683,1589.29957743628,6885,1,0
1,-5337.25457983837,1589.32408624526,6887.475,1,0
1,-5339.54728798894,1589.33408160203,6888.5,1,0
1,-5344.03380783787,1589.35315300961,6890.5,1,0
1,-5346.28348192759,1589.36246218609,6891.5,1,0
1,-5347.40992165171,1589.36712103363,6892,1,0
1,-5351.92635912541,1589.38537310487,6894,1,0
1,-5355.3248924003,1589.39883971462,6895.5,1,0
1,-5359.84272910655,1589.41621028953,6897.4875,1,0
1,-5362.12221985729,1589.42476489694,6898.4875,1,0
1,-5363.32065730728,1589.42932331136,6899.0125,1,0
1,-5367.86822523689,1589.44590440341,6901,1,0
1,-5371.31147551443,1589.4581762504,6902.5,1,0
1,-5372.46135034878,1589.46228583935,6903,1,0
1,-5377.04259924451,1589.47806907898,6904.9875,1,0
1,-5379.41180705931,1589.48601342504,6906.0125,1,0
1,-5412.21641294891,1589.58515571453,6920.0125,1,0
1,-5499.00713952584,1589.76587015711,6955.4875,1,0
1,-5639.59645234281,1589.94345319335,7009,1,0
1,-5737.61283579143,1590.08516832058,7044,1,0
1,-5756.29343580222,1590.11989778159,7050.4875,1,0
1,-5773.74765762175,1590.15527583225,7056.5,1,0
1,-5794.23914727662,1590.20094376366,7063.5,1,0
1,-5801.67560397089,1590.21866177807,7066.025,1,0
1,-5811.91170855379,1590.24412929676,7069.4875,1,0
1,-5816.43416513456,1590.25579938774,7071.0125,1,0
1,-5819.36724728951,1590.26342133065,7072,1,0
1,-5822.34114458179,1590.27130413373,7073,1,0
1,-5825.35599413142,1590.27944787794,7074.0125,1,0
1,-5834.27380214212,1590.30409246281,7077,1,0
1,-5835.8069562926,1590.30850091672,7077.5125,1,0
1,-5840.2623463776,1590.3212925517,7079,1,0
1,-5846.26568248169,1590.33886130296,7081,1,0
1,-5852.24613847258,1590.35694930118,7082.9875,1,0
1,-5856.76934700599,1590.37099733159,7084.4875,1,0
1,-5861.3386546094,1590.38535275785,7086,1,0
1,-5864.3643172225,1590.39508345616,7087,1,0
1,-5870.38876442006,1590.41472130556,7088.9875,1,0
1,-5873.46341795009,1590.42497308762,7090,1,0
1,-5884.12092551636,1590.46157790475,7093.5,1,0
1,-5904.14832003089,1590.53465359342,7100.0375,1,0
1,-5986.85886127688,1590.90324439307,7126.5125,1,0
1,-6228.3288234463,1592.65828330323,7199.5,1,0
1,-6475.42321698554,1595.50692597027,7268.5,1,0
1,-6608.12172085932,1597.42436715092,7303.5,1,0
1,-6680.33572158962,1598.56728088431,7322,1,0
1,-6743.96624673391,1599.62779895648,7338,1,0
1,-6814.82144370349,1600.86407223934,7355.5,1,0
1,-6971.1120680999,1603.78304938146,7393,1,0
1,-7065.84385991003,1605.67278147602,7415.05,1,0
1,-7133.45543836104,1607.0747068306,7430.5,1,0
1,-7184.37587962113,1608.15923956926,7441.9875,1,0
1,-7222.46084891446,1608.98645665963,7450.5,1,0
1,-7262.99085853063,1609.88177916972,7459.4875,1,0
1,-7301.79083124641,1610.75355631021,7468.025,1,0
1,-7347.65819868492,1611.80260413045,7478.0375,1,0
1,-7396.05463413568,1612.93153484086,7488.5125,1,0
1,-7430.95689902268,1613.75982948873,7496.0125,1,0
1,-7458.90836485382,1614.43180416329,7501.9875,1,0
1,-7494.2905021701,1615.29361100683,7509.5125,1,0
1,-7529.80832138471,1616.17165303126,7517.025,1,0
1,-7548.61859038798,1616.64187381102,7520.9875,1,0
1,-7577.19871379388,1617.36337928259,7526.9875,1,0
1,-7617.94296171796,1618.4069396356,7535.5,1,0
1,-7653.96463894332,1619.3444520527,7542.9875,1,0
1,-7731.54382297304,1621.4125668511,7559,1,0
1,-7765.67807862302,1622.34432825789,7566,1,0
1,-7785.17899217829,1622.88272432576,7569.9875,1,0
1,-7797.48689017212,1623.2249298451,7572.5,1,0
1,-7814.71942707617,1623.70711180215,7576.0125,1,0
1,-7844.16241979972,1624.53917017279,7582,1,0
1,-7868.75125975627,1625.24228446337,7586.9875,1,0
1,-7886.03976628883,1625.74108291655,7590.4875,1,0
1,-7898.46687759366,1626.10203258685,7593,1,0
1,-7915.80064481543,1626.60874170011,7596.5,1,0
1,-7940.60713545326,1627.34061713611,7601.5,1,0
1,-7958.00154621014,1627.85861957589,7605,1,0
1,-7982.89193973318,1628.60675069844,7610,1,0
1,-8010.32543611433,1629.44083898876,7615.5,1,0
1,-8042.69162644446,1630.43805374474,7621.975,1,0
1,-8065.22791132703,1631.14089647496,7626.475,1,0
1,-8128.06336411973,1633.13806010505,7638.9875,1,0
1,-8193.59544309368,1635.28105192003,7651.9875,1,0
1,-8234.10203676252,1636.63715905632,7660,1,0
1,-8274.69146027882,1638.02044143879,7668.0125,1,0
1,-8302.59894554922,1638.98595233036,7673.5125,1,0
1,-8338.10579400742,1640.23138650991,7680.5,1,0
1,-8383.85751656815,1641.86474575969,7689.4875,1,0
1,-8422.16891382542,1643.25726834533,7697,1,0
1,-8462.96891544899,1644.76525794625,7704.9875,1,0
1,-8493.66085256636,1645.91676900833,7710.9875,1,0
1,-8537.26899738843,1647.578094617,7719.5,1,0
1,-8629.66106828302,1651.19596566611,7737.4875,1,0
1,-8720.00080853514,1654.86143713017,7755.0125,1,0
1,-8774.28498035297,1657.12415273644,7765.5125,1,0
1,-8818.38398079481,1658.9951255717,7774.025,1,0
1,-8878.02791207703,1661.5718217321,7785.5125,1,0
1,-8919.59330479056,1663.39837144105,7793.5,1,0
1,-8992.77268090053,1666.67445776867,7807.525,1,0
1,-9071.20218971977,1670.26893228005,7822.5,1,0
1,-9189.66510031139,1675.85467008581,7845,1,0
1,-9247.80972879706,1678.66209148276,7855.9875,1,0
1,-9295.65833291225,1681.00345002364,7865,1,0
1,-9346.25446229428,1683.50882698126,7874.5,1,0
1,-9388.86040429957,1685.64129234619,7882.475,1,0
1,-9418.45056460146,1687.13422751675,7888,1,0
1,-9464.09497505846,1689.45577291779,7896.5,1,0
1,-9493.64281420456,1690.97027470006,7901.9875,1,0
1,-9534.0648597409,1693.05653539495,7909.475,1,0
1,-9569.39255774254,1694.8932050765,7916,1,0
1,-9599.24649465317,1696.454557515,7921.5,1,0
1,-9634.62027635891,1698.31532676792,7928,1,0
1,-9672.76118239714,1700.33422404824,7934.9875,1,0
1,-9713.76654390246,1702.51871317439,7942.475,1,0
1,-9758.01360764029,1704.89147675719,7950.525,1,0
1,-9824.22505686991,1708.47044748704,7962.5125,1,0
1,-9949.67418929189,1715.33541733077,7985.025,1,0
1,-10225.2664303845,1730.7160354628,8033.5,1,0
1,-10382.4247893901,1739.6058200358,8060.5,1,0
1,-10494.9839955512,1745.99731644935,8079.5375,1,0
1,-10593.6356778992,1751.60301032665,8096.0125,1,0
1,437.881159242708,1574.74794080611,87,1,0
1,-3621.51626429474,1633.27933140373,5541,1,0
1,-4905.32764033088,1582.97718899591,6637,1,0
1,-4573.30582653545,1580.20119481383,6322,1,0
1,447.598255322315,1581.56292997037,120,1,0
1,-1604.11275520921,1671.46821420608,4397,1,0
1,451.611495058052,1585.58113001535,137,1,0
1,-134.180018041283,1711.93931821792,1990,1,0
1,404.294464746024,1565.83625871131,8,1,0
1,-4543.05547416257,1581.93706197199,6289,1,0
1,448.105295719113,1582.01936562075,122,1,0
1,-1428.35379846068,1683.55784595386,3684,1,0
1,-3615.73849157803,1633.22532850317,5538,1,0
1,-5588.37503015436,1589.88352522764,6990,1,0
1,-1504.36140142567,1670.74117480057,4202,1,0
1,447.341236851178,1581.33641556453,119,1,0
1,148.19625754375,1763.99105526141,1035,1,0
1,10.2474124738947,1719.32931259728,1670,1,0
1,-4509.40435106307,1584.46265628149,6252,1,0
1,-4669.09524447983,1577.87316056931,6423,1,0
1,451.458802619949,1645.84131604548,336,1,0
1,441.709911312442,1577.06037799358,99,1,0
1,-5717.63495667977,1590.0512615837,7037,1,0
1,-548.823936968111,1717.09620000099,2361.5,1,0
1,-1727.13067537267,1669.18205247586,4544,1,0
1,-4488.50917678,1586.32642258144,6229,1,0
1,-393.025407589041,1716.63396241214,2249,1,0
1,130.381854434498,1762.47486309672,1088.5,1,0
1,-1457.27160607651,1669.36358331071,4019.5,1,0
1,-5071.18135982752,1586.74704101404,6750.5,1,0
1,-5078.68728155782,1586.87172938367,6755,1,0
1,-8287.30873495992,1638.45546786511,7670.5,1,0
1,-6499.68400691263,1595.83881724392,7275,1,0
1,-2178.7740964531,1655.81670272842,4877.5,1,0
1,-2513.01669094479,1644.00135559846,5049.5,1,0
1,-4961.1719238786,1584.46006332811,6678.5,1,0
1,-8509.08485315554,1646.50101196775,7714,1,0
1,-1461.58697108645,1704.90601030048,3324.5,1,0
1,-4913.10783302458,1583.19466014919,6643,1,0
1,-8524.45416271314,1647.08677453607,7717,1,0
1,172.184799346607,1764.39078219169,971,1,0
1,-4373.53940235265,1599.33837303686,6105.5,1,0
1,-1646.53283886099,1670.85372468119,4454,1,0
1,-1941.93428855343,1663.54146371799,4725.5,1,0
1,-1385.90998332947,1693.63062177921,2995,1,0
1,-4210.24821120175,1618.10901919534,5947.5,1,0
1,319.276656327769,1736.35464065597,663.5,1,0
1,-3083.38590898411,1631.67155793827,5296.5,1,0
1,-3127.31891386583,1631.36558390662,5315,1,0
1,-7013.81578851584,1604.62399234207,7403,1,0
1,-3085.76530280476,1631.65253582246,5297.5,1,0
1,-4732.61250991561,1578.38475301999,6486,1,0
1,-5455.57167224633,1589.68765085833,6938,1,0
1,-11305.5215920606,1791.32399429084,8209,1,0
1,-4610.53927276749,1578.75706790481,6362,1,0
1,-18165.3071379885,2138.61262059663,8954,1,0
1,-16302.2821385805,2003.28934764982,8790.5,1,0
1,-28717.7778358478,3841.57307290366,9687,1,0
1,-4628.99387243437,1578.3082849187,6381.5,1,0
1,-3036.91647605319,1632.09997060176,5277,1,0
1,-5200.16132761305,1588.41218711786,6822,1,0
1,-1333.06621115422,1692.00284089632,2924,1,0
1,-9782.6848736885,1706.22123981704,7955,1,0
1,-8140.7096965001,1633.54674655846,7641.5,1,0
1,-4548.98957143072,1581.55610720012,6295.5,1,0
1,141.975765572395,1763.59265264993,1053,1,0
1,-1505.79897617642,1670.78848404153,4206,1,0
1,-1596.3406062182,1671.54527335969,4385.5,1,0
1,-5068.69689844316,1586.70499200759,6749,1,0
1,-9932.73014801694,1714.4023079842,7982,1,0
1,-1082.11841821857,1699.03721686449,2707,1,0
1,-1428.0490456,1681.54210080766,3711,1,0
1,-3322.5582787646,1631.10657992001,5399,1,0
1,-9986.03770569712,1717.34370521821,7991.5,1,0
1,-94.0439645270817,1711.81168902294,1929,1,0
1,-473.358082451392,1717.22567498534,2309,1,0
1,-982.787994056009,1703.83873572569,2639.5,1,0
1,-1328.76472946908,1691.95868201794,2919,1,0
1,-1451.60919364821,1702.02432259232,3428.5,1,0
1,-1463.9246629565,1669.33904855678,4054,1,0
1,-1464.43923984142,1669.34519589296,4056.5,1,0
1,-3503.35394363431,1632.1943478126,5482,1,0
1,-4530.75803657202,1582.7887779677,6275.5,1,0
1,-4551.73183973879,1581.38675412743,6298.5,1,0
1,-4575.61216703011,1580.08985004963,6324.5,1,0
1,-4899.55279031489,1582.813891851,6632.5,1,0
1,-4915.06753989123,1583.24898823616,6644.5,1,0
1,-5336.19363038754,1589.31944740406,6887,1,0
1,-5424.10236542765,1589.61620120827,6925,1,0
1,-6138.34858982824,1591.88182434938,7173,1,0
1,-6170.29938181443,1592.14084099653,7182.5,1,0
1,-7596.37593534822,1617.85231502851,7531,1,0
1,-7995.35482432693,1628.98438478096,7612.5,1,0
1,-8062.84748383658,1631.06632716403,7626,1,0
1,-9060.7091217339,1669.78320169302,7820.5,1,0
1,-9804.78339239769,1707.41617812736,7959,1,0
1,-9876.91251634387,1711.34098647177,7972,1,0
1,154.830778227188,1764.27484222967,1016.5,1,0
1,-1154.34697273653,1695.82859348945,2760,1,0
1,-1461.18089222722,1703.54719399343,3219.5,1,0
1,-1440.16892658034,1671.2786914551,3904.5,1,0
1,-1503.12112274952,1670.69935876842,4198.5,1,0
1,-1687.41359233856,1670.0598123995,4502,1,0
1,-2152.95476533566,1656.72279033015,4862.5,1,0
1,-4308.65484952135,1607.31826682075,6040,1,0
1,-4494.41805784358,1585.77786138903,6235.5,1,0
1,-4834.41571884882,1580.91199261021,6579,1,0
1,-4891.93105149549,1582.59616783543,6626.5,1,0
1,-5072.84251980111,1586.77496400894,6751.5,1,0
1,-5070.35223661549,1586.73300015773,6750,1,0
1,-5307.53276087623,1589.1817764908,6874,1,0
1,-5358.73302202486,1589.41198886788,6897,1,0
1,-5406.26830755873,1589.56868940393,6917.5,1,0
1,-5420.51667772792,1589.60706606014,6923.5,1,0
1,-5477.76876438037,1589.73014313645,6947,1,0
1,-5486.49107876606,1589.74527942645,6950.5,1,0
1,-6153.44073583512,1592.00192035686,7177.5,1,0
1,-6245.60662229452,1592.82389919609,7204.5,1,0
1,-6674.42643438559,1598.47132911287,7320.5,1,0
1,-7834.3182336404,1624.25973530048,7580,1,0
1,-8440.03853649506,1643.91454627724,7700.5,1,0
1,-9854.6677054516,1710.1266682949,7968,1,0
1,-9879.69637951907,1711.49323653646,7972.5,1,0
1,-10804.1292791571,1763.5306286349,8130.5,1,0
1,-6138.34858982824,1591.88182434938,7173,1,0
1,-1442.30075027747,1699.19050029358,3117,1,0
1,-3897.06980428426,1633.95802056311,5703,1,0
1,-4246.89748223964,1614.36651527444,5981,1,0
1,-5022.33853990398,1585.83977294937,6720,1,0
1,-4755.69965576334,1578.83264106899,6508,1,0
1,-4992.13964826567,1585.19265284432,6700,1,0
1,-6091.88121929951,1591.5381523929,7159,1,0
1,-6138.34858982824,1591.88182434938,7173,1,0
1,229.36565491464,1759.35795408729,841,1,0
1,-3206.21015777998,1631.0518163549,5348.5,1,0
1,-4634.71884415299,1578.2025968674,6387.5,1,0
1,317.98604932148,1736.8235631406,666,1,0
1,271.019087406341,1751.03040708834,757,1,0
1,231.281703135464,1759.05918537179,837,1,0
1,200.338825267274,1762.87785373733,904,1,0
1,37.0809440007433,1727.92654555356,1541,1,0
1,-965.228397121653,1704.68057203499,2628,1,0
1,-1098.97362987511,1698.2515254958,2719,1,0
1,-1445.98041959293,1699.83087046727,3130,1,0
1,-1459.02346102567,1669.33528434558,4029,1,0
1,-1774.89689641399,1668.04154734874,4590,1,0
1,-3389.63461722666,1631.38789862819,5429,1,0
1,-5167.57162985299,1588.07970981415,6805,1,0
1,-5180.84244102007,1588.22156034368,6812,1,0
1,-5182.75520199444,1588.24125597646,6813,1,0
1,-6004.32467141747,1590.99551954379,7132,1,0
1,-7795.03631129535,1623.1566964042,7572,1,0
1,-8123.0954950084,1632.97806309672,7638,1,0
1,-8509.08485315554,1646.50101196775,7714,1,0
1,334.93106693076,1730.29822822184,633,1,0
1,112.905345275067,1759.70850181505,1148,1,0
1,228.410632738378,1759.5038250819,843,1,0
1,-413.77172464598,1716.8546797841,2265,1,0
1,-4998.06888784189,1585.32502100531,6704,1,0
1,-4892.56285056192,1582.61429369126,6627,1,0
1,-5695.03118088748,1590.01656795663,7029,1,0
1,-2167.51880249288,1656.21302421062,4871,1,0
1,-9563.97207947168,1694.61060651882,7915,1,0
1,308.674811027013,1740.07566400927,684,1,0
1,-1462.89462022297,1704.35016463174,3250,1,0
1,-3070.29172814172,1631.78127126359,5291,1,0
1,-4277.67813609214,1610.95401406409,6010,1,0
1,-5492.75206923252,1589.75575544093,6953,1,0
1,-6111.70598226087,1591.67999734322,7165,1,0
1,-8067.85934308404,1631.22340212363,7627,1,0
1,-10468.01907579,1744.46529928963,8075,1,0
1,-1100.36571391858,1698.18745884504,2720,1,0
1,-1505.43755736388,1670.77667739843,4205,1,0
1,-1523.53025385179,1671.26669910265,4251,1,0
1,-88396.9116436237,2161.39710650115,14082,1,0
1,-93155.9742702127,2147.78985201305,14295,1,0
1,-92299.0573791896,2147.24079870886,14255,1,0
1,-95462.1769447551,2166.08986486194,14408,1,0
1,-95225.7010418081,2162.66712398294,14396,1,0
1,-97909.1771410394,2234.35851208474,14539,1,0
1,-112227.993699644,2153.86696779291,18116,1,0
1,-112385.51816589,2147.40577250957,18174,1,0
1,-113305.777335631,2153.26667683232,18448,1,0
1,-112515.533929185,2144.71749972929,18218,1,0
1,-112391.236792132,2147.24407826337,18176,1,0
1,-113671.949616036,2163.92629185648,18549,1,0
1,-114261.763164827,2185.99635066588,18746,1,0
1,-114336.316649915,2189.54004099671,18783,1,0
1,-114190.829837334,2182.90435935127,18716,1,0
1,-114374.734908095,2191.56722055555,18806,1,0
1,-60618.3002028805,2332.98751274046,12002,1,0
1,-61907.611773796,2207.15476171223,12203,1,0
1,-61703.1958143691,2218.56414755475,12170,1,0
1,-66013.544782732,2171.48672149559,12798,1,0
1,-66426.0749270924,2168.56693309609,12844,1,0
1,-67921.98820215,2160.17261964171,12993,1,0
1,-69020.1700520182,2157.12805869248,13088,1,0
1,-70191.8179964587,2156.45949524596,13179,1,0
1,-76473.4733559282,2171.00835489289,13555,1,0
1,-76854.9369675822,2172.06720229396,13574,1,0
1,-76935.9832276243,2172.28827352685,13578,1,0
1,-78054.3195776768,2175.14788305365,13632,1,0
1,-111555.0927322,2472.23329591774,17580,1,0
1,-98504.1176060161,2262.8651501192,14573,1,0
1,-113159.667620606,2149.79044917382,18408,1,0
1,363.104324086569,1572.74171749063,-68,2,0
1,412.32701891195,1566.04365583781,14,2,0
1,426.202740576584,1568.2425662682,43,2,0
1,435.640011795331,1571.14937604935,65.5,2,0
1,443.393013183493,1574.65874224682,86.5125,2,0
1,449.955441810656,1578.70551897498,106.975,2,0
1,459.257108857855,1587.19527830444,143.5,2,0
1,468.953770633321,1621.47926212528,261.05,2,0
1,463.882170058321,1638.79919859595,314.525,2,0
1,456.55304753175,1652.03149460733,354.925,2,0
1,448.927351459395,1662.29406607697,386.4875,2,0
1,437.749478141312,1674.41928677344,424.5125,2,0
1,427.216443061829,1683.99708402825,455.475,2,0
1,414.191583387088,1694.23644640943,489.9125,2,0
1,393.21169523336,1708.16676471959,540.0125,2,0
1,373.507815778255,1719.16448909909,583.5125,2,0
1,322.738849791698,1740.90007083464,688.9375,2,0
1,248.390194435138,1759.75306870098,847.125,2,0
1,167.562469848432,1762.92551292785,1074,2,0
1,131.551414470654,1752.45816559183,1254.55,2,0
1,114.78464454785,1736.60175501918,1438.0125,2,0
1,110.470581155736,1729.97441742193,1516.4625,2,0
1,107.126795524731,1725.5359988908,1574.9625,2,0
1,102.228736658581,1721.18727861789,1641.5375,2,0
1,95.3502353955992,1717.75257051137,1706.475,2,0
1,72.5352511238307,1713.44997621287,1831.4875,2,0
1,-1.77457523392513,1712.28598735134,2025.0375,2,0
1,-209.097162089311,1712.38619033512,2292.0375,2,0
1,-422.957723709289,1695.79730675432,2489.5125,2,0
1,-506.624001035001,1682.04261888488,2566.0125,2,0
1,-562.573076775298,1669.42623419497,2620.5,2,0
1,-605.144919625483,1657.25180363136,2665.525,2,0
1,-645.765811454505,1642.60573527801,2713.5,2,0
1,-673.752367935609,1629.86801180602,2751.4125,2,0
1,-701.64588274993,1613.44359652579,2796.5125,2,0
1,-722.622936979868,1596.15184266431,2840.475,2,0
1,-739.459980299231,1572.96228404991,2895,2,0
1,-729.666484402027,1494.95935132062,3050.05,2,0
1,-690.089482236188,1441.33549677682,3136.4625,2,0
1,-664.72143802559,1413.06255510043,3176.9625,2,0
1,-617.404825616628,1363.57535455141,3241.4625,2,0
1,-566.331451803446,1310.94651615084,3303.5,2,0
1,-534.097879254725,1277.09861007562,3340.9625,2,0
1,-508.121421789285,1249.16672553276,3370.9375,2,0
1,-486.99161638692,1225.90525802311,3395.5,2,0
1,-462.943313785363,1198.74363016916,3424,2,0
1,-443.023455096874,1175.62296198699,3448.3625,2,0
1,-421.059575121384,1149.4042986035,3476.475,2,0
1,-398.484845448285,1121.5837565487,3507.4875,2,0
1,-372.741003677715,1088.66069264714,3547.35,2,0
1,-348.785694506951,1056.736712543,3593.4875,2,0
1,-336.830981322099,1040.26348829864,3624.9875,2,0
1,-329.818028842099,1030.3654998613,3652.4375,2,0
1,-327.231731014326,1026.61758209999,3669.4875,2,0
1,-326.27202498354,1024.97040770799,3699.3875,2,0
1,-328.468567887787,1027.76379393324,3721.4625,2,0
1,-331.597385542467,1031.88602410221,3737.95,2,0
1,-335.342923758086,1036.8472108135,3752.4875,2,0
1,-342.810808329377,1046.71131724093,3774.9125,2,0
1,-355.981776033062,1063.88715993982,3805.4375,2,0
1,-367.988073792774,1079.2461600559,3828.4875,2,0
1,-384.646950900089,1100.06167186903,3856.425,2,0
1,-399.219589582644,1117.79559673575,3878.425,2,0
1,-421.598270081449,1144.17468896129,3909.325,2,0
1,-466.673917626031,1194.23326526601,3964.9625,2,0
1,-557.755799570121,1283.26859801653,4062.9625,2,0
1,-635.467600427102,1346.90958720466,4137.85,2,0
1,-695.09927185066,1388.49336451469,4191.45,2,0
1,-737.04247380048,1414.25143537673,4227.425,2,0
1,-802.382223992608,1449.18063140964,4280.9125,2,0
1,-854.479450955521,1472.98969034801,4321.525,2,0
1,-898.30362655269,1490.5862172265,4354.4125,2,0
1,-938.213834396098,1504.89822513153,4383.425,2,0
1,-973.507479316089,1516.33699312378,4408.3875,2,0
1,-1012.11794076394,1527.67582975101,4435,2,0
1,-1038.81225936068,1534.86402839174,4453,2,0
1,-1087.38793659816,1546.71948264598,4484.975,2,0
1,-1134.94322750485,1556.96261980518,4515.375,2,0
1,-1170.33250863245,1563.81120746977,4537.4625,2,0
1,-1217.88462270144,1572.08915834274,4566.475,2,0
1,-1272.63023225497,1580.45336887224,4599,2,0
1,-1354.37894948432,1590.94101125254,4645.975,2,0
1,-1434.80145687796,1599.26733350313,4690.4875,2,0
1,-1628.60798109556,1612.92703700932,4791.55,2,0
1,-1986.01011668146,1622.23403807295,4958.525,2,0
1,-2189.66408660635,1622.50392547656,5045.05,2,0
1,-2262.7067164043,1622.19551388299,5074.9875,2,0
1,-2325.8687719712,1621.84100331098,5100.5125,2,0
1,-2374.53737920104,1621.53644672827,5119.9875,2,0
1,-2424.79030033899,1621.21037224874,5139.95,2,0
1,-2484.43071730714,1620.82772389383,5163.4875,2,0
1,-2580.06623942312,1620.2727957093,5201,2,0
1,-2637.58158636978,1619.99929626709,5223.5,2,0
1,-2681.08067513444,1619.83196032607,5240.525,2,0
1,-2714.21026885137,1619.73035382666,5253.5125,2,0
1,-2738.39635259332,1619.67125227056,5263.0125,2,0
1,-2762.49817030132,1619.6256706797,5272.5,2,0
1,-2789.06570257759,1619.59121995083,5282.9875,2,0
1,-2802.99382376252,1619.57998327752,5288.5,2,0
1,-2823.15646148333,1619.57203391867,5296.5,2,0
1,-2845.79152596137,1619.57509361856,5305.5125,2,0
1,-2896.85137218749,1619.62866105316,5325.9875,2,0
1,-2974.22728992766,1619.83165689544,5357.5,2,0
1,-3004.46628149087,1619.94916821604,5370.0125,2,0
1,-3030.7625793335,1620.0676855251,5381,2,0
1,-3043.85954518104,1620.13213795097,5386.5125,2,0
1,-3056.77174495952,1620.19898718866,5391.975,2,0
1,-3065.09769813996,1620.24385710972,5395.5125,2,0
1,-3084.89713315247,1620.35560976601,5403.975,2,0
1,-3099.98840449192,1620.4454135408,5410.475,2,0
1,-3120.71059909416,1620.5747369699,5419.475,2,0
1,-3134.46691484982,1620.66395392541,5425.5,2,0
1,-3142.47097025858,1620.71715001472,5429.025,2,0
1,-3159.30559568107,1620.83128442648,5436.4875,2,0
1,-3169.355538595,1620.90093150856,5440.975,2,0
1,-3181.62403443037,1620.98713054584,5446.4875,2,0
1,-3190.52754878392,1621.05055628667,5450.5125,2,0
1,-3206.99319519894,1621.16900611893,5458.0125,2,0
1,-3221.12975693913,1621.27167882741,5464.5125,2,0
1,-3231.86434402363,1621.34999031422,5469.4875,2,0
1,-3259.61084707081,1621.55193137979,5482.5125,2,0
1,-3290.8303130311,1621.77428418833,5497.475,2,0
1,-3316.41222526692,1621.94820964718,5510,2,0
1,-3338.45677483873,1622.08846997476,5521,2,0
1,-3376.64571171859,1622.30017197292,5540.55,2,0
1,-3472.76832509041,1622.51888161622,5593,2,0
1,-3629.8810705496,1620.63199862592,5692.025,2,0
1,-3732.49086973444,1616.16125547902,5769.0125,2,0
1,-3783.51195644215,1612.3104080942,5811.9875,2,0
1,-3805.94605164044,1610.17074560401,5832.025,2,0
1,-3827.05756442901,1607.87294461575,5851.575,2,0
1,-3852.83527180552,1604.65690882986,5876.425,2,0
1,-3870.93291224167,1602.10609156908,5894.5625,2,0
1,-3891.13573163096,1598.95005228537,5915.5375,2,0
1,-3910.10717218276,1595.66951613258,5935.9875,2,0
1,-3931.07396249333,1591.66271016431,5959.5125,2,0
1,-3951.09040391864,1587.44073580273,5982.9625,2,0
1,-3970.73346351832,1582.8996262423,6007.0125,2,0
1,-3998.53967699734,1575.76320376183,6043.025,2,0
1,-4029.34759652056,1566.85420986681,6086,2,0
1,-4047.82533295592,1561.00852101491,6113.525,2,0
1,-4067.24937493168,1554.4838167939,6144,2,0
1,-4085.13073926,1548.17807639966,6173.5,2,0
1,-4114.29661235912,1537.47216031836,6224.4875,2,0
1,-4163.14199248003,1519.60088954888,6315.5375,2,0
1,-4195.18486717669,1508.91772276969,6376,2,0
1,-4208.96799382195,1504.70706247766,6401.5125,2,0
1,-4218.00996448938,1502.07746571582,6417.9875,2,0
1,-4230.01158582838,1498.74805931335,6439.475,2,0
1,-4243.76774895377,1495.15124493021,6463.5,2,0
1,-4249.6082044458,1493.6924168805,6473.4875,2,0
1,-4255.54368582787,1492.25007862277,6483.5,2,0
1,-4260.65042734519,1491.04080910389,6492,2,0
1,-4264.29508853843,1490.19517234248,6498,2,0
1,-4270.12205926003,1488.87269492103,6507.475,2,0
1,-4273.53116900334,1488.11555832772,6512.95,2,0
1,-4278.61099636927,1487.00930114289,6521.0125,2,0
1,-4282.42378769489,1486.19603779302,6526.9875,2,0
1,-4286.95403697202,1485.24841317049,6534,2,0
1,-4291.84449938452,1484.24760746165,6541.4625,2,0
1,-4296.85303149978,1483.24602191385,6548.9875,2,0
1,-4338.6360865212,1475.74214110866,6606.975,2,0
1,-4387.67727456382,1468.56627585773,6664.4875,2,0
1,-4450.16090113344,1461.1639326804,6724.5,2,0
1,-4485.19365786854,1457.41508534801,6753.4875,2,0
1,-4490.93264175765,1456.81206111352,6757.9875,2,0
1,-4502.6577726393,1455.58509201043,6766.9875,2,0
1,-4548.55119865621,1450.79667524495,6800.0125,2,0
1,-4625.06105074566,1442.61263558669,6848.9875,2,0
1,-4678.74870692473,1436.58160753668,6880,2,0
1,-4687.78126409836,1435.53881281733,6885,2,0
1,-4692.29078508914,1435.01497872374,6887.475,2,0
1,-4694.16579636605,1434.79660293866,6888.5,2,0
1,-4697.83687073691,1434.36787822892,6890.5,2,0
1,-4699.67860767432,1434.15219811582,6891.5,2,0
1,-4700.60102465656,1434.04408158715,6892,2,0
1,-4704.30100640841,1433.60939282174,6894,2,0
1,-4707.08681052132,1433.28124370053,6895.5,2,0
1,-4710.79226183239,1432.843339218,6897.4875,2,0
1,-4712.66277869558,1432.62169035388,6898.4875,2,0
1,-4713.64644358214,1432.50509179277,6899.0125,2,0
1,-4717.3805583152,1432.06110698769,6901,2,0
1,-4720.20947354566,1431.72377861678,6902.5,2,0
1,-4721.15449124109,1431.61095406671,6903,2,0
1,-4724.92103969725,1431.16006844831,6904.9875,2,0
1,-4726.86983983032,1430.92611656585,6906.0125,2,0
1,-4753.91476436844,1427.63705873002,6920.0125,2,0
1,-4825.9503961117,1418.47575597144,6955.4875,2,0
1,-4943.78956374293,1402.23120739352,7009,2,0
1,-5026.58305343194,1389.91458054346,7044,2,0
1,-5042.41209634719,1387.47861265934,7050.4875,2,0
1,-5057.21534666559,1385.17753431359,7056.5,2,0
1,-5074.6106447652,1382.44574272237,7063.5,2,0
1,-5080.92769568041,1381.44632850397,7066.025,2,0
1,-5089.6265847371,1380.06372952211,7069.4875,2,0
1,-5093.47120267013,1379.45036230209,7071.0125,2,0
1,-5095.96509764297,1379.05162393433,7072,2,0
1,-5098.49404172087,1378.64672980848,7073,2,0
1,-5101.05816483311,1378.23563112868,7074.0125,2,0
1,-5108.6448184601,1377.01545049394,7077,2,0
1,-5109.94943132298,1376.80514890965,7077.5125,2,0
1,-5113.74119024724,1376.1928049688,7079,2,0
1,-5118.85153946606,1375.36527551356,7081,2,0
1,-5123.94378827838,1374.53835432188,7082.9875,2,0
1,-5127.79612607555,1373.91123577225,7084.4875,2,0
1,-5131.68851719517,1373.2760373112,7086,2,0
1,-5134.26638196595,1372.85465974874,7087,2,0
1,-5139.40024407627,1372.01352378847,7088.9875,2,0
1,-5142.02090463229,1371.58326194765,7090,2,0
1,-5151.10751422262,1370.08654845701,7093.5,2,0
1,-5168.19439858152,1367.25159237152,7100.0375,2,0
1,-5238.91778546851,1355.2479159841,7126.5125,2,0
1,-5446.84562020656,1317.77174011221,7199.5,2,0
1,-5662.05490844836,1276.49596699404,7268.5,2,0
1,-5778.78040114371,1253.51497150256,7303.5,2,0
1,-5842.67058666144,1240.86518085007,7322,2,0
1,-5899.1925141043,1229.67036385449,7338,2,0
1,-5962.38962616632,1217.18194185371,7355.5,2,0
1,-6102.79217066336,1189.72227744196,7393,2,0
1,-6188.59821910504,1173.26832809821,7415.05,2,0
1,-6250.17897545779,1161.67562159754,7430.5,2,0
1,-6296.74954429641,1153.05174328678,7441.9875,2,0
1,-6331.69128078409,1146.67206288267,7450.5,2,0
1,-6368.98162601702,1139.95704729346,7459.4875,2,0
1,-6404.78362782113,1133.60795408261,7468.025,2,0
1,-6447.23966829246,1126.21228327708,7478.0375,2,0
1,-6492.19552056352,1118.55111563361,7488.5125,2,0
1,-6524.71963949129,1113.12488147065,7496.0125,2,0
1,-6550.82990455441,1108.84336123752,7501.9875,2,0
1,-6583.96336600371,1103.51050006955,7509.5125,2,0
1,-6617.31745140068,1098.26097843241,7517.025,2,0
1,-6635.02032047277,1095.52499998444,7520.9875,2,0
1,-6661.96961458074,1091.42942181116,7526.9875,2,0
1,-6700.49844336603,1085.7251043812,7535.5,2,0
1,-6734.67066818336,1080.82113201418,7542.9875,2,0
1,-6808.62450323068,1070.73993463081,7559,2,0
1,-6841.32277744403,1066.52789639308,7566,2,0
1,-6860.0480861254,1064.18676802057,7569.9875,2,0
1,-6871.88344485546,1062.73450439807,7572.5,2,0
1,-6888.47666816134,1060.73466741839,7576.0125,2,0
1,-6916.88827917632,1057.41060995312,7582,2,0
1,-6940.67556227371,1054.72750333184,7586.9875,2,0
1,-6957.43356436444,1052.89305777713,7590.4875,2,0
1,-6969.49641125556,1051.60185126533,7593,2,0
1,-6986.34617452836,1049.8396365751,7596.5,2,0
1,-7010.50939443242,1047.39831241883,7601.5,2,0
1,-7027.48788310913,1045.74453784926,7605,2,0
1,-7051.83426248468,1043.46359425991,7610,2,0
1,-7078.73902457952,1041.06955478703,7615.5,2,0
1,-7110.5788274873,1038.4125485155,7621.975,2,0
1,-7132.81206344068,1036.67297562803,7626.475,2,0
1,-7195.08542923396,1032.32352000364,7638.9875,2,0
1,-7260.49106759811,1028.61674774412,7651.9875,2,0
1,-7301.16392798303,1026.77432045324,7660,2,0
1,-7342.11399367265,1025.28853940304,7668.0125,2,0
1,-7370.38512872858,1024.48350328845,7673.5125,2,0
1,-7406.49438702362,1023.7219434182,7680.5,2,0
1,-7453.25921782572,1023.18807907093,7689.4875,2,0
1,-7492.63015933149,1023.14060456407,7697,2,0
1,-7534.77660252852,1023.50284143397,7704.9875,2,0
1,-7566.63356262492,1024.06304356756,7710.9875,2,0
1,-7612.12693341309,1025.29259434276,7719.5,2,0
1,-7709.37439423241,1029.53979009136,7737.4875,2,0
1,-7805.50571587496,1035.72080399266,7755.0125,2,0
1,-7863.72457671259,1040.33168411717,7765.5125,2,0
1,-7911.25349247642,1044.54225245271,7774.025,2,0
1,-7975.84887153516,1050.86253933707,7785.5125,2,0
1,-8021.06484914944,1055.66875896291,7793.5,2,0
1,-8101.04141107621,1064.87584629578,7807.525,2,0
1,-8187.23551816633,1075.71168363548,7822.5,2,0
1,-8318.25092572859,1093.74299994207,7845,2,0
1,-8382.87324994942,1103.23200790863,7855.9875,2,0
1,-8436.18951917533,1111.31706614227,7865,2,0
1,-8492.68908551987,1120.11235668053,7874.5,2,0
1,-8540.35440825671,1127.69698005222,7882.475,2,0
1,-8573.50174995232,1133.05257273829,7888,2,0
1,-8624.69697085628,1141.44347591326,7896.5,2,0
1,-8657.87588138366,1146.95254479856,7901.9875,2,0
1,-8703.30867268192,1154.57841380021,7909.475,2,0
1,-8743.0526913912,1161.32056812567,7916,2,0
1,-8776.66280884994,1167.06891215856,7921.5,2,0
1,-8816.51277436689,1173.93484963723,7928,2,0
1,-8859.50720666582,1181.39752510037,7934.9875,2,0
1,-8905.75731999427,1189.48135500186,7942.475,2,0
1,-8955.6890179175,1198.26479680138,7950.525,2,0
1,-9030.44259329326,1211.5030457702,7962.5125,2,0
1,-9172.12839681469,1236.79014617919,7985.025,2,0
1,-9483.15839758329,1292.45430249699,8033.5,2,0
1,-9660.18364999304,1323.76262693209,8060.5,2,0
1,-9786.75909616612,1345.82150050655,8079.5375,2,0
1,-9897.52738020383,1364.84509831747,8096.0125,2,0
1,443.560690197628,1574.7483141185,87,2,0
1,-3377.50970401382,1622.30440034566,5541,2,0
1,-4363.10076071369,1471.97125617112,6637,2,0
1,-4166.54908712301,1518.41126214169,6322,2,0
1,453.625886305235,1581.56280238931,120,2,0
1,-957.296755810734,1511.21716961504,4397,2,0
1,457.826539028436,1585.58070543315,137,2,0
1,16.0459643341601,1712.08879006448,1990,2,0
1,409.2188853845,1565.83753262478,8,2,0
1,-4149.12543901289,1524.60255971477,6289,2,0
1,454.154684041161,1582.01920910674,122,2,0
1,-326.182238851208,1025.01218367314,3684,2,0
1,-3371.73693401134,1622.27569116833,5538,2,0
1,-4900.717340637,1408.34782145461,6990,2,0
1,-707.236832064576,1396.23233019731,4202,2,0
1,453.358017990366,1581.33630800845,119,2,0
1,178.625589641742,1763.93413507021,1035,2,0
1,99.5296724047512,1719.58092887885,1670,2,0
1,-4129.34875597525,1531.8714933879,6252,2,0
1,-4220.78706192737,1501.29084808749,6423,2,0
1,460.341104869731,1645.83521588117,336,2,0
1,447.513678098563,1577.06057790632,99,2,0
1,-5009.67160130618,1392.48873326865,7037,2,0
1,-281.202611627989,1709.2093258273,2361.5,2,0
1,-1180.94195965771,1565.74626946785,4544,2,0
1,-4116.79235112527,1536.54349922968,6229,2,0
1,-167.52750413958,1713.3030184351,2249,2,0
1,163.759751113132,1762.41768023262,1088.5,2,0
1,-515.751548332162,1244.18744291924,4019.5,2,0
1,-4481.42879711092,1457.81190774102,6750.5,2,0
1,-4487.1134479302,1457.21314888162,6755,2,0
1,-7354.8838521922,1024.90231652838,7670.5,2,0
1,-5683.33205846231,1272.32702207029,7275,2,0
1,-1806.5842245915,1619.50049152349,4877.5,2,0
1,-2200.44490005868,1622.46748116855,5049.5,2,0
1,-4401.12311364617,1466.84399522262,6678.5,2,0
1,-7582.69338028692,1024.43957553905,7714,2,0
1,-548.329990668222,1292.13862517451,3324.5,2,0
1,-4368.27473594295,1471.22459518842,6643,2,0
1,-7598.73008405045,1024.87830381283,7717,2,0
1,199.416935471352,1764.33666125435,971,2,0
1,-4042.53365519084,1562.72001099544,6105.5,2,0
1,-1040.3090148312,1535.25227544784,4454,2,0
1,-1500.13876801776,1604.78988326669,4725.5,2,0
1,-742.758526128717,1524.97620741904,2995,2,0
1,-3920.48056480801,1593.73864338333,5947.5,2,0
1,335.169394523837,1736.3274224848,663.5,2,0
1,-2823.15646148333,1619.57203391867,5296.5,2,0
1,-2869.51820902154,1619.5918964949,5315,2,0
1,-6141.40465053264,1182.27945181893,7403,2,0
1,-2825.67229227955,1619.57173993077,5297.5,2,0
1,-4257.03899384476,1491.89297090997,6486,2,0
1,-4789.81873011729,1423.14418093187,6938,2,0
1,-10691.2672826,1491.0754104708,8209,2,0
1,-4187.70928963553,1511.30233255368,6362,2,0
1,-17942.7413564455,2113.62255007948,8954,2,0
1,-16018.5302325664,1951.74941493519,8790.5,2,0
1,-28648.5959491166,3843.939202714,9687,2,0
1,-4198.13698932016,1507.99537710916,6381.5,2,0
1,-2773.90826968942,1619.60881666925,5277,2,0
1,-4581.64451687923,1447.30429049715,6822,2,0
1,-744.109213882592,1559.81476669095,2924,2,0
1,-8983.53903643461,1203.18573856507,7955,2,0
1,-7207.67014873261,1031.54044005651,7641.5,2,0
1,-4152.56579283159,1523.36037546101,6295.5,2,0
1,173.367861712817,1763.53540325766,1053,2,0
1,-711.873809143901,1399.12668099324,4206,2,0
1,-941.113773839548,1505.87953685882,4385.5,2,0
1,-4479.55203253264,1458.01016465158,6749,2,0
1,-9152.99086146848,1233.36465493469,7982,2,0
1,-640.585338527337,1644.68814423128,2707,2,0
1,-327.133531346917,1026.03528173008,3711,2,0
1,-3073.27770574391,1620.28916669034,5399,2,0
1,-9213.1965430323,1244.14717343318,7991.5,2,0
1,42.1910236817785,1712.12300020931,1929,2,0
1,-226.186529385392,1711.8235424149,2309,2,0
1,-581.003810551018,1664.47875314953,2639.5,2,0
1,-743.523566783406,1562.12359189714,2919,2,0
1,-459.212553876452,1194.45825441462,3428.5,2,0
1,-548.900237440597,1275.30741061686,4054,2,0
1,-551.360533828381,1277.53401676508,4056.5,2,0
1,-3258.52900827443,1621.54403145874,5482,2,0
1,-4141.9543083827,1527.21660892884,6275.5,2,0
1,-4154.15159411822,1522.79080024099,6298.5,2,0
1,-4167.86721392022,1517.95411778315,6324.5,2,0
1,-4359.28592766169,1472.53260662087,6632.5,2,0
1,-4369.58423558064,1471.0382922908,6644.5,2,0
1,-4691.4233527123,1435.11592141709,6887,2,0
1,-4763.74061099347,1426.42192463356,6925,2,0
1,-5369.10550028831,1332.12341967741,7173,2,0
1,-5396.67379939323,1327.07591888427,7182.5,2,0
1,-6680.08793113055,1088.72430483808,7531,2,0
1,-7064.04765694402,1042.36010215512,7612.5,2,0
1,-7130.46115452563,1036.8523518828,7626,2,0
1,-8175.67675576359,1074.20780350247,7820.5,2,0
1,-9008.48924971838,1207.60577049854,7959,2,0
1,-9089.94605532801,1222.09877230712,7972,2,0
1,184.300379749388,1764.21848733069,1016.5,2,0
1,-679.533988880925,1626.84539323071,2760,2,0
1,-634.331323402002,1381.04448961712,3219.5,2,0
1,-417.967398290057,1139.9644920924,3904.5,2,0
1,-703.195323406719,1393.6817205316,4198.5,2,0
1,-1113.85579385981,1552.57543378462,4502,2,0
1,-1774.61410058569,1618.65098587934,4862.5,2,0
1,-3996.27585159754,1576.37599991953,6040,2,0
1,-4120.3674761164,1535.21241064663,6235.5,2,0
1,-4317.70235674269,1479.31954834144,6579,2,0
1,-4354.2841346208,1473.28303765029,6626.5,2,0
1,-4482.6849983735,1457.67938247434,6751.5,2,0
1,-4480.80220465828,1457.87800002327,6750,2,0
1,-4668.04707093909,1437.806312363,6874,2,0
1,-4709.88187432382,1432.95104934829,6897,2,0
1,-4749.00278477324,1428.2404461377,6917.5,2,0
1,-4760.77497318294,1426.78979378907,6923.5,2,0
1,-4808.26450626552,1420.77934287008,6947,2,0
1,-4815.52364270575,1419.83804188728,6950.5,2,0
1,-5382.12264814926,1329.74615649116,7177.5,2,0
1,-5461.80977756623,1314.96901700285,7204.5,2,0
1,-5837.43232362997,1241.90299185378,7320.5,2,0
1,-6907.38031338481,1058.50864089057,7580,2,0
1,-7511.06144255726,1023.24615141385,7700.5,2,0
1,-9064.82223161636,1217.6197361918,7968,2,0
1,-9093.09030574374,1222.65986723441,7972.5,2,0
1,-10133.2895369902,1404.30655486653,8130.5,2,0
1,-5369.10550028831,1332.12341967741,7173,2,0
1,-700.844634873327,1454.18013469185,3117,2,0
1,-3645.47278232453,1620.17444436931,5703,2,0
1,-3949.44835412316,1587.80225827796,5981,2,0
1,-4445.01677736081,1461.72925034813,6720,2,0
1,-4270.44758980861,1488.79985454562,6508,2,0
1,-4423.07889134204,1464.20799719966,6700,2,0
1,-5329.08129455522,1339.36286643278,7159,2,0
1,-5369.10550028831,1332.12341967741,7173,2,0
1,251.074688761495,1759.31420823359,841,2,0
1,-2952.29735433497,1619.75953328341,5348.5,2,0
1,-4201.36877091788,1506.99840294146,6387.5,2,0
1,333.949035952799,1736.79612998478,666,2,0
1,289.75549848238,1750.99460517195,757,2,0
1,252.839335321914,1759.01581382962,837,2,0
1,224.573112098966,1762.82856759179,904,2,0
1,109.128208658658,1728.04946823295,1541,2,0
1,-569.924211045727,1667.50675689452,2628,2,0
1,-650.064907703549,1640.82022144987,2719,2,0
1,-693.770176209509,1445.65273674407,3130,2,0
1,-524.726842991542,1252.82008085196,4029,2,0
1,-1257.32979823602,1578.23250401578,4590,2,0
1,-3142.41432033526,1620.71667766753,5429,2,0
1,-4555.8788237758,1450.02801687994,6805,2,0
1,-4566.34022594942,1448.92651336185,6812,2,0
1,-4567.85161340237,1448.76692089784,6813,2,0
1,-5253.88434710819,1352.65438002856,7132,2,0
1,-6869.52589759929,1063.02213696956,7572,2,0
1,-7190.14655076107,1032.63964598968,7638,2,0
1,-7582.69338028692,1024.43957553905,7714,2,0
1,349.990664730314,1730.27362290769,633,2,0
1,149.886522320099,1759.65414590877,1148,2,0
1,250.195754221175,1759.45989127351,843,2,0
1,-182.665679028258,1713.04061529036,2265,2,0
1,-4427.3474218389,1463.71563899612,6704,2,0
1,-4354.69733152725,1473.22041720617,6627,2,0
1,-4990.55899200775,1395.3623219746,7029,2,0
1,-1792.68268706743,1619.1468278974,4871,2,0
1,-8736.95251000021,1160.28169557554,7915,2,0
1,325.15259495005,1740.04663121533,684,2,0
1,-610.634006504901,1356.61489706619,3250,2,0
1,-2809.30132034607,1619.57636035916,5291,2,0
1,-3973.11245887121,1582.32199782123,6010,2,0
1,-4820.73799401661,1419.1583054622,6953,2,0
1,-5346.14716836577,1336.28929288026,7165,2,0
1,-7135.41155288974,1036.47586360354,7627,2,0
1,-9756.45426375465,1340.56941752134,8075,2,0
1,-650.838129544631,1640.49328661248,2720,2,0
1,-710.71275023371,1398.40513068695,4205,2,0
1,-765.39361739438,1430.14797143064,4251,2,0
1,-88396.8884708708,2161.39711148695,14082,2,0
1,-93155.9588260807,2147.78985518361,14295,2,0
1,-92299.0407111321,2147.24080219024,14255,2,0
1,-95462.1644960648,2166.08986685869,14408,2,0
1,-95225.6883046476,2162.66712588882,14396,2,0
1,-97909.1674484813,2234.35851286347,14539,2,0
1,-112227.993690123,2153.86696779324,18116,2,0
1,-112385.518157389,2147.40577252011,18174,2,0
1,-113305.777330658,2153.26667683376,18448,2,0
1,-112515.533921385,2144.71749974518,18218,2,0
1,-112391.236783666,2147.24407828979,18176,2,0
1,-113671.949611957,2163.92629185913,18549,2,0
1,-114261.763162052,2185.99635066511,18746,2,0
1,-114336.316647336,2189.54004099431,18783,2,0
1,-114190.829834394,2182.90435934723,18716,2,0
1,-114374.734905628,2191.56722054968,18806,2,0
1,-60617.1528147925,2332.99538051252,12002,2,0
1,-61906.8201187403,2207.15583895978,12203,2,0
1,-61702.3543322854,2218.56593671363,12170,2,0
1,-66013.2831556982,2171.48587923446,12798,2,0
1,-66425.8348794196,2168.56618716338,12844,2,0
1,-67921.8066446702,2160.17215253465,12993,2,0
1,-69020.018158003,2157.12772991275,13088,2,0
1,-70191.6899913998,2156.45926887396,13179,2,0
1,-76473.4103796694,2171.00832692961,13555,2,0
1,-76854.8762142591,2172.06717822661,13574,2,0
1,-76935.9229322614,2172.28825040134,13578,2,0
1,-78054.2651392912,2175.14786889551,13632,2,0
1,-111555.092705079,2472.23329593548,17580,2,0
1,-98504.1085234641,2262.86515061197,14573,2,0
1,-113159.667615227,2149.79044917537,18408,2,0
1,358.674469235353,1572.74760079584,-68,3,0
1,407.189341671765,1566.05212198982,14,3,0
1,420.789038271178,1568.25213888282,43,3,0
1,430.002167278435,1571.15989456165,65.5,3,0
1,437.537630674895,1574.6701894208,86.5125,3,0
1,443.880305162165,1578.71794943394,106.975,3,0
1,452.769425909035,1587.20962922423,143.5,3,0
1,460.942984611262,1621.50166761631,261.05,3,0
1,455.067414280493,1638.82641471093,314.525,3,0
1,447.07901938865,1652.06293876445,354.925,3,0
1,438.904919899534,1662.3292073446,386.4875,3,0
1,427.025022045244,1674.45940432272,424.5125,3,0
1,415.885043346323,1684.04171860275,455.475,3,0
1,402.145669431426,1694.28666374734,489.9125,3,0
1,380.047144584358,1708.22623352206,540.0125,3,0
1,359.290261502378,1719.23322669125,583.5125,3,0
1,305.617020719685,1740.99713878435,688.9375,3,0
1,225.799838516396,1759.91383070896,847.125,3,0
1,134.079496953636,1763.25017661363,1074,3,0
1,85.9287245967425,1753.02122484601,1254.55,3,0
1,52.5545680178329,1737.59005418854,1438.0125,3,0
1,39.501557413023,1731.23589587447,1516.4625,3,0
1,28.8956512399018,1727.05224361556,1574.9625,3,0
1,14.8787657087669,1723.06110858429,1641.5375,3,0
1,-1.85265716770664,1720.06261862529,1706.475,3,0
1,-46.6371215954423,1716.9354446618,1831.4875,3,0
1,-164.216266812291,1719.02647712354,2025.0375,3,0
1,-454.750419267453,1729.72394230249,2292.0375,3,0
1,-752.302941611502,1730.89555432291,2489.5125,3,0
1,-874.282135684509,1728.00134849606,2566.0125,3,0
1,-959.665034746751,1724.97535244969,2620.5,3,0
1,-1027.93837980833,1722.08669380142,2665.525,3,0
1,-1097.33468177076,1718.86335015443,2713.5,3,0
1,-1149.07910790993,1716.38297973749,2751.4125,3,0
1,-1206.39949864056,1713.70719047822,2796.5125,3,0
1,-1257.26265317667,1711.5652082542,2840.475,3,0
1,-1312.76591221476,1709.75415004966,2895,3,0
1,-1421.59512155736,1709.94886635572,3050.05,3,0
1,-1452.38214718597,1711.97921165291,3136.4625,3,0
1,-1460.56507480284,1712.82218746459,3176.9625,3,0
1,-1466.81236533355,1713.50291288218,3241.4625,3,0
1,-1466.58997293003,1713.00161149645,3303.5,3,0
1,-1464.27967914147,1712.04051486627,3340.9625,3,0
1,-1461.58117698459,1710.89943008737,3370.9375,3,0
1,-1458.95603508968,1709.72258395785,3395.5,3,0
1,-1455.58826783346,1708.09790209308,3424,3,0
1,-1452.54523906345,1706.50523897778,3448.3625,3,0
1,-1448.96979483636,1704.45996899972,3476.475,3,0
1,-1445.09330968838,1701.98640086034,3507.4875,3,0
1,-1440.45799054811,1698.55651216918,3547.35,3,0
1,-1435.92654174939,1694.38728830123,3593.4875,3,0
1,-1433.51971615152,1691.51383431714,3624.9875,3,0
1,-1431.95348654781,1689.04634537134,3652.4375,3,0
1,-1431.24763296265,1687.54778974623,3669.4875,3,0
1,-1430.52273987513,1685.00981916218,3699.3875,3,0
1,-1430.41146707209,1683.22725343937,3721.4625,3,0
1,-1430.56128589064,1681.95462290722,3737.95,3,0
1,-1430.85539692873,1680.87788764193,3752.4875,3,0
1,-1431.59819242964,1679.30605550673,3774.9125,3,0
1,-1433.14732141467,1677.35171368226,3805.4375,3,0
1,-1434.70418418711,1676.02521821398,3828.4875,3,0
1,-1437.00860171719,1674.5970152054,3856.425,3,0
1,-1439.12773560639,1673.61427303064,3878.425,3,0
1,-1442.53604246164,1672.4481388693,3909.325,3,0
1,-1449.9177996777,1670.9741049456,3964.9625,3,0
1,-1467.21684069,1670.13660771057,4062.9625,3,0
1,-1485.31951407203,1670.5618591216,4137.85,3,0
1,-1501.84450460598,1671.10310891033,4191.45,3,0
1,-1514.98445929587,1671.46088695208,4227.425,3,0
1,-1538.0388542572,1671.85721774704,4280.9125,3,0
1,-1558.66782812355,1671.98185489901,4321.525,3,0
1,-1577.52043729229,1671.94548287959,4354.4125,3,0
1,-1595.83452954376,1671.80505646159,4383.425,3,0
1,-1612.90078311833,1671.60302670656,4408.3875,3,0
1,-1632.46336406656,1671.30708915594,4435,3,0
1,-1646.50951265497,1671.06204436012,4453,3,0
1,-1673.1052077082,1670.54222372728,4484.975,3,0
1,-1700.3633609931,1669.95465797185,4515.375,3,0
1,-1721.38385322643,1669.47454773483,4537.4625,3,0
1,-1750.55754132848,1668.77939413121,4566.475,3,0
1,-1785.38117293268,1667.91495512602,4599,3,0
1,-1839.6517188712,1666.50426870987,4645.975,3,0
1,-1895.46702945326,1664.97375008164,4690.4875,3,0
1,-2038.612052212,1660.64455468276,4791.55,3,0
1,-2327.98084487021,1650.50514303826,4958.525,3,0
1,-2503.82376741525,1644.34401344354,5045.05,3,0
1,-2568.38757109269,1642.25164617809,5074.9875,3,0
1,-2624.77628025506,1640.5329111054,5100.5125,3,0
1,-2668.55630672397,1639.27819226288,5119.9875,3,0
1,-2714.04702523863,1638.05505419849,5139.95,3,0
1,-2768.39319120068,1636.70938071952,5163.4875,3,0
1,-2856.3009508634,1634.81749623527,5201,3,0
1,-2909.59517763602,1633.85107842889,5223.5,3,0
1,-2950.10456832871,1633.21052266462,5240.525,3,0
1,-2981.0710278945,1632.77643192767,5253.5125,3,0
1,-3003.73895214824,1632.48929321114,5263.0125,3,0
1,-3026.37846165337,1632.22847695328,5272.5,3,0
1,-3051.39196047699,1631.97037532012,5282.9875,3,0
1,-3064.52943636617,1631.84747727662,5288.5,3,0
1,-3083.57666694699,1631.68461704544,5296.5,3,0
1,-3105.00044556661,1631.52312713371,5305.5125,3,0
1,-3153.48601949634,1631.24121117764,5325.9875,3,0
1,-3227.37856031628,1631.02847629605,5357.5,3,0
1,-3256.39425104251,1631.01362076717,5370.0125,3,0
1,-3281.69083166169,1631.0308552802,5381,3,0
1,-3294.31239672424,1631.04968286634,5386.5125,3,0
1,-3306.7707155901,1631.07471379941,5391.975,3,0
1,-3314.81186226755,1631.09430296825,5395.5125,3,0
1,-3333.95903420309,1631.15126070906,5403.975,3,0
1,-3348.57708709314,1631.2043685342,5410.475,3,0
1,-3368.68381566508,1631.29056774938,5419.475,3,0
1,-3382.0538615617,1631.35588750735,5425.5,3,0
1,-3389.84148491127,1631.39691935957,5429.025,3,0
1,-3406.24116881192,1631.48977649395,5436.4875,3,0
1,-3416.04474917566,1631.54951762975,5440.975,3,0
1,-3428.02619654639,1631.62651360793,5446.4875,3,0
1,-3436.73096116399,1631.6852703324,5450.5125,3,0
1,-3452.85064230906,1631.79963979906,5458.0125,3,0
1,-3466.71299186116,1631.90361460374,5464.5125,3,0
1,-3477.25375165837,1631.98593899803,5469.4875,3,0
1,-3504.55858554225,1632.21077720233,5482.5125,3,0
1,-3535.38789178757,1632.48146585689,5497.475,3,0
1,-3560.73927443102,1632.71388205411,5510,3,0
1,-3582.65337317111,1632.9190255098,5521,3,0
1,-3620.77617023373,1633.2773138107,5540.55,3,0
1,-3717.76354171894,1634.08789252451,5593,3,0
1,-3880.60929991398,1634.13550244192,5692.025,3,0
1,-3991.34105937462,1631.96900033026,5769.0125,3,0
1,-4048.27762931865,1629.741747782,5811.9875,3,0
1,-4073.80634892546,1628.44811426985,5832.025,3,0
1,-4098.14269381389,1627.03285600954,5851.575,3,0
1,-4128.31153941806,1625.02304972074,5876.425,3,0
1,-4149.81988750771,1623.41437125846,5894.5625,3,0
1,-4174.18264192902,1621.41512686924,5915.5375,3,0
1,-4197.43171478622,1619.33415319191,5935.9875,3,0
1,-4223.58895718446,1616.79780960148,5959.5125,3,0
1,-4249.06478828983,1614.14130541689,5982.9625,3,0
1,-4274.60099854693,1611.31247745806,6007.0125,3,0
1,-4311.78326262953,1606.94944343996,6043.025,3,0
1,-4354.63362944685,1601.69103101205,6086,3,0
1,-4381.30385853956,1598.3844944229,6113.525,3,0
1,-4410.22618010081,1594.85791547062,6144,3,0
1,-4437.72084746836,1591.64320877548,6173.5,3,0
1,-4484.44119287422,1586.71761821186,6224.4875,3,0
1,-4567.38631063467,1580.50262666971,6315.5375,3,0
1,-4623.79412819957,1578.41876917155,6376,3,0
1,-4648.20837325882,1578.01363998218,6401.5125,3,0
1,-4664.2121094279,1577.89042370349,6417.9875,3,0
1,-4685.39600889711,1577.88184784602,6439.475,3,0
1,-4709.53959697485,1578.05929055424,6463.5,3,0
1,-4719.73083748017,1578.18603740472,6473.4875,3,0
1,-4730.04475211864,1578.34181719087,6483.5,3,0
1,-4738.8803662844,1578.49532975964,6492,3,0
1,-4745.16307687433,1578.6147270687,6498,3,0
1,-4755.16481336346,1578.82082151009,6507.475,3,0
1,-4760.99063871382,1578.94929250963,6512.95,3,0
1,-4769.63433907833,1579.14989317683,6521.0125,3,0
1,-4776.09155558003,1579.30696206117,6526.9875,3,0
1,-4783.72831038153,1579.49985383574,6534,3,0
1,-4791.92727245344,1579.71445214074,6541.4625,3,0
1,-4800.27385874419,1579.93979151063,6548.9875,3,0
1,-4867.73141170526,1581.89167505923,6606.975,3,0
1,-4941.78342670808,1583.96687567911,6664.4875,3,0
1,-5029.34298852785,1585.9800970433,6724.5,3,0
1,-5076.16990382969,1586.83015804089,6753.4875,3,0
1,-5083.72833103873,1586.95321209341,6757.9875,3,0
1,-5099.08547692047,1587.19164513311,6766.9875,3,0
1,-5158.25534818554,1587.9745950045,6800.0125,3,0
1,-5254.44552223943,1588.85714081622,6848.9875,3,0
1,-5320.68203136232,1589.24785372517,6880,3,0
1,-5331.74829236511,1589.29961475068,6885,3,0
1,-5337.26574645378,1589.32412309119,6887.475,3,0
1,-5339.55843365891,1589.33412061075,6888.5,3,0
1,-5344.04491275316,1589.3531895715,6890.5,3,0
1,-5346.29456651956,1589.36251231323,6891.5,3,0
1,-5347.42099609692,1589.36715407511,6892,3,0
1,-5351.93739307206,1589.38541322748,6894,3,0
1,-5355.33589606965,1589.39888503518,6895.5,3,0
1,-5359.85369278304,1589.4162594122,6897.4875,3,0
1,-5362.13316346752,1589.42481063347,6898.4875,3,0
1,-5363.33159039542,1589.4293601685,6899.0125,3,0
1,-5367.87911858549,1589.44594327619,6901,3,0
1,-5371.32233896572,1589.45822329518,6902.5,3,0
1,-5372.47220385354,1589.46231007387,6903,3,0
1,-5377.05341329472,1589.47811522977,6904.9875,3,0
1,-5379.42260081787,1589.48606484905,6906.0125,3,0
1,-5412.22693328233,1589.58519718079,6920.0125,3,0
1,-5499.01699724002,1589.76589871861,6955.4875,3,0
1,-5639.60538769001,1589.94347898741,7009,3,0
1,-5737.6212144983,1590.08518735721,7044,3,0
1,-5756.30171516025,1590.11992004236,7050.4875,3,0
1,-5773.75584594207,1590.155308148,7056.5,3,0
1,-5794.24723085389,1590.20096712977,7063.5,3,0
1,-5801.68365009129,1590.21868613975,7066.025,3,0
1,-5811.91970358929,1590.2441499213,7069.4875,3,0
1,-5816.44213777175,1590.25582298483,7071.0125,3,0
1,-5819.37520545581,1590.26345106027,7072,3,0
1,-5822.34908812074,1590.27131887418,7073,3,0
1,-5825.36392288655,1590.27947222924,7074.0125,3,0
1,-5834.28168743709,1590.30411652274,7077,3,0
1,-5835.81483415468,1590.30852028635,7077.5125,3,0
1,-5840.27020270843,1590.321313895,7079,3,0
1,-5846.27350995364,1590.33888623189,7081,3,0
1,-5852.25393736968,1590.3569729401,7082.9875,3,0
1,-5856.7771244063,1590.37102258801,7084.4875,3,0
1,-5861.34641039092,1590.38538345213,7086,3,0
1,-5864.37205874268,1590.3951118458,7087,3,0
1,-5870.39647767739,1590.41473766355,7088.9875,3,0
1,-5873.47111684643,1590.42499107412,7090,3,0
1,-5884.12857497716,1590.46159780483,7093.5,3,0
1,-5904.15587799111,1590.53468020998,7100.0375,3,0
1,-5986.86605960689,1590.90326066437,7126.5125,3,0
1,-6228.33511556033,1592.65830628854,7199.5,3,0
1,-6475.42875645682,1595.50693717597,7268.5,3,0
1,-6608.12691330491,1597.42437736542,7303.5,3,0
1,-6680.34073938057,1598.56729381072,7322,3,0
1,-6743.97111816844,1599.62780342503,7338,3,0
1,-6814.82615988934,1600.86407974428,7355.5,3,0
1,-6971.11646789685,1603.78305691719,7393,3,0
1,-7065.84808357153,1605.67278867369,7415.05,3,0
1,-7133.45954278065,1607.07471184146,7430.5,3,0
1,-7184.37989754602,1608.15924881433,7441.9875,3,0
1,-7222.46480391175,1608.98646456737,7450.5,3,0
1,-7262.99474814441,1609.88178476571,7459.4875,3,0
1,-7301.79465974215,1610.7535618934,7468.025,3,0
1,-7347.66195671493,1611.80260567474,7478.0375,3,0
1,-7396.0583198159,1612.93153414434,7488.5125,3,0
1,-7430.96053375024,1613.7598309623,7496.0125,3,0
1,-7458.91195948888,1614.43180792011,7501.9875,3,0
1,-7494.29404693283,1615.2936177851,7509.5125,3,0
1,-7529.81181704346,1616.17165287031,7517.025,3,0
1,-7548.62206041766,1616.64186475412,7520.9875,3,0
1,-7577.20214536926,1617.36338420172,7526.9875,3,0
1,-7617.94633945916,1618.40693838267,7535.5,3,0
1,-7653.96797002619,1619.34445888616,7542.9875,3,0
1,-7731.54705640022,1621.41257398096,7559,3,0
1,-7765.68127025617,1622.34433184017,7566,3,0
1,-7785.18216024153,1622.88272562622,7569.9875,3,0
1,-7797.4900434739,1623.22493048329,7572.5,3,0
1,-7814.72255985346,1623.70711359678,7576.0125,3,0
1,-7844.16551789641,1624.53916700305,7582,3,0
1,-7868.75432925578,1625.24229247465,7586.9875,3,0
1,-7886.0428158748,1625.74108178909,7590.4875,3,0
1,-7898.46991296392,1626.10203719833,7593,3,0
1,-7915.80366049381,1626.60875039928,7596.5,3,0
1,-7940.61012321711,1627.34062081156,7601.5,3,0
1,-7958.00451458665,1627.85862832155,7605,3,0
1,-7982.89488063008,1628.60675335388,7610,3,0
1,-8010.32834707294,1629.44084352217,7615.5,3,0
1,-8042.69450254459,1630.43806189412,7621.975,3,0
1,-8065.23076344468,1631.14089911502,7626.475,3,0
1,-8128.06615059031,1633.13805978242,7638.9875,3,0
1,-8193.59816294303,1635.28105945889,7651.9875,3,0
1,-8234.10471633961,1636.63716330248,7660,3,0
1,-8274.69410017226,1638.02044962134,7668.0125,3,0
1,-8302.60155854141,1638.98595872087,7673.5125,3,0
1,-8338.10837321216,1640.23139699565,7680.5,3,0
1,-8383.86005295161,1641.86474945214,7689.4875,3,0
1,-8422.17141495552,1643.25726912229,7697,3,0
1,-8462.9713796298,1644.76525815093,7704.9875,3,0
1,-8493.66328934766,1645.91676881017,7710.9875,3,0
1,-8537.27139581414,1647.57810232765,7719.5,3,0
1,-8629.66338761523,1651.19596715955,7737.4875,3,0
1,-8720.00305329449,1654.86143646975,7755.0125,3,0
1,-8774.28718157485,1657.12414700015,7765.5125,3,0
1,-8818.38614733424,1658.99513494047,7774.025,3,0
1,-8878.03003267245,1661.57182722503,7785.5125,3,0
1,-8919.59539400972,1663.39837205752,7793.5,3,0
1,-8992.77471613465,1666.67445486202,7807.525,3,0
1,-9071.20416883985,1670.26893777721,7822.5,3,0
1,-9189.66699798731,1675.8546701642,7845,3,0
1,-9247.81158791622,1678.66209296214,7855.9875,3,0
1,-9295.66016098857,1681.00345236584,7865,3,0
1,-9346.25625820085,1683.50882314421,7874.5,3,0
1,-9388.86217363551,1685.6412887847,7882.475,3,0
1,-9418.45231575798,1687.13423405868,7888,3,0
1,-9464.09669860872,1689.4557676644,7896.5,3,0
1,-9493.64452016028,1690.97028489711,7901.9875,3,0
1,-9534.06654197956,1693.05653766823,7909.475,3,0
1,-9569.39421957592,1694.89320703081,7916,3,0
1,-9599.24813948059,1696.45455614867,7921.5,3,0
1,-9634.62190131005,1698.31532720059,7928,3,0
1,-9672.76278624544,1700.33421551846,7934.9875,3,0
1,-9713.76812544093,1702.51871435856,7942.475,3,0
1,-9758.01516553434,1704.89147962091,7950.525,3,0
1,-9824.22658020444,1708.47045016614,7962.5125,3,0
1,-9949.67564976215,1715.33542019012,7985.025,3,0
1,-10225.2677640906,1730.71603845901,8033.5,3,0
1,-10382.4260572861,1739.60582155339,8060.5,3,0
1,-10494.9852189925,1745.99731536677,8079.5375,3,0
1,-10593.6368641173,1751.60301239205,8096.0125,3,0
1,437.70016413508,1574.75980124502,87,3,0
1,-3621.64113200782,1633.28537610492,5541,3,0
1,-4905.34528081724,1582.97731099975,6637,3,0
1,-4573.33703365549,1580.20160332776,6322,3,0
1,447.406674970873,1581.57589655827,120,3,0
1,-1604.96301068179,1671.70438831014,4397,3,0
1,451.4142311709,1585.59469667482,137,3,0
1,-137.624080832116,1718.05910718056,1990,3,0
1,404.136566376779,1565.84578313373,8,3,0
1,-4543.08859231276,1581.93751717149,6289,3,0
1,447.913055003155,1582.0324055797,122,3,0
1,-1430.81344383629,1686.29993288921,3684,3,0
1,-3615.86401455384,1633.23142916438,5538,3,0
1,-5588.38428280503,1589.88356004785,6990,3,0
1,-1505.51506126858,1671.21202863228,4202,3,0
1,447.149985861965,1581.34934651155,119,3,0
1,147.321397147141,1764.22222011631,1035,3,0
1,7.98282945528626,1721.63405091811,1670,3,0
1,-4509.43974861875,1584.46318225361,6252,3,0
1,-4669.12125083758,1577.87343286414,6423,3,0
1,451.181704520248,1645.86460134113,336,3,0
1,441.525134020019,1577.07262222627,99,3,0
1,-5717.64344390435,1590.0512944793,7037,3,0
1,-553.919360121712,1731.44275235896,2361.5,3,0
1,-1727.80257172603,1669.32421356337,4544,3,0
1,-4488.54606810259,1586.32700092019,6229,3,0
1,-397.619126272388,1728.16749502888,2249,3,0
1,129.429973470978,1762.75706197216,1088.5,3,0
1,-1458.79323313013,1670.26155458484,4019.5,3,0
1,-5071.19570434652,1586.74712360882,6750.5,3,0
1,-5078.70150874136,1586.87180330301,6755,3,0
1,-8287.31136265304,1638.45547338534,7670.5,3,0
1,-6499.68948024511,1595.83883016823,7275,3,0
1,-2179.16242498113,1655.86437053297,4877.5,3,0
1,-2513.30749774957,1644.0292527785,5049.5,3,0
1,-4961.18828072865,1584.46015826232,6678.5,3,0
1,-8509.0872762939,1646.50102106225,7714,3,0
1,-1465.46017200779,1712.52641013727,3324.5,3,0
1,-4913.12528196862,1583.19477887894,6643,3,0
1,-8524.4565723408,1647.08677519672,7717,3,0
1,171.394567815121,1764.57319277522,971,3,0
1,-4373.58543486521,1599.33926356686,6105.5,3,0
1,-1647.30930651026,1671.0473768531,4454,3,0
1,-1942.43395776441,1663.61908926356,4725.5,3,0
1,-1391.24645117112,1709.10090663413,2995,3,0
1,-4210.30922370357,1618.11058992266,5947.5,3,0
1,318.797165594064,1736.41679069995,663.5,3,0
1,-3083.57666694699,1631.68461704544,5296.5,3,0
1,-3127.5036911536,1631.3779174671,5315,3,0
1,-7013.82010755036,1604.62400438391,7403,3,0
1,-3085.9557327698,1631.66554662769,5297.5,3,0
1,-4732.63571408391,1578.38496104159,6486,3,0
1,-5455.58185128635,1589.6876848929,6938,3,0
1,-11305.5225515724,1791.32399794234,8209,3,0
1,-4610.56830820162,1578.75740172251,6362,3,0
1,-18165.3073729845,2138.6126245225,8954,3,0
1,-16302.282458948,2003.28934689028,8790.5,3,0
1,-28717.7778940164,3841.57307389133,9687,3,0
1,-4629.02190368762,1578.30860405649,6381.5,3,0
1,-3037.11373993382,1632.11383630096,5277,3,0
1,-5200.17391569866,1588.41224380804,6822,3,0
1,-1338.6729131951,1709.21585223284,2924,3,0
1,-9782.6864185906,1706.22123866912,7955,3,0
1,-8140.71246996941,1633.54675192145,7641.5,3,0
1,-4549.02230429836,1581.55655193993,6295.5,3,0
1,141.075650721323,1763.8398340956,1053,3,0
1,-1506.94554142281,1671.25267392845,4206,3,0
1,-1597.20650728978,1671.79115420344,4385.5,3,0
1,-5068.7112822826,1586.7050693438,6749,3,0
1,-9932.73161678156,1714.40230582072,7982,3,0
1,-1088.17122379597,1719.29949010291,2707,3,0
1,-1430.41938853264,1684.06144613437,3711,3,0
1,-3322.71810279135,1631.11606509477,5399,3,0
1,-9986.03914856631,1717.34370600787,7991.5,3,0
1,-97.2377673289739,1716.9660036274,1929,3,0
1,-478.222596327309,1730.24673218068,2309,3,0
1,-988.788139640354,1723.78671120894,2639.5,3,0
1,-1334.38894894812,1709.28728880749,2919,3,0
1,-1455.03443166986,1707.81729064954,3428.5,3,0
1,-1465.36975654727,1670.13470725199,4054,3,0
1,-1465.87891950132,1670.13388682941,4056.5,3,0
1,-3503.49232830433,1632.20164953238,5482,3,0
1,-4530.79196920013,1582.78924822675,6275.5,3,0
1,-4551.76439627074,1581.38719689672,6298.5,3,0
1,-4575.64323386783,1580.0902510171,6324.5,3,0
1,-4899.57057581563,1582.81400347112,6632.5,3,0
1,-4915.08494127169,1583.2491068781,6644.5,3,0
1,-5336.2048067213,1589.31948429076,6887,3,0
1,-5424.1127900118,1589.61622686726,6925,3,0
1,-6138.35519712791,1591.88183743611,7173,3,0
1,-6170.30587436957,1592.14086101158,7182.5,3,0
1,-7596.37934144353,1617.85231420502,7531,3,0
1,-7995.35775157809,1628.98438871542,7612.5,3,0
1,-8062.85033847624,1631.06632767739,7626,3,0
1,-9060.71110825799,1669.78320131792,7820.5,3,0
1,-9804.78492577747,1707.41617940113,7959,3,0
1,-9876.9140128619,1711.34098917382,7972,3,0
1,153.981197060086,1764.49065377508,1016.5,3,0
1,-1160.36667094473,1715.84480246539,2760,3,0
1,-1465.52648820262,1713.38883926809,3219.5,3,0
1,-1441.97123420471,1672.61372277623,3904.5,3,0
1,-1504.28102249838,1671.17611137318,4198.5,3,0
1,-1688.13254928216,1670.22390766458,4502,3,0
1,-2153.35293615516,1656.77275782074,4862.5,3,0
1,-4308.70659566252,1607.31940922559,6040,3,0
1,-4494.45452085836,1585.77842585137,6235.5,3,0
1,-4834.4353209408,1580.91212873367,6579,3,0
1,-4891.94903217349,1582.59628042061,6626.5,3,0
1,-5072.85683816299,1586.77503386662,6751.5,3,0
1,-5070.36659423076,1586.73308010105,6750,3,0
1,-5307.54420646746,1589.18182626957,6874,3,0
1,-5358.74399549887,1589.41202780388,6897,3,0
1,-5406.27887645317,1589.56872782689,6917.5,3,0
1,-5420.52713101916,1589.60710276723,6923.5,3,0
1,-5477.77877677791,1589.7301809943,6947,3,0
1,-5486.50102709047,1589.74530843375,6950.5,3,0
1,-6153.44728853414,1592.00192943473,7177.5,3,0
1,-6245.6128566293,1592.82391186316,7204.5,3,0
1,-6674.4314661203,1598.47133521536,7320.5,3,0
1,-7834.32134327991,1624.25973969731,7580,3,0
1,-8440.041021368,1643.91454850898,7700.5,3,0
1,-9854.66921321815,1710.12667856719,7968,3,0
1,-9879.69787463825,1711.49324450454,7972.5,3,0
1,-10804.1303910557,1763.53063117492,8130.5,3,0
1,-6138.35519712791,1591.88183743611,7173,3,0
1,-1447.11152794911,1711.51573512567,3117,3,0
1,-3897.1638188404,1633.9616006681,5703,3,0
1,-4246.95496526547,1614.36790997953,5981,3,0
1,-5022.35370521061,1585.83985215834,6720,3,0
1,-4755.72195310658,1578.83282996921,6508,3,0
1,-4992.15537673375,1585.19274305726,6700,3,0
1,-6091.88799935766,1591.53817617696,7159,3,0
1,-6138.35519712791,1591.88183743611,7173,3,0
1,228.724565046839,1759.47191536279,841,3,0
1,-3206.38456254266,1631.06292754803,5348.5,3,0
1,-4634.74657334946,1578.20290294151,6387.5,3,0
1,317.504575836472,1736.88623172166,666,3,0
1,270.459959340747,1751.11542054545,757,3,0
1,230.644757735077,1759.17153903311,837,3,0
1,199.629061306361,1763.02068024689,904,3,0
1,35.1945785554126,1729.41181930787,1541,3,0
1,-971.210179222748,1724.5126274188,2628,3,0
1,-1105.02464119345,1718.49594185183,2719,3,0
1,-1450.732697431,1711.82787193726,3130,3,0
1,-1460.52367211832,1670.20389461433,4029,3,0
1,-1775.52054406283,1668.16321885972,4590,3,0
1,-3389.78634514241,1631.39653495977,5429,3,0
1,-5167.58461529296,1588.07977308859,6805,3,0
1,-5180.85526136728,1588.22161447906,6812,3,0
1,-5182.76799892634,1588.24131418829,6813,3,0
1,-6004.3317973502,1590.99553686612,7132,3,0
1,-7795.03946752893,1623.15669387556,7572,3,0
1,-8123.09828660497,1632.97805511697,7638,3,0
1,-8509.0872762939,1646.50102106225,7714,3,0
1,334.475153835956,1730.3545238751,633,3,0
1,111.860609157011,1760.06112268189,1148,3,0
1,227.767461230513,1759.6185913957,843,3,0
1,-418.438080727123,1728.77989502791,2265,3,0
1,-4998.08450205345,1585.32510531373,6704,3,0
1,-4892.58081489522,1582.61441483561,6627,3,0
1,-5695.03979383316,1590.01660323861,7029,3,0
1,-2167.91136732697,1656.26167930818,4871,3,0
1,-9563.97374441754,1694.61060175935,7915,3,0
1,308.178831972182,1740.14215496774,684,3,0
1,-1467.10171877407,1713.50904272352,3250,3,0
1,-3070.48429985624,1631.7945478728,5291,3,0
1,-4277.73272556486,1610.95528309683,6010,3,0
1,-5492.76197203575,1589.75579110378,6953,3,0
1,-6111.71268773871,1591.68001022491,7165,3,0
1,-8067.86219241703,1631.22340290471,7627,3,0
1,-10468.0203096843,1744.46530233221,8075,3,0
1,-1106.41641659662,1718.42932538858,2720,3,0
1,-1506.58589259535,1671.2425367407,4205,3,0
1,-1524.59965455625,1671.66222570299,4251,3,0
1,-88396.9116436349,2161.39710652377,14082,3,0
1,-93155.9742702201,2147.78985203969,14295,3,0
1,-92299.057379198,2147.24079869897,14255,3,0
1,-95462.1769447612,2166.0898648812,14408,3,0
1,-95225.7010418142,2162.66712399352,14396,3,0
1,-97909.1771410441,2234.35851209701,14539,3,0
1,-112227.993699644,2153.8669677928,18116,3,0
1,-112385.51816589,2147.40577250957,18174,3,0
1,-113305.777335631,2153.26667683232,18448,3,0
1,-112515.533929185,2144.7174997294,18218,3,0
1,-112391.236792132,2147.24407826348,18176,3,0
1,-113671.949616036,2163.92629185659,18549,3,0
1,-114261.763164827,2185.99635066588,18746,3,0
1,-114336.316649915,2189.5400409966,18783,3,0
1,-114190.829837334,2182.90435935138,18716,3,0
1,-114374.734908095,2191.56722055555,18806,3,0
1,-60618.3002035483,2332.98751211176,12002,3,0
1,-61907.6117742487,2207.1547613549,12203,3,0
1,-61703.1958148516,2218.56414695068,12170,3,0
1,-66013.5447828741,2171.48672148318,12798,3,0
1,-66426.0749272219,2168.56693298373,12844,3,0
1,-67921.9882022473,2160.1726196054,12993,3,0
1,-69020.1700520983,2157.12805872155,13088,3,0
1,-70191.8179965263,2156.45949509991,13179,3,0
1,-76473.4733559603,2171.008354666,13555,3,0
1,-76854.9369676129,2172.06720228452,13574,3,0
1,-76935.9832276551,2172.28827346165,13578,3,0
1,-78054.3195777048,2175.14788307031,13632,3,0
1,-111555.0927322,2472.23329591754,17580,3,0
1,-98504.1176060203,2262.86515008264,14573,3,0
1,-113159.667620606,2149.79044917382,18408,3,0
1,-40.9754996951669,147.879951484441,-68,4,0
1,-104.088382441085,112.523634985827,14,4,0
1,-132.986326933838,106.759916899089,43,4,0
1,-156.83220804343,102.897977622171,65.5,4,0
1,-179.503037515562,101.57715057577,86.5125,4,0
1,-201.259501331951,104.494397809475,106.975,4,0
1,-237.594855716452,124.392113891247,143.5,4,0
1,-328.13034792617,273.896563733966,261.05,4,0
1,-361.090926271398,354.420768302512,314.525,4,0
1,-384.236592353787,415.845612777834,354.925,4,0
1,-401.594268755987,463.004295622197,386.4875,4,0
1,-421.895418121014,517.821435732222,424.5125,4,0
1,-438.059619059786,560.199267533946,455.475,4,0
1,-455.750606291927,604.38134454831,489.9125,4,0
1,-481.083241715562,662.177579736144,540.0125,4,0
1,-502.768282831181,705.451744639768,583.5125,4,0
1,-554.17314021755,782.145794599806,688.9375,4,0
1,-626.704630392138,832.577973791787,847.125,4,0
1,-717.625231288373,801.563918987007,1074,4,0
1,-786.375950970221,640.963788446158,1254.55,4,0
1,-861.922264138237,362.647656606411,1438.0125,4,0
1,-897.532038499136,235.12763742147,1516.4625,4,0
1,-925.100699991919,156.769531149626,1574.9625,4,0
1,-955.611340596341,114.689430941924,1641.5375,4,0
1,358.812853910029,1572.73995113407,-68,1,0
1,407.348889226094,1566.04242555472,14,1,0
1,420.9567945241,1568.24164721799,43,1,0
1,430.176572048571,1571.14871750487,65.5,1,0
1,437.71847372083,1574.65835872211,86.5125,1,0
1,444.067638092209,1578.70543338668,106.975,1,0
1,452.968905578367,1587.19582325405,143.5,1,0
1,461.186922763009,1621.48269651469,261.05,1,0
1,455.334593791049,1638.80446899816,314.525,1,0
1,447.365149729419,1652.0383860258,354.925,1,0
1,439.20674372511,1662.30238125329,386.4875,1,0
1,427.346845976543,1674.42950895934,424.5125,1,0
1,416.224080612883,1684.00902180056,455.475,1,0
1,402.50488162972,1694.25047916407,489.9125,1,0
1,380.437756940722,1708.18415769412,540.0125,1,0
1,359.710234316997,1719.18509952418,583.5125,1,0
1,306.117050089873,1740.92955554525,688.9375,1,0
1,226.44732330041,1759.7973769562,847.125,1,0
1,135.009915137663,1762.98284963257,1074,1,0
1,87.1603111741133,1752.49596024087,1254.55,1,0
1,54.1776755424216,1736.55943569457,1438.0125,1,0
1,41.3221716000699,1729.87301566055,1516.4625,1,0
1,30.8762378608808,1725.38126190968,1574.9625,1,0
1,17.0551091469824,1720.96521112503,1641.5375,1,0
1,0.529039345216006,1717.4640338097,1706.475,1,0
1,-43.8195268018171,1713.07675501177,1831.4875,1,0
1,-160.623791134451,1712.29623985012,2025.0375,1,0
1,-449.961940543726,1717.12803239618,2292.0375,1,0
1,-746.69795964146,1713.45667527312,2489.5125,1,0
1,-868.437535865698,1709.04427866804,2566.0125,1,0
1,-953.696524027735,1705.2274574158,2620.5,1,0
1,-1021.90616707318,1701.93942783996,2665.525,1,0
1,-1091.28240659274,1698.60785281836,2713.5,1,0
1,-1143.04982178798,1696.29873405114,2751.4125,1,0
1,-1200.43659710418,1694.08748705981,2796.5125,1,0
1,-1251.39833187871,1692.62318882184,2840.475,1,0
1,-1307.06096289353,1691.88896610836,2895,1,0
1,-1416.48913390422,1695.89961290202,3050.05,1,0
1,-1447.65904426062,1700.14422916916,3136.4625,1,0
1,-1456.02577379858,1701.98175837111,3176.9625,1,0
1,-1462.5665663518,1704.15589148837,3241.4625,1,0
1,-1462.62349990383,1704.9667436904,3303.5,1,0
1,-1460.47902105702,1704.73432419313,3340.9625,1,0
1,-1457.91114493413,1704.14113024093,3370.9375,1,0
1,-1455.39149183501,1703.39004834933,3395.5,1,0
1,-1452.14420512738,1702.23351557153,3424,1,0
1,-1449.20241691219,1701.01943261172,3448.3625,1,0
1,-1445.74167481018,1699.38686796985,3476.475,1,0
1,-1441.98895962909,1697.33950685471,3507.4875,1,0
1,-1437.50828330731,1694.41443158079,3547.35,1,0
1,-1433.14934028685,1690.77246277389,3593.4875,1,0
1,-1430.85619523702,1688.22595002911,3624.9875,1,0
1,-1429.38628097717,1686.02279509235,3652.4375,1,0
1,-1428.73895505536,1684.67919454563,3669.4875,1,0
1,-1428.11429477576,1682.39665539037,3699.3875,1,0
1,-1428.07505767094,1680.78994656425,3721.4625,1,0
1,-1428.27759188041,1679.6419107093,3737.95,1,0
1,-1428.6174147143,1678.67042361534,3752.4875,1,0
1,-1429.42931627342,1677.25275107337,3774.9125,1,0
1,-1431.0697868648,1675.49303869237,3805.4375,1,0
1,-1432.6935598175,1674.30253112957,3828.4875,1,0
1,-1435.07672261307,1673.02723018908,3856.425,1,0
1,-1437.25607367884,1672.15617818867,3878.425,1,0
1,-1440.74633103656,1671.13482250215,3909.325,1,0
1,-1448.26808080729,1669.8887791144,3964.9625,1,0
1,-1465.79107444361,1669.36565500669,4062.9625,1,0
1,-1484.04660889087,1669.97035611534,4137.85,1,0
1,-1500.67194438912,1670.61425316248,4191.45,1,0
1,-1513.87523440178,1671.03076338487,4227.425,1,0
1,-1537.01812928356,1671.50155176204,4280.9125,1,0
1,-1557.70998533396,1671.67385542298,4321.525,1,0
1,-1576.61091490323,1671.67121449884,4354.4125,1,0
1,-1594.96577755222,1671.55737316895,4383.425,1,0
1,-1612.06576453755,1671.37605271389,4408.3875,1,0
1,-1631.66298176255,1671.1002380335,4435,1,0
1,-1645.73180293618,1670.86771573879,4453,1,0
1,-1672.36631889781,1670.36822008565,4484.975,1,0
1,-1699.65971231321,1669.79790063555,4515.375,1,0
1,-1720.70482462971,1669.32918777903,4537.4625,1,0
1,-1749.90963688027,1668.64767643283,4566.475,1,0
1,-1784.76657925174,1667.79692715255,4599,1,0
1,-1839.08242214797,1666.40340598921,4645.975,1,0
1,-1894.93775357027,1664.88669632682,4690.4875,1,0
1,-2038.16403669817,1660.58188539701,4791.55,1,0
1,-2327.64180761389,1650.468169257,4958.525,1,0
1,-2503.53076241072,1644.31572297872,5045.05,1,0
1,-2568.10905373842,1642.22585668237,5074.9875,1,0
1,-2624.50957122259,1640.50905949586,5100.5125,1,0
1,-2668.29828295438,1639.25572831688,5119.9875,1,0
1,-2713.79762233933,1638.03392286596,5139.95,1,0
1,-2768.15359812323,1636.68972026141,5163.4875,1,0
1,-2856.07623033132,1634.79997721751,5201,1,0
1,-2909.37894743634,1633.83472326443,5223.5,1,0
1,-2949.89455646276,1633.19500944999,5240.525,1,0
1,-2980.86564354505,1632.76151172354,5253.5125,1,0
1,-3003.53689034516,1632.47481757336,5263.0125,1,0
1,-3026.17966631241,1632.21441462451,5272.5,1,0
1,-3051.19671666948,1631.95675268267,5282.9875,1,0
1,-3064.33603473241,1631.83409835608,5288.5,1,0
1,-3083.38590898411,1631.67155793827,5296.5,1,0
1,-3104.81262412155,1631.51042778039,5305.5125,1,0
1,-3153.30470818141,1631.22929413527,5325.9875,1,0
1,-3227.20684494963,1631.01766306717,5357.5,1,0
1,-3256.22620820859,1631.00324039222,5370.0125,1,0
1,-3281.52595107676,1631.02080649647,5381,1,0
1,-3294.14908091584,1631.03981141561,5386.5125,1,0
1,-3306.60893619945,1631.0650161187,5391.975,1,0
1,-3314.65107039176,1631.08471914189,5395.5125,1,0
1,-3333.80058109062,1631.1419118922,5403.975,1,0
1,-3348.42040799744,1631.19521740561,5410.475,1,0
1,-3368.52956121648,1631.28167327927,5419.475,1,0
1,-3381.90120994998,1631.34715297299,5425.5,1,0
1,-3389.6897635744,1631.38829563032,5429.025,1,0
1,-3406.09139881749,1631.48133990983,5436.4875,1,0
1,-3415.89614088228,1631.54120157555,5440.975,1,0
1,-3427.87900336506,1631.61835366832,5446.4875,1,0
1,-3436.5847929907,1631.67720168937,5450.5125,1,0
1,-3452.70636567893,1631.79176440501,5458.0125,1,0
1,-3466.57033537654,1631.8958926254,5464.5125,1,0
1,-3477.11232328927,1631.97833900271,5469.4875,1,0
1,-3504.42032417655,1632.20348853545,5482.5125,1,0
1,-3535.25318374159,1632.47450837713,5497.475,1,0
1,-3560.60747263953,1632.70719582104,5510,1,0
1,-3582.52407356212,1632.91257325296,5521,1,0
1,-3620.65120444307,1633.27125401771,5540.55,1,0
1,-3717.64951814339,1634.08277463024,5593,1,0
1,-3880.51345349196,1634.13179742565,5692.025,1,0
1,-3991.2573650023,1631.96611817919,5769.0125,1,0
1,-4048.20005109627,1629.73926492319,5811.9875,1,0
1,-4073.73147126753,1628.44579269503,5832.025,1,0
1,-4098.07036252879,1627.03067367677,5851.575,1,0
1,-4128.24232311081,1625.0210566452,5876.425,1,0
1,-4149.75286169257,1623.4124888119,5894.5625,1,0
1,-4174.11806496046,1621.41337502509,5915.5375,1,0
1,-4197.36944113299,1619.33250885446,5935.9875,1,0
1,-4223.52923399163,1616.79630512958,5959.5125,1,0
1,-4249.00750572095,1614.13991185569,5982.9625,1,0
1,-4274.54611769691,1611.31120260275,6007.0125,1,0
1,-4311.73179501621,1606.94832414797,6043.025,1,0
1,-4354.58596381173,1601.69007074768,6086,1,0
1,-4381.2584820888,1598.38363021704,6113.525,1,0
1,-4410.18321265653,1594.85714511503,6144,1,0
1,-4437.68009240692,1591.64250054546,6173.5,1,0
1,-4484.40400130814,1586.71703953826,6224.4875,1,0
1,-4567.35473799938,1580.50221815304,6315.5375,1,0
1,-4623.76581722172,1578.41844264678,6376,1,0
1,-4648.18133709673,1578.01333932321,6401.5125,1,0
1,-4664.18586634472,1577.89014849084,6417.9875,1,0
1,-4685.37076591467,1577.88159853276,6439.475,1,0
1,-4709.51542787813,1578.05906646867,6463.5,1,0
1,-4719.70710147824,1578.1858168846,6473.4875,1,0
1,-4730.02144263638,1578.34159987271,6483.5,1,0
1,-4738.85741296876,1578.49513214954,6492,1,0
1,-4745.14037174219,1578.61451943199,6498,1,0
1,-4755.14249479352,1578.82063832086,6507.475,1,0
1,-4760.96854055254,1578.9490965015,6512.95,1,0
1,-4769.61256160308,1579.14970680765,6521.0125,1,0
1,-4776.07001280179,1579.30677712128,6526.9875,1,0
1,-4783.70703988103,1579.49968088979,6534,1,0
1,-4791.90628798539,1579.7142762849,6541.4625,1,0
1,-4800.25315887248,1579.93962651868,6548.9875,1,0
1,-4867.71278117644,1581.89153986226,6606.975,1,0
1,-4941.76664707297,1583.96677768491,6664.4875,1,0
1,-5029.32794716908,1585.98001488497,6724.5,1,0
1,-5076.15563731454,1586.83007377261,6753.4875,1,0
1,-5083.71418122947,1586.95314173321,6757.9875,1,0
1,-5099.07155770762,1587.19157685299,6766.9875,1,0
1,-5158.24224383989,1587.97452730545,6800.0125,1,0
1,-5254.43354046717,1588.85707720495,6848.9875,1,0
1,-5320.67071082909,1589.2478087326,6880,1,0
1,-5331.73707501683,1589.29957743628,6885,1,0
1,-5337.25457983837,1589.32408624526,6887.475,1,0
1,-5339.54728798894,1589.33408160203,6888.5,1,0
1,-5344.03380783787,1589.35315300961,6890.5,1,0
1,-5346.28348192759,1589.36246218609,6891.5,1,0
1,-5347.40992165171,1589.36712103363,6892,1,0
1,-5351.92635912541,1589.38537310487,6894,1,0
1,-5355.3248924003,1589.39883971462,6895.5,1,0
1,-5359.84272910655,1589.41621028953,6897.4875,1,0
1,-5362.12221985729,1589.42476489694,6898.4875,1,0
1,-5363.32065730728,1589.42932331136,6899.0125,1,0
1,-5367.86822523689,1589.44590440341,6901,1,0
1,-5371.31147551443,1589.4581762504,6902.5,1,0
1,-5372.46135034878,1589.46228583935,6903,1,0
1,-5377.04259924451,1589.47806907898,6904.9875,1,0
1,-5379.41180705931,1589.48601342504,6906.0125,1,0
1,-5412.21641294891,1589.58515571453,6920.0125,1,0
1,-5499.00713952584,1589.76587015711,6955.4875,1,0
1,-5639.59645234281,1589.94345319335,7009,1,0
1,-5737.61283579143,1590.08516832058,7044,1,0
1,-5756.29343580222,1590.11989778159,7050.4875,1,0
1,-5773.74765762175,1590.15527583225,7056.5,1,0
1,-5794.23914727662,1590.20094376366,7063.5,1,0
1,-5801.67560397089,1590.21866177807,7066.025,1,0
1,-5811.91170855379,1590.24412929676,7069.4875,1,0
1,-5816.43416513456,1590.25579938774,7071.0125,1,0
1,-5819.36724728951,1590.26342133065,7072,1,0
1,-5822.34114458179,1590.27130413373,7073,1,0
1,-5825.35599413142,1590.27944787794,7074.0125,1,0
1,-5834.27380214212,1590.30409246281,7077,1,0
1,-5835.8069562926,1590.30850091672,7077.5125,1,0
1,-5840.2623463776,1590.3212925517,7079,1,0
1,-5846.26568248169,1590.33886130296,7081,1,0
1,-5852.24613847258,1590.35694930118,7082.9875,1,0
1,-5856.76934700599,1590.37099733159,7084.4875,1,0
1,-5861.3386546094,1590.38535275785,7086,1,0
1,-5864.3643172225,1590.39508345616,7087,1,0
1,-5870.38876442006,1590.41472130556,7088.9875,1,0
1,-5873.46341795009,1590.42497308762,7090,1,0
1,-5884.12092551636,1590.46157790475,7093.5,1,0
1,-5904.14832003089,1590.53465359342,7100.0375,1,0
1,-5986.85886127688,1590.90324439307,7126.5125,1,0
1,-6228.3288234463,1592.65828330323,7199.5,1,0
1,-6475.42321698554,1595.50692597027,7268.5,1,0
1,-6608.12172085932,1597.42436715092,7303.5,1,0
1,-6680.33572158962,1598.56728088431,7322,1,0
1,-6743.96624673391,1599.62779895648,7338,1,0
1,-6814.82144370349,1600.86407223934,7355.5,1,0
1,-6971.1120680999,1603.78304938146,7393,1,0
1,-7065.84385991003,1605.67278147602,7415.05,1,0
1,-7133.45543836104,1607.0747068306,7430.5,1,0
1,-7184.37587962113,1608.15923956926,7441.9875,1,0
1,-7222.46084891446,1608.98645665963,7450.5,1,0
1,-7262.99085853063,1609.88177916972,7459.4875,1,0
1,-7301.79083124641,1610.75355631021,7468.025,1,0
1,-7347.65819868492,1611.80260413045,7478.0375,1,0
1,-7396.05463413568,1612.93153484086,7488.5125,1,0
1,-7430.95689902268,1613.75982948873,7496.0125,1,0
1,-7458.90836485382,1614.43180416329,7501.9875,1,0
1,-7494.2905021701,1615.29361100683,7509.5125,1,0
1,-7529.80832138471,1616.17165303126,7517.025,1,0
1,-7548.61859038798,1616.64187381102,7520.9875,1,0
1,-7577.19871379388,1617.36337928259,7526.9875,1,0
1,-7617.94296171796,1618.4069396356,7535.5,1,0
1,-7653.96463894332,1619.3444520527,7542.9875,1,0
1,-7731.54382297304,1621.4125668511,7559,1,0
1,-7765.67807862302,1622.34432825789,7566,1,0
1,-7785.17899217829,1622.88272432576,7569.9875,1,0
1,-7797.48689017212,1623.2249298451,7572.5,1,0
1,-7814.71942707617,1623.70711180215,7576.0125,1,0
1,-7844.16241979972,1624.53917017279,7582,1,0
1,-7868.75125975627,1625.24228446337,7586.9875,1,0
1,-7886.03976628883,1625.74108291655,7590.4875,1,0
1,-7898.46687759366,1626.10203258685,7593,1,0
1,-7915.80064481543,1626.60874170011,7596.5,1,0
1,-7940.60713545326,1627.34061713611,7601.5,1,0
1,-7958.00154621014,1627.85861957589,7605,1,0
1,-7982.89193973318,1628.60675069844,7610,1,0
1,-8010.32543611433,1629.44083898876,7615.5,1,0
1,-8042.69162644446,1630.43805374474,7621.975,1,0
1,-8065.22791132703,1631.14089647496,7626.475,1,0
1,-8128.06336411973,1633.13806010505,7638.9875,1,0
1,-8193.59544309368,1635.28105192003,7651.9875,1,0
1,-8234.10203676252,1636.63715905632,7660,1,0
1,-8274.69146027882,1638.02044143879,7668.0125,1,0
1,-8302.59894554922,1638.98595233036,7673.5125,1,0
1,-8338.10579400742,1640.23138650991,7680.5,1,0
1,-8383.85751656815,1641.86474575969,7689.4875,1,0
1,-8422.16891382542,1643.25726834533,7697,1,0
1,-8462.96891544899,1644.76525794625,7704.9875,1,0
1,-8493.66085256636,1645.91676900833,7710.9875,1,0
1,-8537.26899738843,1647.578094617,7719.5,1,0
1,-8629.66106828302,1651.19596566611,7737.4875,1,0
1,-8720.00080853514,1654.86143713017,7755.0125,1,0
1,-8774.28498035297,1657.12415273644,7765.5125,1,0
1,-8818.38398079481,1658.9951255717,7774.025,1,0
1,-8878.02791207703,1661.5718217321,7785.5125,1,0
1,-8919.59330479056,1663.39837144105,7793.5,1,0
1,-8992.77268090053,1666.67445776867,7807.525,1,0
1,-9071.20218971977,1670.26893228005,7822.5,1,0
1,-9189.66510031139,1675.85467008581,7845,1,0
1,-9247.80972879706,1678.66209148276,7855.9875,1,0
1,-9295.65833291225,1681.00345002364,7865,1,0
1,-9346.25446229428,1683.50882698126,7874.5,1,0
1,-9388.86040429957,1685.64129234619,7882.475,1,0
1,-9418.45056460146,1687.13422751675,7888,1,0
1,-9464.09497505846,1689.45577291779,7896.5,1,0
1,-9493.64281420456,1690.97027470006,7901.9875,1,0
1,-9534.0648597409,1693.05653539495,7909.475,1,0
1,-9569.39255774254,1694.8932050765,7916,1,0
1,-9599.24649465317,1696.454557515,7921.5,1,0
1,-9634.62027635891,1698.31532676792,7928,1,0
1,-9672.76118239714,1700.33422404824,7934.9875,1,0
1,-9713.76654390246,1702.51871317439,7942.475,1,0
1,-9758.01360764029,1704.89147675719,7950.525,1,0
1,-9824.22505686991,1708.47044748704,7962.5125,1,0
1,-9949.67418929189,1715.33541733077,7985.025,1,0
1,-10225.2664303845,1730.7160354628,8033.5,1,0
1,-10382.4247893901,1739.6058200358,8060.5,1,0
1,-10494.9839955512,1745.99731644935,8079.5375,1,0
1,-10593.6356778992,1751.60301032665,8096.0125,1,0
1,437.881159242708,1574.74794080611,87,1,0
1,-3621.51626429474,1633.27933140373,5541,1,0
1,-4905.32764033088,1582.97718899591,6637,1,0
1,-4573.30582653545,1580.20119481383,6322,1,0
1,447.598255322315,1581.56292997037,120,1,0
1,-1604.11275520921,1671.46821420608,4397,1,0
1,451.611495058052,1585.58113001535,137,1,0
1,-134.180018041283,1711.93931821792,1990,1,0
1,404.294464746024,1565.83625871131,8,1,0
1,-4543.05547416257,1581.93706197199,6289,1,0
1,448.105295719113,1582.01936562075,122,1,0
1,-1428.35379846068,1683.55784595386,3684,1,0
1,-3615.73849157803,1633.22532850317,5538,1,0
1,-5588.37503015436,1589.88352522764,6990,1,0
1,-1504.36140142567,1670.74117480057,4202,1,0
1,447.341236851178,1581.33641556453,119,1,0
1,148.19625754375,1763.99105526141,1035,1,0
1,10.2474124738947,1719.32931259728,1670,1,0
1,-4509.40435106307,1584.46265628149,6252,1,0
1,-4669.09524447983,1577.87316056931,6423,1,0
1,451.458802619949,1645.84131604548,336,1,0
1,441.709911312442,1577.06037799358,99,1,0
1,-5717.63495667977,1590.0512615837,7037,1,0
1,-548.823936968111,1717.09620000099,2361.5,1,0
1,-1727.13067537267,1669.18205247586,4544,1,0
1,-4488.50917678,1586.32642258144,6229,1,0
1,-393.025407589041,1716.63396241214,2249,1,0
1,130.381854434498,1762.47486309672,1088.5,1,0
1,-1457.27160607651,1669.36358331071,4019.5,1,0
1,-5071.18135982752,1586.74704101404,6750.5,1,0
1,-5078.68728155782,1586.87172938367,6755,1,0
1,-8287.30873495992,1638.45546786511,7670.5,1,0
1,-6499.68400691263,1595.83881724392,7275,1,0
1,-2178.7740964531,1655.81670272842,4877.5,1,0
1,-2513.01669094479,1644.00135559846,5049.5,1,0
1,-4961.1719238786,1584.46006332811,6678.5,1,0
1,-8509.08485315554,1646.50101196775,7714,1,0
1,-1461.58697108645,1704.90601030048,3324.5,1,0
1,-4913.10783302458,1583.19466014919,6643,1,0
1,-8524.45416271314,1647.08677453607,7717,1,0
1,172.184799346607,1764.39078219169,971,1,0
1,-4373.53940235265,1599.33837303686,6105.5,1,0
1,-1646.53283886099,1670.85372468119,4454,1,0
1,-1941.93428855343,1663.54146371799,4725.5,1,0
1,-1385.90998332947,1693.63062177921,2995,1,0
1,-4210.24821120175,1618.10901919534,5947.5,1,0
1,319.276656327769,1736.35464065597,663.5,1,0
1,-3083.38590898411,1631.67155793827,5296.5,1,0
1,-3127.31891386583,1631.36558390662,5315,1,0
1,-7013.81578851584,1604.62399234207,7403,1,0
1,-3085.76530280476,1631.65253582246,5297.5,1,0
1,-4732.61250991561,1578.38475301999,6486,1,0
1,-5455.57167224633,1589.68765085833,6938,1,0
1,-11305.5215920606,1791.32399429084,8209,1,0
1,-4610.53927276749,1578.75706790481,6362,1,0
1,-18165.3071379885,2138.61262059663,8954,1,0
1,-16302.2821385805,2003.28934764982,8790.5,1,0
1,-28717.7778358478,3841.57307290366,9687,1,0
1,-4628.99387243437,1578.3082849187,6381.5,1,0
1,-3036.91647605319,1632.09997060176,5277,1,0
1,-5200.16132761305,1588.41218711786,6822,1,0
1,-1333.06621115422,1692.00284089632,2924,1,0
1,-9782.6848736885,1706.22123981704,7955,1,0
1,-8140.7096965001,1633.54674655846,7641.5,1,0
1,-4548.98957143072,1581.55610720012,6295.5,1,0
1,141.975765572395,1763.59265264993,1053,1,0
1,-1505.79897617642,1670.78848404153,4206,1,0
1,-1596.3406062182,1671.54527335969,4385.5,1,0
1,-5068.69689844316,1586.70499200759,6749,1,0
1,-9932.73014801694,1714.4023079842,7982,1,0
1,-1082.11841821857,1699.03721686449,2707,1,0
1,-1428.0490456,1681.54210080766,3711,1,0
1,-3322.5582787646,1631.10657992001,5399,1,0
1,-9986.03770569712,1717.34370521821,7991.5,1,0
1,-94.0439645270817,1711.81168902294,1929,1,0
1,-473.358082451392,1717.22567498534,2309,1,0
1,-982.787994056009,1703.83873572569,2639.5,1,0
1,-1328.76472946908,1691.95868201794,2919,1,0
1,-1451.60919364821,1702.02432259232,3428.5,1,0
1,-1463.9246629565,1669.33904855678,4054,1,0
1,-1464.43923984142,1669.34519589296,4056.5,1,0
1,-3503.35394363431,1632.1943478126,5482,1,0
1,-4530.75803657202,1582.7887779677,6275.5,1,0
1,-4551.73183973879,1581.38675412743,6298.5,1,0
1,-4575.61216703011,1580.08985004963,6324.5,1,0
1,-4899.55279031489,1582.813891851,6632.5,1,0
1,-4915.06753989123,1583.24898823616,6644.5,1,0
1,-5336.19363038754,1589.31944740406,6887,1,0
1,-5424.10236542765,1589.61620120827,6925,1,0
1,-6138.34858982824,1591.88182434938,7173,1,0
1,-6170.29938181443,1592.14084099653,7182.5,1,0
1,-7596.37593534822,1617.85231502851,7531,1,0
1,-7995.35482432693,1628.98438478096,7612.5,1,0
1,-8062.84748383658,1631.06632716403,7626,1,0
1,-9060.7091217339,1669.78320169302,7820.5,1,0
1,-9804.78339239769,1707.41617812736,7959,1,0
1,-9876.91251634387,1711.34098647177,7972,1,0
1,154.830778227188,1764.27484222967,1016.5,1,0
1,-1154.34697273653,1695.82859348945,2760,1,0
1,-1461.18089222722,1703.54719399343,3219.5,1,0
1,-1440.16892658034,1671.2786914551,3904.5,1,0
1,-1503.12112274952,1670.69935876842,4198.5,1,0
1,-1687.41359233856,1670.0598123995,4502,1,0
1,-2152.95476533566,1656.72279033015,4862.5,1,0
1,-4308.65484952135,1607.31826682075,6040,1,0
1,-4494.41805784358,1585.77786138903,6235.5,1,0
1,-4834.41571884882,1580.91199261021,6579,1,0
1,-4891.93105149549,1582.59616783543,6626.5,1,0
1,-5072.84251980111,1586.77496400894,6751.5,1,0
1,-5070.35223661549,1586.73300015773,6750,1,0
1,-5307.53276087623,1589.1817764908,6874,1,0
1,-5358.73302202486,1589.41198886788,6897,1,0
1,-5406.26830755873,1589.56868940393,6917.5,1,0
1,-5420.51667772792,1589.60706606014,6923.5,1,0
1,-5477.76876438037,1589.73014313645,6947,1,0
1,-5486.49107876606,1589.74527942645,6950.5,1,0
1,-6153.44073583512,1592.00192035686,7177.5,1,0
1,-6245.60662229452,1592.82389919609,7204.5,1,0
1,-6674.42643438559,1598.47132911287,7320.5,1,0
1,-7834.3182336404,1624.25973530048,7580,1,0
1,-8440.03853649506,1643.91454627724,7700.5,1,0
1,-9854.6677054516,1710.1266682949,7968,1,0
1,-9879.69637951907,1711.49323653646,7972.5,1,0
1,-10804.1292791571,1763.5306286349,8130.5,1,0
1,-6138.34858982824,1591.88182434938,7173,1,0
1,-1442.30075027747,1699.19050029358,3117,1,0
1,-3897.06980428426,1633.95802056311,5703,1,0
1,-4246.89748223964,1614.36651527444,5981,1,0
1,-5022.33853990398,1585.83977294937,6720,1,0
1,-4755.69965576334,1578.83264106899,6508,1,0
1,-4992.13964826567,1585.19265284432,6700,1,0
1,-6091.88121929951,1591.5381523929,7159,1,0
1,-6138.34858982824,1591.88182434938,7173,1,0
1,229.36565491464,1759.35795408729,841,1,0
1,-3206.21015777998,1631.0518163549,5348.5,1,0
1,-4634.71884415299,1578.2025968674,6387.5,1,0
1,317.98604932148,1736.8235631406,666,1,0
1,271.019087406341,1751.03040708834,757,1,0
1,231.281703135464,1759.05918537179,837,1,0
1,200.338825267274,1762.87785373733,904,1,0
1,37.0809440007433,1727.92654555356,1541,1,0
1,-965.228397121653,1704.68057203499,2628,1,0
1,-1098.97362987511,1698.2515254958,2719,1,0
1,-1445.98041959293,1699.83087046727,3130,1,0
1,-1459.02346102567,1669.33528434558,4029,1,0
1,-1774.89689641399,1668.04154734874,4590,1,0
1,-3389.63461722666,1631.38789862819,5429,1,0
1,-5167.57162985299,1588.07970981415,6805,1,0
1,-5180.84244102007,1588.22156034368,6812,1,0
1,-5182.75520199444,1588.24125597646,6813,1,0
1,-6004.32467141747,1590.99551954379,7132,1,0
1,-7795.03631129535,1623.1566964042,7572,1,0
1,-8123.0954950084,1632.97806309672,7638,1,0
1,-8509.08485315554,1646.50101196775,7714,1,0
1,334.93106693076,1730.29822822184,633,1,0
1,112.905345275067,1759.70850181505,1148,1,0
1,228.410632738378,1759.5038250819,843,1,0
1,-413.77172464598,1716.8546797841,2265,1,0
1,-4998.06888784189,1585.32502100531,6704,1,0
1,-4892.56285056192,1582.61429369126,6627,1,0
1,-5695.03118088748,1590.01656795663,7029,1,0
1,-2167.51880249288,1656.21302421062,4871,1,0
1,-9563.97207947168,1694.61060651882,7915,1,0
1,308.674811027013,1740.07566400927,684,1,0
1,-1462.89462022297,1704.35016463174,3250,1,0
1,-3070.29172814172,1631.78127126359,5291,1,0
1,-4277.67813609214,1610.95401406409,6010,1,0
1,-5492.75206923252,1589.75575544093,6953,1,0
1,-6111.70598226087,1591.67999734322,7165,1,0
1,-8067.85934308404,1631.22340212363,7627,1,0
1,-10468.01907579,1744.46529928963,8075,1,0
1,-1100.36571391858,1698.18745884504,2720,1,0
1,-1505.43755736388,1670.77667739843,4205,1,0
1,-1523.53025385179,1671.26669910265,4251,1,0
1,-88396.9116436237,2161.39710650115,14082,1,0
1,-93155.9742702127,2147.78985201305,14295,1,0
1,-92299.0573791896,2147.24079870886,14255,1,0
1,-95462.1769447551,2166.08986486194,14408,1,0
1,-95225.7010418081,2162.66712398294,14396,1,0
1,-97909.1771410394,2234.35851208474,14539,1,0
1,-112227.993699644,2153.86696779291,18116,1,0
1,-112385.51816589,2147.40577250957,18174,1,0
1,-113305.777335631,2153.26667683232,18448,1,0
1,-112515.533929185,2144.71749972929,18218,1,0
1,-112391.236792132,2147.24407826337,18176,1,0
1,-113671.949616036,2163.92629185648,18549,1,0
1,-114261.763164827,2185.99635066588,18746,1,0
1,-114336.316649915,2189.54004099671,18783,1,0
1,-114190.829837334,2182.90435935127,18716,1,0
1,-114374.734908095,2191.56722055555,18806,1,0
1,-60618.3002028805,2332.98751274046,12002,1,0
1,-61907.611773796,2207.15476171223,12203,1,0
1,-61703.1958143691,2218.56414755475,12170,1,0
1,-66013.544782732,2171.48672149559,12798,1,0
1,-66426.0749270924,2168.56693309609,12844,1,0
1,-67921.98820215,2160.17261964171,12993,1,0
1,-69020.1700520182,2157.12805869248,13088,1,0
1,-70191.8179964587,2156.45949524596,13179,1,0
1,-76473.4733559282,2171.00835489289,13555,1,0
1,-76854.9369675822,2172.06720229396,13574,1,0
1,-76935.9832276243,2172.28827352685,13578,1,0
1,-78054.3195776768,2175.14788305365,13632,1,0
1,-111555.0927322,2472.23329591774,17580,1,0
1,-98504.1176060161,2262.8651501192,14573,1,0
1,-113159.667620606,2149.79044917382,18408,1,0
1,363.104324086569,1572.74171749063,-68,2,0
1,412.32701891195,1566.04365583781,14,2,0
1,426.202740576584,1568.2425662682,43,2,0
1,435.640011795331,1571.14937604935,65.5,2,0
1,443.393013183493,1574.65874224682,86.5125,2,0
1,449.955441810656,1578.70551897498,106.975,2,0
1,459.257108857855,1587.19527830444,143.5,2,0
1,468.953770633321,1621.47926212528,261.05,2,0
1,463.882170058321,1638.79919859595,314.525,2,0
1,456.55304753175,1652.03149460733,354.925,2,0
1,448.927351459395,1662.29406607697,386.4875,2,0
1,437.749478141312,1674.41928677344,424.5125,2,0
1,427.216443061829,1683.99708402825,455.475,2,0
1,414.191583387088,1694.23644640943,489.9125,2,0
1,393.21169523336,1708.16676471959,540.0125,2,0
1,373.507815778255,1719.16448909909,583.5125,2,0
1,322.738849791698,1740.90007083464,688.9375,2,0
1,248.390194435138,1759.75306870098,847.125,2,0
1,167.562469848432,1762.92551292785,1074,2,0
1,131.551414470654,1752.45816559183,1254.55,2,0
1,114.78464454785,1736.60175501918,1438.0125,2,0
1,110.470581155736,1729.97441742193,1516.4625,2,0
1,107.126795524731,1725.5359988908,1574.9625,2,0
1,102.228736658581,1721.18727861789,1641.5375,2,0
1,95.3502353955992,1717.75257051137,1706.475,2,0
1,72.5352511238307,1713.44997621287,1831.4875,2,0
1,-1.77457523392513,1712.28598735134,2025.0375,2,0
1,-209.097162089311,1712.38619033512,2292.0375,2,0
1,-422.957723709289,1695.79730675432,2489.5125,2,0
1,-506.624001035001,1682.04261888488,2566.0125,2,0
1,-562.573076775298,1669.42623419497,2620.5,2,0
1,-605.144919625483,1657.25180363136,2665.525,2,0
1,-645.765811454505,1642.60573527801,2713.5,2,0
1,-673.752367935609,1629.86801180602,2751.4125,2,0
1,-701.64588274993,1613.44359652579,2796.5125,2,0
1,-722.622936979868,1596.15184266431,2840.475,2,0
1,-739.459980299231,1572.96228404991,2895,2,0
1,-729.666484402027,1494.95935132062,3050.05,2,0
1,-690.089482236188,1441.33549677682,3136.4625,2,0
1,-664.72143802559,1413.06255510043,3176.9625,2,0
1,-617.404825616628,1363.57535455141,3241.4625,2,0
1,-566.331451803446,1310.94651615084,3303.5,2,0
1,-534.097879254725,1277.09861007562,3340.9625,2,0
1,-508.121421789285,1249.16672553276,3370.9375,2,0
1,-486.99161638692,1225.90525802311,3395.5,2,0
1,-462.943313785363,1198.74363016916,3424,2,0
1,-443.023455096874,1175.62296198699,3448.3625,2,0
1,-421.059575121384,1149.4042986035,3476.475,2,0
1,-398.484845448285,1121.5837565487,3507.4875,2,0
1,-372.741003677715,1088.66069264714,3547.35,2,0
1,-348.785694506951,1056.736712543,3593.4875,2,0
1,-336.830981322099,1040.26348829864,3624.9875,2,0
1,-329.818028842099,1030.3654998613,3652.4375,2,0
1,-327.231731014326,1026.61758209999,3669.4875,2,0
1,-326.27202498354,1024.97040770799,3699.3875,2,0
1,-328.468567887787,1027.76379393324,3721.4625,2,0
1,-331.597385542467,1031.88602410221,3737.95,2,0
1,-335.342923758086,1036.8472108135,3752.4875,2,0
1,-342.810808329377,1046.71131724093,3774.9125,2,0
1,-355.981776033062,1063.88715993982,3805.4375,2,0
1,-367.988073792774,1079.2461600559,3828.4875,2,0
1,-384.646950900089,1100.06167186903,3856.425,2,0
1,-399.219589582644,1117.79559673575,3878.425,2,0
1,-421.598270081449,1144.17468896129,3909.325,2,0
1,-466.673917626031,1194.23326526601,3964.9625,2,0
1,-557.755799570121,1283.26859801653,4062.9625,2,0
1,-635.467600427102,1346.90958720466,4137.85,2,0
1,-695.09927185066,1388.49336451469,4191.45,2,0
1,-737.04247380048,1414.25143537673,4227.425,2,0
1,-802.382223992608,1449.18063140964,4280.9125,2,0
1,-854.479450955521,1472.98969034801,4321.525,2,0
1,-898.30362655269,1490.5862172265,4354.4125,2,0
1,-938.213834396098,1504.89822513153,4383.425,2,0
1,-973.507479316089,1516.33699312378,4408.3875,2,0
1,-1012.11794076394,1527.67582975101,4435,2,0
1,-1038.81225936068,1534.86402839174,4453,2,0
1,-1087.38793659816,1546.71948264598,4484.975,2,0
1,-1134.94322750485,1556.96261980518,4515.375,2,0
1,-1170.33250863245,1563.81120746977,4537.4625,2,0
1,-1217.88462270144,1572.08915834274,4566.475,2,0
1,-1272.63023225497,1580.45336887224,4599,2,0
1,-1354.37894948432,1590.94101125254,4645.975,2,0
1,-1434.80145687796,1599.26733350313,4690.4875,2,0
1,-1628.60798109556,1612.92703700932,4791.55,2,0
1,-1986.01011668146,1622.23403807295,4958.525,2,0
1,-2189.66408660635,1622.50392547656,5045.05,2,0
1,-2262.7067164043,1622.19551388299,5074.9875,2,0
1,-2325.8687719712,1621.84100331098,5100.5125,2,0
1,-2374.53737920104,1621.53644672827,5119.9875,2,0
1,-2424.79030033899,1621.21037224874,5139.95,2,0
1,-2484.43071730714,1620.82772389383,5163.4875,2,0
1,-2580.06623942312,1620.2727957093,5201,2,0
1,-2637.58158636978,1619.99929626709,5223.5,2,0
1,-2681.08067513444,1619.83196032607,5240.525,2,0
1,-2714.21026885137,1619.73035382666,5253.5125,2,0
1,-2738.39635259332,1619.67125227056,5263.0125,2,0
1,-2762.49817030132,1619.6256706797,5272.5,2,0
1,-2789.06570257759,1619.59121995083,5282.9875,2,0
1,-2802.99382376252,1619.57998327752,5288.5,2,0
1,-2823.15646148333,1619.57203391867,5296.5,2,0
1,-2845.79152596137,1619.57509361856,5305.5125,2,0
1,-2896.85137218749,1619.62866105316,5325.9875,2,0
1,-2974.22728992766,1619.83165689544,5357.5,2,0
1,-3004.46628149087,1619.94916821604,5370.0125,2,0
1,-3030.7625793335,1620.0676855251,5381,2,0
1,-3043.85954518104,1620.13213795097,5386.5125,2,0
1,-3056.77174495952,1620.19898718866,5391.975,2,0
1,-3065.09769813996,1620.24385710972,5395.5125,2,0
1,-3084.89713315247,1620.35560976601,5403.975,2,0
1,-3099.98840449192,1620.4454135408,5410.475,2,0
1,-3120.71059909416,1620.5747369699,5419.475,2,0
1,-3134.46691484982,1620.66395392541,5425.5,2,0
1,-3142.47097025858,1620.71715001472,5429.025,2,0
1,-3159.30559568107,1620.83128442648,5436.4875,2,0
1,-3169.355538595,1620.90093150856,5440.975,2,0
1,-3181.62403443037,1620.98713054584,5446.4875,2,0
1,-3190.52754878392,1621.05055628667,5450.5125,2,0
1,-3206.99319519894,1621.16900611893,5458.0125,2,0
1,-3221.12975693913,1621.27167882741,5464.5125,2,0
1,-3231.86434402363,1621.34999031422,5469.4875,2,0
1,-3259.61084707081,1621.55193137979,5482.5125,2,0
1,-3290.8303130311,1621.77428418833,5497.475,2,0
1,-3316.41222526692,1621.94820964718,5510,2,0
1,-3338.45677483873,1622.08846997476,5521,2,0
1,-3376.64571171859,1622.30017197292,5540.55,2,0
1,-3472.76832509041,1622.51888161622,5593,2,0
1,-3629.8810705496,1620.63199862592,5692.025,2,0
1,-3732.49086973444,1616.16125547902,5769.0125,2,0
1,-3783.51195644215,1612.3104080942,5811.9875,2,0
1,-3805.94605164044,1610.17074560401,5832.025,2,0
1,-3827.05756442901,1607.87294461575,5851.575,2,0
1,-3852.83527180552,1604.65690882986,5876.425,2,0
1,-3870.93291224167,1602.10609156908,5894.5625,2,0
1,-3891.13573163096,1598.95005228537,5915.5375,2,0
1,-3910.10717218276,1595.66951613258,5935.9875,2,0
1,-3931.07396249333,1591.66271016431,5959.5125,2,0
1,-3951.09040391864,1587.44073580273,5982.9625,2,0
1,-3970.73346351832,1582.8996262423,6007.0125,2,0
1,-3998.53967699734,1575.76320376183,6043.025,2,0
1,-4029.34759652056,1566.85420986681,6086,2,0
1,-4047.82533295592,1561.00852101491,6113.525,2,0
1,-4067.24937493168,1554.4838167939,6144,2,0
1,-4085.13073926,1548.17807639966,6173.5,2,0
1,-4114.29661235912,1537.47216031836,6224.4875,2,0
1,-4163.14199248003,1519.60088954888,6315.5375,2,0
1,-4195.18486717669,1508.91772276969,6376,2,0
1,-4208.96799382195,1504.70706247766,6401.5125,2,0
1,-4218.00996448938,1502.07746571582,6417.9875,2,0
1,-4230.01158582838,1498.74805931335,6439.475,2,0
1,-4243.76774895377,1495.15124493021,6463.5,2,0
1,-4249.6082044458,1493.6924168805,6473.4875,2,0
1,-4255.54368582787,1492.25007862277,6483.5,2,0
1,-4260.65042734519,1491.04080910389,6492,2,0
1,-4264.29508853843,1490.19517234248,6498,2,0
1,-4270.12205926003,1488.87269492103,6507.475,2,0
1,-4273.53116900334,1488.11555832772,6512.95,2,0
1,-4278.61099636927,1487.00930114289,6521.0125,2,0
1,-4282.42378769489,1486.19603779302,6526.9875,2,0
1,-4286.95403697202,1485.24841317049,6534,2,0
1,-4291.84449938452,1484.24760746165,6541.4625,2,0
1,-4296.85303149978,1483.24602191385,6548.9875,2,0
1,-4338.6360865212,1475.74214110866,6606.975,2,0
1,-4387.67727456382,1468.56627585773,6664.4875,2,0
1,-4450.16090113344,1461.1639326804,6724.5,2,0
1,-4485.19365786854,1457.41508534801,6753.4875,2,0
1,-4490.93264175765,1456.81206111352,6757.9875,2,0
1,-4502.6577726393,1455.58509201043,6766.9875,2,0
1,-4548.55119865621,1450.79667524495,6800.0125,2,0
1,-4625.06105074566,1442.61263558669,6848.9875,2,0
1,-4678.74870692473,1436.58160753668,6880,2,0
1,-4687.78126409836,1435.53881281733,6885,2,0
1,-4692.29078508914,1435.01497872374,6887.475,2,0
1,-4694.16579636605,1434.79660293866,6888.5,2,0
1,-4697.83687073691,1434.36787822892,6890.5,2,0
1,-4699.67860767432,1434.15219811582,6891.5,2,0
1,-4700.60102465656,1434.04408158715,6892,2,0
1,-4704.30100640841,1433.60939282174,6894,2,0
1,-4707.08681052132,1433.28124370053,6895.5,2,0
1,-4710.79226183239,1432.843339218,6897.4875,2,0
1,-4712.66277869558,1432.62169035388,6898.4875,2,0
1,-4713.64644358214,1432.50509179277,6899.0125,2,0
1,-4717.3805583152,1432.06110698769,6901,2,0
1,-4720.20947354566,1431.72377861678,6902.5,2,0
1,-4721.15449124109,1431.61095406671,6903,2,0
1,-4724.92103969725,1431.16006844831,6904.9875,2,0
1,-4726.86983983032,1430.92611656585,6906.0125,2,0
1,-4753.91476436844,1427.63705873002,6920.0125,2,0
1,-4825.9503961117,1418.47575597144,6955.4875,2,0
1,-4943.78956374293,1402.23120739352,7009,2,0
1,-5026.58305343194,1389.91458054346,7044,2,0
1,-5042.41209634719,1387.47861265934,7050.4875,2,0
1,-5057.21534666559,1385.17753431359,7056.5,2,0
1,-5074.6106447652,1382.44574272237,7063.5,2,0
1,-5080.92769568041,1381.44632850397,7066.025,2,0
1,-5089.6265847371,1380.06372952211,7069.4875,2,0
1,-5093.47120267013,1379.45036230209,7071.0125,2,0
1,-5095.96509764297,1379.05162393433,7072,2,0
1,-5098.49404172087,1378.64672980848,7073,2,0
1,-5101.05816483311,1378.23563112868,7074.0125,2,0
1,-5108.6448184601,1377.01545049394,7077,2,0
1,-5109.94943132298,1376.80514890965,7077.5125,2,0
1,-5113.74119024724,1376.1928049688,7079,2,0
1,-5118.85153946606,1375.36527551356,7081,2,0
1,-5123.94378827838,1374.53835432188,7082.9875,2,0
1,-5127.79612607555,1373.91123577225,7084.4875,2,0
1,-5131.68851719517,1373.2760373112,7086,2,0
1,-5134.26638196595,1372.85465974874,7087,2,0
1,-5139.40024407627,1372.01352378847,7088.9875,2,0
1,-5142.02090463229,1371.58326194765,7090,2,0
1,-5151.10751422262,1370.08654845701,7093.5,2,0
1,-5168.19439858152,1367.25159237152,7100.0375,2,0
1,-5238.91778546851,1355.2479159841,7126.5125,2,0
1,-5446.84562020656,1317.77174011221,7199.5,2,0
1,-5662.05490844836,1276.49596699404,7268.5,2,0
1,-5778.78040114371,1253.51497150256,7303.5,2,0
1,-5842.67058666144,1240.86518085007,7322,2,0
1,-5899.1925141043,1229.67036385449,7338,2,0
1,-5962.38962616632,1217.18194185371,7355.5,2,0
1,-6102.79217066336,1189.72227744196,7393,2,0
1,-6188.59821910504,1173.26832809821,7415.05,2,0
1,-6250.17897545779,1161.67562159754,7430.5,2,0
1,-6296.74954429641,1153.05174328678,7441.9875,2,0
1,-6331.69128078409,1146.67206288267,7450.5,2,0
1,-6368.98162601702,1139.95704729346,7459.4875,2,0
1,-6404.78362782113,1133.60795408261,7468.025,2,0
1,-6447.23966829246,1126.21228327708,7478.0375,2,0
1,-6492.19552056352,1118.55111563361,7488.5125,2,0
1,-6524.71963949129,1113.12488147065,7496.0125,2,0
1,-6550.82990455441,1108.84336123752,7501.9875,2,0
1,-6583.96336600371,1103.51050006955,7509.5125,2,0
1,-6617.31745140068,1098.26097843241,7517.025,2,0
1,-6635.02032047277,1095.52499998444,7520.9875,2,0
1,-6661.96961458074,1091.42942181116,7526.9875,2,0
1,-6700.49844336603,1085.7251043812,7535.5,2,0
1,-6734.67066818336,1080.82113201418,7542.9875,2,0
1,-6808.62450323068,1070.73993463081,7559,2,0
1,-6841.32277744403,1066.52789639308,7566,2,0
1,-6860.0480861254,1064.18676802057,7569.9875,2,0
1,-6871.88344485546,1062.73450439807,7572.5,2,0
1,-6888.47666816134,1060.73466741839,7576.0125,2,0
1,-6916.88827917632,1057.41060995312,7582,2,0
1,-6940.67556227371,1054.72750333184,7586.9875,2,0
1,-6957.43356436444,1052.89305777713,7590.4875,2,0
1,-6969.49641125556,1051.60185126533,7593,2,0
1,-6986.34617452836,1049.8396365751,7596.5,2,0
1,-7010.50939443242,1047.39831241883,7601.5,2,0
1,-7027.48788310913,1045.74453784926,7605,2,0
1,-7051.83426248468,1043.46359425991,7610,2,0
1,-7078.73902457952,1041.06955478703,7615.5,2,0
1,-7110.5788274873,1038.4125485155,7621.975,2,0
1,-7132.81206344068,1036.67297562803,7626.475,2,0
1,-7195.08542923396,1032.32352000364,7638.9875,2,0
1,-7260.49106759811,1028.61674774412,7651.9875,2,0
1,-7301.16392798303,1026.77432045324,7660,2,0
1,-7342.11399367265,1025.28853940304,7668.0125,2,0
1,-7370.38512872858,1024.48350328845,7673.5125,2,0
1,-7406.49438702362,1023.7219434182,7680.5,2,0
1,-7453.25921782572,1023.18807907093,7689.4875,2,0
1,-7492.63015933149,1023.14060456407,7697,2,0
1,-7534.77660252852,1023.50284143397,7704.9875,2,0
1,-7566.63356262492,1024.06304356756,7710.9875,2,0
1,-7612.12693341309,1025.29259434276,7719.5,2,0
1,-7709.37439423241,1029.53979009136,7737.4875,2,0
1,-7805.50571587496,1035.72080399266,7755.0125,2,0
1,-7863.72457671259,1040.33168411717,7765.5125,2,0
1,-7911.25349247642,1044.54225245271,7774.025,2,0
1,-7975.84887153516,1050.86253933707,7785.5125,2,0
1,-8021.06484914944,1055.66875896291,7793.5,2,0
1,-8101.04141107621,1064.87584629578,7807.525,2,0
1,-8187.23551816633,1075.71168363548,7822.5,2,0
1,-8318.25092572859,1093.74299994207,7845,2,0
1,-8382.87324994942,1103.23200790863,7855.9875,2,0
1,-8436.18951917533,1111.31706614227,7865,2,0
1,-8492.68908551987,1120.11235668053,7874.5,2,0
1,-8540.35440825671,1127.69698005222,7882.475,2,0
1,-8573.50174995232,1133.05257273829,7888,2,0
1,-8624.69697085628,1141.44347591326,7896.5,2,0
1,-8657.87588138366,1146.95254479856,7901.9875,2,0
1,-8703.30867268192,1154.57841380021,7909.475,2,0
1,-8743.0526913912,1161.32056812567,7916,2,0
1,-8776.66280884994,1167.06891215856,7921.5,2,0
1,-8816.51277436689,1173.93484963723,7928,2,0
1,-8859.50720666582,1181.39752510037,7934.9875,2,0
1,-8905.75731999427,1189.48135500186,7942.475,2,0
1,-8955.6890179175,1198.26479680138,7950.525,2,0
1,-9030.44259329326,1211.5030457702,7962.5125,2,0
1,-9172.12839681469,1236.79014617919,7985.025,2,0
1,-9483.15839758329,1292.45430249699,8033.5,2,0
1,-9660.18364999304,1323.76262693209,8060.5,2,0
1,-9786.75909616612,1345.82150050655,8079.5375,2,0
1,-9897.52738020383,1364.84509831747,8096.0125,2,0
1,443.560690197628,1574.7483141185,87,2,0
1,-3377.50970401382,1622.30440034566,5541,2,0
1,-4363.10076071369,1471.97125617112,6637,2,0
1,-4166.54908712301,1518.41126214169,6322,2,0
1,453.625886305235,1581.56280238931,120,2,0
1,-957.296755810734,1511.21716961504,4397,2,0
1,457.826539028436,1585.58070543315,137,2,0
1,16.0459643341601,1712.08879006448,1990,2,0
1,409.2188853845,1565.83753262478,8,2,0
1,-4149.12543901289,1524.60255971477,6289,2,0
1,454.154684041161,1582.01920910674,122,2,0
1,-326.182238851208,1025.01218367314,3684,2,0
1,-3371.73693401134,1622.27569116833,5538,2,0
1,-4900.717340637,1408.34782145461,6990,2,0
1,-707.236832064576,1396.23233019731,4202,2,0
1,453.358017990366,1581.33630800845,119,2,0
1,178.625589641742,1763.93413507021,1035,2,0
1,99.5296724047512,1719.58092887885,1670,2,0
1,-4129.34875597525,1531.8714933879,6252,2,0
1,-4220.78706192737,1501.29084808749,6423,2,0
1,460.341104869731,1645.83521588117,336,2,0
1,447.513678098563,1577.06057790632,99,2,0
1,-5009.67160130618,1392.48873326865,7037,2,0
1,-281.202611627989,1709.2093258273,2361.5,2,0
1,-1180.94195965771,1565.74626946785,4544,2,0
1,-4116.79235112527,1536.54349922968,6229,2,0
1,-167.52750413958,1713.3030184351,2249,2,0
1,163.759751113132,1762.41768023262,1088.5,2,0
1,-515.751548332162,1244.18744291924,4019.5,2,0
1,-4481.42879711092,1457.81190774102,6750.5,2,0
1,-4487.1134479302,1457.21314888162,6755,2,0
1,-7354.8838521922,1024.90231652838,7670.5,2,0
1,-5683.33205846231,1272.32702207029,7275,2,0
1,-1806.5842245915,1619.50049152349,4877.5,2,0
1,-2200.44490005868,1622.46748116855,5049.5,2,0
1,-4401.12311364617,1466.84399522262,6678.5,2,0
1,-7582.69338028692,1024.43957553905,7714,2,0
1,-548.329990668222,1292.13862517451,3324.5,2,0
1,-4368.27473594295,1471.22459518842,6643,2,0
1,-7598.73008405045,1024.87830381283,7717,2,0
1,199.416935471352,1764.33666125435,971,2,0
1,-4042.53365519084,1562.72001099544,6105.5,2,0
1,-1040.3090148312,1535.25227544784,4454,2,0
1,-1500.13876801776,1604.78988326669,4725.5,2,0
1,-742.758526128717,1524.97620741904,2995,2,0
1,-3920.48056480801,1593.73864338333,5947.5,2,0
1,335.169394523837,1736.3274224848,663.5,2,0
1,-2823.15646148333,1619.57203391867,5296.5,2,0
1,-2869.51820902154,1619.5918964949,5315,2,0
1,-6141.40465053264,1182.27945181893,7403,2,0
1,-2825.67229227955,1619.57173993077,5297.5,2,0
1,-4257.03899384476,1491.89297090997,6486,2,0
1,-4789.81873011729,1423.14418093187,6938,2,0
1,-10691.2672826,1491.0754104708,8209,2,0
1,-4187.70928963553,1511.30233255368,6362,2,0
1,-17942.7413564455,2113.62255007948,8954,2,0
1,-16018.5302325664,1951.74941493519,8790.5,2,0
1,-28648.5959491166,3843.939202714,9687,2,0
1,-4198.13698932016,1507.99537710916,6381.5,2,0
1,-2773.90826968942,1619.60881666925,5277,2,0
1,-4581.64451687923,1447.30429049715,6822,2,0
1,-744.109213882592,1559.81476669095,2924,2,0
1,-8983.53903643461,1203.18573856507,7955,2,0
1,-7207.67014873261,1031.54044005651,7641.5,2,0
1,-4152.56579283159,1523.36037546101,6295.5,2,0
1,173.367861712817,1763.53540325766,1053,2,0
1,-711.873809143901,1399.12668099324,4206,2,0
1,-941.113773839548,1505.87953685882,4385.5,2,0
1,-4479.55203253264,1458.01016465158,6749,2,0
1,-9152.99086146848,1233.36465493469,7982,2,0
1,-640.585338527337,1644.68814423128,2707,2,0
1,-327.133531346917,1026.03528173008,3711,2,0
1,-3073.27770574391,1620.28916669034,5399,2,0
1,-9213.1965430323,1244.14717343318,7991.5,2,0
1,42.1910236817785,1712.12300020931,1929,2,0
1,-226.186529385392,1711.8235424149,2309,2,0
1,-581.003810551018,1664.47875314953,2639.5,2,0
1,-743.523566783406,1562.12359189714,2919,2,0
1,-459.212553876452,1194.45825441462,3428.5,2,0
1,-548.900237440597,1275.30741061686,4054,2,0
1,-551.360533828381,1277.53401676508,4056.5,2,0
1,-3258.52900827443,1621.54403145874,5482,2,0
1,-4141.9543083827,1527.21660892884,6275.5,2,0
1,-4154.15159411822,1522.79080024099,6298.5,2,0
1,-4167.86721392022,1517.95411778315,6324.5,2,0
1,-4359.28592766169,1472.53260662087,6632.5,2,0
1,-4369.58423558064,1471.0382922908,6644.5,2,0
1,-4691.4233527123,1435.11592141709,6887,2,0
1,-4763.74061099347,1426.42192463356,6925,2,0
1,-5369.10550028831,1332.12341967741,7173,2,0
1,-5396.67379939323,1327.07591888427,7182.5,2,0
1,-6680.08793113055,1088.72430483808,7531,2,0
1,-7064.04765694402,1042.36010215512,7612.5,2,0
1,-7130.46115452563,1036.8523518828,7626,2,0
1,-8175.67675576359,1074.20780350247,7820.5,2,0
1,-9008.48924971838,1207.60577049854,7959,2,0
1,-9089.94605532801,1222.09877230712,7972,2,0
1,184.300379749388,1764.21848733069,1016.5,2,0
1,-679.533988880925,1626.84539323071,2760,2,0
1,-634.331323402002,1381.04448961712,3219.5,2,0
1,-417.967398290057,1139.9644920924,3904.5,2,0
1,-703.195323406719,1393.6817205316,4198.5,2,0
1,-1113.85579385981,1552.57543378462,4502,2,0
1,-1774.61410058569,1618.65098587934,4862.5,2,0
1,-3996.27585159754,1576.37599991953,6040,2,0
1,-4120.3674761164,1535.21241064663,6235.5,2,0
1,-4317.70235674269,1479.31954834144,6579,2,0
1,-4354.2841346208,1473.28303765029,6626.5,2,0
1,-4482.6849983735,1457.67938247434,6751.5,2,0
1,-4480.80220465828,1457.87800002327,6750,2,0
1,-4668.04707093909,1437.806312363,6874,2,0
1,-4709.88187432382,1432.95104934829,6897,2,0
1,-4749.00278477324,1428.2404461377,6917.5,2,0
1,-4760.77497318294,1426.78979378907,6923.5,2,0
1,-4808.26450626552,1420.77934287008,6947,2,0
1,-4815.52364270575,1419.83804188728,6950.5,2,0
1,-5382.12264814926,1329.74615649116,7177.5,2,0
1,-5461.80977756623,1314.96901700285,7204.5,2,0
1,-5837.43232362997,1241.90299185378,7320.5,2,0
1,-6907.38031338481,1058.50864089057,7580,2,0
1,-7511.06144255726,1023.24615141385,7700.5,2,0
1,-9064.82223161636,1217.6197361918,7968,2,0
1,-9093.09030574374,1222.65986723441,7972.5,2,0
1,-10133.2895369902,1404.30655486653,8130.5,2,0
1,-5369.10550028831,1332.12341967741,7173,2,0
1,-700.844634873327,1454.18013469185,3117,2,0
1,-3645.47278232453,1620.17444436931,5703,2,0
1,-3949.44835412316,1587.80225827796,5981,2,0
1,-4445.01677736081,1461.72925034813,6720,2,0
1,-4270.44758980861,1488.79985454562,6508,2,0
1,-4423.07889134204,1464.20799719966,6700,2,0
1,-5329.08129455522,1339.36286643278,7159,2,0
1,-5369.10550028831,1332.12341967741,7173,2,0
1,251.074688761495,1759.31420823359,841,2,0
1,-2952.29735433497,1619.75953328341,5348.5,2,0
1,-4201.36877091788,1506.99840294146,6387.5,2,0
1,333.949035952799,1736.79612998478,666,2,0
1,289.75549848238,1750.99460517195,757,2,0
1,252.839335321914,1759.01581382962,837,2,0
1,224.573112098966,1762.82856759179,904,2,0
1,109.128208658658,1728.04946823295,1541,2,0
1,-569.924211045727,1667.50675689452,2628,2,0
1,-650.064907703549,1640.82022144987,2719,2,0
1,-693.770176209509,1445.65273674407,3130,2,0
1,-524.726842991542,1252.82008085196,4029,2,0
1,-1257.32979823602,1578.23250401578,4590,2,0
1,-3142.41432033526,1620.71667766753,5429,2,0
1,-4555.8788237758,1450.02801687994,6805,2,0
1,-4566.34022594942,1448.92651336185,6812,2,0
1,-4567.85161340237,1448.76692089784,6813,2,0
1,-5253.88434710819,1352.65438002856,7132,2,0
1,-6869.52589759929,1063.02213696956,7572,2,0
1,-7190.14655076107,1032.63964598968,7638,2,0
1,-7582.69338028692,1024.43957553905,7714,2,0
1,349.990664730314,1730.27362290769,633,2,0
1,149.886522320099,1759.65414590877,1148,2,0
1,250.195754221175,1759.45989127351,843,2,0
1,-182.665679028258,1713.04061529036,2265,2,0
1,-4427.3474218389,1463.71563899612,6704,2,0
1,-4354.69733152725,1473.22041720617,6627,2,0
1,-4990.55899200775,1395.3623219746,7029,2,0
1,-1792.68268706743,1619.1468278974,4871,2,0
1,-8736.95251000021,1160.28169557554,7915,2,0
1,325.15259495005,1740.04663121533,684,2,0
1,-610.634006504901,1356.61489706619,3250,2,0
1,-2809.30132034607,1619.57636035916,5291,2,0
1,-3973.11245887121,1582.32199782123,6010,2,0
1,-4820.73799401661,1419.1583054622,6953,2,0
1,-5346.14716836577,1336.28929288026,7165,2,0
1,-7135.41155288974,1036.47586360354,7627,2,0
1,-9756.45426375465,1340.56941752134,8075,2,0
1,-650.838129544631,1640.49328661248,2720,2,0
1,-710.71275023371,1398.40513068695,4205,2,0
1,-765.39361739438,1430.14797143064,4251,2,0
1,-88396.8884708708,2161.39711148695,14082,2,0
1,-93155.9588260807,2147.78985518361,14295,2,0
1,-92299.0407111321,2147.24080219024,14255,2,0
1,-95462.1644960648,2166.08986685869,14408,2,0
1,-95225.6883046476,2162.66712588882,14396,2,0
1,-97909.1674484813,2234.35851286347,14539,2,0
1,-112227.993690123,2153.86696779324,18116,2,0
1,-112385.518157389,2147.40577252011,18174,2,0
1,-113305.777330658,2153.26667683376,18448,2,0
1,-112515.533921385,2144.71749974518,18218,2,0
1,-112391.236783666,2147.24407828979,18176,2,0
1,-113671.949611957,2163.92629185913,18549,2,0
1,-114261.763162052,2185.99635066511,18746,2,0
1,-114336.316647336,2189.54004099431,18783,2,0
1,-114190.829834394,2182.90435934723,18716,2,0
1,-114374.734905628,2191.56722054968,18806,2,0
1,-60617.1528147925,2332.99538051252,12002,2,0
1,-61906.8201187403,2207.15583895978,12203,2,0
1,-61702.3543322854,2218.56593671363,12170,2,0
1,-66013.2831556982,2171.48587923446,12798,2,0
1,-66425.8348794196,2168.56618716338,12844,2,0
1,-67921.8066446702,2160.17215253465,12993,2,0
1,-69020.018158003,2157.12772991275,13088,2,0
1,-70191.6899913998,2156.45926887396,13179,2,0
1,-76473.4103796694,2171.00832692961,13555,2,0
1,-76854.8762142591,2172.06717822661,13574,2,0
1,-76935.9229322614,2172.28825040134,13578,2,0
1,-78054.2651392912,2175.14786889551,13632,2,0
1,-111555.092705079,2472.23329593548,17580,2,0
1,-98504.1085234641,2262.86515061197,14573,2,0
1,-113159.667615227,2149.79044917537,18408,2,0
1,358.674469235353,1572.74760079584,-68,3,0
1,407.189341671765,1566.05212198982,14,3,0
1,420.789038271178,1568.25213888282,43,3,0
1,430.002167278435,1571.15989456165,65.5,3,0
1,437.537630674895,1574.6701894208,86.5125,3,0
1,443.880305162165,1578.71794943394,106.975,3,0
1,452.769425909035,1587.20962922423,143.5,3,0
1,460.942984611262,1621.50166761631,261.05,3,0
1,455.067414280493,1638.82641471093,314.525,3,0
1,447.07901938865,1652.06293876445,354.925,3,0
1,438.904919899534,1662.3292073446,386.4875,3,0
1,427.025022045244,1674.45940432272,424.5125,3,0
1,415.885043346323,1684.04171860275,455.475,3,0
1,402.145669431426,1694.28666374734,489.9125,3,0
1,380.047144584358,1708.22623352206,540.0125,3,0
1,359.290261502378,1719.23322669125,583.5125,3,0
1,305.617020719685,1740.99713878435,688.9375,3,0
1,225.799838516396,1759.91383070896,847.125,3,0
1,134.079496953636,1763.25017661363,1074,3,0
1,85.9287245967425,1753.02122484601,1254.55,3,0
1,52.5545680178329,1737.59005418854,1438.0125,3,0
1,39.501557413023,1731.23589587447,1516.4625,3,0
1,28.8956512399018,1727.05224361556,1574.9625,3,0
1,14.8787657087669,1723.06110858429,1641.5375,3,0
1,-1.85265716770664,1720.06261862529,1706.475,3,0
1,-46.6371215954423,1716.9354446618,1831.4875,3,0
1,-164.216266812291,1719.02647712354,2025.0375,3,0
1,-454.750419267453,1729.72394230249,2292.0375,3,0
1,-752.302941611502,1730.89555432291,2489.5125,3,0
1,-874.282135684509,1728.00134849606,2566.0125,3,0
1,-959.665034746751,1724.97535244969,2620.5,3,0
1,-1027.93837980833,1722.08669380142,2665.525,3,0
1,-1097.33468177076,1718.86335015443,2713.5,3,0
1,-1149.07910790993,1716.38297973749,2751.4125,3,0
1,-1206.39949864056,1713.70719047822,2796.5125,3,0
1,-1257.26265317667,1711.5652082542,2840.475,3,0
1,-1312.76591221476,1709.75415004966,2895,3,0
1,-1421.59512155736,1709.94886635572,3050.05,3,0
1,-1452.38214718597,1711.97921165291,3136.4625,3,0
1,-1460.56507480284,1712.82218746459,3176.9625,3,0
1,-1466.81236533355,1713.50291288218,3241.4625,3,0
1,-1466.58997293003,1713.00161149645,3303.5,3,0
1,-1464.27967914147,1712.04051486627,3340.9625,3,0
1,-1461.58117698459,1710.89943008737,3370.9375,3,0
1,-1458.95603508968,1709.72258395785,3395.5,3,0
1,-1455.58826783346,1708.09790209308,3424,3,0
1,-1452.54523906345,1706.50523897778,3448.3625,3,0
1,-1448.96979483636,1704.45996899972,3476.475,3,0
1,-1445.09330968838,1701.98640086034,3507.4875,3,0
1,-1440.45799054811,1698.55651216918,3547.35,3,0
1,-1435.92654174939,1694.38728830123,3593.4875,3,0
1,-1433.51971615152,1691.51383431714,3624.9875,3,0
1,-1431.95348654781,1689.04634537134,3652.4375,3,0
1,-1431.24763296265,1687.54778974623,3669.4875,3,0
1,-1430.52273987513,1685.00981916218,3699.3875,3,0
1,-1430.41146707209,1683.22725343937,3721.4625,3,0
1,-1430.56128589064,1681.95462290722,3737.95,3,0
1,-1430.85539692873,1680.87788764193,3752.4875,3,0
1,-1431.59819242964,1679.30605550673,3774.9125,3,0
1,-1433.14732141467,1677.35171368226,3805.4375,3,0
1,-1434.70418418711,1676.02521821398,3828.4875,3,0
1,-1437.00860171719,1674.5970152054,3856.425,3,0
1,-1439.12773560639,1673.61427303064,3878.425,3,0
1,-1442.53604246164,1672.4481388693,3909.325,3,0
1,-1449.9177996777,1670.9741049456,3964.9625,3,0
1,-1467.21684069,1670.13660771057,4062.9625,3,0
1,-1485.31951407203,1670.5618591216,4137.85,3,0
1,-1501.84450460598,1671.10310891033,4191.45,3,0
1,-1514.98445929587,1671.46088695208,4227.425,3,0
1,-1538.0388542572,1671.85721774704,4280.9125,3,0
1,-1558.66782812355,1671.98185489901,4321.525,3,0
1,-1577.52043729229,1671.94548287959,4354.4125,3,0
1,-1595.83452954376,1671.80505646159,4383.425,3,0
1,-1612.90078311833,1671.60302670656,4408.3875,3,0
1,-1632.46336406656,1671.30708915594,4435,3,0
1,-1646.50951265497,1671.06204436012,4453,3,0
1,-1673.1052077082,1670.54222372728,4484.975,3,0
1,-1700.3633609931,1669.95465797185,4515.375,3,0
1,-1721.38385322643,1669.47454773483,4537.4625,3,0
1,-1750.55754132848,1668.77939413121,4566.475,3,0
1,-1785.38117293268,1667.91495512602,4599,3,0
1,-1839.6517188712,1666.50426870987,4645.975,3,0
1,-1895.46702945326,1664.97375008164,4690.4875,3,0
1,-2038.612052212,1660.64455468276,4791.55,3,0
1,-2327.98084487021,1650.50514303826,4958.525,3,0
1,-2503.82376741525,1644.34401344354,5045.05,3,0
1,-2568.38757109269,1642.25164617809,5074.9875,3,0
1,-2624.77628025506,1640.5329111054,5100.5125,3,0
1,-2668.55630672397,1639.27819226288,5119.9875,3,0
1,-2714.04702523863,1638.05505419849,5139.95,3,0
1,-2768.39319120068,1636.70938071952,5163.4875,3,0
1,-2856.3009508634,1634.81749623527,5201,3,0
1,-2909.59517763602,1633.85107842889,5223.5,3,0
1,-2950.10456832871,1633.21052266462,5240.525,3,0
1,-2981.0710278945,1632.77643192767,5253.5125,3,0
1,-3003.73895214824,1632.48929321114,5263.0125,3,0
1,-3026.37846165337,1632.22847695328,5272.5,3,0
1,-3051.39196047699,1631.97037532012,5282.9875,3,0
1,-3064.52943636617,1631.84747727662,5288.5,3,0
1,-3083.57666694699,1631.68461704544,5296.5,3,0
1,-3105.00044556661,1631.52312713371,5305.5125,3,0
1,-3153.48601949634,1631.24121117764,5325.9875,3,0
1,-3227.37856031628,1631.02847629605,5357.5,3,0
1,-3256.39425104251,1631.01362076717,5370.0125,3,0
1,-3281.69083166169,1631.0308552802,5381,3,0
1,-3294.31239672424,1631.04968286634,5386.5125,3,0
1,-3306.7707155901,1631.07471379941,5391.975,3,0
1,-3314.81186226755,1631.09430296825,5395.5125,3,0
1,-3333.95903420309,1631.15126070906,5403.975,3,0
1,-3348.57708709314,1631.2043685342,5410.475,3,0
1,-3368.68381566508,1631.29056774938,5419.475,3,0
1,-3382.0538615617,1631.35588750735,5425.5,3,0
1,-3389.84148491127,1631.39691935957,5429.025,3,0
1,-3406.24116881192,1631.48977649395,5436.4875,3,0
1,-3416.04474917566,1631.54951762975,5440.975,3,0
1,-3428.02619654639,1631.62651360793,5446.4875,3,0
1,-3436.73096116399,1631.6852703324,5450.5125,3,0
1,-3452.85064230906,1631.79963979906,5458.0125,3,0
1,-3466.71299186116,1631.90361460374,5464.5125,3,0
1,-3477.25375165837,1631.98593899803,5469.4875,3,0
1,-3504.55858554225,1632.21077720233,5482.5125,3,0
1,-3535.38789178757,1632.48146585689,5497.475,3,0
1,-3560.73927443102,1632.71388205411,5510,3,0
1,-3582.65337317111,1632.9190255098,5521,3,0
1,-3620.77617023373,1633.2773138107,5540.55,3,0
1,-3717.76354171894,1634.08789252451,5593,3,0
1,-3880.60929991398,1634.13550244192,5692.025,3,0
1,-3991.34105937462,1631.96900033026,5769.0125,3,0
1,-4048.27762931865,1629.741747782,5811.9875,3,0
1,-4073.80634892546,1628.44811426985,5832.025,3,0
1,-4098.14269381389,1627.03285600954,5851.575,3,0
1,-4128.31153941806,1625.02304972074,5876.425,3,0
1,-4149.81988750771,1623.41437125846,5894.5625,3,0
1,-4174.18264192902,1621.41512686924,5915.5375,3,0
1,-4197.43171478622,1619.33415319191,5935.9875,3,0
1,-4223.58895718446,1616.79780960148,5959.5125,3,0
1,-4249.06478828983,1614.14130541689,5982.9625,3,0
1,-4274.60099854693,1611.31247745806,6007.0125,3,0
1,-4311.78326262953,1606.94944343996,6043.025,3,0
1,-4354.63362944685,1601.69103101205,6086,3,0
1,-4381.30385853956,1598.3844944229,6113.525,3,0
1,-4410.22618010081,1594.85791547062,6144,3,0
1,-4437.72084746836,1591.64320877548,6173.5,3,0
1,-4484.44119287422,1586.71761821186,6224.4875,3,0
1,-4567.38631063467,1580.50262666971,6315.5375,3,0
1,-4623.79412819957,1578.41876917155,6376,3,0
1,-4648.20837325882,1578.01363998218,6401.5125,3,0
1,-4664.2121094279,1577.89042370349,6417.9875,3,0
1,-4685.39600889711,1577.88184784602,6439.475,3,0
1,-4709.53959697485,1578.05929055424,6463.5,3,0
1,-4719.73083748017,1578.18603740472,6473.4875,3,0
1,-4730.04475211864,1578.34181719087,6483.5,3,0
1,-4738.8803662844,1578.49532975964,6492,3,0
1,-4745.16307687433,1578.6147270687,6498,3,0
1,-4755.16481336346,1578.82082151009,6507.475,3,0
1,-4760.99063871382,1578.94929250963,6512.95,3,0
1,-4769.63433907833,1579.14989317683,6521.0125,3,0
1,-4776.09155558003,1579.30696206117,6526.9875,3,0
1,-4783.72831038153,1579.49985383574,6534,3,0
1,-4791.92727245344,1579.71445214074,6541.4625,3,0
1,-4800.27385874419,1579.93979151063,6548.9875,3,0
1,-4867.73141170526,1581.89167505923,6606.975,3,0
1,-4941.78342670808,1583.96687567911,6664.4875,3,0
1,-5029.34298852785,1585.9800970433,6724.5,3,0
1,-5076.16990382969,1586.83015804089,6753.4875,3,0
1,-5083.72833103873,1586.95321209341,6757.9875,3,0
1,-5099.08547692047,1587.19164513311,6766.9875,3,0
1,-5158.25534818554,1587.9745950045,6800.0125,3,0
1,-5254.44552223943,1588.85714081622,6848.9875,3,0
1,-5320.68203136232,1589.24785372517,6880,3,0
1,-5331.74829236511,1589.29961475068,6885,3,0
1,-5337.26574645378,1589.32412309119,6887.475,3,0
1,-5339.55843365891,1589.33412061075,6888.5,3,0
1,-5344.04491275316,1589.3531895715,6890.5,3,0
1,-5346.29456651956,1589.36251231323,6891.5,3,0
1,-5347.42099609692,1589.36715407511,6892,3,0
1,-5351.93739307206,1589.38541322748,6894,3,0
1,-5355.33589606965,1589.39888503518,6895.5,3,0
1,-5359.85369278304,1589.4162594122,6897.4875,3,0
1,-5362.13316346752,1589.42481063347,6898.4875,3,0
1,-5363.33159039542,1589.4293601685,6899.0125,3,0
1,-5367.87911858549,1589.44594327619,6901,3,0
1,-5371.32233896572,1589.45822329518,6902.5,3,0
1,-5372.47220385354,1589.46231007387,6903,3,0
1,-5377.05341329472,1589.47811522977,6904.9875,3,0
1,-5379.42260081787,1589.48606484905,6906.0125,3,0
1,-5412.22693328233,1589.58519718079,6920.0125,3,0
1,-5499.01699724002,1589.76589871861,6955.4875,3,0
1,-5639.60538769001,1589.94347898741,7009,3,0
1,-5737.6212144983,1590.08518735721,7044,3,0
1,-5756.30171516025,1590.11992004236,7050.4875,3,0
1,-5773.75584594207,1590.155308148,7056.5,3,0
1,-5794.24723085389,1590.20096712977,7063.5,3,0
1,-5801.68365009129,1590.21868613975,7066.025,3,0
1,-5811.91970358929,1590.2441499213,7069.4875,3,0
1,-5816.44213777175,1590.25582298483,7071.0125,3,0
1,-5819.37520545581,1590.26345106027,7072,3,0
1,-5822.34908812074,1590.27131887418,7073,3,0
1,-5825.36392288655,1590.27947222924,7074.0125,3,0
1,-5834.28168743709,1590.30411652274,7077,3,0
1,-5835.81483415468,1590.30852028635,7077.5125,3,0
1,-5840.27020270843,1590.321313895,7079,3,0
1,-5846.27350995364,1590.33888623189,7081,3,0
1,-5852.25393736968,1590.3569729401,7082.9875,3,0
1,-5856.7771244063,1590.37102258801,7084.4875,3,0
1,-5861.34641039092,1590.38538345213,7086,3,0
1,-5864.37205874268,1590.3951118458,7087,3,0
1,-5870.39647767739,1590.41473766355,7088.9875,3,0
1,-5873.47111684643,1590.42499107412,7090,3,0
1,-5884.12857497716,1590.46159780483,7093.5,3,0
1,-5904.15587799111,1590.53468020998,7100.0375,3,0
1,-5986.86605960689,1590.90326066437,7126.5125,3,0
1,-6228.33511556033,1592.65830628854,7199.5,3,0
1,-6475.42875645682,1595.50693717597,7268.5,3,0
1,-6608.12691330491,1597.42437736542,7303.5,3,0
1,-6680.34073938057,1598.56729381072,7322,3,0
1,-6743.97111816844,1599.62780342503,7338,3,0
1,-6814.82615988934,1600.86407974428,7355.5,3,0
1,-6971.11646789685,1603.78305691719,7393,3,0
1,-7065.84808357153,1605.67278867369,7415.05,3,0
1,-7133.45954278065,1607.07471184146,7430.5,3,0
1,-7184.37989754602,1608.15924881433,7441.9875,3,0
1,-7222.46480391175,1608.98646456737,7450.5,3,0
1,-7262.99474814441,1609.88178476571,7459.4875,3,0
1,-7301.79465974215,1610.7535618934,7468.025,3,0
1,-7347.66195671493,1611.80260567474,7478.0375,3,0
1,-7396.0583198159,1612.93153414434,7488.5125,3,0
1,-7430.96053375024,1613.7598309623,7496.0125,3,0
1,-7458.91195948888,1614.43180792011,7501.9875,3,0
1,-7494.29404693283,1615.2936177851,7509.5125,3,0
1,-7529.81181704346,1616.17165287031,7517.025,3,0
1,-7548.62206041766,1616.64186475412,7520.9875,3,0
1,-7577.20214536926,1617.36338420172,7526.9875,3,0
1,-7617.94633945916,1618.40693838267,7535.5,3,0
1,-7653.96797002619,1619.34445888616,7542.9875,3,0
1,-7731.54705640022,1621.41257398096,7559,3,0
1,-7765.68127025617,1622.34433184017,7566,3,0
1,-7785.18216024153,1622.88272562622,7569.9875,3,0
1,-7797.4900434739,1623.22493048329,7572.5,3,0
1,-7814.72255985346,1623.70711359678,7576.0125,3,0
1,-7844.16551789641,1624.53916700305,7582,3,0
1,-7868.75432925578,1625.24229247465,7586.9875,3,0
1,-7886.0428158748,1625.74108178909,7590.4875,3,0
1,-7898.46991296392,1626.10203719833,7593,3,0
1,-7915.80366049381,1626.60875039928,7596.5,3,0
1,-7940.61012321711,1627.34062081156,7601.5,3,0
1,-7958.00451458665,1627.85862832155,7605,3,0
1,-7982.89488063008,1628.60675335388,7610,3,0
1,-8010.32834707294,1629.44084352217,7615.5,3,0
1,-8042.69450254459,1630.43806189412,7621.975,3,0
1,-8065.23076344468,1631.14089911502,7626.475,3,0
1,-8128.06615059031,1633.13805978242,7638.9875,3,0
1,-8193.59816294303,1635.28105945889,7651.9875,3,0
1,-8234.10471633961,1636.63716330248,7660,3,0
1,-8274.69410017226,1638.02044962134,7668.0125,3,0
1,-8302.60155854141,1638.98595872087,7673.5125,3,0
1,-8338.10837321216,1640.23139699565,7680.5,3,0
1,-8383.86005295161,1641.86474945214,7689.4875,3,0
1,-8422.17141495552,1643.25726912229,7697,3,0
1,-8462.9713796298,1644.76525815093,7704.9875,3,0
1,-8493.66328934766,1645.91676881017,7710.9875,3,0
1,-8537.27139581414,1647.57810232765,7719.5,3,0
1,-8629.66338761523,1651.19596715955,7737.4875,3,0
1,-8720.00305329449,1654.86143646975,7755.0125,3,0
1,-8774.28718157485,1657.12414700015,7765.5125,3,0
1,-8818.38614733424,1658.99513494047,7774.025,3,0
1,-8878.03003267245,1661.57182722503,7785.5125,3,0
1,-8919.59539400972,1663.39837205752,7793.5,3,0
1,-8992.77471613465,1666.67445486202,7807.525,3,0
1,-9071.20416883985,1670.26893777721,7822.5,3,0
1,-9189.66699798731,1675.8546701642,7845,3,0
1,-9247.81158791622,1678.66209296214,7855.9875,3,0
1,-9295.66016098857,1681.00345236584,7865,3,0
1,-9346.25625820085,1683.50882314421,7874.5,3,0
1,-9388.86217363551,1685.6412887847,7882.475,3,0
1,-9418.45231575798,1687.13423405868,7888,3,0
1,-9464.09669860872,1689.4557676644,7896.5,3,0
1,-9493.64452016028,1690.97028489711,7901.9875,3,0
1,-9534.06654197956,1693.05653766823,7909.475,3,0
1,-9569.39421957592,1694.89320703081,7916,3,0
1,-9599.24813948059,1696.45455614867,7921.5,3,0
1,-9634.62190131005,1698.31532720059,7928,3,0
1,-9672.76278624544,1700.33421551846,7934.9875,3,0
1,-9713.76812544093,1702.51871435856,7942.475,3,0
1,-9758.01516553434,1704.89147962091,7950.525,3,0
1,-9824.22658020444,1708.47045016614,7962.5125,3,0
1,-9949.67564976215,1715.33542019012,7985.025,3,0
1,-10225.2677640906,1730.71603845901,8033.5,3,0
1,-10382.4260572861,1739.60582155339,8060.5,3,0
1,-10494.9852189925,1745.99731536677,8079.5375,3,0
1,-10593.6368641173,1751.60301239205,8096.0125,3,0
1,437.70016413508,1574.75980124502,87,3,0
1,-3621.64113200782,1633.28537610492,5541,3,0
1,-4905.34528081724,1582.97731099975,6637,3,0
1,-4573.33703365549,1580.20160332776,6322,3,0
1,447.406674970873,1581.57589655827,120,3,0
1,-1604.96301068179,1671.70438831014,4397,3,0
1,451.4142311709,1585.59469667482,137,3,0
1,-137.624080832116,1718.05910718056,1990,3,0
1,404.136566376779,1565.84578313373,8,3,0
1,-4543.08859231276,1581.93751717149,6289,3,0
1,447.913055003155,1582.0324055797,122,3,0
1,-1430.81344383629,1686.29993288921,3684,3,0
1,-3615.86401455384,1633.23142916438,5538,3,0
1,-5588.38428280503,1589.88356004785,6990,3,0
1,-1505.51506126858,1671.21202863228,4202,3,0
1,447.149985861965,1581.34934651155,119,3,0
1,147.321397147141,1764.22222011631,1035,3,0
1,7.98282945528626,1721.63405091811,1670,3,0
1,-4509.43974861875,1584.46318225361,6252,3,0
1,-4669.12125083758,1577.87343286414,6423,3,0
1,451.181704520248,1645.86460134113,336,3,0
1,441.525134020019,1577.07262222627,99,3,0
1,-5717.64344390435,1590.0512944793,7037,3,0
1,-553.919360121712,1731.44275235896,2361.5,3,0
1,-1727.80257172603,1669.32421356337,4544,3,0
1,-4488.54606810259,1586.32700092019,6229,3,0
1,-397.619126272388,1728.16749502888,2249,3,0
1,129.429973470978,1762.75706197216,1088.5,3,0
1,-1458.79323313013,1670.26155458484,4019.5,3,0
1,-5071.19570434652,1586.74712360882,6750.5,3,0
1,-5078.70150874136,1586.87180330301,6755,3,0
1,-8287.31136265304,1638.45547338534,7670.5,3,0
1,-6499.68948024511,1595.83883016823,7275,3,0
1,-2179.16242498113,1655.86437053297,4877.5,3,0
1,-2513.30749774957,1644.0292527785,5049.5,3,0
1,-4961.18828072865,1584.46015826232,6678.5,3,0
1,-8509.0872762939,1646.50102106225,7714,3,0
1,-1465.46017200779,1712.52641013727,3324.5,3,0
1,-4913.12528196862,1583.19477887894,6643,3,0
1,-8524.4565723408,1647.08677519672,7717,3,0
1,171.394567815121,1764.57319277522,971,3,0
1,-4373.58543486521,1599.33926356686,6105.5,3,0
1,-1647.30930651026,1671.0473768531,4454,3,0
1,-1942.43395776441,1663.61908926356,4725.5,3,0
1,-1391.24645117112,1709.10090663413,2995,3,0
1,-4210.30922370357,1618.11058992266,5947.5,3,0
1,318.797165594064,1736.41679069995,663.5,3,0
1,-3083.57666694699,1631.68461704544,5296.5,3,0
1,-3127.5036911536,1631.3779174671,5315,3,0
1,-7013.82010755036,1604.62400438391,7403,3,0
1,-3085.9557327698,1631.66554662769,5297.5,3,0
1,-4732.63571408391,1578.38496104159,6486,3,0
1,-5455.58185128635,1589.6876848929,6938,3,0
1,-11305.5225515724,1791.32399794234,8209,3,0
1,-4610.56830820162,1578.75740172251,6362,3,0
1,-18165.3073729845,2138.6126245225,8954,3,0
1,-16302.282458948,2003.28934689028,8790.5,3,0
1,-28717.7778940164,3841.57307389133,9687,3,0
1,-4629.02190368762,1578.30860405649,6381.5,3,0
1,-3037.11373993382,1632.11383630096,5277,3,0
1,-5200.17391569866,1588.41224380804,6822,3,0
1,-1338.6729131951,1709.21585223284,2924,3,0
1,-9782.6864185906,1706.22123866912,7955,3,0
1,-8140.71246996941,1633.54675192145,7641.5,3,0
1,-4549.02230429836,1581.55655193993,6295.5,3,0
1,141.075650721323,1763.8398340956,1053,3,0
1,-1506.94554142281,1671.25267392845,4206,3,0
1,-1597.20650728978,1671.79115420344,4385.5,3,0
1,-5068.7112822826,1586.7050693438,6749,3,0
1,-9932.73161678156,1714.40230582072,7982,3,0
1,-1088.17122379597,1719.29949010291,2707,3,0
1,-1430.41938853264,1684.06144613437,3711,3,0
1,-3322.71810279135,1631.11606509477,5399,3,0
1,-9986.03914856631,1717.34370600787,7991.5,3,0
1,-97.2377673289739,1716.9660036274,1929,3,0
1,-478.222596327309,1730.24673218068,2309,3,0
1,-988.788139640354,1723.78671120894,2639.5,3,0
1,-1334.38894894812,1709.28728880749,2919,3,0
1,-1455.03443166986,1707.81729064954,3428.5,3,0
1,-1465.36975654727,1670.13470725199,4054,3,0
1,-1465.87891950132,1670.13388682941,4056.5,3,0
1,-3503.49232830433,1632.20164953238,5482,3,0
1,-4530.79196920013,1582.78924822675,6275.5,3,0
1,-4551.76439627074,1581.38719689672,6298.5,3,0
1,-4575.64323386783,1580.0902510171,6324.5,3,0
1,-4899.57057581563,1582.81400347112,6632.5,3,0
1,-4915.08494127169,1583.2491068781,6644.5,3,0
1,-5336.2048067213,1589.31948429076,6887,3,0
1,-5424.1127900118,1589.61622686726,6925,3,0
1,-6138.35519712791,1591.88183743611,7173,3,0
1,-6170.30587436957,1592.14086101158,7182.5,3,0
1,-7596.37934144353,1617.85231420502,7531,3,0
1,-7995.35775157809,1628.98438871542,7612.5,3,0
1,-8062.85033847624,1631.06632767739,7626,3,0
1,-9060.71110825799,1669.78320131792,7820.5,3,0
1,-9804.78492577747,1707.41617940113,7959,3,0
1,-9876.9140128619,1711.34098917382,7972,3,0
1,153.981197060086,1764.49065377508,1016.5,3,0
1,-1160.36667094473,1715.84480246539,2760,3,0
1,-1465.52648820262,1713.38883926809,3219.5,3,0
1,-1441.97123420471,1672.61372277623,3904.5,3,0
1,-1504.28102249838,1671.17611137318,4198.5,3,0
1,-1688.13254928216,1670.22390766458,4502,3,0
1,-2153.35293615516,1656.77275782074,4862.5,3,0
1,-4308.70659566252,1607.31940922559,6040,3,0
1,-4494.45452085836,1585.77842585137,6235.5,3,0
1,-4834.4353209408,1580.91212873367,6579,3,0
1,-4891.94903217349,1582.59628042061,6626.5,3,0
1,-5072.85683816299,1586.77503386662,6751.5,3,0
1,-5070.36659423076,1586.73308010105,6750,3,0
1,-5307.54420646746,1589.18182626957,6874,3,0
1,-5358.74399549887,1589.41202780388,6897,3,0
1,-5406.27887645317,1589.56872782689,6917.5,3,0
1,-5420.52713101916,1589.60710276723,6923.5,3,0
1,-5477.77877677791,1589.7301809943,6947,3,0
1,-5486.50102709047,1589.74530843375,6950.5,3,0
1,-6153.44728853414,1592.00192943473,7177.5,3,0
1,-6245.6128566293,1592.82391186316,7204.5,3,0
1,-6674.4314661203,1598.47133521536,7320.5,3,0
1,-7834.32134327991,1624.25973969731,7580,3,0
1,-8440.041021368,1643.91454850898,7700.5,3,0
1,-9854.66921321815,1710.12667856719,7968,3,0
1,-9879.69787463825,1711.49324450454,7972.5,3,0
1,-10804.1303910557,1763.53063117492,8130.5,3,0
1,-6138.35519712791,1591.88183743611,7173,3,0
1,-1447.11152794911,1711.51573512567,3117,3,0
1,-3897.1638188404,1633.9616006681,5703,3,0
1,-4246.95496526547,1614.36790997953,5981,3,0
1,-5022.35370521061,1585.83985215834,6720,3,0
1,-4755.72195310658,1578.83282996921,6508,3,0
1,-4992.15537673375,1585.19274305726,6700,3,0
1,-6091.88799935766,1591.53817617696,7159,3,0
1,-6138.35519712791,1591.88183743611,7173,3,0
1,228.724565046839,1759.47191536279,841,3,0
1,-3206.38456254266,1631.06292754803,5348.5,3,0
1,-4634.74657334946,1578.20290294151,6387.5,3,0
1,317.504575836472,1736.88623172166,666,3,0
1,270.459959340747,1751.11542054545,757,3,0
1,230.644757735077,1759.17153903311,837,3,0
1,199.629061306361,1763.02068024689,904,3,0
1,35.1945785554126,1729.41181930787,1541,3,0
1,-971.210179222748,1724.5126274188,2628,3,0
1,-1105.02464119345,1718.49594185183,2719,3,0
1,-1450.732697431,1711.82787193726,3130,3,0
1,-1460.52367211832,1670.20389461433,4029,3,0
1,-1775.52054406283,1668.16321885972,4590,3,0
1,-3389.78634514241,1631.39653495977,5429,3,0
1,-5167.58461529296,1588.07977308859,6805,3,0
1,-5180.85526136728,1588.22161447906,6812,3,0
1,-5182.76799892634,1588.24131418829,6813,3,0
1,-6004.3317973502,1590.99553686612,7132,3,0
1,-7795.03946752893,1623.15669387556,7572,3,0
1,-8123.09828660497,1632.97805511697,7638,3,0
1,-8509.0872762939,1646.50102106225,7714,3,0
1,334.475153835956,1730.3545238751,633,3,0
1,111.860609157011,1760.06112268189,1148,3,0
1,227.767461230513,1759.6185913957,843,3,0
1,-418.438080727123,1728.77989502791,2265,3,0
1,-4998.08450205345,1585.32510531373,6704,3,0
1,-4892.58081489522,1582.61441483561,6627,3,0
1,-5695.03979383316,1590.01660323861,7029,3,0
1,-2167.91136732697,1656.26167930818,4871,3,0
1,-9563.97374441754,1694.61060175935,7915,3,0
1,308.178831972182,1740.14215496774,684,3,0
1,-1467.10171877407,1713.50904272352,3250,3,0
1,-3070.48429985624,1631.7945478728,5291,3,0
1,-4277.73272556486,1610.95528309683,6010,3,0
1,-5492.76197203575,1589.75579110378,6953,3,0
1,-6111.71268773871,1591.68001022491,7165,3,0
1,-8067.86219241703,1631.22340290471,7627,3,0
1,-10468.0203096843,1744.46530233221,8075,3,0
1,-1106.41641659662,1718.42932538858,2720,3,0
1,-1506.58589259535,1671.2425367407,4205,3,0
1,-1524.59965455625,1671.66222570299,4251,3,0
1,-88396.9116436349,2161.39710652377,14082,3,0
1,-93155.9742702201,2147.78985203969,14295,3,0
1,-92299.057379198,2147.24079869897,14255,3,0
1,-95462.1769447612,2166.0898648812,14408,3,0
1,-95225.7010418142,2162.66712399352,14396,3,0
1,-97909.1771410441,2234.35851209701,14539,3,0
1,-112227.993699644,2153.8669677928,18116,3,0
1,-112385.51816589,2147.40577250957,18174,3,0
1,-113305.777335631,2153.26667683232,18448,3,0
1,-112515.533929185,2144.7174997294,18218,3,0
1,-112391.236792132,2147.24407826348,18176,3,0
1,-113671.949616036,2163.92629185659,18549,3,0
1,-114261.763164827,2185.99635066588,18746,3,0
1,-114336.316649915,2189.5400409966,18783,3,0
1,-114190.829837334,2182.90435935138,18716,3,0
1,-114374.734908095,2191.56722055555,18806,3,0
1,-60618.3002035483,2332.98751211176,12002,3,0
1,-61907.6117742487,2207.1547613549,12203,3,0
1,-61703.1958148516,2218.56414695068,12170,3,0
1,-66013.5447828741,2171.48672148318,12798,3,0
1,-66426.0749272219,2168.56693298373,12844,3,0
1,-67921.9882022473,2160.1726196054,12993,3,0
1,-69020.1700520983,2157.12805872155,13088,3,0
1,-70191.8179965263,2156.45949509991,13179,3,0
1,-76473.4733559603,2171.008354666,13555,3,0
1,-76854.9369676129,2172.06720228452,13574,3,0
1,-76935.9832276551,2172.28827346165,13578,3,0
1,-78054.3195777048,2175.14788307031,13632,3,0
1,-111555.0927322,2472.23329591754,17580,3,0
1,-98504.1176060203,2262.86515008264,14573,3,0
1,-113159.667620606,2149.79044917382,18408,3,0
1,-40.9754996951669,147.879951484441,-68,4,0
1,-104.088382441085,112.523634985827,14,4,0
1,-132.986326933838,106.759916899089,43,4,0
1,-156.83220804343,102.897977622171,65.5,4,0
1,-179.503037515562,101.57715057577,86.5125,4,0
1,-201.259501331951,104.494397809475,106.975,4,0
1,-237.594855716452,124.392113891247,143.5,4,0
1,-328.13034792617,273.896563733966,261.05,4,0
1,-361.090926271398,354.420768302512,314.525,4,0
1,-384.236592353787,415.845612777834,354.925,4,0
1,-401.594268755987,463.004295622197,386.4875,4,0
1,-421.895418121014,517.821435732222,424.5125,4,0
1,-438.059619059786,560.199267533946,455.475,4,0
1,-455.750606291927,604.38134454831,489.9125,4,0
1,-481.083241715562,662.177579736144,540.0125,4,0
1,-502.768282831181,705.451744639768,583.5125,4,0
1,-554.17314021755,782.145794599806,688.9375,4,0
1,-626.704630392138,832.577973791787,847.125,4,0
1,-717.625231288373,801.563918987007,1074,4,0
1,-786.375950970221,640.963788446158,1254.55,4,0
1,-861.922264138237,362.647656606411,1438.0125,4,0
1,-897.532038499136,235.12763742147,1516.4625,4,0
1,-925.100699991919,156.769531149626,1574.9625,4,0
1,-955.611340596341,114.689430941924,1641.5375,4,0
1,-980.954370191786,146.268787158729,1706.475,4,0
1,-1011.02406936605,254.443646106782,1831.4875,4,0
1,-1025.649116443,411.504266080609,2025.0375,4,0
1,-1067.07969911583,627.493767776924,2292.0375,4,0
1,-1165.84266530955,658.33562868704,2489.5125,4,0
1,-1218.0556430365,622.612603215595,2566.0125,4,0
1,-1258.16269362997,580.393639377967,2620.5,4,0
1,-1292.43708253,535.911844551665,2665.525,4,0
1,-1329.55103428569,480.692445179757,2713.5,4,0
1,-1359.02776477905,433.457708191591,2751.4125,4,0
1,-1394.03163764533,377.700937623246,2796.5125,4,0
1,-1427.9897978697,332.311251560669,2840.475,4,0
1,-1469.99693515757,309.160605657209,2895,4,0
1,-1587.71098696301,452.606007667663,3050.05,4,0
1,-1650.12044538138,536.989487526465,3136.4625,4,0
1,-1678.98354051402,563.359142365948,3176.9625,4,0
1,-1725.43522044644,584.956063210484,3241.4625,4,0
1,-1771.93913326599,581.416315534849,3303.5,4,0
1,-1801.53123758687,568.008195428842,3340.9625,4,0
1,-1826.30464233691,551.448728970875,3370.9375,4,0
1,-1847.45325274486,534.174952172974,3395.5,4,0
1,-1873.06371414149,510.114323716728,3424,4,0
1,-1895.95082864305,486.254181678168,3448.3625,4,0
1,-1923.58908195375,455.110756573414,3476.475,4,0
1,-1955.70671566296,416.505933393619,3507.4875,4,0
1,-1999.66057581222,360.943164603961,3547.35,4,0
1,-2054.50173108187,289.9509763692,3593.4875,4,0
1,-2094.48434230266,239.181066517746,3624.9875,4,0
1,-2131.03148957528,195.402655271491,3652.4375,4,0
1,-2154.52704036701,169.638241828003,3669.4875,4,0
1,-2197.16228502616,131.064479239913,3699.3875,4,0
1,-2229.74953391636,112.867691156152,3721.4625,4,0
1,-2254.61079011112,107.644395314519,3737.95,4,0
1,-2276.745362096,108.56586942786,3752.4875,4,0
1,-2310.96643612674,116.520424433854,3774.9125,4,0
1,-2357.09242541669,131.853923163709,3805.4375,4,0
1,-2391.13946946664,143.061535651614,3828.4875,4,0
1,-2431.04157466209,155.076651905664,3856.425,4,0
1,-2461.15339315403,163.910273688924,3878.425,4,0
1,-2501.21036046604,177.3404750572,3909.325,4,0
1,-2566.70509136189,211.878704072425,3964.9625,4,0
1,-2666.52581994515,307.467791631325,4062.9625,4,0
1,-2736.36314676376,377.737025173796,4137.85,4,0
1,-2785.59454177693,413.179492099629,4191.45,4,0
1,-2818.88784107938,427.40556596792,4227.425,4,0
1,-2869.26455821376,432.692512887616,4280.9125,4,0
1,-2908.40586558962,423.700857550933,4321.525,4,0
1,-2940.6759165409,408.420482579857,4354.4125,4,0
1,-2969.50402353937,389.364318442137,4383.425,4,0
1,-2994.49184840871,369.134017315535,4408.3875,4,0
1,-3021.19353988301,344.08892740659,4435,4,0
1,-3039.20589712262,325.380279191899,4453,4,0
1,-3070.86924472777,289.336289930638,4484.975,4,0
1,-3100.21285878634,252.908831434369,4515.375,4,0
1,-3120.79055280844,226.185371204445,4537.4625,4,0
1,-3146.45684285369,192.722547416703,4566.475,4,0
1,-3172.72764256783,161.780541707095,4599,4,0
1,-3204.34634396108,144.661482961282,4645.975,4,0
1,-3226.11377469171,167.994492094259,4690.4875,4,0
1,-3254.05014712876,259.727047155774,4791.55,4,0
1,-3305.47899618559,288.264460502016,4958.525,4,0
1,-3373.28004070651,227.42056386839,5045.05,4,0
1,-3407.876876208,199.634490165548,5074.9875,4,0
1,-3442.81543889921,175.485355742985,5100.5125,4,0
1,-3473.16172060696,157.668854866442,5119.9875,4,0
1,-3507.86868789839,140.712714367185,5139.95,4,0
1,-3553.93696798105,123.506003616139,5163.4875,4,0
1,-3640.65777376201,106.683436159349,5201,4,0
1,-3701.72884402564,106.027677561837,5223.5,4,0
1,-3752.73442393821,110.3394914171,5240.525,4,0
1,-3794.33247845341,115.733101966668,5253.5125,4,0
1,-3826.14735245053,120.488184565287,5263.0125,4,0
1,-3859.01213119924,125.699352323962,5272.5,4,0
1,-3896.51397423306,131.789596226377,5282.9875,4,0
1,-3916.68206448387,135.06133885659,5288.5,4,0
1,-3946.46397137223,139.826756336702,5296.5,4,0
1,-3980.67924651364,145.128370060263,5305.5125,4,0
1,-4060.60639235051,156.378521163779,5325.9875,4,0
1,-4187.71013818635,169.758721216075,5357.5,4,0
1,-4238.87956146011,173.344624436165,5370.0125,4,0
1,-4283.8655401743,175.609217081848,5381,4,0
1,-4306.40108472435,176.431710991799,5386.5125,4,0
1,-4328.68278238783,177.041782892048,5391.975,4,0
1,-4343.07648665365,177.329034543308,5395.5125,4,0
1,-4377.35773277236,177.679918582982,5403.975,4,0
1,-4403.50543487817,177.639230919135,5410.475,4,0
1,-4439.37531503988,177.163598041958,5419.475,4,0
1,-4463.12923615845,176.593535063179,5425.5,4,0
1,-4476.91700233659,176.174338406343,5429.025,4,0
1,-4505.80847601034,175.099397832716,5436.4875,4,0
1,-4522.96949169179,174.344749966106,5440.975,4,0
1,-4543.81086580036,173.32420106162,5446.4875,4,0
1,-4558.84995416505,172.524726734683,5450.5125,4,0
1,-4586.43946962943,170.948731839022,5458.0125,4,0
1,-4609.85849776538,169.53207280535,5464.5125,4,0
1,-4627.45124958595,168.446332610052,5469.4875,4,0
1,-4672.0266116783,165.772933377435,5482.5125,4,0
1,-4720.29498103773,163.465356560024,5497.475,4,0
1,-4758.00195751153,162.653425019547,5510,4,0
1,-4788.90191278374,163.105560953916,5521,4,0
1,-4838.47837635269,166.886612830262,5540.55,4,0
1,-4940.98517317278,187.165356113718,5593,4,0
1,-5051.01045476552,199.247921003076,5692.025,4,0
1,-5106.29855026398,167.217889676976,5769.0125,4,0
1,-5141.62728016451,153.251350476225,5811.9875,4,0
1,-5161.34623616748,153.919734454739,5832.025,4,0
1,-5182.67427002545,158.980841996961,5851.575,4,0
1,-5212.3501432701,169.261947079167,5876.425,4,0
1,-5235.51360466611,177.814142961739,5894.5625,4,0
1,-5263.54785796441,187.407875574316,5915.5375,4,0
1,-5291.8527842937,195.518091118398,5935.9875,4,0
1,-5325.19737769198,202.521594872907,5959.5125,4,0
1,-5358.84655487025,206.516662496919,5982.9625,4,0
1,-5393.35019962583,207.272451869949,6007.0125,4,0
1,-5444.14008584945,202.099953115742,6043.025,4,0
1,-5501.91268045455,187.314313829491,6086,4,0
1,-5536.52947983658,174.540358815408,6113.525,4,0
1,-5572.13275955804,159.428215169228,6144,4,0
1,-5603.57864278043,145.828346683077,6173.5,4,0
1,-5651.43744943244,129.042577786299,6224.4875,4,0
1,-5734.72945139138,112.911870477079,6315.5375,4,0
1,-5815.25179925421,98.9530582135612,6376,4,0
1,-5860.5475135576,91.7074807829502,6401.5125,4,0
1,-5893.80732194427,86.7412582687139,6417.9875,4,0
1,-5941.54576141341,79.8526598503476,6439.475,4,0
1,-5999.61668250524,71.99139973152,6463.5,4,0
1,-6024.7687633587,69.1863666224497,6473.4875,4,0
1,-6050.29272495536,67.1330719788201,6483.5,4,0
1,-6072.00292745512,66.2968346359414,6492,4,0
1,-6087.23894986464,66.3560688083514,6498,4,0
1,-6110.94222531514,67.7268693296325,6507.475,4,0
1,-6124.33686084952,69.2708248232117,6512.95,4,0
1,-6143.52871525381,72.507013761044,6521.0125,4,0
1,-6157.28331285017,75.5535601177878,6526.9875,4,0
1,-6172.87993169622,79.690606248938,6534,4,0
1,-6188.82153667463,84.5732200831053,6541.4625,4,0
1,-6204.2294757911,89.7974887532875,6548.9875,4,0
1,-6305.97274450632,124.498142820317,6606.975,4,0
1,-6395.22477109218,128.824195765808,6664.4875,4,0
1,-6503.66056364262,102.47163118789,6724.5,4,0
1,-6570.07827259973,90.9578332277099,6753.4875,4,0
1,-6581.51216332056,90.1984129401315,6757.9875,4,0
1,-6605.35187728563,89.8002387260288,6766.9875,4,0
1,-6703.68942977907,98.1917591543139,6800.0125,4,0
1,-6878.85008740425,118.114237748192,6848.9875,4,0
1,-7005.40750584658,128.580580517904,6880,4,0
1,-7026.7714221999,130.21168566465,6885,4,0
1,-7037.43486095686,131.028233222978,6887.475,4,0
1,-7041.86751203379,131.36790299415,6888.5,4,0
1,-7050.54348182073,132.035820630658,6890.5,4,0
1,-7054.89442501776,132.372282245247,6891.5,4,0
1,-7057.07304830663,132.539874428787,6892,4,0
1,-7065.80789777217,133.219410188861,6894,4,0
1,-7072.37958969316,133.734036261228,6895.5,4,0
1,-7081.11269985419,134.420972296728,6897.4875,4,0
1,-7085.51721539116,134.769179702539,6898.4875,4,0
1,-7087.83228521701,134.952946387073,6899.0125,4,0
1,-7096.61262255209,135.652938007944,6901,4,0
1,-7103.25540469214,136.185717710656,6902.5,4,0
1,-7105.47259861231,136.363813168715,6903,4,0
1,-7114.29980077269,137.076708395089,6904.9875,4,0
1,-7118.86053087376,137.446312202474,6906.0125,4,0
1,-7181.64491732931,142.586446544534,6920.0125,4,0
1,-7343.26627844153,154.726596476901,6955.4875,4,0
1,-7586.33604937745,165.284229967903,7009,4,0
1,-7739.11628542142,167.763704447924,7044,4,0
1,-7766.48834338179,168.185813294299,7050.4875,4,0
1,-7791.52757171309,168.641086927997,7056.5,4,0
1,-7820.24129661918,169.28541080262,7063.5,4,0
1,-7830.47406650335,169.554823966376,7066.025,4,0
1,-7844.39169218903,169.961257679663,7069.4875,4,0
1,-7850.47790770466,170.154870524214,7071.0125,4,0
1,-7854.40434451262,170.285753678865,7072,4,0
1,-7858.36854973761,170.421562294565,7073,4,0
1,-7862.36988698505,170.563643187833,7074.0125,4,0
1,-7874.10163421137,171.008158019311,7077,4,0
1,-7876.10273847776,171.088291782775,7077.5125,4,0
1,-7881.8913767226,171.327350113382,7079,4,0
1,-7889.62802447518,171.663677875031,7081,4,0
1,-7897.26239306526,172.016463219555,7082.9875,4,0
1,-7902.9878246407,172.293265310003,7084.4875,4,0
1,-7908.72874268424,172.58299992844,7086,4,0
1,-7912.50639753789,172.779974843213,7087,4,0
1,-7919.97146642813,173.183719709391,7088.9875,4,0
1,-7923.75223024469,173.396185373357,7090,4,0
1,-7936.70506239356,174.162430744435,7093.5,4,0
1,-7960.41152379243,175.716985904984,7100.0375,4,0
1,-8049.96230922919,183.117029569935,7126.5125,4,0
1,-8249.27133495035,200.876832725791,7199.5,4,0
1,-8395.09750277689,198.846714991062,7268.5,4,0
1,-8465.11316644354,187.581174673943,7303.5,4,0
1,-8503.51875336189,178.929598668149,7322,4,0
1,-8538.31986925984,170.104215872906,7338,4,0
1,-8578.7421242171,159.157064311822,7355.5,4,0
1,-8677.15403960831,131.852332532718,7393,4,0
1,-8745.05069365073,114.324102226952,7415.05,4,0
1,-8798.13870962663,102.206027324637,7430.5,4,0
1,-8840.92549946252,93.7585595762872,7441.9875,4,0
1,-8874.59246281814,88.0624684915155,7450.5,4,0
1,-8912.04194567166,82.7962467438287,7459.4875,4,0
1,-8949.49422441982,78.6981318792552,7468.025,4,0
1,-8995.81286012987,75.226317113424,7478.0375,4,0
1,-9047.07178810192,73.2465737553789,7488.5125,4,0
1,-9085.50914360117,72.8132978665756,7496.0125,4,0
1,-9117.13017571531,72.9680368196649,7501.9875,4,0
1,-9158.14817789663,73.650073071228,7509.5125,4,0
1,-9200.33718861919,74.7012384332441,7517.025,4,0
1,-9223.05381431291,75.3404229156152,7520.9875,4,0
1,-9258.01601544907,76.3564646934956,7526.9875,4,0
1,-9308.68352529593,77.7549766928708,7535.5,4,0
1,-9354.1628128984,78.8140480591298,7542.9875,4,0
1,-9453.72873251978,80.1239758216281,7559,4,0
1,-9498.0085687791,80.1864499256005,7566,4,0
1,-9523.37937559932,80.0755016273081,7569.9875,4,0
1,-9539.40881827148,79.9485812824139,7572.5,4,0
1,-9561.86295105703,79.6993923722896,7576.0125,4,0
1,-9600.22099328507,79.0860999276305,7582,4,0
1,-9632.20656866115,78.396360358228,7586.9875,4,0
1,-9654.64615678927,77.8198406602311,7590.4875,4,0
1,-9670.74158465955,77.3632185074981,7593,4,0
1,-9693.13320386922,76.6657517955622,7596.5,4,0
1,-9725.03364702407,75.5605250211704,7601.5,4,0
1,-9747.28221069882,74.7137875346919,7605,4,0
1,-9778.91731732246,73.4155856546176,7610,4,0
1,-9813.4717716556,71.8810202822188,7615.5,4,0
1,-9853.76031969208,69.9689505992908,7621.975,4,0
1,-9881.47529781982,68.5984220751465,7626.475,4,0
1,-9957.14299127972,64.7664418094238,7638.9875,4,0
1,-10033.3390498138,61.2018096837028,7651.9875,4,0
1,-10078.9683075096,59.5374824605592,7660,4,0
1,-10123.5264846627,58.5117353544613,7668.0125,4,0
1,-10153.4741745465,58.264420300216,7673.5125,4,0
1,-10190.7563601783,58.5470487919334,7680.5,4,0
1,-10237.4435263285,59.905601903905,7689.4875,4,0
1,-10275.3857461978,61.8403016449886,7697,4,0
1,-10314.6691347412,64.5812898640725,7704.9875,4,0
1,-10343.4816886182,67.0143722128912,7710.9875,4,0
1,-10383.3784765773,70.8509017571974,7719.5,4,0
1,-10464.2305919807,79.5907767301768,7737.4875,4,0
1,-10539.1499971692,87.7484493009916,7755.0125,4,0
1,-10582.5270614298,92.0868946134765,7765.5125,4,0
1,-10616.9917280851,95.1996886526755,7774.025,4,0
1,-10662.6485917741,98.7402638307516,7785.5125,4,0
1,-10693.9029866224,100.711314770515,7793.5,4,0
1,-10748.0007014615,103.141963996858,7807.525,4,0
1,-10804.9573151446,104.272943947258,7822.5,4,0
1,-10889.7215404878,103.470644616397,7845,4,0
1,-10931.04648333,102.338751350227,7855.9875,4,0
1,-10965.0144992294,101.296182639789,7865,4,0
1,-11000.9349635653,100.304133195235,7874.5,4,0
1,-11031.1960549131,99.7330739759534,7882.475,4,0
1,-11052.2180641536,99.5671230399463,7888,4,0
1,-11084.6387071782,99.817186755536,7896.5,4,0
1,-11105.6074187695,100.376772419541,7901.9875,4,0
1,-11134.2438008268,101.740809503559,7909.475,4,0
1,-11159.1996596963,103.560704951825,7916,4,0
1,-11180.2182801613,105.587002516331,7921.5,4,0
1,-11205.0201446768,108.590482143934,7928,4,0
1,-11231.6174255172,112.561692948231,7934.9875,4,0
1,-11260.0275842184,117.662448025762,7942.475,4,0
1,-11290.4593994902,124.087446695829,7950.525,4,0
1,-11335.5736232782,135.324167801324,7962.5125,4,0
1,-11419.8890246414,161.031532581984,7985.025,4,0
1,-11602.7652639868,231.221462379753,8033.5,4,0
1,-11707.7443477702,277.03144324006,8060.5,4,0
1,-11783.9909053529,311.933899903202,8079.5375,4,0
1,-11851.7724301685,343.793540283419,8096.0125,4,0
1,-180.027714626398,101.590274323049,87,4,0
1,-4839.54059369955,167.013251772498,5541,4,0
1,-6352.39526546234,131.198908296628,6637,4,0
1,-5741.87790710106,111.615663616431,6322,4,0
1,-214.661261072382,109.30337700308,120,4,0
1,-2983.07823292306,378.779487883346,4397,4,0
1,-231.432761258446,119.375341227179,137,4,0
1,-1024.06463514455,382.792792519393,1990,4,0
1,-98.4696346749552,113.704952282447,8,4,0
1,-5707.9758434915,118.172342513604,6289,4,0
1,-216.679506333079,110.262705756301,122,4,0
1,-2174.99702906748,149.498695729859,3684,4,0
1,-4832.39317057282,166.196900092203,5538,4,0
1,-7500.80840235576,162.772652054593,6990,4,0
1,-2795.32200697251,418.20291460938,4202,4,0
1,-213.647962758318,108.846023452589,119,4,0
1,-702.735303275287,818.862957881731,1035,4,0
1,-967.454056170769,121.924149547393,1670,4,0
1,-5675.09006829001,124.189986600973,6252,4,0
1,-5904.52606710279,85.1801521479629,6423,4,0
1,-373.543728149496,387.142554312861,336,4,0
1,-192.859706365503,102.741887180695,99,4,0
1,-7709.20496909833,167.348881964971,7037,4,0
1,-1094.82464549784,656.441326235534,2361.5,4,0
1,-3126.72489984892,218.39855735201,4544,4,0
1,-5655.36804097379,128.085796884528,6229,4,0
1,-1053.93345177174,602.440166335306,2249,4,0
1,-723.127228411846,793.605707420459,1088.5,4,0
1,-2624.06793846283,262.556639546218,4019.5,4,0
1,-6562.66558619961,91.6595111296683,6750.5,4,0
1,-6573.88517790893,90.660595434347,6755,4,0
1,-10137.1361707244,58.3503050388381,7670.5,4,0
1,-8408.018269144,197.286415206507,7275,4,0
1,-3273.01772795571,300.784972968506,4877.5,4,0
1,-3378.01350114448,223.400431450638,5049.5,4,0
1,-6418.11061604507,124.699034076596,6678.5,4,0
1,-10357.7295660973,68.3286038514339,7714,4,0
1,-1788.35655178223,574.91779557616,3324.5,4,0
1,-6361.61309128581,131.368938447761,6643,4,0
1,-10371.7772460338,69.6882683852732,7717,4,0
1,-677.826980651822,835.073481949568,971,4,0
1,-5526.66187740583,178.42571813298,6105.5,4,0
1,-3040.20388600649,324.303676807199,4454,4,0
1,-3238.27518400596,200.452681402759,4725.5,4,0
1,-1546.71550964192,387.515084613555,2995,4,0
1,-5308.09167465614,199.29471140083,5947.5,4,0
1,-541.935205114074,767.261056456789,663.5,4,0
1,-3946.46397137223,139.826756336702,5296.5,4,0
1,-4017.37180004828,150.520352948576,5315,4,0
1,-8706.8820637241,123.951902459714,7403,4,0
1,-3950.22702580458,140.420583837678,5297.5,4,0
1,-6056.68348137382,66.7850780041476,6486,4,0
1,-7263.3040689663,149.06931076165,6938,4,0
1,-12368.4166882536,588.809114824028,8209,4,0
1,-5793.54079206847,102.680342268654,6362,4,0
1,-18489.3317202926,1977.77925386566,8954,4,0
1,-16726.6481888806,1702.13111700805,8790.5,4,0
1,-28810.429289191,3857.45865644746,9687,4,0
1,-5824.38011478819,97.4382566210994,6381.5,4,0
1,-3874.95886333007,128.281707443184,5277,4,0
1,-6778.25004546391,107.404397666037,6822,4,0
1,-1492.39916866319,319.150890263877,2924,4,0
1,-11307.3270341498,128.057873978847,7955,4,0
1,-9972.0699047395,64.0257830392067,7641.5,4,0
1,-5714.19554603379,116.935045666121,6295.5,4,0
1,-709.627319308463,811.612001882226,1053,4,0
1,-2799.01703925058,419.926033724751,4206,4,0
1,-2971.57604626287,387.812918056782,4385.5,4,0
1,-6558.99638982257,92.0689479178102,6749,4,0
1,-11408.5718645626,157.271543421953,7982,4,0
1,-1324.50339950435,488.550641494117,2707,4,0
1,-2214.19368846714,120.036133817529,3711,4,0
1,-4357.23271947168,177.530313698519,5399,4,0
1,-11444.1199186128,169.36512987439,7991.5,4,0
1,-1020.77784974826,335.274941370735,1929,4,0
1,-1073.10848129308,635.992024283213,2309,4,0
1,-1272.53212641366,562.610193036109,2639.5,4,0
1,-1488.53722306248,316.374703119652,2919,4,0
1,-1877.21986236796,505.931729804646,3428.5,4,0
1,-2657.93711551698,298.213321667166,4054,4,0
1,-2660.3400722309,300.800501700056,4056.5,4,0
1,-4670.31562517816,165.869391112948,5482,4,0
1,-5695.57983079785,120.55080027194,6275.5,4,0
1,-5717.13150748704,116.348001970562,6298.5,4,0
1,-5744.72149519855,111.114427494836,6324.5,4,0
1,-6345.49611042067,130.812950005921,6632.5,4,0
1,-6363.92395672016,131.350110421209,6644.5,4,0
1,-7035.38394460129,130.870621055062,6887,4,0
1,-7204.19608975016,144.42125650513,6925,4,0
1,-8183.9804784744,196.002871875499,7173,4,0
1,-8208.20965111908,198.025222497571,7182.5,4,0
1,-9281.75147986086,77.0320505932414,7531,4,0
1,-9794.65841846075,72.73004036514,7612.5,4,0
1,-9878.56163551146,68.7447683736667,7626,4,0
1,-10797.3861156926,104.206418597265,7820.5,4,0
1,-11322.3770319074,131.836309777759,7959,4,0
1,-11371.145814558,145.490681743138,7972,4,0
1,-695.607332375832,825.043767078511,1016.5,4,0
1,-1365.70292443689,422.619957552787,2760,4,0
1,-1709.48080196977,580.492164789349,3219.5,4,0
1,-2495.13418603642,175.066732418782,3904.5,4,0
1,-2792.09211105295,416.612996110715,4198.5,4,0
1,-3087.42380260956,269.089780715979,4502,4,0
1,-3269.07091721892,297.513718212623,4862.5,4,0
1,-5439.93905038713,202.812685281349,6040,4,0
1,-5660.97589579457,126.852270354725,6235.5,4,0
1,-6259.95176235121,110.311400527446,6579,4,0
1,-6336.29286741372,129.953679419222,6626.5,4,0
1,-6565.13116867607,91.4084740470865,6751.5,4,0
1,-6561.43864620384,91.792318643675,6750,4,0
1,-6980.10091765784,126.634558351748,6874,4,0
1,-7078.96800245531,134.251590516882,6897,4,0
1,-7170.31708123768,141.659019000502,6917.5,4,0
1,-7197.40525955893,143.870770560439,6923.5,4,0
1,-7304.41885569319,152.088403691291,6947,4,0
1,-7320.43318151031,153.202632965901,6950.5,4,0
1,-8195.57768688025,196.997054439879,7177.5,4,0
1,-8260.82748409547,201.515564733867,7204.5,4,0
1,-8500.34114856785,179.694891502611,7320.5,4,0
1,-9587.400161725,79.316822622597,7580,4,0
1,-10292.7314913212,62.9637800427736,7700.5,4,0
1,-11356.1592275654,141.077177606677,7968,4,0
1,-11373.0182600413,146.054944040053,7972.5,4,0
1,-11999.6434616428,414.743586592959,8130.5,4,0
1,-8183.9804784744,196.002871875499,7173,4,0
1,-1636.21282951115,521.044591613556,3117,4,0
1,-5059.36313259508,196.337257844996,5703,4,0
1,-5356.02511175582,206.303639474451,5981,4,0
1,-6494.35412510624,104.830870347486,6720,4,0
1,-6112.23773581581,67.8505759791733,6508,4,0
1,-6455.68761084462,115.341565407296,6700,4,0
1,-8146.44644665346,192.535714397238,7159,4,0
1,-8183.9804784744,196.002871875499,7173,4,0
1,-624.043250111863,831.647745907651,841,4,0
1,-4151.06820303854,166.540115469793,5348.5,4,0
1,-5834.73526218906,95.7575392581079,6387.5,4,0
1,-543.143182147294,768.822856306752,666,4,0
1,-586.242635544855,811.72443132573,757,4,0
1,-622.297549956944,831.009861657492,837,4,0
1,-650.765748770442,838.184377051633,904,4,0
1,-909.048779343255,199.43123993094,1541,4,0
1,-1263.81576066092,573.553614684018,2628,4,0
1,-1333.8246361278,473.971764702879,2719,4,0
1,-1645.50804787315,531.920657464404,3130,4,0
1,-2633.54236722039,272.301835978781,4029,4,0
1,-3165.7699517752,169.260895022001,4590,4,0
1,-4476.81952005671,176.17778780672,5429,4,0
1,-6719.98603803851,100.208324688272,6805,4,0
1,-6743.47584775137,103.149099493326,6812,4,0
1,-6746.88946555136,103.573151436086,6813,4,0
1,-8067.25343200658,184.760456803606,7132,4,0
1,-9536.21652590716,79.9777950137116,7572,4,0
1,-9951.25073703239,65.0627134541318,7638,4,0
1,-10357.7295660973,68.3286038514339,7714,4,0
1,-527.114020470995,746.422062386569,633,4,0
1,-745.630233867094,751.92760701711,1148,4,0
1,-624.913842299487,831.957548611634,843,4,0
1,-1058.46262215171,612.340597153062,2265,4,0
1,-6463.0981860552,113.309130444428,6704,4,0
1,-6337.06061281543,130.040784657225,6627,4,0
1,-7674.58594289143,166.869690641314,7029,4,0
1,-3271.25179502741,299.58388900723,4871,4,0
1,-11155.3759423578,103.241070164939,7915,4,0
1,-551.807240927592,779.429239111988,684,4,0
1,-1731.69456042536,585.881098240408,3250,4,0
1,-3925.92567109689,136.551273389038,5291,4,0
1,-5397.61547992239,207.12772357925,6010,4,0
1,-7331.87707315711,153.976381082189,6953,4,0
1,-8162.80883714044,194.085155062754,7165,4,0
1,-9884.69232444093,68.4359275741742,7627,4,0
1,-11765.6258869939,303.425216669761,8075,4,0
1,-1334.60185525194,472.743285227272,2720,4,0
1,-2798.09289374389,419.504635100396,4205,4,0
1,-2840.94072504342,432.129728812776,4251,4,0
1,-88396.9383513894,2161.39715599806,14082,4,0
1,-93155.9920199371,2147.78988225199,14295,4,0
1,-92299.0765455218,2147.2408340346,14255,4,0
1,-95462.1912312574,2166.08988558731,14408,4,0
1,-95225.7156615795,2162.6671441608,14396,4,0
1,-97909.1882465354,2234.35852002075,14539,4,0
1,-112227.993710235,2153.86696799858,18116,4,0
1,-112385.51817534,2147.40577252955,18174,4,0
1,-113305.777341152,2153.26667692367,18448,4,0
1,-112515.533937855,2144.71749963046,18218,4,0
1,-112391.236801545,2147.24407813468,18176,4,0
1,-113671.949620563,2163.92629183864,18549,4,0
1,-114261.763167901,2185.99635077353,18746,4,0
1,-114336.316652774,2189.54004087595,18783,4,0
1,-114190.829840595,2182.90435938076,18716,4,0
1,-114374.734910828,2191.56722046896,18806,4,0
1,-60619.6762630944,2333.07592453324,12002,4,0
1,-61908.5563146096,2207.17154042516,12203,4,0
1,-61704.2006299653,2218.58865986201,12170,4,0
1,-66013.8528188675,2171.47880147297,12798,4,0
1,-66426.3572964709,2168.55987147113,12844,4,0
1,-67922.2011544155,2160.16809426552,12993,4,0
1,-69020.3478968341,2157.12482954855,13088,4,0
1,-70191.9676247268,2156.45725830617,13179,4,0
1,-76473.5465060684,2171.00806355396,13555,4,0
1,-76855.0075144137,2172.06694538842,13574,4,0
1,-76936.053238245,2172.28802988847,13578,4,0
1,-78054.3827341321,2175.14772470833,13632,4,0
1,-111555.092762457,2472.23329625768,17580,4,0
1,-98504.1280083039,2262.86515620118,14573,4,0
1,-113159.667626575,2149.79044934583,18408,4,0
1,854.404030648991,1105.15703690279,-68,5,0
1,931.507993239444,1021.59607650596,14,5,0
1,953.905970024876,1001.96311926496,43,5,0
1,969.343922619242,990.47096622795,65.5,5,0
1,982.155423354823,982.789683739706,86.5125,5,0
1,993.081955606584,978.225257556248,106.975,5,0
1,1008.64884087536,977.335114092221,143.5,5,0
1,1027.4184282315,1019.98130726235,261.05,5,0
1,1022.5023413389,1050.3085761004,314.525,5,0
1,1014.19200503593,1073.57938438046,354.925,5,0
1,1005.29266524827,1090.8763435581,386.4875,5,0
1,992.116826771293,1109.80702540676,424.5125,5,0
1,979.66055131983,1123.16983815986,455.475,5,0
1,964.252749096602,1135.440786638,489.9125,5,0
1,939.455828776117,1147.79156738333,540.0125,5,0
1,916.178435068112,1152.83319095606,583.5125,5,0
1,855.891438676044,1143.08491256194,688.9375,5,0
1,763.575782659929,1085.2113891808,847.125,5,0
1,633.874951133505,1051.00018875672,1074,5,0
1,527.638776573818,1175.4968721181,1254.55,5,0
1,427.197823720984,1338.92517007082,1438.0125,5,0
1,386.277545269113,1401.93345365782,1516.4625,5,0
1,355.768648470752,1444.39183930667,1574.9625,5,0
1,320.255830202252,1487.7327484239,1641.5375,5,0
1,283.910801934544,1524.986602707,1706.475,5,0
1,205.561642510816,1583.94222952243,1831.4875,5,0
1,47.7954291286878,1648.84829423857,2025.0375,5,0
1,-273.812683452852,1701.11122234135,2292.0375,5,0
1,-576.080327189993,1713.2801735893,2489.5125,5,0
1,-695.675622795243,1711.75765477841,2566.0125,5,0
1,-777.905664421618,1708.88958152601,2620.5,5,0
1,-842.649726602249,1705.63856058318,2665.525,5,0
1,-907.35492197331,1701.54021569098,2713.5,5,0
1,-954.705396899488,1698.00463872423,2751.4125,5,0
1,-1005.99967927206,1693.63883062554,2796.5125,5,0
1,-1050.14271818474,1689.36948872781,2840.475,5,0
1,-1096.13452400127,1684.20873871909,2895,5,0
1,-1170.62193937832,1669.74913584105,3050.05,5,0
1,-1177.4728247677,1659.45053331309,3136.4625,5,0
1,-1173.23800810287,1653.22185897355,3176.9625,5,0
1,-1158.12684533838,1640.63297152023,3241.4625,5,0
1,-1135.54183226544,1624.68837688413,3303.5,5,0
1,-1118.87796937721,1612.94797822496,3340.9625,5,0
1,-1104.2441910957,1602.31076912077,3370.9375,5,0
1,-1091.54690481536,1592.73450780527,3395.5,5,0
1,-1076.17104928242,1580.62413667359,3424,5,0
1,-1062.5974507411,1569.40435742957,3448.3625,5,0
1,-1046.57721288828,1555.44971604861,3476.475,5,0
1,-1028.62436305545,1538.79288127812,3507.4875,5,0
1,-1005.39609205211,1515.43301506636,3547.35,5,0
1,-978.715811657719,1485.67487719914,3593.4875,5,0
1,-960.853180352133,1463.70378355496,3624.9875,5,0
1,-945.635042761452,1443.48292796138,3652.4375,5,0
1,-936.378251272254,1430.42762141522,3669.4875,5,0
1,-920.555498403497,1406.63334579487,3699.3875,5,0
1,-909.238729611505,1388.34601501112,3721.4625,5,0
1,-901.0016218042,1374.29792280436,3737.95,5,0
1,-893.897087740246,1361.64104190238,3752.4875,5,0
1,-883.238048588391,1341.63350601258,3774.9125,5,0
1,-869.33589661913,1313.49625345733,3805.4375,5,0
1,-859.322370276321,1291.60215146725,3828.4875,5,0
1,-847.775771672372,1264.3873510607,3856.425,5,0
1,-839.166924744844,1242.49262543338,3878.425,5,0
1,-827.857491855975,1211.17211883509,3909.325,5,0
1,-810.143123928457,1153.73036932317,3964.9625,5,0
1,-790.005597865209,1054.02808638738,4062.9625,5,0
1,-788.475297083613,986.38358784443,4137.85,5,0
1,-797.812840342522,947.632871893001,4191.45,5,0
1,-810.149831756018,928.029128409316,4227.425,5,0
1,-837.681900440715,907.992058813506,4280.9125,5,0
1,-865.433660340961,898.484412076126,4321.525,5,0
1,-891.967498438898,893.546653589972,4354.4125,5,0
1,-918.245323155541,890.862901355776,4383.425,5,0
1,-942.920359877404,889.650903168696,4408.3875,5,0
1,-971.249890939333,889.401577566215,4435,5,0
1,-991.55526145827,889.838397598312,4453,5,0
1,-1029.84135900391,891.814788124346,4484.975,5,0
1,-1068.88237010082,894.99429097033,4515.375,5,0
1,-1098.88081685221,898.055925953816,4537.4625,5,0
1,-1140.40062557254,903.062959997089,4566.475,5,0
1,-1189.85365903005,910.146842389779,4599,5,0
1,-1266.86308173882,923.732026530286,4645.975,5,0
1,-1346.21065878589,941.340164554108,4690.4875,5,0
1,-1551.24656252796,1003.89892789363,4791.55,5,0
1,-1962.52645226754,1145.5577603865,4958.525,5,0
1,-2206.98802487273,1217.52257931939,5045.05,5,0
1,-2295.80402871594,1240.72287156683,5074.9875,5,0
1,-2373.02828953136,1259.66411170076,5100.5125,5,0
1,-2432.79011174524,1273.56467139883,5119.9875,5,0
1,-2494.72991702193,1287.29947729201,5139.95,5,0
1,-2568.54852234107,1302.80857607259,5163.4875,5,0
1,-2687.63907817658,1325.95691034125,5201,5,0
1,-2759.71180977253,1338.90175922187,5223.5,5,0
1,-2814.46269090101,1348.22386068904,5240.525,5,0
1,-2856.31033907831,1355.06012468353,5253.5125,5,0
1,-2886.94628875889,1359.9093575442,5263.0125,5,0
1,-2917.5503094336,1364.6244331459,5272.5,5,0
1,-2951.37550470466,1369.68748737555,5282.9875,5,0
1,-2969.14774644934,1372.28597091382,5288.5,5,0
1,-2994.92483372847,1375.97979402815,5296.5,5,0
1,-3023.93523037294,1380.03155705714,5305.5125,5,0
1,-3089.67503095744,1388.8034401659,5325.9875,5,0
1,-3190.1690689479,1401.12205997682,5357.5,5,0
1,-3229.76130734617,1405.61299016002,5370.0125,5,0
1,-3264.35144519759,1409.36762326088,5381,5,0
1,-3281.63769268012,1411.18454254873,5386.5125,5,0
1,-3298.71968797641,1412.94073305913,5391.975,5,0
1,-3309.7557923831,1414.05459605871,5395.5125,5,0
1,-3336.06968511408,1416.64390160427,5403.975,5,0
1,-3356.19441599399,1418.56052152656,5410.475,5,0
1,-3383.9284812226,1421.11037112271,5419.475,5,0
1,-3402.40630069887,1422.74952524137,5425.5,5,0
1,-3413.18290071329,1423.68339417742,5429.025,5,0
1,-3435.91175741237,1425.5984282262,5436.4875,5,0
1,-3449.52224246645,1426.70959996953,5440.975,5,0
1,-3466.18105358863,1428.03273903909,5446.4875,5,0
1,-3478.30165669369,1428.96983002417,5450.5125,5,0
1,-3500.78760454943,1430.64995917967,5458.0125,5,0
1,-3520.16875377437,1432.03655577364,5464.5125,5,0
1,-3534.93434085511,1433.05408362546,5469.4875,5,0
1,-3573.30333997356,1435.53723139017,5482.5125,5,0
1,-3616.84783557104,1438.06460830068,5497.475,5,0
1,-3652.84676961042,1439.91068357629,5510,5,0
1,-3684.11443998525,1441.32751674115,5521,5,0
1,-3738.86557485024,1443.3689552244,5540.55,5,0
1,-3880.47702556569,1445.76859655579,5593,5,0
1,-4127.44284901675,1437.57246910232,5692.025,5,0
1,-4303.12822238728,1419.30020942559,5769.0125,5,0
1,-4395.97278767545,1404.58107403945,5811.9875,5,0
1,-4438.1195829194,1396.64204432614,5832.025,5,0
1,-4478.57636214793,1388.25635069664,5851.575,5,0
1,-4529.08116097609,1376.71439903264,5876.425,5,0
1,-4565.30658420641,1367.69088278247,5894.5625,5,0
1,-4606.53713929467,1356.65722852868,5915.5375,5,0
1,-4646.05471181776,1345.31792886629,5935.9875,5,0
1,-4690.68055530218,1331.61973430921,5959.5125,5,0
1,-4734.26775075449,1317.34225850293,5982.9625,5,0
1,-4778.02576172166,1302.14642078189,6007.0125,5,0
1,-4841.71697842376,1278.58876761135,6043.025,5,0
1,-4914.74589796085,1249.77996326751,6086,5,0
1,-4959.75435200194,1231.32392242975,6113.525,5,0
1,-5007.92222821154,1211.28347608171,6144,5,0
1,-5052.83580120886,1192.6713136579,6173.5,5,0
1,-5126.34906333731,1163.6293290267,6224.4875,5,0
1,-5243.76295541972,1128.77514186922,6315.5375,5,0
1,-5310.61643541837,1123.90868822457,6376,5,0
1,-5335.95806025667,1127.10561890029,6401.5125,5,0
1,-5351.55462759081,1130.67562048448,6417.9875,5,0
1,-5371.12040712265,1136.92599239044,6439.475,5,0
1,-5392.11907270178,1145.80903541941,6463.5,5,0
1,-5400.61990323663,1150.02312136668,6473.4875,5,0
1,-5409.02757454338,1154.52408174537,6483.5,5,0
1,-5416.08555223327,1158.54685933992,6492,5,0
1,-5421.02856089547,1161.49067954176,6498,5,0
1,-5428.77673981106,1166.30346356759,6507.475,5,0
1,-5433.22582178842,1169.17059211559,6512.95,5,0
1,-5439.74621432833,1173.49914227061,6521.0125,5,0
1,-5444.55840666639,1176.78383243548,6526.9875,5,0
1,-5450.18944654474,1180.71651444172,6534,5,0
1,-5456.16785545507,1184.98690271141,6541.4625,5,0
1,-5462.18853052473,1189.37493066592,6548.9875,5,0
1,-5509.13185187103,1225.20358149755,6606.975,5,0
1,-5559.1869286173,1262.37853938138,6664.4875,5,0
1,-5618.9750179504,1300.70279775085,6724.5,5,0
1,-5651.68142413581,1318.56996382871,6753.4875,5,0
1,-5657.01608059695,1321.29314310467,6757.9875,5,0
1,-5667.90329844365,1326.69507266625,6766.9875,5,0
1,-5710.45244757412,1345.97208494237,6800.0125,5,0
1,-5781.55475960067,1372.82367075876,6848.9875,5,0
1,-5831.76480568666,1388.68267115486,6880,5,0
1,-5840.24343049247,1391.15491135861,6885,5,0
1,-5844.47989050485,1392.36993956594,6887.475,5,0
1,-5846.24205408944,1392.87150949662,6888.5,5,0
1,-5849.69335883157,1393.84723559049,6890.5,5,0
1,-5851.42542666011,1394.33364298935,6891.5,5,0
1,-5852.29306451883,1394.57652034062,6892,5,0
1,-5855.77430924121,1395.54565084327,6894,5,0
1,-5858.39647086943,1396.27011635034,6895.5,5,0
1,-5861.88565885043,1397.22667481192,6897.4875,5,0
1,-5863.64761404274,1397.70653078493,6898.4875,5,0
1,-5864.57435262203,1397.9581977,6899.0125,5,0
1,-5868.09339784225,1398.90817827603,6901,5,0
1,-5870.76046586875,1399.62274610132,6902.5,5,0
1,-5871.65162638389,1399.86052032757,6903,5,0
1,-5875.20455730008,1400.80315853587,6904.9875,5,0
1,-5877.04348594137,1401.28781105262,6906.0125,5,0
1,-5902.60974222468,1407.81076946969,6920.0125,5,0
1,-5971.12449709652,1423.54062675845,6955.4875,5,0
1,-6084.46195427189,1445.22001000154,7009,5,0
1,-6164.95360761182,1458.18911826069,7044,5,0
1,-6180.41722044954,1460.49726120249,7050.4875,5,0
1,-6194.89940559911,1462.61099959955,7056.5,5,0
1,-6211.94243746344,1465.04196349412,7063.5,5,0
1,-6218.13814032357,1465.9110698291,7066.025,5,0
1,-6226.67557786638,1467.09629110443,7069.4875,5,0
1,-6230.45090776589,1467.61593143896,7071.0125,5,0
1,-6232.90053072525,1467.95156239451,7072,5,0
1,-6235.38511929335,1468.290849285,7073,5,0
1,-6237.9048217386,1468.63381645452,7074.0125,5,0
1,-6245.36327959364,1469.6419409455,7077,5,0
1,-6246.64633230353,1469.81440329247,7077.5125,5,0
1,-6250.37623065757,1470.31386595903,7079,5,0
1,-6255.40508692386,1470.98321619271,7081,5,0
1,-6260.41826358251,1471.64611165081,7082.9875,5,0
1,-6264.21218691906,1472.14490132639,7084.4875,5,0
1,-6268.04677716363,1472.64637094761,7086,5,0
1,-6270.58703348599,1472.97724481644,7087,5,0
1,-6275.64758380176,1473.63297997366,7088.9875,5,0
1,-6278.23163112439,1473.96619024751,7090,5,0
1,-6287.19549554726,1475.11348311343,7093.5,5,0
1,-6304.06897844886,1477.23754208648,7100.0375,5,0
1,-6374.13878372125,1485.60288538138,7126.5125,5,0
1,-6581.94089929387,1506.96839421795,7199.5,5,0
1,-6798.94148886297,1525.36024956455,7268.5,5,0
1,-6917.05701150978,1534.16315666849,7303.5,5,0
1,-6981.75264450535,1538.69529092497,7322,5,0
1,-7038.98749442818,1542.55409246855,7338,5,0
1,-7102.96118724812,1546.71502305347,7355.5,5,0
1,-7244.90709679946,1555.44723848529,7393,5,0
1,-7331.45982216112,1560.48271201738,7415.05,5,0
1,-7393.45305887563,1563.97548652881,7430.5,5,0
1,-7440.25607489701,1566.55644814315,7441.9875,5,0
1,-7475.32284858637,1568.4614513331,7450.5,5,0
1,-7512.69657767937,1570.46664615604,7459.4875,5,0
1,-7548.52708802326,1572.3666145892,7468.025,5,0
1,-7590.94759983709,1574.5898038945,7478.0375,5,0
1,-7635.77900141245,1576.9113922058,7488.5125,5,0
1,-7668.15443046391,1578.57170712176,7496.0125,5,0
1,-7694.1081488505,1579.89370075467,7501.9875,5,0
1,-7726.99354289938,1581.55826103141,7509.5125,5,0
1,-7760.04010773264,1583.22036303898,7517.025,5,0
1,-7777.55546910362,1584.09726172614,7520.9875,5,0
1,-7804.1860801992,1585.42569055165,7526.9875,5,0
1,-7842.18760164455,1587.31220532065,7535.5,5,0
1,-7875.81917103799,1588.97397530876,7542.9875,5,0
1,-7948.35681944154,1592.5383944858,7559,5,0
1,-7980.31687135762,1594.10237762491,7566,5,0
1,-7998.58731553657,1594.99509982893,7569.9875,5,0
1,-8010.12289518071,1595.55842464563,7572.5,5,0
1,-8026.27959443443,1596.34698764886,7576.0125,5,0
1,-8053.89906626102,1597.69398947018,7582,5,0
1,-8076.97890039999,1598.81911697202,7586.9875,5,0
1,-8093.21384525904,1599.61032599124,7590.4875,5,0
1,-8104.88738447428,1600.17932550453,7593,5,0
1,-8121.1752015478,1600.97326389689,7596.5,5,0
1,-8144.49513853807,1602.11028392072,7601.5,5,0
1,-8160.85431072442,1602.90831495462,7605,5,0
1,-8184.27341128979,1604.05142056689,7610,5,0
1,-8210.09880716261,1605.31320747745,7615.5,5,0
1,-8240.58563122619,1606.80497764718,7621.975,5,0
1,-8261.82455440518,1607.84589599892,7626.475,5,0
1,-8321.09018239519,1610.75938315591,7638.9875,5,0
1,-8382.97146526678,1613.8184494072,7651.9875,5,0
1,-8421.25716814352,1615.72146958196,7660,5,0
1,-8459.64785936382,1617.63853128067,7668.0125,5,0
1,-8486.05883075809,1618.96298415202,7673.5125,5,0
1,-8519.67932527466,1620.65585477669,7680.5,5,0
1,-8563.0291508669,1622.85085537498,7689.4875,5,0
1,-8599.35376138706,1624.7011465993,7697,5,0
1,-8638.06211290415,1626.68442874794,7704.9875,5,0
1,-8667.19684644043,1628.1853802022,7710.9875,5,0
1,-8708.61617366923,1630.3315442316,7719.5,5,0
1,-8796.46137231681,1634.93295416657,7737.4875,5,0
1,-8882.47204223089,1639.50539908592,7755.0125,5,0
1,-8934.20954401977,1642.28830632478,7765.5125,5,0
1,-8976.26952889003,1644.56869594828,7774.025,5,0
1,-9033.19785252074,1647.68086712741,7785.5125,5,0
1,-9072.89920228254,1649.86853420494,7793.5,5,0
1,-9142.85304678557,1653.75715996496,7807.525,5,0
1,-9217.90455432981,1657.9764385991,7822.5,5,0
1,-9331.41807025159,1664.44691614482,7845,5,0
1,-9387.19988744101,1667.66390851976,7855.9875,5,0
1,-9433.13654484879,1670.33065478116,7865,5,0
1,-9481.74256824609,1673.16900411344,7874.5,5,0
1,-9522.69770568842,1675.57326885023,7882.475,5,0
1,-9551.15473817941,1677.25047128833,7888,5,0
1,-9595.07258187933,1679.84915665246,7896.5,5,0
1,-9623.51645361772,1681.53860821328,7901.9875,5,0
1,-9662.44559530495,1683.85860734965,7909.475,5,0
1,-9696.48484245827,1685.89441262297,7916,5,0
1,-9725.26173969312,1687.62037846575,7921.5,5,0
1,-9759.3732131198,1689.67194878992,7928,5,0
1,-9796.16980620846,1691.89150486489,7934.9875,5,0
1,-9835.74911929155,1694.28602878752,7942.475,5,0
1,-9878.47955201054,1696.87895676462,7950.525,5,0
1,-9942.46400277968,1700.77524193631,7962.5125,5,0
1,-10063.8309826776,1708.20350169951,7985.025,5,0
1,-10331.0634226901,1724.66416381321,8033.5,5,0
1,-10483.8107590829,1734.08441425087,8060.5,5,0
1,-10593.3614334119,1740.82224740596,8079.5375,5,0
1,-10689.4757231246,1746.71036090101,8096.0125,5,0
1,982.433741730172,982.647184023022,87,5,0
1,-3740.11334081041,1443.40871498723,5541,5,0
1,-5534.59930123994,1244.55458729867,6637,5,0
1,-5251.36486423202,1127.44785192007,6322,5,0
1,999.215524256229,976.852333190029,120,5,0
1,-931.431854011025,890.083816821646,4397,5,0
1,1006.24648344796,976.839751401711,137,5,0
1,80.5700949346647,1639.02032139389,1990,5,0
1,926.536590494681,1026.31953469928,8,5,0
1,-5211.4845618424,1136.01166651168,6289,5,0
1,1000.09969489882,976.748245774201,122,5,0
1,-928.630205648486,1419.02046332918,3684,5,0
1,-3731.7842356558,1443.13747973938,5538,5,0
1,-6042.86105051078,1437.79122932651,6990,5,0
1,-800.894930239767,941.309784432371,4202,5,0
1,998.767668811604,976.91499335317,119,5,0
1,656.725706868805,1040.90854131064,1035,5,0
1,304.590092155151,1504.65795639966,1670,5,0
1,-5163.76943358872,1150.33640232969,6252,5,0
1,-5356.19307357119,1131.97859623433,6423,5,0
1,1018.54040370043,1062.76562989483,336,5,0
1,989.008861808572,979.657085083347,99,5,0
1,-6148.45834558597,1455.66601426852,7037,5,0
1,-376.415584421717,1708.10817960671,2361.5,5,0
1,-1108.02581695467,899.084255049968,4544,5,0
1,-5132.59686582768,1161.31590226112,6229,5,0
1,-213.590331871994,1695.35305513075,2249,5,0
1,625.292762042955,1056.82106932768,1088.5,5,0
1,-796.868176327087,1097.46536139394,4019.5,5,0
1,-5648.17921786197,1316.75419233349,6750.5,5,0
1,-5653.4664600133,1319.48687661906,6755,5,0
1,-8471.58701882884,1618.23663949703,7670.5,5,0
1,-6820.45873441501,1527.01923126578,7275,5,0
1,-1752.30336687481,1074.87227721523,4877.5,5,0
1,-2220.06276832847,1221.03509251304,5049.5,5,0
1,-5572.31888994575,1271.43566376959,6678.5,5,0
1,-8681.84350554459,1628.94266472395,7714,5,0
1,-1126.44377418701,1618.31451439006,3324.5,5,0
1,-5539.84788799146,1248.44451893463,6643,5,0
1,-8696.44168177433,1629.69914466362,7717,5,0
1,693.2793291579,1042.58781024046,971,5,0
1,-4946.7774824556,1236.68434242547,6105.5,5,0
1,-992.709797891788,889.877201743925,4454,5,0
1,-1413.24773603259,959.323994859878,4725.5,5,0
1,-1153.71908886358,1675.07750405705,2995,5,0
1,-4668.00523762358,1338.69763455365,5947.5,5,0
1,870.737099472433,1148.15000010222,663.5,5,0
1,-2994.92483372847,1375.97979402815,5296.5,5,0
1,-3054.43044585641,1384.17102392957,5315,5,0
1,-7283.87805090379,1557.73891025661,7403,5,0
1,-2998.14542972902,1376.43508812744,5297.5,5,0
1,-5411.11060788855,1155.68861185509,6486,5,0
1,-5936.68341056025,1415.92776233404,6938,5,0
1,-11385.5180123849,1787.99729933431,8209,5,0
1,-5296.01420032838,1123.462076828,6362,5,0
1,-18188.3842060436,2138.35361726383,8954,5,0
1,-16332.7925396981,2002.8269733547,8790.5,5,0
1,-28724.1709044795,3841.55717211622,9687,5,0
1,-5316.2122621974,1124.34461276186,6381.5,5,0
1,-2932.06556149852,1366.81607442161,5277,5,0
1,-5741.15653845062,1358.29459974135,6822,5,0
1,-1116.44525154261,1681.54144789827,2924,5,0
1,-9902.31508395122,1698.32862669405,7955,5,0
1,-8333.02632775018,1611.34793990761,7641.5,5,0
1,-5219.54539956525,1133.98510457698,6295.5,5,0
1,646.232073153835,1044.50437976865,1053,5,0
1,-802.180232835934,939.03905726415,4206,5,0
1,-920.224711290561,890.725004839566,4385.5,5,0
1,-5646.43252783781,1315.84022022754,6749,5,0
1,-10047.4279472888,1707.19709565372,7982,5,0
1,-898.8836850347,1702.1247222717,2707,5,0
1,-914.562073959038,1397.08855174067,3711,5,0
1,-3320.61517068837,1415.13454538578,5399,5,0
1,-10099.0442317869,1710.36623968016,7991.5,5,0
1,132.878914118279,1620.03035399277,1929,5,0
1,-298.300693510566,1703.08551201551,2309,5,0
1,-805.641975606792,1707.60203308104,2639.5,5,0
1,-1113.15299004689,1681.99809793831,2919,5,0
1,-1073.69030013587,1578.61235744275,3428.5,5,0
1,-791.109122757334,1062.81388006393,4054,5,0
1,-790.784012260381,1060.35249386167,4056.5,5,0
1,-3571.80165326083,1435.4444202579,5482,5,0
1,-5194.43126674742,1140.71035749887,6275.5,5,0
1,-5223.23237213492,1133.10376791485,6298.5,5,0
1,-5254.27766227582,1126.98274492426,6324.5,5,0
1,-5530.70152455475,1241.63991055282,6632.5,5,0
1,-5541.16966618039,1249.41748078466,6644.5,5,0
1,-5843.66480153007,1392.13720969256,6887,5,0
1,-5911.91967206821,1410.09095190042,6925,5,0
1,-6503.97532978514,1499.46940408604,7173,5,0
1,-6531.59075258905,1502.18891156668,7182.5,5,0
1,-7822.06709741894,1586.31458314467,7531,5,0
1,-8196.00400282629,1604.62433689036,7612.5,5,0
1,-8259.58073228458,1607.73585440561,7626,5,0
1,-9207.85872767773,1657.40895923006,7820.5,5,0
1,-9923.67100347765,1699.62927768382,7959,5,0
1,-9993.41530380864,1703.88824749699,7972,5,0
1,667.393790952861,1039.20012112561,1016.5,5,0
1,-964.912749738432,1697.1817046728,2760,5,0
1,-1164.33136898652,1645.33418633481,3219.5,5,0
1,-829.559804382268,1216.10008539468,3904.5,5,0
1,-799.823319057003,943.354251712511,4198.5,5,0
1,-1051.38656206895,893.446447722177,4502,5,0
1,-1715.53641677555,1061.91790032352,4862.5,5,0
1,-4836.45309970854,1280.59598271945,6040,5,0
1,-5141.52095802547,1158.07136007474,6235.5,5,0
1,-5486.26873661391,1207.55402001489,6579,5,0
1,-5525.55274642585,1237.75928204939,6626.5,5,0
1,-5649.34802807961,1317.3626712827,6751.5,5,0
1,-5647.59611933399,1316.44964114905,6750,5,0
1,-5821.73140502814,1385.68498947923,6874,5,0
1,-5861.02825644985,1396.99237886875,6897,5,0
1,-5897.95992741222,1406.65343798708,6917.5,5,0
1,-5909.10855291784,1409.40756167485,6923.5,5,0
1,-5954.24731577234,1419.87956957246,6947,5,0
1,-5961.17017848603,1421.39688037402,6950.5,5,0
1,-6517.00998675032,1500.76211755809,7177.5,5,0
1,-6596.97956823651,1508.35373855765,7204.5,5,0
1,-6976.44803361921,1538.33074913256,7320.5,5,0
1,-8044.66253617173,1597.24357160629,7580,5,0
1,-8616.30422959244,1625.56812654802,7700.5,5,0
1,-9971.89964458859,1702.5726287354,7968,5,0
1,-9996.10831158422,1704.05307288347,7972.5,5,0
1,-10894.8510142919,1759.18087932788,8130.5,5,0
1,-6503.97532978514,1499.46940408604,7173,5,0
1,-1177.89682767307,1662.07486004283,3117,5,0
1,-4153.29146097181,1435.60876349176,5703,5,0
1,-4730.65462436015,1318.55891736136,5981,5,0
1,-5614.14239814924,1297.88320394493,6720,5,0
1,-5429.2041935348,1166.57571455499,6508,5,0
1,-5593.39638805808,1285.22617826533,6700,5,0
1,-6463.95333246887,1495.3944905819,7159,5,0
1,-6503.97532978514,1499.46940408604,7173,5,0
1,767.096902154386,1087.86207777061,841,5,0
1,-3161.57233116962,1397.75068238118,5348.5,5,0
1,-5322.23106433265,1124.9821552544,6387.5,5,0
1,869.283121708781,1147.72420925286,666,5,0
1,815.938625628594,1122.44669207857,757,5,0
1,769.399608610664,1089.59563276236,837,5,0
1,731.141644643154,1061.86884822512,904,5,0
1,373.517437647097,1420.23547271245,1541,5,0
1,-788.921221337281,1708.39724751584,2628,5,0
1,-914.445225417614,1701.03989031341,2719,5,0
1,-1177.73389167711,1660.34595175154,3130,5,0
1,-795.056221673731,1087.81395081903,4029,5,0
1,-1175.8581549651,908.017446209862,4590,5,0
1,-3413.10656096833,1423.67673819109,5429,5,0
1,-5717.24665290024,1348.80435902383,6805,5,0
1,-5726.95023620548,1352.74309742587,6812,5,0
1,-5728.35257944046,1353.30225602326,6813,5,0
1,-6389.01180477627,1487.29176601868,7132,5,0
1,-8007.82582729356,1595.44631704725,7572,5,0
1,-8316.40204697149,1610.52831002315,7638,5,0
1,-8681.84350554459,1628.94266472395,7714,5,0
1,888.34883734351,1152.01878253208,633,5,0
1,589.936178655364,1090.32939581295,1148,5,0
1,765.946497948375,1086.99581535568,843,5,0
1,-235.644489262253,1697.61780594308,2265,5,0
1,-5597.45333084557,1287.77266343098,6704,5,0
1,-5525.97979219817,1238.08237041431,6627,5,0
1,-6129.84883888392,1452.74014463891,7029,5,0
1,-1736.28596900776,1069.24214144903,4871,5,0
1,-9691.26107342169,1685.58156080684,7915,5,0
1,858.780797192827,1144.1927879846,684,5,0
1,-1155.4439837411,1638.67927839787,3250,5,0
1,-2977.2052299371,1373.45003781686,5291,5,0
1,-4783.39369109226,1300.22495936963,6010,5,0
1,-5966.14671349106,1422.4741668593,6953,5,0
1,-6481.00763588771,1497.15094095627,7165,5,0
1,-8264.30509409308,1607.96754480476,7627,5,0
1,-10567.1060779127,1739.20967529427,8075,5,0
1,-915.726598922163,1700.94837812638,2720,5,0
1,-801.852851630189,939.600150068873,4205,5,0
1,-820.974135691766,917.990409766698,4251,5,0
1,-88396.9133666552,2161.39710644468,14082,5,0
1,-93155.9754136999,2147.78985207921,14295,5,0
1,-92299.0586142607,2147.240798661,14255,5,0
1,-95462.1778644674,2166.0898647795,14408,5,0
1,-95225.7019830465,2162.66712403288,14396,5,0
1,-97909.177855388,2234.35851198838,14539,5,0
1,-112227.993700316,2153.86696778859,18116,5,0
1,-112385.518166488,2147.40577250868,18174,5,0
1,-113305.777335981,2153.26667683199,18448,5,0
1,-112515.533929734,2144.71749972784,18218,5,0
1,-112391.236792728,2147.24407826215,18176,5,0
1,-113671.949616323,2163.92629185516,18549,5,0
1,-114261.763165021,2185.99635066664,18746,5,0
1,-114336.316650095,2189.5400409966,18783,5,0
1,-114190.829837541,2182.90435935192,18716,5,0
1,-114374.734908268,2191.56722055479,18806,5,0
1,-60618.3907048311,2332.98750382051,12002,5,0
1,-61907.6737439485,2207.15475949338,12203,5,0
1,-61703.2617647307,2218.5641442144,12170,5,0
1,-66013.5648646004,2171.48672194597,12798,5,0
1,-66426.0933274854,2168.56693355115,12844,5,0
1,-67922.0020596404,2160.17261944746,12993,5,0
1,-69020.1816149999,2157.12805884534,13088,5,0
1,-70191.8277170757,2156.4594952149,13179,5,0
1,-76473.4780933985,2171.00835482601,13555,5,0
1,-76854.9415357744,2172.06720231635,13574,5,0
1,-76935.9877609529,2172.28827353782,13578,5,0
1,-78054.3236654751,2175.14788313192,13632,5,0
1,-111555.092734118,2472.2332959377,17580,5,0
1,-98504.118274993,2262.86514995852,14573,5,0
1,-113159.667620983,2149.79044918724,18408,5,0
1,358.527980494313,1572.74588822728,-68,6,0
1,407.020596071146,1566.04961769441,14,6,0
1,420.611666689161,1568.24929360006,43,6,0
1,429.817811981309,1571.15675890908,65.5,6,0
1,437.346514817793,1574.66676089436,86.5125,6,0
1,443.682376813609,1578.71421306489,106.975,6,0
1,452.558752979152,1587.20528504197,143.5,6,0
1,460.685727878939,1621.49474511529,261.05,6,0
1,454.785842209589,1638.81792532749,314.525,6,0
1,446.77763857739,1652.05306261246,354.925,6,0
1,438.587146879639,1662.31810913892,386.4875,6,0
1,426.686373417731,1674.44665143259,424.5125,6,0
1,415.528440973721,1684.0274562833,455.475,6,0
1,401.768039376475,1694.27053260238,489.9125,6,0
1,379.636818598025,1708.20698002204,540.0125,6,0
1,358.84939710889,1719.21081898236,583.5125,6,0
1,305.093046146445,1740.96499525005,688.9375,6,0
1,225.123354396317,1759.85947198017,847.125,6,0
1,133.112294795923,1763.13796481302,1074,6,0
1,84.6546762227081,1752.82517736716,1254.55,6,0
1,50.8855688637123,1737.24759451084,1438.0125,6,0
1,37.6350498828106,1730.80148937737,1516.4625,6,0
1,26.8700500940904,1726.53334107369,1574.9625,6,0
1,12.6595945423469,1722.42532451092,1641.5375,6,0
1,-4.27351355785504,1719.28644797323,1706.475,6,0
1,-49.4810421857983,1715.78950068852,1831.4875,6,0
1,-167.792082314845,1716.88965314952,2025.0375,6,0
1,-459.377277533524,1724.43066776329,2292.0375,6,0
1,-757.518682480324,1720.22937326922,2489.5125,6,0
1,-879.604882864747,1713.96527361049,2566.0125,6,0
1,-964.997071838938,1707.90989184997,2620.5,6,0
1,-1033.22460990865,1702.04148589383,2665.525,6,0
1,-1102.50750223454,1695.09147806541,2713.5,6,0
1,-1154.10671571596,1689.20843049531,2751.4125,6,0
1,-1211.17938294541,1681.8898876783,2796.5125,6,0
1,-1261.70989310462,1674.5246193616,2840.475,6,0
1,-1316.65298158722,1665.15196835967,2895,6,0
1,-1422.69625837775,1635.73090139515,3050.05,6,0
1,-1450.87834583083,1614.65865162217,3136.4625,6,0
1,-1457.49661188154,1602.66469806618,3176.9625,6,0
1,-1460.70380368549,1579.85670422961,3241.4625,6,0
1,-1456.80773082003,1552.80206235992,3303.5,6,0
1,-1451.86205992801,1533.71855738929,3340.9625,6,0
1,-1446.79912982648,1516.85754288309,3370.9375,6,0
1,-1442.0515574431,1501.95176333251,3395.5,6,0
1,-1435.99531463394,1483.40324577222,3424,6,0
1,-1430.44731374132,1466.470303929,3448.3625,6,0
1,-1423.7258366202,1445.69534906522,3476.475,6,0
1,-1416.03559206519,1421.25428929147,3507.4875,6,0
1,-1405.91865797015,1387.54560345153,3547.35,6,0
1,-1394.13629580662,1345.46274769961,3593.4875,6,0
1,-1386.15732605802,1314.9770554256,3624.9875,6,0
1,-1379.28317412455,1287.35849981941,3652.4375,6,0
1,-1375.05341629218,1269.7557210247,3669.4875,6,0
1,-1367.69977205712,1238.15462478096,3699.3875,6,0
1,-1362.30417569773,1214.31178999645,3721.4625,6,0
1,-1358.27733228356,1196.27431782208,3737.95,6,0
1,-1354.71782725537,1180.24110751286,3752.4875,6,0
1,-1349.18678911449,1155.34223904707,3774.9125,6,0
1,-1341.51405216614,1121.32375420454,3805.4375,6,0
1,-1335.55025435938,1095.73670116377,3828.4875,6,0
1,-1328.04915216519,1065.12675051573,3856.425,6,0
1,-1321.87932404783,1041.56141476533,3878.425,6,0
1,-1312.73952512303,1009.69601402436,3909.325,6,0
1,-1294.59364645369,957.928273243228,3964.9625,6,0
1,-1256.36119025201,895.612401340462,4062.9625,6,0
1,-1224.75384122925,875.093452516498,4137.85,6,0
1,-1204.61255378462,870.891906570068,4191.45,6,0
1,-1193.6413166672,872.037811864304,4227.425,6,0
1,-1182.93221576791,879.420454798509,4280.9125,6,0
1,-1180.61556210695,890.054175968059,4321.525,6,0
1,-1183.25929343095,902.451143260844,4354.4125,6,0
1,-1189.4655792308,916.681749618824,4383.425,6,0
1,-1198.04086905764,931.717382689437,4408.3875,6,0
1,-1210.57674878649,950.543554950584,4435,6,0
1,-1220.9641658715,964.683496045156,4453,6,0
1,-1243.03802184248,992.077122576623,4484.975,6,0
1,-1268.11443931749,1020.20387802434,4515.375,6,0
1,-1288.70798296249,1041.54489508216,4537.4625,6,0
1,-1318.64771190565,1070.32748908425,4566.475,6,0
1,-1355.92562602274,1103.11363375722,4599,6,0
1,-1416.28915958246,1150.42601582091,4645.975,6,0
1,-1480.18307645153,1194.21153713865,4690.4875,6,0
1,-1647.77261490235,1285.98189919564,4791.55,6,0
1,-1987.86457773671,1405.72316168796,4958.525,6,0
1,-2191.80700022262,1451.89895981565,5045.05,6,0
1,-2266.09480212629,1465.689484383,5074.9875,6,0
1,-2330.73260721099,1476.65997160728,5100.5125,6,0
1,-2380.76909680711,1484.57714744983,5119.9875,6,0
1,-2432.63114825776,1492.31213757672,5139.95,6,0
1,-2494.42610669602,1500.97087122338,5163.4875,6,0
1,-2594.03941436019,1513.82923569517,5201,6,0
1,-2654.24417116726,1521.03890536565,5223.5,6,0
1,-2699.92236926779,1526.26556381176,5240.525,6,0
1,-2734.79521343019,1530.128217585,5253.5125,6,0
1,-2760.29979864648,1532.88832522028,5263.0125,6,0
1,-2785.75430913083,1535.59170071367,5272.5,6,0
1,-2813.8582367464,1538.5200625986,5282.9875,6,0
1,-2828.61101421108,1540.03473480147,5288.5,6,0
1,-2849.99112184113,1542.20338665912,5296.5,6,0
1,-2874.0267644613,1544.60563799324,5305.5125,6,0
1,-2928.38077744888,1549.90698612403,5325.9875,6,0
1,-3011.1231519063,1557.66072937708,5357.5,6,0
1,-3043.59004283091,1560.60815733261,5370.0125,6,0
1,-3071.88726123283,1563.13630782731,5381,6,0
1,-3086.00363554852,1564.38376556376,5386.5125,6,0
1,-3099.93615980959,1565.6061221616,5391.975,6,0
1,-3108.92824343778,1566.39051635542,5395.5125,6,0
1,-3130.33824994089,1568.24376529912,5403.975,6,0
1,-3146.68281606026,1569.64518181687,5410.475,6,0
1,-3169.16344748391,1571.55408228184,5419.475,6,0
1,-3184.11184155894,1572.81141952305,5425.5,6,0
1,-3192.81885077199,1573.53954137013,5429.025,6,0
1,-3211.15501444414,1575.06219540969,5436.4875,6,0
1,-3222.11660251347,1575.96573609339,5440.975,6,0
1,-3235.51388992509,1577.06305790508,5446.4875,6,0
1,-3245.2477895054,1577.85566937236,5450.5125,6,0
1,-3263.27461762028,1579.3127209514,5458.0125,6,0
1,-3278.77875919407,1580.55470672246,5464.5125,6,0
1,-3290.56916636834,1581.4922217827,5469.4875,6,0
1,-3321.11707794014,1583.89240627962,5482.5125,6,0
1,-3355.62068036338,1586.55166362453,5497.475,6,0
1,-3384.00563673675,1588.69604458705,5510,6,0
1,-3408.55224762904,1590.51686621408,5521,6,0
1,-3451.28057515854,1593.60583956348,5540.55,6,0
1,-3560.16269757785,1600.91890142726,5593,6,0
1,-3743.66017270554,1610.47328526932,5692.025,6,0
1,-3868.86955893692,1613.72638147343,5769.0125,6,0
1,-3933.31273833569,1613.93868094552,5811.9875,6,0
1,-3962.20529830456,1613.6609094566,5832.025,6,0
1,-3989.74194163457,1613.16927061156,5851.575,6,0
1,-4023.86424774211,1612.24438105589,5876.425,6,0
1,-4048.17870003358,1611.36920849451,5894.5625,6,0
1,-4075.7045210097,1610.16145995503,5915.5375,6,0
1,-4101.95429372787,1608.79771146501,5935.9875,6,0
1,-4131.46388071915,1607.02509462327,5959.5125,6,0
1,-4160.17762181768,1605.06984706665,5982.9625,6,0
1,-4188.92948531732,1602.90328854187,6007.0125,6,0
1,-4230.73341767909,1599.43492390175,6043.025,6,0
1,-4278.80611863732,1595.11049788831,6086,6,0
1,-4308.66007806221,1592.33547629744,6113.525,6,0
1,-4340.96598801576,1589.34396406496,6144,6,0
1,-4371.59911894938,1586.59932323264,6173.5,6,0
1,-4423.43985737255,1582.38938138703,6224.4875,6,0
1,-4514.63367638318,1577.20361777048,6315.5375,6,0
1,-4575.93611395126,1575.66385153309,6376,6,0
1,-4602.28628782649,1575.4609440978,6401.5125,6,0
1,-4619.501157213,1575.46057712728,6417.9875,6,0
1,-4642.21993776551,1575.60367639859,6439.475,6,0
1,-4668.02132342756,1575.93993539253,6463.5,6,0
1,-4678.8840521751,1576.12953774408,6473.4875,6,0
1,-4689.86091891257,1576.34654287531,6483.5,6,0
1,-4699.25141324848,1576.5506661888,6492,6,0
1,-4705.92147049168,1576.70505149878,6498,6,0
1,-4716.52766773989,1576.96518262304,6507.475,6,0
1,-4722.69877812592,1577.12421353845,6512.95,6,0
1,-4731.84567553084,1577.36895001034,6521.0125,6,0
1,-4738.67178975372,1577.55807313728,6526.9875,6,0
1,-4746.73718087329,1577.7878889241,6534,6,0
1,-4755.38721326506,1578.04097153563,6541.4625,6,0
1,-4764.18340555159,1578.30428982051,6548.9875,6,0
1,-4834.93488661433,1580.52277569771,6606.975,6,0
1,-4911.97195293801,1582.82171110977,6664.4875,6,0
1,-5002.37094173534,1585.03168390688,6724.5,6,0
1,-5050.4755182676,1585.96506687338,6753.4875,6,0
1,-5058.2270518057,1586.10042917715,6757.9875,6,0
1,-5073.96627493808,1586.36299263763,6766.9875,6,0
1,-5134.49198190542,1587.22917269689,6800.0125,6,0
1,-5232.5650401637,1588.2210035094,6848.9875,6,0
1,-5299.9192320006,1588.67305961555,6880,6,0
1,-5311.16050169338,1588.73418376892,6885,6,0
1,-5316.76406206191,1588.76327500308,6887.475,6,0
1,-5319.09230845748,1588.77516061202,6888.5,6,0
1,-5323.64800149528,1588.79789631436,6890.5,6,0
1,-5325.93217818998,1588.80904415123,6891.5,6,0
1,-5327.07584826183,1588.81459636272,6892,6,0
1,-5331.66106760781,1588.83648381064,6894,6,0
1,-5335.11104111606,1588.85266230288,6895.5,6,0
1,-5339.69684367813,1588.87360418482,6897.4875,6,0
1,-5342.01044831844,1588.88394278365,6898.4875,6,0
1,-5343.22677342594,1588.88942776929,6899.0125,6,0
1,-5347.84192105522,1588.90954033755,6901,6,0
1,-5351.33603076357,1588.92447051593,6902.5,6,0
1,-5352.5028312495,1588.92943778951,6903,6,0
1,-5357.15122394683,1588.9487305344,6904.9875,6,0
1,-5359.55497480836,1588.95846997378,6906.0125,6,0
1,-5392.82567584934,1589.08150336621,6920.0125,6,0
1,-5480.75098910136,1589.31838473922,6955.4875,6,0
1,-5622.93210846977,1589.56991077424,7009,6,0
1,-5721.91654936085,1589.75373751439,7044,6,0
1,-5740.77054200927,1589.79578141908,7050.4875,6,0
1,-5758.38381447317,1589.83781437726,7056.5,6,0
1,-5779.05850185826,1589.89105154468,7063.5,6,0
1,-5786.5605231449,1589.91146337116,7066.025,6,0
1,-5796.88609256176,1589.94058417173,7069.4875,6,0
1,-5801.44779051794,1589.9538555281,7071.0125,6,0
1,-5804.40623041848,1589.96251490464,7072,6,0
1,-5807.40576434089,1589.97142283367,7073,6,0
1,-5810.44652787782,1589.98062640659,7074.0125,6,0
1,-5819.44054607349,1590.0083500139,7077,6,0
1,-5820.98673618911,1590.01327891743,7077.5125,6,0
1,-5825.47989991028,1590.02759229633,7079,6,0
1,-5831.53387799161,1590.04719702935,7081,6,0
1,-5837.56449390436,1590.06729029711,7082.9875,6,0
1,-5842.12545002392,1590.08284608077,7084.4875,6,0
1,-5846.73272511456,1590.09871871628,7086,6,0
1,-5849.78343811166,1590.10944226345,7087,6,0
1,-5855.85755014652,1590.13103682478,7088.9875,6,0
1,-5858.95744193159,1590.14228813772,7090,6,0
1,-5869.7018679888,1590.18232047529,7093.5,6,0
1,-5889.89027174795,1590.26169989254,7100.0375,6,0
1,-5973.23531496339,1590.6544735901,7126.5125,6,0
1,-6216.31661601458,1592.46639268527,7199.5,6,0
1,-6464.76394403912,1595.35751666393,7268.5,6,0
1,-6598.0911159548,1597.29300285895,7303.5,6,0
1,-6670.62274726667,1598.44461693023,7322,6,0
1,-6734.52010054654,1599.51221199224,7338,6,0
1,-6805.65900304401,1600.75579956809,7355.5,6,0
1,-6962.53000937775,1603.68900929625,7393,6,0
1,-7057.58623540122,1605.58626942293,7415.05,6,0
1,-7125.4180087219,1606.99312612203,7430.5,6,0
1,-7176.49846294522,1608.08115795001,7441.9875,6,0
1,-7214.70000441186,1608.9108715433,7450.5,6,0
1,-7255.35127123911,1609.80874724006,7459.4875,6,0
1,-7294.26472318266,1610.68287658087,7468.025,6,0
1,-7340.26308826776,1611.73458747068,7478.0375,6,0
1,-7388.79419880873,1612.86620477255,7488.5125,6,0
1,-7423.79142131936,1613.69636397519,7496.0125,6,0
1,-7451.81767113972,1614.36978906373,7501.9875,6,0
1,-7487.29291280732,1615.2333784398,7509.5125,6,0
1,-7522.90249481145,1616.11314180821,7517.025,6,0
1,-7541.76069170935,1616.58424566345,7520.9875,6,0
1,-7570.41277173301,1617.30709216308,7526.9875,6,0
1,-7611.25784868281,1618.35247876075,7535.5,6,0
1,-7647.36700732959,1619.29156525456,7542.9875,6,0
1,-7725.12955182698,1621.36288586641,7559,6,0
1,-7759.34239730937,1622.29598625388,7566,6,0
1,-7778.88765889779,1622.83512930619,7569.9875,6,0
1,-7791.22334488994,1623.17780084111,7572.5,6,0
1,-7808.49452938233,1623.6606283535,7576.0125,6,0
1,-7838.00286697224,1624.49376212584,7582,6,0
1,-7862.64562765602,1625.19776918746,7586.9875,6,0
1,-7879.97169839917,1625.69716677608,7590.4875,6,0
1,-7892.42563650105,1626.05855490149,7593,6,0
1,-7909.79658184247,1626.56586322257,7596.5,6,0
1,-7934.65579758026,1627.29857070862,7601.5,6,0
1,-7952.0868471493,1627.81715482199,7605,6,0
1,-7977.0292007383,1628.56609067189,7610,6,0
1,-8004.51933935005,1629.4010549905,7615.5,6,0
1,-8036.95152955782,1630.39927998797,7621.975,6,0
1,-8059.53325169906,1631.10280242799,7626.475,6,0
1,-8122.49320999673,1633.10180839163,7638.9875,6,0
1,-8188.15183289303,1635.24663471213,7651.9875,6,0
1,-8228.7350200559,1636.60382011978,7660,6,0
1,-8269.39998541307,1637.98815605227,7668.0125,6,0
1,-8297.35872321529,1638.95436751414,7673.5125,6,0
1,-8332.92998751486,1640.20067677254,7680.5,6,0
1,-8378.76342821587,1641.83511581275,7689.4875,6,0
1,-8417.14216498006,1643.2285154728,7697,6,0
1,-8458.01281079045,1644.73741316658,7704.9875,6,0
1,-8488.75717560761,1645.88958791916,7710.9875,6,0
1,-8532.43877428258,1647.5518377988,7719.5,6,0
1,-8624.98254202306,1651.17154270852,7737.4875,6,0
1,-8715.4655991327,1654.83868536806,7755.0125,6,0
1,-8769.83357425965,1657.10234590618,7765.5125,6,0
1,-8813.99940298591,1658.97407534448,7774.025,6,0
1,-8873.73196593346,1661.55173040447,7785.5125,6,0
1,-8915.35795154423,1663.37891948402,7793.5,6,0
1,-8988.64170580124,1666.65608591429,7807.525,6,0
1,-9067.17988672899,1670.25166140575,7822.5,6,0
1,-9185.80084104231,1675.8389180572,7845,6,0
1,-9244.02042399859,1678.64703816108,7855.9875,6,0
1,-9291.92944609746,1680.98894541774,7865,6,0
1,-9342.58824110031,1683.4948741736,7874.5,6,0
1,-9385.24599260837,1685.62779180446,7882.475,6,0
1,-9414.871625158,1687.12104194523,7888,6,0
1,-9460.56994398357,1689.44303153695,7896.5,6,0
1,-9490.15216268459,1690.95783490524,7901.9875,6,0
1,-9530.6205889401,1693.04446835104,7909.475,6,0
1,-9565.98821315402,1694.88145942605,7916,6,0
1,-9595.87545210356,1696.44307360745,7921.5,6,0
1,-9631.28817967419,1698.3041507433,7928,6,0
1,-9669.4704611362,1700.32335861376,7934.9875,6,0
1,-9710.51960032992,1702.50818996504,7942.475,6,0
1,-9754.81309431838,1704.8813020822,7950.525,6,0
1,-9821.09248132631,1708.46076848645,7962.5125,6,0
1,-9946.66540386342,1715.32660555399,7985.025,6,0
1,-10222.5081455903,1730.70884085759,8033.5,6,0
1,-10379.7970417268,1739.59939371412,8060.5,6,0
1,-10492.4446267504,1745.99138009359,8079.5375,6,0
1,-10591.1704334514,1751.59747317528,8096.0125,6,0
1,437.508888632525,1574.7563651965,87,6,0
1,-3452.25044474332,1593.67469572114,5541,6,0
1,-4874.14071721816,1581.72986496002,6637,6,0
1,-4521.12885795906,1576.96548698427,6322,6,0
1,447.204289276153,1581.57195225175,120,6,0
1,-1193.74145014584,924.524041604157,4397,6,0
1,451.205882507376,1585.59046628438,137,6,0
1,-141.062034123577,1716.1541474607,1990,6,0
1,403.969554260839,1565.8433454715,8,6,0
1,-4488.04474212369,1578.36716732146,6289,6,0
1,447.70997639047,1582.02842884134,122,6,0
1,-1371.47530079307,1254.52672419091,3684,6,0
1,-3445.77300574724,1593.21373366363,5538,6,0
1,-5571.1614005845,1589.48512744125,6990,6,0
1,-1201.1375709977,870.913048369275,4202,6,0
1,446.947945775464,1581.34541871655,119,6,0
1,146.411090602167,1764.12294073207,1035,6,0
1,5.67681819200516,1720.940300245,1670,6,0
1,-4451.04803287052,1580.47647222181,6252,6,0
1,-4624.77283433778,1575.47981520458,6423,6,0
1,450.889762883075,1645.85539841932,336,6,0
1,441.329888079781,1577.0690078843,99,6,0
1,-5701.74949050648,1589.71178672915,7037,6,0
1,-558.788643852808,1724.68438426941,2361.5,6,0
1,-1295.17294676881,1047.96946868326,4544,6,0
1,-4427.97995624738,1582.05678267247,6229,6,0
1,-402.08445536904,1723.61089717555,2249,6,0
1,128.440816171467,1762.6396467148,1088.5,6,0
1,-1274.30749977939,917.789048583857,4019.5,6,0
1,-5045.37235011347,1585.87377013325,6750.5,6,0
1,-5053.07218306279,1586.01086771027,6755,6,0
1,-8282.04050050955,1638.42349901636,7670.5,6,0
1,-6489.14430113137,1595.69292580005,7275,6,0
1,-1813.44960236875,1352.88050585383,4877.5,6,0
1,-2202.73837054381,1454.01495462746,5049.5,6,0
1,-4932.06410267297,1583.36406904799,6678.5,6,0
1,-8504.20729470532,1646.47416761115,7714,6,0
1,-1454.24246547651,1542.37145881855,3324.5,6,0
1,-4882.22996021574,1581.97036174965,6643,6,0
1,-8519.60247940756,1647.06024447347,7717,6,0
1,170.571105153766,1764.49213418021,971,6,0
1,-4300.02612405457,1593.14024149749,6105.5,6,0
1,-1221.58513598563,965.498539952903,4454,6,0
1,-1534.78939482151,1227.39965229508,4725.5,6,0
1,-1393.5743663311,1646.94972735572,2995,6,0
1,-4116.48552432237,1607.95577170817,5947.5,6,0
1,318.294491515495,1736.38730233093,663.5,6,0
1,-2849.99112184113,1542.20338665912,5296.5,6,0
1,-2899.26064670458,1547.08864014559,5315,6,0
1,-7005.38237055857,1604.53344458726,7403,6,0
1,-2852.66084657935,1542.47204570263,5297.5,6,0
1,-4692.61583215557,1576.40470119812,6486,6,0
1,-5436.76441728277,1589.21323878167,6938,6,0
1,-11303.5104905129,1791.3205440723,8209,6,0
1,-4561.61597821023,1575.88495635958,6362,6,0
1,-18164.7906275559,2138.61239271145,8954,6,0
1,-16301.5845194161,2003.28896179738,8790.5,6,0
1,-28717.6453016885,3841.57304327292,9687,6,0
1,-4581.58754608547,1575.59855959118,6381.5,6,0
1,-2797.8183976505,1536.85580325306,5277,6,0
1,-5177.27424593968,1587.71786862216,6822,6,0
1,-1342.18524447968,1660.04850039466,2924,6,0
1,-9779.50988907879,1706.21124917151,7955,6,0
1,-8135.16422100598,1633.51086048495,7641.5,6,0
1,-4494.54799718596,1578.05466763278,6295.5,6,0
1,140.139470247086,1763.734771953,1053,6,0
1,-1199.87261384539,870.989834372754,4206,6,0
1,-1190.06038946845,917.829612526684,4385.5,6,0
1,-5042.82294192864,1585.82754056044,6749,6,0
1,-9929.70501199318,1714.39337978072,7982,6,0
1,-1093.36375962477,1696.06881292748,2707,6,0
1,-1364.85949562863,1225.66037301622,3711,6,0
1,-3117.76908288244,1567.15820768416,5399,6,0
1,-9983.06362812128,1717.3351266941,7991.5,6,0
1,-100.440620181616,1715.40279067868,1929,6,0
1,-482.911044774111,1724.62950466497,2309,6,0
1,-994.107340568677,1705.52051063994,2639.5,6,0
1,-1337.97003511991,1660.93572586898,2919,6,0
1,-1434.99358220585,1480.35048398857,3428.5,6,0
1,-1260.15023687249,899.487605244353,4054,6,0
1,-1259.09647496464,898.372041074,4056.5,6,0
1,-3319.9239974278,1583.79939629796,5482,6,0
1,-4474.54763855925,1579.07235509748,6275.5,6,0
1,-4497.55111696944,1577.91646470812,6298.5,6,0
1,-4523.64428264322,1576.87814309695,6324.5,6,0
1,-4868.13216198701,1581.54902109441,6632.5,6,0
1,-4884.26647571474,1582.03038359532,6644.5,6,0
1,-5315.68662364082,1588.75775924772,6887,6,0
1,-5404.87512889225,1589.12080424816,6925,6,0
1,-6125.77385775372,1591.67082637436,7173,6,0
1,-6157.92917454382,1591.93688905809,7182.5,6,0
1,-7589.6377036958,1617.79689318811,7531,6,0
1,-7989.5178982541,1628.94412541269,7612.5,6,0
1,-8057.14804465743,1631.0281592468,7626,6,0
1,-9056.67246832699,1669.76578258095,7820.5,6,0
1,-9801.63105784915,1707.40635497821,7959,6,0
1,-9873.83270672848,1711.33168267384,7972,6,0
1,153.096808863804,1764.39700341647,1016.5,6,0
1,-1165.35374164488,1687.83819015098,2760,6,0
1,-1460.53509301227,1588.18576186529,3219.5,6,0
1,-1314.20677220495,1014.55532625654,3904.5,6,0
1,-1202.26861113682,870.876724644444,4198.5,6,0
1,-1256.60520010628,1007.62217685743,4502,6,0
1,-1783.06294593494,1342.01033926931,4862.5,6,0
1,-4227.27728695562,1599.73389884607,6040,6,0
1,-4434.51032258896,1581.59037201507,6235.5,6,0
1,-4800.08677661885,1579.42017133414,6579,6,0
1,-4860.19623945933,1581.30755763727,6626.5,6,0
1,-5047.07672177069,1585.90445420076,6751.5,6,0
1,-5044.52159521729,1585.85833670863,6750,6,0
1,-5286.56951814797,1588.595606822,6874,6,0
1,-5338.57048599795,1588.86849922457,6897,6,0
1,-5386.79470187938,1589.06081909676,6917.5,6,0
1,-5401.24040748179,1589.10920569334,6923.5,6,0
1,-5459.2470996622,1589.26977588086,6947,6,0
1,-5468.07935010083,1589.29026033545,6950.5,6,0
1,-6140.96328772837,1591.79427976806,7177.5,6,0
1,-6233.69778972398,1592.63541720072,7204.5,6,0
1,-6664.68807364907,1598.34797372595,7320.5,6,0
1,-7828.13692839397,1624.21397645808,7580,6,0
1,-8435.04286301369,1643.8861962254,7700.5,6,0
1,-9851.56575635774,1710.11721575471,7968,6,0
1,-9876.61932643224,1711.48395737399,7972.5,6,0
1,-10801.8123940229,1763.52583659119,8130.5,6,0
1,-6125.77385775372,1591.67082637436,7173,6,0
1,-1446.27631176589,1619.88499743849,3117,6,0
1,-3762.36128163384,1611.16496539545,5703,6,0
1,-4157.80073573627,1605.23993496694,5981,6,0
1,-4995.17798035778,1584.87785561259,6720,6,0
1,-4717.11804324901,1576.980142218,6508,6,0
1,-4964.05661324551,1584.16815453513,6700,6,0
1,-6078.99911989644,1591.31638437664,7159,6,0
1,-6125.77385775372,1591.67082637436,7173,6,0
1,228.054680336267,1759.41863352574,841,6,0
1,-2987.62454452179,1555.49503485658,5348.5,6,0
1,-4587.77040809765,1575.54099822566,6387.5,6,0
1,316.999844818376,1736.85649274881,666,6,0
1,269.874774177093,1751.07503537222,757,6,0
1,229.979150719475,1759.11895041211,837,6,0
1,198.888373969588,1762.95529617779,904,6,0
1,33.2625841004774,1728.94382003127,1541,6,0
1,-976.538226945326,1706.98269943044,2628,6,0
1,-1110.17964185029,1694.2567867916,2719,6,0
1,-1449.45661669038,1616.42990431177,3130,6,0
1,-1270.49649440264,912.188327151973,4029,6,0
1,-1345.22937458334,1094.01641920816,4590,6,0
1,-3192.75720106578,1573.53430776708,5429,6,0
1,-5144.01984661538,1587.34622527436,6805,6,0
1,-5157.56655835966,1587.50443760364,6812,6,0
1,-5159.51848115958,1587.52644821378,6813,6,0
1,-5990.82918927446,1590.75151158881,7132,6,0
1,-7788.76724560792,1623.10947172444,7572,6,0
1,-8117.51561203273,1632.94166086607,7638,6,0
1,-8504.20729470532,1646.47416761115,7714,6,0
1,333.996950151864,1730.32795066253,633,6,0
1,110.776622463018,1759.91985344562,1148,6,0
1,227.095428170171,1759.5649612364,843,6,0
1,-422.964242429473,1723.96293826438,2265,6,0
1,-4970.17269473057,1584.31333000953,6704,6,0
1,-4860.85433351342,1581.3276856231,6627,6,0
1,-5678.92682396714,1589.66766592783,7029,6,0
1,-1800.20707318559,1348.21231083134,4871,6,0
1,-9560.56164545845,1694.59880550838,7915,6,0
1,307.659056801349,1740.11054400039,684,6,0
1,-1460.53433883935,1576.45033057458,3250,6,0
1,-2835.29634896014,1540.7160927961,5291,6,0
1,-4192.45335568348,1602.62458640536,6010,6,0
1,-5474.41848291596,1589.30453356122,6953,6,0
1,-6098.95648963237,1591.46289960437,7165,6,0
1,-8062.16996157402,1631.185385302,7627,6,0
1,-10465.4589107144,1744.45925327017,8075,6,0
1,-1111.56806344446,1694.1042771213,2720,6,0
1,-1200.18603533879,870.967082557835,4205,6,0
1,-1187.98301609885,874.433294435429,4251,6,0
1,-88396.9116142545,2161.39710660881,14082,6,0
1,-93155.9742508142,2147.7898520529,14295,6,0
1,-92299.0573582191,2147.24079868976,14255,6,0
1,-95462.1769291904,2166.08986482253,14408,6,0
1,-95225.7010258746,2162.66712385946,14396,6,0
1,-97909.177128983,2234.35851204088,14539,6,0
1,-112227.993699634,2153.86696779368,18116,6,0
1,-112385.51816588,2147.4057725099,18174,6,0
1,-113305.777335625,2153.26667683243,18448,6,0
1,-112515.533929176,2144.71749972817,18218,6,0
1,-112391.236792122,2147.24407826292,18176,6,0
1,-113671.949616031,2163.92629185571,18549,6,0
1,-114261.763164823,2185.99635066653,18746,6,0
1,-114336.316649911,2189.54004099671,18783,6,0
1,-114190.829837331,2182.90435935105,18716,6,0
1,-114374.734908092,2191.56722055512,18806,6,0
1,-60618.2985624154,2332.98751201672,12002,6,0
1,-61907.6106589163,2207.15476113659,12203,6,0
1,-61703.1946264532,2218.56414690179,12170,6,0
1,-66013.5444285822,2171.48672152875,12798,6,0
1,-66426.0746030536,2168.56693297823,12844,6,0
1,-67921.9879592028,2160.17261943113,12993,6,0
1,-69020.1698498561,2157.12805861047,13088,6,0
1,-70191.8178269464,2156.45949524287,13179,6,0
1,-76473.4732741436,2171.00835495164,13555,6,0
1,-76854.9368887583,2172.06720218145,13574,6,0
1,-76935.9831494105,2172.28827356768,13578,6,0
1,-78054.3195072474,2175.1478832812,13632,6,0
1,-111555.092732168,2472.23329591822,17580,6,0
1,-98504.1175947327,2262.86514999371,14573,6,0
1,-113159.667620599,2149.79044917482,18408,6,0
1,1342.19842934888,1071.12722072689,-68,7,0
1,1425.34743210673,1002.49211184997,14,7,0
1,1446.76443295367,991.206806057623,43,7,0
1,1460.09955297643,987.401754936531,65.5,7,0
1,1469.78311410546,987.86492558415,86.5125,7,0
1,1476.53577948082,992.05095406745,106.975,7,0
1,1482.3440096816,1007.70335001228,143.5,7,0
1,1454.94840224786,1106.64924649011,261.05,7,0
1,1423.72779913573,1164.57060554999,314.525,7,0
1,1394.10476933559,1209.99778284193,354.925,7,0
1,1367.92088576918,1245.57940308548,386.4875,7,0
1,1333.39315729635,1287.84589469061,424.5125,7,0
1,1303.26719771139,1321.3690788913,455.475,7,0
1,1268.05185287492,1357.36798996577,489.9125,7,0
1,1214.42962311208,1406.78634252833,540.0125,7,0
1,1166.39804935968,1446.458578965,583.5125,7,0
1,1048.76901862677,1528.91500210759,688.9375,7,0
1,883.904783269856,1616.27336208308,847.125,7,0
1,703.335925078951,1677.31012265914,1074,7,0
1,616.730796976481,1685.13064685569,1254.55,7,0
1,574.18684000615,1665.56564902253,1438.0125,7,0
1,566.059257467743,1650.49586919238,1516.4625,7,0
1,562.373908925802,1636.9882720387,1574.9625,7,0
1,559.411978190765,1619.35599437678,1641.5375,7,0
1,556.482396223117,1599.87463981895,1706.475,7,0
1,545.450098832138,1556.22323913438,1831.4875,7,0
1,491.691497020889,1476.90580270394,2025.0375,7,0
1,273.72266568616,1386.86984772828,2292.0375,7,0
1,-35.6218848419376,1402.40863586827,2489.5125,7,0
1,-178.090198287275,1426.93521676042,2566.0125,7,0
1,-280.785724559799,1446.92070224732,2620.5,7,0
1,-364.362146716565,1464.13427981427,2665.525,7,0
1,-450.562627473846,1482.67375138846,2713.5,7,0
1,-515.675071585458,1497.25163930856,2751.4125,7,0
1,-588.725292037241,1514.34325288738,2796.5125,7,0
1,-654.500609320588,1530.62768169276,2840.475,7,0
1,-727.600654564332,1550.16371301224,2895,7,0
1,-878.346590150613,1599.66963127919,3050.05,7,0
1,-925.756545711774,1621.11731203727,3136.4625,7,0
1,-939.801258280408,1629.05206329293,3176.9625,7,0
1,-952.66235577967,1638.43519525244,3241.4625,7,0
1,-955.498220155016,1643.36498792788,3303.5,7,0
1,-953.407419277821,1644.31248407495,3340.9625,7,0
1,-949.98044423433,1643.96076676126,3370.9375,7,0
1,-946.150242654607,1642.94222946493,3395.5,7,0
1,-940.689410111401,1640.94800484527,3424,7,0
1,-935.259447176475,1638.56539039198,3448.3625,7,0
1,-928.238431584556,1635.06017913689,3476.475,7,0
1,-919.694254506379,1630.28503584013,3507.4875,7,0
1,-907.711837826762,1622.81000017561,3547.35,7,0
1,-892.768007175997,1612.38724817867,3593.4875,7,0
1,-882.067882656585,1604.2426067201,3624.9875,7,0
1,-872.487750153057,1596.49698239151,3652.4375,7,0
1,-866.434611825272,1591.3910171003,3669.4875,7,0
1,-855.648049600422,1581.9030117325,3699.3875,7,0
1,-847.549216873478,1574.46764020928,3721.4625,7,0
1,-841.423838457093,1568.67740734703,3737.95,7,0
1,-835.965837570373,1563.40407078178,3752.4875,7,0
1,-827.434036522638,1554.960123884,3774.9125,7,0
1,-815.578876931686,1542.85846799937,3805.4375,7,0
1,-806.422085958999,1533.25093967773,3828.4875,7,0
1,-795.064653202426,1521.05811179397,3856.425,7,0
1,-785.909049219452,1511.02906857382,3878.425,7,0
1,-772.723831546959,1496.29949571205,3909.325,7,0
1,-748.049873919226,1467.86000774202,3964.9625,7,0
1,-702.468523318879,1411.72699890598,4062.9625,7,0
1,-667.599015420768,1363.82530976266,4137.85,7,0
1,-644.033233131282,1327.25843274773,4191.45,7,0
1,-629.446561466902,1301.93887019363,4227.425,7,0
1,-610.384855930693,1263.77873051186,4280.9125,7,0
1,-598.605077962857,1235.06254450133,4321.525,7,0
1,-591.145159452688,1212.51595102967,4354.4125,7,0
1,-586.33778455155,1193.55726831631,4383.425,7,0
1,-583.679419800173,1178.2425947936,4408.3875,7,0
1,-582.491829572245,1163.24445491357,4435,7,0
1,-582.724243949167,1154.04733048217,4453,7,0
1,-585.361181344371,1139.98228234861,4484.975,7,0
1,-590.719706242438,1129.79874779655,4515.375,7,0
1,-596.5000755121,1124.65863410387,4537.4625,7,0
1,-606.658923803829,1121.08072836897,4566.475,7,0
1,-621.38444091985,1121.01421343234,4599,7,0
1,-648.323100446258,1126.74566036067,4645.975,7,0
1,-679.453813180327,1136.57680279803,4690.4875,7,0
1,-768.056232764851,1164.68752637637,4791.55,7,0
1,-962.327864431776,1191.96035324538,4958.525,7,0
1,-1083.78800341953,1184.97168464351,5045.05,7,0
1,-1128.69924749993,1178.65284412631,5074.9875,7,0
1,-1168.03976810537,1171.7014294614,5100.5125,7,0
1,-1198.6564208786,1165.45609487426,5119.9875,7,0
1,-1230.53806837881,1158.23824769321,5139.95,7,0
1,-1268.72257587407,1148.71490473783,5163.4875,7,0
1,-1330.73648091406,1131.44725829532,5201,7,0
1,-1368.50542261684,1119.98934159423,5223.5,7,0
1,-1397.3157100454,1110.84254510639,5240.525,7,0
1,-1419.4056220497,1103.62133360342,5253.5125,7,0
1,-1435.61587353656,1098.22032516632,5263.0125,7,0
1,-1451.84239287023,1092.73704976088,5272.5,7,0
1,-1469.81627757894,1086.58398919939,5282.9875,7,0
1,-1479.27705278154,1083.31584924268,5288.5,7,0
1,-1493.02056218451,1078.53683071579,5296.5,7,0
1,-1508.51938543143,1073.10969766316,5305.5125,7,0
1,-1543.77229953231,1060.66316780421,5325.9875,7,0
1,-1598.06395747187,1041.44793465066,5357.5,7,0
1,-1619.61019878462,1033.89776274766,5370.0125,7,0
1,-1638.51868718257,1027.34807286247,5381,7,0
1,-1648.00027993741,1024.09882488904,5386.5125,7,0
1,-1657.39237491181,1020.90752963939,5391.975,7,0
1,-1663.47276050691,1018.85769300676,5395.5125,7,0
1,-1678.01226270339,1014.01335113081,5403.975,7,0
1,-1689.17416272778,1010.35573138489,5410.475,7,0
1,-1704.62125064293,1005.39412249381,5419.475,7,0
1,-1714.95762726339,1002.14620167422,5425.5,7,0
1,-1721.00356692635,1000.27587611883,5429.025,7,0
1,-1733.79998236708,996.393626935446,5436.4875,7,0
1,-1741.49349922594,994.113089493111,5440.975,7,0
1,-1750.94341124734,991.370624394056,5446.4875,7,0
1,-1757.84312200127,989.411623645984,5450.5125,7,0
1,-1770.70046256995,985.864135426462,5458.0125,7,0
1,-1781.84583656443,982.904606251116,5464.5125,7,0
1,-1790.37896557804,980.715819862996,5469.4875,7,0
1,-1812.73736538924,975.321263771566,5482.5125,7,0
1,-1838.47354747215,969.778327389742,5497.475,7,0
1,-1860.08351305686,965.730235016037,5510,7,0
1,-1879.13217128953,962.657426476932,5521,7,0
1,-1913.20874622324,958.402736118177,5540.55,7,0
1,-2006.05900496338,954.567917501392,5593,7,0
1,-2181.21782594733,965.933473651088,5692.025,7,0
1,-2312.74581206078,977.858725852331,5769.0125,7,0
1,-2383.58668894041,981.83027127211,5811.9875,7,0
1,-2415.91932116542,982.620396793154,5832.025,7,0
1,-2447.01810847688,982.643744074817,5851.575,7,0
1,-2485.8889148361,981.535470374548,5876.425,7,0
1,-2513.78037624247,979.89171218684,5894.5625,7,0
1,-2545.51698300149,977.099834115381,5915.5375,7,0
1,-2575.91262497427,973.464743994606,5935.9875,7,0
1,-2610.19923323346,968.203366609406,5959.5125,7,0
1,-2643.64428776456,961.878847102353,5982.9625,7,0
1,-2677.18269632477,954.38371160512,6007.0125,7,0
1,-2725.97377900174,941.590177691477,6043.025,7,0
1,-2782.04012393672,924.730739223794,6086,7,0
1,-2816.80841358053,913.666809054418,6113.525,7,0
1,-2854.38563514547,901.842487826971,6144,7,0
1,-2889.98735399079,891.479585981623,6173.5,7,0
1,-2950.27536125248,878.172457753983,6224.4875,7,0
1,-3057.1206395519,874.554469606106,6315.5375,7,0
1,-3130.0307653849,883.142875388429,6376,7,0
1,-3161.82067866437,888.522818355276,6401.5125,7,0
1,-3182.78156030457,892.44272676192,6417.9875,7,0
1,-3210.71484021051,898.034572006184,6439.475,7,0
1,-3242.86543657491,904.900286799531,6463.5,7,0
1,-3256.5524487244,907.944335853208,6473.4875,7,0
1,-3270.4814884956,911.110728505999,6483.5,7,0
1,-3282.47951296531,913.891650859691,6492,7,0
1,-3291.0493366099,915.907481846122,6498,7,0
1,-3304.76063927775,919.183166968877,6507.475,7,0
1,-3312.78732995177,921.129569570208,6512.95,7,0
1,-3324.75260575814,924.069794131644,6521.0125,7,0
1,-3333.73606399586,926.308013875296,6526.9875,7,0
1,-3344.41124624992,929.00203368413,6534,7,0
1,-3355.93473446043,931.95182867869,6541.4625,7,0
1,-3367.73333224514,935.01698780692,6548.9875,7,0
1,-3465.68953978503,962.222712122679,6606.975,7,0
1,-3578.48828134174,997.146196030801,6664.4875,7,0
1,-3715.57302210853,1041.59893540989,6724.5,7,0
1,-3788.88853792055,1064.93501204836,6753.4875,7,0
1,-3800.68234716076,1068.62845637742,6757.9875,7,0
1,-3824.6007567686,1076.05969161408,6766.9875,7,0
1,-3916.11495716218,1103.68940156328,6800.0125,7,0
1,-4062.41518341983,1144.98310334345,6848.9875,7,0
1,-4161.3328761775,1170.86834425514,6880,7,0
1,-4177.71877583023,1175.00234721294,6885,7,0
1,-4185.8738641981,1177.04381115286,6887.475,7,0
1,-4189.25972832786,1177.8883721646,6888.5,7,0
1,-4195.8805889939,1179.5345066682,6890.5,7,0
1,-4199.19809203688,1180.35668042441,6891.5,7,0
1,-4200.85860813595,1180.76758570461,6892,7,0
1,-4207.51241230313,1182.40973961301,6894,7,0
1,-4212.51506318199,1183.6399273263,6895.5,7,0
1,-4219.15975919319,1185.26775323719,6897.4875,7,0
1,-4222.50995907793,1186.08585406879,6898.4875,7,0
1,-4224.27067441866,1186.51525442438,6899.0125,7,0
1,-4230.94781855168,1188.13881194441,6901,7,0
1,-4235.99927316885,1189.36257840324,6902.5,7,0
1,-4237.68539889902,1189.7702503529,6903,7,0
1,-4244.39912911458,1191.38893969018,6904.9875,7,0
1,-4247.86864857562,1192.22269231607,6906.0125,7,0
1,-4295.73530031228,1203.54175472729,6920.0125,7,0
1,-4420.88883315539,1231.57940320987,6955.4875,7,0
1,-4619.47020887909,1271.87767925571,7009,7,0
1,-4755.21727251308,1296.8248897102,7044,7,0
1,-4780.85801563459,1301.32328696461,7050.4875,7,0
1,-4804.75139439804,1305.45705665159,7056.5,7,0
1,-4832.72487584967,1310.22723049595,7063.5,7,0
1,-4842.85610763729,1311.93666075234,7066.025,7,0
1,-4856.78386323107,1314.27113206327,7069.4875,7,0
1,-4862.93087438773,1315.29579450929,7071.0125,7,0
1,-4866.91546758963,1315.95805840885,7072,7,0
1,-4870.9538185806,1316.62781040903,7073,7,0
1,-4875.04604762513,1317.30506629908,7074.0125,7,0
1,-4887.14053333132,1319.29765359089,7077,7,0
1,-4889.21829788713,1319.63872093221,7077.5125,7,0
1,-4895.25381101901,1320.62705911529,7079,7,0
1,-4903.38031988917,1321.95258694041,7081,7,0
1,-4911.46911030961,1323.26628033716,7082.9875,7,0
1,-4917.5824658554,1324.25538448718,7084.4875,7,0
1,-4923.75424761884,1325.25048595715,7086,7,0
1,-4927.83888307679,1325.90731483677,7087,7,0
1,-4935.96681138175,1327.20987098294,7088.9875,7,0
1,-4940.11241618078,1327.87208523916,7090,7,0
1,-4954.46863762615,1330.15396558112,7093.5,7,0
1,-4981.39050251758,1334.38580187354,7100.0375,7,0
1,-5091.81900422182,1351.1264315003,7126.5125,7,0
1,-5407.73365284875,1394.0920761412,7199.5,7,0
1,-5722.05834766664,1430.68750898256,7268.5,7,0
1,-5887.54791019624,1447.86708636238,7303.5,7,0
1,-5976.71868940163,1456.59439915639,7322,7,0
1,-6054.80046515306,1463.95316646629,7338,7,0
1,-6141.23138584755,1471.80749922518,7355.5,7,0
1,-6330.07687645778,1487.98989750524,7393,7,0
1,-6443.42192167928,1497.11832646544,7415.05,7,0
1,-6523.84026272455,1503.35576393611,7430.5,7,0
1,-6584.15689329617,1507.91308788955,7441.9875,7,0
1,-6629.1352403136,1511.24779759823,7450.5,7,0
1,-6676.87911360711,1514.73076277443,7459.4875,7,0
1,-6722.47070119297,1518.00474352717,7468.025,7,0
1,-6776.22727099108,1521.80290761277,7478.0375,7,0
1,-6832.78981056577,1525.73079592273,7488.5125,7,0
1,-6873.48399515823,1528.51558048021,7496.0125,7,0
1,-6906.01691442262,1530.71830672936,7501.9875,7,0
1,-6947.1276871739,1533.47325455204,7509.5125,7,0
1,-6988.31874085171,1536.20327032779,7517.025,7,0
1,-7010.10293573467,1537.63521867108,7520.9875,7,0
1,-7043.16194614535,1539.79340220999,7526.9875,7,0
1,-7090.21063575707,1542.83527073629,7535.5,7,0
1,-7131.72925428487,1545.49236627518,7542.9875,7,0
1,-7220.91252009757,1551.12098893548,7559,7,0
1,-7260.05496051023,1553.56034019063,7566,7,0
1,-7282.39122478012,1554.94448832584,7569.9875,7,0
1,-7296.47913825465,1555.81479381839,7572.5,7,0
1,-7316.19171345513,1557.02908445461,7576.0125,7,0
1,-7349.83959214576,1559.09263843592,7582,7,0
1,-7377.90928364918,1560.80592218357,7586.9875,7,0
1,-7397.62870888645,1562.0051845513,7590.4875,7,0
1,-7411.7948892843,1562.86474344323,7593,7,0
1,-7431.54291684786,1564.0601685088,7596.5,7,0
1,-7459.7815679512,1565.764178244,7601.5,7,0
1,-7479.56676417729,1566.95454776485,7605,7,0
1,-7507.85584762879,1568.6516899655,7610,7,0
1,-7539.00523640122,1570.51424455695,7615.5,7,0
1,-7575.71569581144,1572.70177833447,7621.975,7,0
1,-7601.25188564789,1574.21899625427,7626.475,7,0
1,-7672.34598335996,1578.4261675843,7638.9875,7,0
1,-7746.33022212656,1582.78252681208,7651.9875,7,0
1,-7791.98157287342,1585.46195368018,7660,7,0
1,-7837.66668789741,1588.13812332196,7668.0125,7,0
1,-7869.04371821182,1589.9737962084,7673.5125,7,0
1,-7908.92540479219,1592.30475988812,7680.5,7,0
1,-7960.2499994617,1595.30205568906,7689.4875,7,0
1,-8003.1731460318,1597.80733431319,7697,7,0
1,-8048.83027321938,1600.47169336065,7704.9875,7,0
1,-8083.13957808074,1602.47403487566,7710.9875,7,0
1,-8131.8342063264,1605.31676765604,7719.5,7,0
1,-8234.7995410068,1611.33449391157,7737.4875,7,0
1,-8335.21484474093,1617.21675845981,7755.0125,7,0
1,-8395.43017362617,1620.75250690333,7765.5125,7,0
1,-8444.2801361545,1623.62619130597,7774.025,7,0
1,-8510.25443738,1627.51540907789,7785.5125,7,0
1,-8556.16704694275,1630.22776315637,7793.5,7,0
1,-8636.87254349189,1635.00754720874,7807.525,7,0
1,-8723.18897274369,1640.13728077921,7822.5,7,0
1,-8853.21698227664,1647.89942562737,7845,7,0
1,-8916.88661763025,1651.71526429102,7855.9875,7,0
1,-8969.20780654345,1654.85815185268,7865,7,0
1,-9024.46110852156,1658.18408425809,7874.5,7,0
1,-9070.93155785417,1660.98658463477,7882.475,7,0
1,-9103.17506385315,1662.93387515693,7888,7,0
1,-9152.8635375374,1665.93898287857,7896.5,7,0
1,-9184.99785718927,1667.88506133147,7901.9875,7,0
1,-9228.91849574074,1670.54807709443,7909.475,7,0
1,-9267.2664639228,1672.87620441305,7916,7,0
1,-9299.645675465,1674.84388170616,7921.5,7,0
1,-9337.9797879383,1677.17567583326,7928,7,0
1,-9379.27413202869,1679.69001704055,7934.9875,7,0
1,-9423.62555717397,1682.39314381176,7942.475,7,0
1,-9471.43223676085,1685.30963657687,7950.525,7,0
1,-9542.87246205658,1689.6723687948,7962.5125,7,0
1,-9677.91193768941,1697.92884271296,7985.025,7,0
1,-9973.16785475891,1715.97738551322,8033.5,7,0
1,-10140.7146041556,1726.17692226041,8060.5,7,0
1,-10260.3643497601,1733.42310424873,8079.5375,7,0
1,-10364.9994504973,1739.72538329221,8096.0125,7,0
1,1469.97474292899,987.922380361977,87,7,0
1,-1913.997196279,958.323956453364,5541,7,0
1,-3522.34560167184,979.34693417384,6637,7,0
1,-3064.79143667407,875.138706884557,6322,7,0
1,1479.49707385991,996.505448159954,120,7,0
1,-584.714208543301,1185.09637802585,4397,7,0
1,1481.86887367954,1004.22381526844,137,7,0
1,506.320628717542,1491.75036276203,1990,7,0
1,1420.35391788743,1005.70226116417,8,7,0
1,-3025.81966683874,873.17342214258,6289,7,0
1,1479.86264027609,997.304917923646,122,7,0
1,-861.22567087179,1586.87011217534,3684,7,0
1,-1908.74469483271,958.865867901708,5538,7,0
1,-4547.67653434258,1257.86111913014,6990,7,0
1,-639.633368480951,1319.88465774363,4202,7,0
1,1479.30549047794,996.116967622528,119,7,0
1,728.725502179936,1671.33046242146,1035,7,0
1,558.215343702585,1611.09329812624,1670,7,0
1,-2982.48365046736,874.418404455254,6252,7,0
1,-3189.23441636935,893.699778144807,6423,7,0
1,1408.56598988082,1188.6438485648,336,7,0
1,1474.21513955528,989.995561423852,99,7,0
1,-4727.7161275507,1291.92685397537,7037,7,0
1,179.276629776694,1381.5260527279,2361.5,7,0
1,-598.532664336264,1123.5349951889,4544,7,0
1,-2955.5650594919,877.375604519253,6229,7,0
1,323.667395957746,1395.60074356566,2249,7,0
1,694.514467188157,1679.11323207263,1088.5,7,0
1,-722.897546312772,1437.56884396654,4019.5,7,0
1,-3781.11979997531,1062.49208154959,6750.5,7,0
1,-3792.84024495492,1066.1746486008,6755,7,0
1,-7851.85598834418,1588.96842784527,7670.5,7,0
1,-5752.47803220432,1433.94587333432,7275,7,0
1,-861.05713217007,1184.25955375802,4877.5,7,0
1,-1090.37575361179,1184.15935450233,5049.5,7,0
1,-3608.7179836221,1006.92076000841,6678.5,7,0
1,-8100.36975178216,1603.47979771092,7714,7,0
1,-954.644840027206,1644.08604264783,3324.5,7,0
1,-3534.24292475032,983.062540700774,6643,7,0
1,-8117.53108369373,1604.48157676995,7717,7,0
1,775.617149250116,1657.72630568801,971,7,0
1,-2806.75767013803,916.879038855531,6105.5,7,0
1,-582.762803232297,1153.56147572946,4454,7,0
1,-707.452867144253,1146.0112790084,4725.5,7,0
1,-834.725788196549,1583.39332491603,2995,7,0
1,-2592.78304278711,971.030779509835,5947.5,7,0
1,1076.98174346238,1510.83492380799,663.5,7,0
1,-1493.02056218451,1078.53683071579,5296.5,7,0
1,-1524.848951241,1067.35772689024,5315,7,0
1,-6381.27078873292,1492.16370849081,7403,7,0
1,-1494.73950311029,1077.93673860743,5297.5,7,0
1,-3273.99339137133,911.919601805451,6486,7,0
1,-4358.5160824894,1217.87993923283,6938,7,0
1,-11114.314682371,1783.29851984338,8209,7,0
1,-3112.8830374144,880.587471072825,6362,7,0
1,-18109.6469390048,2137.94667331477,8954,7,0
1,-16228.8094101716,2002.15263347784,8790.5,7,0
1,-28702.2750417679,3841.50941817437,9687,7,0
1,-3136.82165362034,884.226856595075,6381.5,7,0
1,-1459.55030145682,1090.10791486368,5277,7,0
1,-3980.25966620678,1122.23993755553,6822,7,0
1,-762.350481156725,1560.19362485662,2924,7,0
1,-9498.06546173571,1686.93556214766,7955,7,0
1,-7686.63601941662,1579.26912664598,7641.5,7,0
1,-3033.46173588373,873.351278316763,6295.5,7,0
1,716.705896656495,1674.29862607752,1053,7,0
1,-637.990229250863,1317.0766060229,4206,7,0
1,-586.062844634987,1192.24513958544,4385.5,7,0
1,-3777.23756744945,1061.26844720208,6749,7,0
1,-9659.69645698695,1696.81466780161,7982,7,0
1,-439.107901996002,1480.16300130823,2707,7,0
1,-851.402028368786,1578.03698766925,3711,7,0
1,-1669.46571857017,1016.8506969033,5399,7,0
1,-9716.97918576375,1700.31869236106,7991.5,7,0
1,526.038408803288,1517.37025871482,1929,7,0
1,252.267870612908,1384.4770789672,2309,7,0
1,-316.285440379754,1454.13893960662,2639.5,7,0
1,-756.570526272058,1558.4844415642,2919,7,0
1,-939.736336191185,1640.55449387364,3428.5,7,0
1,-706.69147593854,1417.17780058581,4054,7,0
1,-705.513609135989,1415.6636408863,4056.5,7,0
1,-1811.85697818594,975.523797212257,5482,7,0
1,-3009.983938816,873.165346092448,6275.5,7,0
1,-3036.9935721457,873.469815402493,6298.5,7,0
1,-3067.76505059237,875.388770235506,6324.5,7,0
1,-3513.55353974272,976.626556367414,6632.5,7,0
1,-3537.24850342609,984.007002858407,6644.5,7,0
1,-4184.30649229651,1176.65228277036,6887,7,0
1,-4313.00033720676,1207.54133017457,6925,7,0
1,-5291.0887140776,1379.01803693497,7173,7,0
1,-5332.64902983606,1384.48934760013,7182.5,7,0
1,-7065.31816377351,1541.23006399337,7531,7,0
1,-7522.01071438845,1569.49880315104,7612.5,7,0
1,-7598.55554648908,1574.05895631129,7626,7,0
1,-8711.65139447292,1639.45060335116,7820.5,7,0
1,-9521.90756264888,1688.39160573555,7959,7,0
1,-9599.63781373342,1693.14185559658,7972,7,0
1,741.616162308492,1667.8966780495,1016.5,7,0
1,-529.979731792584,1500.53089404152,2760,7,0
1,-949.509245110676,1635.7114702984,3219.5,7,0
1,-774.80783737218,1498.64933175273,3904.5,7,0
1,-641.082631353289,1322.3362790998,4198.5,7,0
1,-588.003655710258,1133.86047708536,4502,7,0
1,-843.725751956925,1181.53956442352,4862.5,7,0
1,-2721.9403236066,942.724278101391,6040,7,0
1,-2963.17826411081,876.355035820802,6235.5,7,0
1,-3416.7545464104,948.241069957322,6579,7,0
1,-3502.00150043378,973.086655917164,6626.5,7,0
1,-3783.71478632512,1063.30895608988,6751.5,7,0
1,-3779.82435595896,1062.08390255922,6750,7,0
1,-4141.82818755042,1165.89131023756,6874,7,0
1,-4217.52822381724,1184.86867899395,6897,7,0
1,-4287.07985949935,1201.52021199254,6917.5,7,0
1,-4307.79623450805,1206.34031223139,6923.5,7,0
1,-4390.45471367333,1224.96111929168,6947,7,0
1,-4402.96821916848,1227.69734271902,6950.5,7,0
1,-5310.73963425634,1381.61923305527,7177.5,7,0
1,-5429.99236930162,1396.87101332401,7204.5,7,0
1,-5969.44437012915,1455.89565800847,7320.5,7,0
1,-7338.59402404213,1558.40414699145,7580,7,0
1,-8023.17693519732,1598.97467962669,7700.5,7,0
1,-9575.6802033498,1691.67728521673,7968,7,0
1,-9602.63511594199,1693.32516392783,7972.5,7,0
1,-10587.5716724689,1752.99084629366,8130.5,7,0
1,-5291.0887140776,1379.01803693497,7173,7,0
1,-917.21906334674,1616.79222357351,3117,7,0
1,-2200.29101193417,967.780593111101,5703,7,0
1,-2640.87346459366,962.447159178209,5981,7,0
1,-3704.60527718766,1038.0618137353,6720,7,0
1,-3305.52695828443,919.368042293649,6508,7,0
1,-3657.20891308179,1022.69049256933,6700,7,0
1,-5230.36092442274,1370.81558677049,7159,7,0
1,-5291.0887140776,1379.01803693497,7173,7,0
1,889.806972276419,1613.65130088927,841,7,0
1,-1582.55990143679,1046.91928510549,5348.5,7,0
1,-3144.26750699058,885.458231198522,6387.5,7,0
1,1074.19849616755,1512.66314682359,666,7,0
1,975.067278210539,1571.66752992581,757,7,0
1,893.686695565004,1611.90781194564,837,7,0
1,831.460538645741,1637.95753728203,904,7,0
1,564.326234193519,1645.05962609927,1541,7,0
1,-294.831357286312,1449.75954867812,2628,7,0
1,-460.192728567868,1484.7964269132,2719,7,0
1,-923.054164778441,1619.71654913405,3130,7,0
1,-718.448694539722,1432.04823988822,4029,7,0
1,-616.972820513416,1120.65650225697,4590,7,0
1,-1720.96069141524,1000.28891920917,5429,7,0
1,-3930.44207452051,1107.89256028556,6805,7,0
1,-3950.77175527671,1113.79799950516,6812,7,0
1,-3953.69702258147,1114.64202602106,6813,7,0
1,-5114.98654841166,1354.51744687203,7132,7,0
1,-7293.67472900497,1555.64175934705,7572,7,0
1,-7666.73074518191,1578.09461548016,7638,7,0
1,-8100.36975178216,1603.47979771092,7714,7,0
1,1111.05565612903,1487.62931727328,633,7,0
1,661.799638491124,1684.25485074128,1148,7,0
1,887.874557744246,1614.51379173229,843,7,0
1,305.84004098922,1391.94146050381,2265,7,0
1,-3666.51184032671,1025.7154575192,6704,7,0
1,-3502.956849006,973.377899058811,6627,7,0
1,-4696.4989086804,1286.27304791338,7029,7,0
1,-853.491047493182,1183.12449191043,4871,7,0
1,-9261.38482911978,1672.51894564882,7915,7,0
1,1054.22460759245,1525.49603628324,684,7,0
1,-953.568213509396,1639.35819659447,3250,7,0
1,-1483.57028101105,1081.82665682215,5291,7,0
1,-2681.2951020007,953.388411752553,6010,7,0
1,-4411.9379801671,1229.6457963602,6953,7,0
1,-5256.31148932083,1374.35141446223,7165,7,0
1,-7604.23227854818,1574.39582909514,7627,7,0
1,-10231.7267436949,1731.69232887682,8075,7,0
1,-461.93734277878,1485.18214462349,2720,7,0
1,-638.399675224908,1317.77919686807,4205,7,0
1,-620.6080841152,1285.14615539222,4251,7,0
1,-88396.9074153317,2161.39710650049,14082,7,0
1,-93155.9714633904,2147.78985225981,14295,7,0
1,-92299.0543477049,2147.24079849078,14255,7,0
1,-95462.1746869163,2166.08986483684,14408,7,0
1,-95225.6987311563,2162.66712379652,14396,7,0
1,-97909.175387094,2234.35851203885,14539,7,0
1,-112227.993697993,2153.86696782855,18116,7,0
1,-112385.518164416,2147.405772519,18174,7,0
1,-113305.777334771,2153.26667684096,18448,7,0
1,-112515.533927833,2144.7174996627,18218,7,0
1,-112391.236790664,2147.2440782828,18176,7,0
1,-113671.949615331,2163.92629183015,18549,7,0
1,-114261.763164348,2185.99635066304,18746,7,0
1,-114336.31664947,2189.54004094009,18783,7,0
1,-114190.829836825,2182.90435933936,18716,7,0
1,-114374.734907669,2191.56722054718,18806,7,0
1,-60618.0788836847,2332.9874381084,12002,7,0
1,-61907.4601617946,2207.1547463062,12203,7,0
1,-61703.0344759262,2218.56412544538,12170,7,0
1,-66013.4955955682,2171.48672689114,12798,7,0
1,-66426.029854806,2168.56693789411,12844,7,0
1,-67921.9542492628,2160.17262252083,12993,7,0
1,-69020.1417165988,2157.12806082165,13088,7,0
1,-70191.7941723448,2156.45949669408,13179,7,0
1,-76473.4617383971,2171.00835502357,13555,7,0
1,-76854.9257648669,2172.06720219132,13574,7,0
1,-76935.9721103429,2172.28827368434,13578,7,0
1,-78054.3095522268,2175.14788310364,13632,7,0
1,-111555.092727474,2472.2332959349,17580,7,0
1,-98504.1159634085,2262.86515019358,14573,7,0
1,-113159.667619675,2149.79044915618,18408,7,0
1,463.228816376533,1566.80405875797,-68,8,0
1,526.327223870438,1557.98426046887,14,8,0
1,545.515412083361,1559.28415194822,43,8,0
1,559.228031191044,1561.43172670879,65.5,8,0
1,571.098316109739,1564.17935791317,86.5125,8,0
1,581.78869440686,1567.4319841802,106.975,8,0
1,598.757532658987,1574.36458349685,143.5,8,0
1,635.895866866224,1602.17094145898,261.05,8,0
1,644.803673877846,1615.62591494536,314.525,8,0
1,648.697303366382,1625.46823980413,354.925,8,0
1,650.249531909823,1632.76355614333,386.4875,8,0
1,650.620315346401,1640.90001311671,424.5125,8,0
1,649.897335094865,1646.86134515042,455.475,8,0
1,648.221699291375,1652.64920727467,489.9125,8,0
1,644.59502334008,1659.20296545886,540.0125,8,0
1,640.784656221513,1662.82142002801,583.5125,8,0
1,631.788538565394,1662.18227714296,688.9375,8,0
1,628.746365450323,1632.0942311993,847.125,8,0
1,665.838518148288,1520.61873351506,1074,8,0
1,729.575495944824,1373.71592424823,1254.55,8,0
1,803.443009361625,1190.77948458663,1438.0125,8,0
1,827.773054882418,1117.76974222631,1516.4625,8,0
1,838.93360448163,1073.99666145719,1574.9625,8,0
1,840.803979873657,1043.29466547103,1641.5375,8,0
1,827.669448996428,1040.47599929046,1706.475,8,0
1,760.059754625894,1100.67800039869,1831.4875,8,0
1,565.235317008104,1254.99220956041,2025.0375,8,0
1,149.271875585429,1403.50201766423,2292.0375,8,0
1,-229.724466349464,1412.90252886705,2489.5125,8,0
1,-379.174504922237,1393.260984641,2566.0125,8,0
1,-482.819109293632,1372.81938997568,2620.5,8,0
1,-565.463221841492,1352.82883271395,2665.525,8,0
1,-649.573213144206,1329.51359233224,2713.5,8,0
1,-712.603917260189,1310.47237272461,2751.4125,8,0
1,-783.089806942269,1288.27302873069,2796.5125,8,0
1,-846.671267102472,1268.4500922917,2840.475,8,0
1,-918.075180643704,1248.65424888098,2895,8,0
1,-1076.56012182729,1245.59126410347,3050.05,8,0
1,-1138.86171794636,1281.0056079843,3136.4625,8,0
1,-1162.37693453254,1302.95221595763,3176.9625,8,0
1,-1193.45235206932,1341.26088484358,3241.4625,8,0
1,-1217.33792600688,1379.08376251226,3303.5,8,0
1,-1229.60599802481,1401.36846841749,3340.9625,8,0
1,-1238.55535373604,1418.59175024916,3370.9375,8,0
1,-1245.45386934001,1432.20163720695,3395.5,8,0
1,-1253.10504227271,1447.35240239083,3424,8,0
1,-1259.44990432123,1459.7193184632,3448.3625,8,0
1,-1266.66756663797,1473.29339207852,3476.475,8,0
1,-1274.64519001823,1487.39018349304,3507.4875,8,0
1,-1285.16463847412,1504.17250897056,3547.35,8,0
1,-1298.06273977086,1521.79773818395,3593.4875,8,0
1,-1307.49427160295,1532.79485273556,3624.9875,8,0
1,-1316.20972838905,1541.74292254768,3652.4375,8,0
1,-1321.8765369216,1547.02113480408,3669.4875,8,0
1,-1332.30757583678,1555.7920778424,3699.3875,8,0
1,-1340.42140345415,1561.8945865357,3721.4625,8,0
1,-1346.71104528941,1566.25805541248,3737.95,8,0
1,-1352.41810698854,1569.97390742639,3752.4875,8,0
1,-1361.51275533112,1575.47530098661,3774.9125,8,0
1,-1374.44318455784,1582.54073457901,3805.4375,8,0
1,-1384.61200319929,1587.57441312255,3828.4875,8,0
1,-1397.38543425081,1593.3534785233,3856.425,8,0
1,-1407.78023033682,1597.67288818411,3878.425,8,0
1,-1422.87248890707,1603.42116712401,3909.325,8,0
1,-1451.52621705085,1612.92000296942,3964.9625,8,0
1,-1507.35166808683,1627.27828942507,4062.9625,8,0
1,-1556.18427082058,1636.25851875052,4137.85,8,0
1,-1595.60889330879,1641.53652989461,4191.45,8,0
1,-1624.62222316116,1644.49701026107,4227.425,8,0
1,-1672.13505658042,1647.98819004817,4280.9125,8,0
1,-1712.10408347193,1649.89463981253,4321.525,8,0
1,-1747.15838556504,1650.96837861245,4354.4125,8,0
1,-1780.20028580679,1651.57307504435,4383.425,8,0
1,-1810.28691141354,1651.84321924323,4408.3875,8,0
1,-1844.1069411193,1651.88366030163,4435,8,0
1,-1868.02778348653,1651.77042118626,4453,8,0
1,-1912.64997088211,1651.2973354702,4484.975,8,0
1,-1957.65419953922,1650.53392200733,4515.375,8,0
1,-1991.96065233974,1649.79165830706,4537.4625,8,0
1,-2039.11396519747,1648.57920218636,4566.475,8,0
1,-2094.8446634477,1646.89775876167,4599,8,0
1,-2180.80512214266,1643.85038546406,4645.975,8,0
1,-2268.39943712205,1640.24456405088,4690.4875,8,0
1,-2490.72978476482,1629.08952954595,4791.55,8,0
1,-2936.08107978711,1599.58628455348,4958.525,8,0
1,-3207.312386618,1578.16967428023,5045.05,8,0
1,-3307.49355441937,1569.77300631497,5074.9875,8,0
1,-3395.37362210825,1562.21831242606,5100.5125,8,0
1,-3463.89709461853,1556.21065167117,5119.9875,8,0
1,-3535.41019780794,1549.83410381888,5139.95,8,0
1,-3621.31713408884,1542.03110193454,5163.4875,8,0
1,-3761.54703661567,1528.9527199744,5201,8,0
1,-3847.45212714886,1520.72283589141,5223.5,8,0
1,-3913.26524737012,1514.29847361485,5240.525,8,0
1,-3963.90483422438,1509.28094431363,5253.5125,8,0
1,-4001.16860527592,1505.5454158071,5263.0125,8,0
1,-4038.55979551654,1501.75878102022,5272.5,8,0
1,-4080.08525111014,1497.50658911687,5282.9875,8,0
1,-4101.98900123825,1495.2431358715,5288.5,8,0
1,-4133.86586926831,1491.9228067637,5296.5,8,0
1,-4169.89668735722,1488.13120890559,5305.5125,8,0
1,-4252.17887783749,1479.31015665906,5325.9875,8,0
1,-4379.77546576271,1465.14330653124,5357.5,8,0
1,-4430.69295304362,1459.30830910114,5370.0125,8,0
1,-4475.49672045326,1454.08132212836,5381,8,0
1,-4498.0026548733,1451.42166105925,5386.5125,8,0
1,-4520.32029179158,1448.76102366824,5391.975,8,0
1,-4534.78073405754,1447.02460967677,5395.5125,8,0
1,-4569.39458301989,1442.82701139467,5403.975,8,0
1,-4595.99857125804,1439.56045229264,5410.475,8,0
1,-4632.85418244172,1434.97548967091,5419.475,8,0
1,-4657.53642213345,1431.86497807486,5425.5,8,0
1,-4671.97962720646,1430.02976611759,5429.025,8,0
1,-4702.56036653463,1426.10604579754,5436.4875,8,0
1,-4720.95132440655,1423.72127101488,5440.975,8,0
1,-4743.54324549669,1420.76526302018,5446.4875,8,0
1,-4760.03838372463,1418.58843687096,5450.5125,8,0
1,-4790.77153745247,1414.48960996755,5458.0125,8,0
1,-4817.40163775207,1410.89200516328,5464.5125,8,0
1,-4837.77932416555,1408.10965478513,5469.4875,8,0
1,-4891.1049755346,1400.70450115708,5482.5125,8,0
1,-4952.30516722053,1391.97713717335,5497.475,8,0
1,-5003.47659726441,1384.48506422466,5510,8,0
1,-5048.36701749777,1377.76137567689,5521,8,0
1,-5128.02171678795,1365.47069165622,5540.55,8,0
1,-5340.88235230325,1330.23968794076,5593,8,0
1,-5740.37102337088,1254.19843856202,5692.025,8,0
1,-6051.16707110917,1186.56658529182,5769.0125,8,0
1,-6225.72059186548,1146.06375683523,5811.9875,8,0
1,-6307.48891808512,1126.66347560449,5832.025,8,0
1,-6387.52677939134,1107.4996570522,5851.575,8,0
1,-6489.64385051699,1082.91293957945,5876.425,8,0
1,-6564.44604339357,1064.89164989184,5894.5625,8,0
1,-6651.22493796423,1044.07448725117,5915.5375,8,0
1,-6736.09875930334,1023.91278080819,5935.9875,8,0
1,-6834.02589736599,1001.03957609871,5959.5125,8,0
1,-6931.82929388294,978.654502263162,5982.9625,8,0
1,-7032.1152243875,956.117190451939,6007.0125,8,0
1,-7181.72833556356,923.205651820504,6043.025,8,0
1,-7358.32138634287,885.538183042511,6086,8,0
1,-7469.63457710529,862.668490392139,6113.525,8,0
1,-7590.61376410909,838.952648755589,6144,8,0
1,-7704.8686544071,818.153788166022,6173.5,8,0
1,-7893.84604684496,789.296114449209,6224.4875,8,0
1,-8193.11427284125,770.918254381056,6315.5375,8,0
1,-8349.92830928648,785.25326444226,6376,8,0
1,-8402.04365541274,797.630920673343,6401.5125,8,0
1,-8430.42669336498,807.6166138142,6417.9875,8,0
1,-8460.6779007297,822.95648979092,6439.475,8,0
1,-8485.82220776007,842.867857314,6463.5,8,0
1,-8493.79629908781,851.877652766854,6473.4875,8,0
1,-8500.42718181154,861.284826057351,6483.5,8,0
1,-8505.03348091478,869.537606563177,6492,8,0
1,-8507.7419346557,875.497501079156,6498,8,0
1,-8511.1402501245,885.115168707985,6507.475,8,0
1,-8512.63089500507,890.778092714879,6512.95,8,0
1,-8514.22065379098,899.243661987806,6521.0125,8,0
1,-8514.94998016255,905.606051303242,6526.9875,8,0
1,-8515.33762180852,913.159730570358,6534,8,0
1,-8515.21642150125,921.289679272663,6541.4625,8,0
1,-8514.56118915882,929.571516430181,6548.9875,8,0
1,-8494.1983991093,995.048520383362,6606.975,8,0
1,-8454.62927694852,1060.11488340112,6664.4875,8,0
1,-8402.97795592109,1125.1691287545,6724.5,8,0
1,-8376.93914580485,1154.98325837829,6753.4875,8,0
1,-8372.92059514439,1159.50364394086,6757.9875,8,0
1,-8364.93096508132,1168.45370026443,6766.9875,8,0
1,-8336.47578600841,1200.22468779427,6800.0125,8,0
1,-8298.34848959092,1244.11565541035,6848.9875,8,0
1,-8277.71312007913,1269.88038705832,6880,8,0
1,-8274.68461732613,1273.88783114614,6885,8,0
1,-8273.21788255824,1275.85654501257,6887.475,8,0
1,-8272.61679210933,1276.6690487579,6888.5,8,0
1,-8271.45470518572,1278.24943936285,6890.5,8,0
1,-8270.87902922696,1279.03717114916,6891.5,8,0
1,-8270.59253867716,1279.4304639442,6892,8,0
1,-8269.45559584396,1280.99958646691,6894,8,0
1,-8268.61240249081,1282.1723072447,6895.5,8,0
1,-8267.50780970324,1283.72049898313,6897.4875,8,0
1,-8266.95751401829,1284.49704086027,6898.4875,8,0
1,-8266.67008147202,1284.90421563111,6899.0125,8,0
1,-8265.59116378659,1286.44121612619,6901,8,0
1,-8264.78658593446,1287.59710347477,6902.5,8,0
1,-8264.52025520243,1287.98166143278,6903,8,0
1,-8263.47083331598,1289.50612484985,6904.9875,8,0
1,-8262.93541531218,1290.2898250414,6906.0125,8,0
1,-8256.02360099228,1300.82932120728,6920.0125,8,0
1,-8242.00452738116,1326.1841606865,6955.4875,8,0
1,-8231.01733662048,1360.96940675072,7009,8,0
1,-8230.86211873544,1381.65795297461,7044,8,0
1,-8231.46735903295,1385.32720970521,7050.4875,8,0
1,-8232.20822144346,1388.68351372165,7056.5,8,0
1,-8233.29023945145,1392.53852456391,7063.5,8,0
1,-8233.73878151644,1393.9153972988,7066.025,8,0
1,-8234.40427782526,1395.79186308851,7069.4875,8,0
1,-8234.71592584765,1396.61410894648,7071.0125,8,0
1,-8234.92379067885,1397.14508516643,7072,8,0
1,-8235.13914663391,1397.68171362943,7073,8,0
1,-8235.36218191404,1398.22400178071,7074.0125,8,0
1,-8236.04957003938,1399.81737619314,7077,8,0
1,-8236.17189415498,1400.08981210912,7077.5125,8,0
1,-8236.53424851596,1400.87872308648,7079,8,0
1,-8237.03862286685,1401.93558728864,7081,8,0
1,-8237.55939487182,1402.98170351726,7082.9875,8,0
1,-8237.96535833832,1403.76848630138,7084.4875,8,0
1,-8238.38598377118,1404.55927145383,7086,8,0
1,-8238.67031100113,1405.08084307766,7087,8,0
1,-8239.25015132269,1406.11419345251,7088.9875,8,0
1,-8239.55309229018,1406.63906929521,7090,8,0
1,-8240.63964228099,1408.44524002301,7093.5,8,0
1,-8242.83326167846,1411.78485760586,7100.0375,8,0
1,-8253.93100565486,1424.87626885261,7126.5125,8,0
1,-8303.67722958745,1457.74869559702,7199.5,8,0
1,-8378.30352292769,1485.18766819727,7268.5,8,0
1,-8427.0883618989,1497.9803394449,7303.5,8,0
1,-8455.95860116929,1504.47264827721,7322,8,0
1,-8482.67539934581,1509.94810748791,7338,8,0
1,-8513.77023468399,1515.79706474401,7355.5,8,0
1,-8587.04083448555,1527.87977425298,7393,8,0
1,-8634.35481038969,1534.72580115346,7415.05,8,0
1,-8669.36081115669,1539.42104252065,7430.5,8,0
1,-8696.36906715762,1542.86216285642,7441.9875,8,0
1,-8716.9166224869,1545.38645962406,7450.5,8,0
1,-8739.09872649983,1548.02918899417,7459.4875,8,0
1,-8760.62924824469,1550.51959112545,7468.025,8,0
1,-8786.44168786192,1553.41682169628,7478.0375,8,0
1,-8814.08537448989,1556.42285639882,7488.5125,8,0
1,-8834.2721896572,1558.56051762156,7496.0125,8,0
1,-8850.58578994498,1560.25536410243,7501.9875,8,0
1,-8871.41865454335,1562.38029401624,7509.5125,8,0
1,-8892.5308211972,1564.49195219179,7517.025,8,0
1,-8903.79075839417,1565.60199325165,7520.9875,8,0
1,-8921.00117851561,1567.27829658699,7526.9875,8,0
1,-8945.7445498053,1569.6478922518,7535.5,8,0
1,-8967.8176742522,1571.72462276124,7542.9875,8,0
1,-9015.96004605107,1576.14608748832,7559,8,0
1,-9037.39333224203,1578.07208590459,7566,8,0
1,-9049.70463472232,1579.16766962914,7569.9875,8,0
1,-9057.49929283932,1579.85758040114,7572.5,8,0
1,-9068.44413080905,1580.82152520576,7576.0125,8,0
1,-9087.22757986654,1582.46326573766,7582,8,0
1,-9102.99347058218,1583.82989838988,7586.9875,8,0
1,-9114.12091351813,1584.78843851197,7590.4875,8,0
1,-9122.14073288068,1585.47647733316,7593,8,0
1,-9133.35650693299,1586.43475037922,7596.5,8,0
1,-9149.46638329234,1587.80354966703,7601.5,8,0
1,-9160.80346393259,1588.76176193905,7605,8,0
1,-9177.08371085674,1590.13078162335,7610,8,0
1,-9195.10457458533,1591.63716503058,7615.5,8,0
1,-9216.46786687244,1593.41172712153,7621.975,8,0
1,-9231.40709202364,1594.64593781961,7626.475,8,0
1,-9273.3319217707,1598.08321663558,7638.9875,8,0
1,-9317.46921370691,1601.66576629373,7651.9875,8,0
1,-9344.95584421465,1603.88124147178,7660,8,0
1,-9372.65159880091,1606.10319285196,7668.0125,8,0
1,-9391.78127117315,1607.63263802315,7673.5125,8,0
1,-9416.22133726114,1609.58100044782,7680.5,8,0
1,-9447.87791053671,1612.09664998635,7689.4875,8,0
1,-9474.52695657127,1614.20823377493,7697,8,0
1,-9503.04593000608,1616.46275971256,7704.9875,8,0
1,-9524.5927340989,1618.16309681554,7710.9875,8,0
1,-9555.34340746375,1620.58584944383,7719.5,8,0
1,-9621.01522951573,1625.74817324528,7737.4875,8,0
1,-9685.90067695267,1630.83763148661,7755.0125,8,0
1,-9725.20445203548,1633.91696483568,7765.5125,8,0
1,-9757.30586931761,1636.43058579145,7774.025,8,0
1,-9800.96647554776,1639.84773323684,7785.5125,8,0
1,-9831.55753733031,1642.24101905977,7793.5,8,0
1,-9885.74105864298,1646.47831463804,7807.525,8,0
1,-9944.26874900702,1651.05309165639,7822.5,8,0
1,-10033.556995519,1658.02670425018,7845,8,0
1,-10077.7676025289,1661.47649355179,7855.9875,8,0
1,-10114.338096126,1664.32813276312,7865,8,0
1,-10153.1922817556,1667.35563234091,7874.5,8,0
1,-10186.0560527127,1669.91425214046,7882.475,8,0
1,-10208.9579612333,1671.69607224686,7888,8,0
1,-10244.4095899905,1674.45208348897,7896.5,8,0
1,-10267.4390373253,1676.24081481989,7901.9875,8,0
1,-10299.0448157093,1678.69344238482,7909.475,8,0
1,-10326.7623439687,1680.84221173424,7916,8,0
1,-10350.2538834955,1682.66154056298,7921.5,8,0
1,-10378.1697671805,1684.82130169465,7928,8,0
1,-10408.3670174251,1687.15461812699,7934.9875,8,0
1,-10440.9443174154,1689.66817766066,7942.475,8,0
1,-10476.2263592188,1692.3858519331,7950.525,8,0
1,-10529.2706930409,1696.46186787796,7962.5125,8,0
1,-10630.5748068769,1704.20898041933,7985.025,8,0
1,-10856.682920753,1721.28019138832,8033.5,8,0
1,-10987.7105567292,1730.99985580207,8060.5,8,0
1,-11082.4391289689,1737.93298658885,8079.5375,8,0
1,-11166.0472703795,1743.98022908495,8096.0125,8,0
1,571.362967930268,1564.25064263613,87,8,0
1,-5129.85319744935,1365.18256254857,5541,8,0
1,-8475.31785035366,1029.207487886,6637,8,0
1,-8211.80392417265,771.441490616097,6322,8,0
1,588.148803897668,1569.75524551969,120,8,0
1,-1796.36820243904,1651.74823508032,4397,8,0
1,595.933972418308,1573.04092719932,137,8,0
1,607.801055288874,1227.13300019612,1990,8,0
1,522.147186938673,1557.95363451728,8,8,0
1,-8112.30686651217,771.312059024147,6289,8,0
1,589.094935817644,1570.12761164963,122,8,0
1,-1326.85978998849,1551.35330611925,3684,8,0
1,-5117.64160011895,1367.09894168927,5538,8,0
1,-8233.4647925254,1349.0738268103,6990,8,0
1,-1603.88982872944,1642.45454482407,4202,8,0
1,587.672703031451,1569.57056206923,119,8,0
1,655.631498949602,1545.71784801105,1035,8,0
1,837.067990894429,1038.44961805456,1670,8,0
1,-7990.28436192684,778.716810155978,6252,8,0
1,-8438.17698862823,810.964663510068,6423,8,0
1,647.155772202183,1620.91417462518,336,8,0
1,577.72404442355,1566.10292554624,99,8,0
1,-8230.43364086421,1377.64218241598,7037,8,0
1,19.7767287679017,1417.22453442518,2361.5,8,0
1,-2002.37751059886,1649.54196472504,4544,8,0
1,-7909.95724917809,787.287872557033,6229,8,0
1,225.970151734538,1389.36015434073,2249,8,0
1,670.011139051989,1510.65880697203,1088.5,8,0
1,-1481.64303496294,1621.26946328391,4019.5,8,0
1,-8379.6137991203,1151.96581831734,6750.5,8,0
1,-8375.58698655432,1156.50595602587,6755,8,0
1,-9381.29158924613,1606.79444171519,7670.5,8,0
1,-8386.79360575927,1487.61643896099,7275,8,0
1,-2707.29357077135,1615.78816617646,4877.5,8,0
1,-3222.00217965664,1576.95344500259,5049.5,8,0
1,-8443.16619193275,1075.64662617849,6678.5,8,0
1,-9535.45090527739,1619.01909993399,7714,8,0
1,-1224.38158260938,1391.66397091762,3324.5,8,0
1,-8471.04119681939,1035.9945346875,6643,8,0
1,-9546.29041322786,1619.87297547923,7717,8,0
1,642.272543780971,1581.54010602303,971,8,0
1,-7437.35930204904,869.212518371593,6105.5,8,0
1,-1869.3818196319,1651.76083569605,4454,8,0
1,-2341.64682034915,1636.87431362206,4725.5,8,0
1,-1027.45597516932,1235.65815254776,2995,8,0
1,-6783.98640400777,1012.66705057806,5947.5,8,0
1,633.715139352717,1663.653836802,663.5,8,0
1,-4133.86586926831,1491.9228067637,5296.5,8,0
1,-4207.95409283508,1484.08002845307,5315,8,0
1,-8608.11121412925,1531.00663372113,7403,8,0
1,-4137.85763755674,1491.50478124236,5297.5,8,0
1,-8501.87749164645,863.687775339444,6486,8,0
1,-8248.27318286011,1313.92390589243,6938,8,0
1,-11783.8912742562,1786.14704190975,8209,8,0
1,-8317.49327847315,780.05578163603,6362,8,0
1,-18304.1047007041,2138.20310838933,8954,8,0
1,-16485.6025968133,2002.56509884473,8790.5,8,0
1,-28756.361653022,3841.54530365031,9687,8,0
1,-8361.9523482658,787.604326340396,6381.5,8,0
1,-4056.35352674872,1499.94285629558,5277,8,0
1,-8318.62978799408,1220.4134255029,6822,8,0
1,-952.627013667021,1241.25246930717,2924,8,0
1,-10495.9567722692,1693.90345104413,7955,8,0
1,-9281.81712009897,1598.77456922405,7641.5,8,0
1,-8132.67009593826,770.836799628291,6295.5,8,0
1,660.154522407334,1534.44065523851,1053,8,0
1,-1607.07780462736,1642.79186245163,4206,8,0
1,-1782.64201152138,1651.60430098832,4385.5,8,0
1,-8380.95843320014,1150.44593816272,6749,8,0
1,-10616.8313882677,1703.16110290143,7982,8,0
1,-638.447437921539,1332.74968417401,2707,8,0
1,-1336.53188899346,1559.04034131931,3711,8,0
1,-4549.04211041145,1445.30222503804,5399,8,0
1,-10660.1325686052,1706.45909926142,7991.5,8,0
1,674.426701172721,1177.03022343165,1929,8,0
1,118.241978027392,1407.90018962543,2309,8,0
1,-518.080046326853,1364.67179014695,2639.5,8,0
1,-946.838880967349,1242.34409139266,2919,8,0
1,-1254.28753542714,1449.67812509139,3428.5,8,0
1,-1501.91070444556,1626.0859072544,4054,8,0
1,-1503.42072329717,1626.42094770979,4056.5,8,0
1,-4889.00754473964,1400.99914763477,5482,8,0
1,-8068.9323653928,773.086318891145,6275.5,8,0
1,-8141.94827593211,770.700504210589,6298.5,8,0
1,-8218.92222895054,771.708836697451,6324.5,8,0
1,-8478.42537370417,1024.10563600505,6632.5,8,0
1,-8469.94934209622,1037.68829818288,6644.5,8,0
1,-8273.49769996898,1275.4794890352,6887,8,0
1,-8253.74522417411,1304.51006929029,6925,8,0
1,-8282.27220468782,1446.3175425103,7173,8,0
1,-8289.49771489622,1450.47768186667,7182.5,8,0
1,-8932.61717339186,1568.39641294169,7531,8,0
1,-9185.2605353659,1590.81538290063,7612.5,8,0
1,-9229.82665466564,1594.51561650822,7626,8,0
1,-9936.41111811716,1650.43911100422,7820.5,8,0
1,-10513.6646275138,1695.26397469584,7959,8,0
1,-10571.6906385152,1699.71215418549,7972,8,0
1,651.32786123082,1556.75839506226,1016.5,8,0
1,-726.415852026083,1306.17028782943,2760,8,0
1,-1183.67202274036,1327.94374796748,3219.5,8,0
1,-1420.47796070995,1602.54701361838,3904.5,8,0
1,-1601.12228855304,1642.15450870727,4198.5,8,0
1,-1937.54038149398,1650.90691727417,4502,8,0
1,-2667.5938255596,1618.38800518503,4862.5,8,0
1,-7169.20370354177,925.928193639927,6040,8,0
1,-7932.96793393092,784.57639317795,6235.5,8,0
1,-8507.11083871033,963.217428962364,6579,8,0
1,-8482.42680728715,1017.29029181395,6626.5,8,0
1,-8378.71798494272,1152.97728672302,6751.5,8,0
1,-8380.06189290388,1151.45947794958,6750,8,0
1,-8281.4607889913,1265.0180642657,6874,8,0
1,-8267.7774097994,1283.34132597631,6897,8,0
1,-8257.20833045477,1298.9604421103,6917.5,8,0
1,-8254.42013329733,1303.40711535184,6923.5,8,0
1,-8244.88809312228,1320.29076498779,6947,8,0
1,-8243.66238235589,1322.73389732258,6950.5,8,0
1,-8285.63293661317,1448.29704559335,7177.5,8,0
1,-8308.15656679031,1459.84619296144,7204.5,8,0
1,-8453.53730600281,1503.95285626216,7320.5,8,0
1,-9080.93578183418,1581.91498379932,7580,8,0
1,-9487.0002012155,1615.19489301872,7700.5,8,0
1,-10553.7582428763,1698.33918225765,7968,8,0
1,-10573.9371294286,1699.88409613462,7972.5,8,0
1,-11346.1811637813,1756.75630430711,8130.5,8,0
1,-8282.27220468782,1446.3175425103,7173,8,0
1,-1126.32794760028,1271.43129458908,3117,8,0
1,-5784.59354375303,1244.99298561774,5703,8,0
1,-6923.64195699897,980.512361433005,5981,8,0
1,-8407.01053668279,1120.4376356589,6720,8,0
1,-8511.29794304306,885.654945999542,6508,8,0
1,-8424.73852933617,1099.09906183407,6700,8,0
1,-8272.52233761828,1440.05468563842,7159,8,0
1,-8282.27220468782,1446.3175425103,7173,8,0
1,628.48358774744,1633.9630291702,841,8,0
1,-4343.23222572124,1469.26507767601,5348.5,8,0
1,-8374.58660782408,790.368068204652,6387.5,8,0
1,633.515117187053,1663.54797186991,666,8,0
1,628.236247303896,1653.78377753152,757,8,0
1,628.33126480272,1635.15192679762,837,8,0
1,632.96533911163,1611.92548949917,904,8,0
1,833.349295577034,1097.91526347124,1541,8,0
1,-496.800480276346,1369.658672886,2628,8,0
1,-658.916795111261,1326.7639746328,2719,8,0
1,-1134.79194768798,1277.74477353722,3130,8,0
1,-1487.12191163423,1622.63145494466,4029,8,0
1,-2079.11688546371,1647.39750155512,4590,8,0
1,-4671.87718772097,1430.04272359702,5429,8,0
1,-8332.3372322456,1204.87265087971,6805,8,0
1,-8326.61503026402,1211.32859459074,6812,8,0
1,-8325.80620904639,1212.24439690283,6813,8,0
1,-8256.68191172183,1427.50626902949,7132,8,0
1,-9055.94583133841,1579.72035693975,7572,8,0
1,-9270.00296711456,1597.811524807,7638,8,0
1,-9535.45090527739,1619.01909993399,7714,8,0
1,636.298733002506,1664.28373053268,633,8,0
1,689.101712736301,1466.28436688167,1148,8,0
1,628.565446645487,1633.35922606773,843,8,0
1,197.815097104758,1395.11234558487,2265,8,0
1,-8421.22694458254,1103.40576078757,6704,8,0
1,-8482.09978063637,1017.85873016318,6627,8,0
1,-8230.22730492428,1372.97944991854,7029,8,0
1,-2689.98974099662,1616.9297219305,4871,8,0
1,-10322.5037961365,1680.51220325794,7915,8,0
1,632.142271709163,1662.53686527136,684,8,0
1,-1197.05157278292,1346.47296148684,3250,8,0
1,-4111.93940634839,1494.21000065303,5291,8,0
1,-7044.55990853626,953.347694990019,6010,8,0
1,-8242.81828500004,1324.46795253605,6953,8,0
1,-8276.57070130575,1442.75840991056,7165,8,0
1,-9233.15485135792,1594.78996595957,7627,8,0
1,-11059.6801783065,1736.27500234471,8075,8,0
1,-660.608580724336,1326.26309850518,2720,8,0
1,-1606.27828647848,1642.70807224311,4205,8,0
1,-1644.88426154898,1646.17205067152,4251,8,0
1,-88396.9221223168,2161.39710656954,14082,8,0
1,-93155.9812255392,2147.7898519682,14295,8,0
1,-92299.0648913493,2147.24079878336,14255,8,0
1,-95462.1825394287,2166.08986481329,14408,8,0
1,-95225.7067673744,2162.66712413684,14396,8,0
1,-97909.1814868904,2234.35851199115,14539,8,0
1,-112227.993703733,2153.86696780132,18116,8,0
1,-112385.518169539,2147.40577251445,18174,8,0
1,-113305.77733776,2153.26667684605,18448,8,0
1,-112515.533932529,2144.7174997065,18218,8,0
1,-112391.236795766,2147.24407827525,18176,8,0
1,-113671.949617784,2163.92629184756,18549,8,0
1,-114261.763166012,2185.99635067111,18746,8,0
1,-114336.316651018,2189.54004099279,18783,8,0
1,-114190.829838592,2182.90435935586,18716,8,0
1,-114374.734909147,2191.56722055403,18806,8,0
1,-60618.8493657522,2332.98749355211,12002,8,0
1,-61907.9879122596,2207.15475714263,12203,8,0
1,-61703.5960934347,2218.56414139129,12170,8,0
1,-66013.6667626592,2171.48672261462,12798,8,0
1,-66426.1866992739,2168.56693404347,12844,8,0
1,-67922.0723923757,2160.17262020857,12993,8,0
1,-69020.2403091558,2157.12805912232,13088,8,0
1,-70191.8770648331,2156.45949532734,13179,8,0
1,-76473.5021540897,2171.00835483996,13555,8,0
1,-76854.9647372125,2172.06720230296,13574,8,0
1,-76936.0107854258,2172.28827353179,13578,8,0
1,-78054.3444283452,2175.1478831226,13632,8,0
1,-111555.092743897,2472.2332958862,17580,8,0
1,-98504.1216759409,2262.86515008021,14573,8,0
1,-113159.667622908,2149.79044918679,18408,8,0
