component,RSL,RSLsd,yearBP,siteID,model_ranking
1,358.819976449013,1573.0070912475,-68,1,0
1,407.260759549681,1566.29866045083,14,1,0
1,420.839554398786,1568.49301915885,43,1,0
1,430.038480886724,1571.3964190434,65.5,1,0
1,437.56229484966,1574.90269441519,86.5125,1,0
1,443.895134046208,1578.94649331489,106.975,1,0
1,452.770409989171,1587.43093026849,143.5,1,0
1,460.931889145635,1621.69066658186,261.05,1,0
1,455.067669160664,1638.99271719623,314.525,1,0
1,447.095151587855,1652.20798047733,354.925,1,0
1,438.937967688311,1662.45529070215,386.4875,1,0
1,427.083851558156,1674.56018622839,424.5125,1,0
1,415.969335504808,1684.12023523606,455.475,1,0
1,402.263108036481,1694.33916690834,489.9125,1,0
1,380.222100095358,1708.23967639213,540.0125,1,0
1,359.524293914903,1719.21283570579,583.5125,1,0
1,306.030234874226,1740.90194833706,688.9375,1,0
1,226.576671107206,1759.74260588993,847.125,1,0
1,135.545604949351,1763.02478294431,1074,1,0
1,88.0095270113088,1752.68040978674,1254.55,1,0
1,55.2131648911163,1736.85949973087,1438.0125,1,0
1,42.3718011663295,1730.19580461253,1516.4625,1,0
1,31.907336499542,1725.70928018614,1574.9625,1,0
1,18.0355027248152,1721.28832399828,1641.5375,1,0
1,1.43252460705116,1717.77342595794,1706.475,1,0
1,-43.1210662717931,1713.34275868675,1831.4875,1,0
1,-160.295613867231,1712.4700548401,2025.0375,1,0
1,-449.961403360125,1717.14637709857,2292.0375,1,0
1,-746.669277968816,1713.38310462216,2489.5125,1,0
1,-868.345674280077,1708.9523465393,2566.0125,1,0
1,-953.549266083632,1705.12907669352,2620.5,1,0
1,-1021.70968320733,1701.83944320757,2665.525,1,0
1,-1091.03267486021,1698.50919063713,2713.5,1,0
1,-1142.75907859113,1696.20258610871,2751.4125,1,0
1,-1200.09998992598,1693.99469436819,2796.5125,1,0
1,-1251.02158642747,1692.53254986754,2840.475,1,0
1,-1306.6426161835,1691.79789576949,2895,1,0
1,-1416.01140903821,1695.78254394637,3050.05,1,0
1,-1447.18246425875,1700.00336941848,3136.4625,1,0
1,-1455.55532739591,1701.83055334943,3176.9625,1,0
1,-1462.10955020646,1703.99233049093,3241.4625,1,0
1,-1462.1795007945,1704.79830942612,3303.5,1,0
1,-1460.04097565683,1704.56704535043,3340.9625,1,0
1,-1457.47602388496,1703.97714026197,3370.9375,1,0
1,-1454.95719385194,1703.23032598976,3395.5,1,0
1,-1451.7087524794,1702.08055155475,3424,1,0
1,-1448.76393918367,1700.87353396344,3448.3625,1,0
1,-1445.29711464979,1699.25074396402,3476.475,1,0
1,-1441.5341877914,1697.21583391707,3507.4875,1,0
1,-1437.03458955698,1694.30902428517,3547.35,1,0
1,-1432.64518588502,1690.69075088454,3593.4875,1,0
1,-1430.32588078594,1688.16156316845,3624.9875,1,0
1,-1428.82967934245,1685.97401124424,3652.4375,1,0
1,-1428.16444273293,1684.64022661404,3669.4875,1,0
1,-1427.50559885241,1682.37511761506,3699.3875,1,0
1,-1427.43901532656,1680.78130652064,3721.4625,1,0
1,-1427.62006310979,1679.64285494285,3737.95,1,0
1,-1427.94025613973,1678.67974067095,3752.4875,1,0
1,-1428.72075861134,1677.27488605527,3774.9125,1,0
1,-1430.31666504033,1675.53213897001,3805.4375,1,0
1,-1431.90570339048,1674.35412192804,3828.4875,1,0
1,-1434.24588815216,1673.09326892884,3856.425,1,0
1,-1436.39095665747,1672.23308346276,3878.425,1,0
1,-1439.83276105952,1671.22591963463,3909.325,1,0
1,-1447.26750966255,1670.00193311628,3964.9625,1,0
1,-1464.64284871798,1669.50526948142,4062.9625,1,0
1,-1482.79563182592,1670.12018136102,4137.85,1,0
1,-1499.35612385161,1670.76731765134,4191.45,1,0
1,-1512.5213170154,1671.18441436273,4227.425,1,0
1,-1535.61760267662,1671.6539404452,4280.9125,1,0
1,-1556.28361024754,1671.82353400459,4321.525,1,0
1,-1575.17059653439,1671.81753546597,4354.4125,1,0
1,-1593.5189068648,1671.69953721442,4383.425,1,0
1,-1610.61790396832,1671.51354350871,4408.3875,1,0
1,-1630.21909511508,1671.2318094907,4435,1,0
1,-1644.29368183902,1670.99433590661,4453,1,0
1,-1670.94481750485,1670.48473539132,4484.975,1,0
1,-1698.26182203786,1669.90272925251,4515.375,1,0
1,-1719.32896225946,1669.42420930561,4537.4625,1,0
1,-1748.56896570232,1668.7282482334,4566.475,1,0
1,-1783.473680811,1667.85928780692,4599,1,0
1,-1837.87319665123,1666.43590830675,4645.975,1,0
1,-1893.82198028034,1664.88857455533,4690.4875,1,0
1,-2037.29753833823,1660.5130976567,4791.55,1,0
1,-2327.22119538533,1650.31614676118,4958.525,1,0
1,-2503.31481391611,1644.14761908677,5045.05,1,0
1,-2567.95497991564,1642.05642440494,5074.9875,1,0
1,-2624.40388782881,1640.33995286974,5100.5125,1,0
1,-2668.22663661791,1639.08765154557,5119.9875,1,0
1,-2713.75816645287,1637.86767784982,5139.95,1,0
1,-2768.14849664597,1636.52630981863,5163.4875,1,0
1,-2856.11771894991,1634.64291679115,5201,1,0
1,-2909.44359427411,1633.68206858286,5223.5,1,0
1,-2949.97438874422,1633.04617931704,5240.525,1,0
1,-2980.9557373249,1632.61567986085,5253.5125,1,0
1,-3003.63378128735,1632.33132663606,5263.0125,1,0
1,-3026.28276007529,1632.0733190698,5272.5,1,0
1,-3051.30600017635,1631.81835582857,5282.9875,1,0
1,-3064.44829624658,1631.69717440172,5288.5,1,0
1,-3083.50216083042,1631.53687845792,5296.5,1,0
1,-3104.93290939601,1631.37823806987,5305.5125,1,0
1,-3153.43239106378,1631.10306642987,5325.9875,1,0
1,-3227.34135329025,1630.90109364138,5357.5,1,0
1,-3256.36197333038,1630.89069336172,5370.0125,1,0
1,-3281.66216938337,1630.91191118321,5381,1,0
1,-3294.28530298313,1630.93274121355,5386.5125,1,0
1,-3306.74501727661,1630.95984562442,5391.975,1,0
1,-3314.78698425926,1630.98065603945,5395.5125,1,0
1,-3333.93585623754,1631.04073451169,5403.975,1,0
1,-3348.55496745603,1631.09632555278,5410.475,1,0
1,-3368.66281311726,1631.18588810026,5419.475,1,0
1,-3382.03338473989,1631.25355583359,5425.5,1,0
1,-3389.82123432122,1631.29585796499,5429.025,1,0
1,-3406.22120160144,1631.39170096342,5436.4875,1,0
1,-3416.02482611779,1631.45315097836,5440.975,1,0
1,-3428.00619978085,1631.53234196811,5446.4875,1,0
1,-3436.71082250308,1631.59265538354,5450.5125,1,0
1,-3452.83004375827,1631.71004011311,5458.0125,1,0
1,-3466.6917920718,1631.81660919157,5464.5125,1,0
1,-3477.23196663288,1631.90082601451,5469.4875,1,0
1,-3504.53476592153,1632.13093339511,5482.5125,1,0
1,-3535.3608651869,1632.40776613395,5497.475,1,0
1,-3560.70887721749,1632.64538214505,5510,1,0
1,-3582.61952191917,1632.85506077556,5521,1,0
1,-3620.7351013259,1633.22160720334,5540.55,1,0
1,-3717.69707092224,1634.05475734847,5593,1,0
1,-3880.47705509607,1634.14739855961,5692.025,1,0
1,-3991.14834490884,1632.01766619283,5769.0125,1,0
1,-4048.04980650032,1629.81164887202,5811.9875,1,0
1,-4073.56214179471,1628.52796108025,5832.025,1,0
1,-4097.88260524627,1627.12235717826,5851.575,1,0
1,-4128.03154161433,1625.12493447866,5876.425,1,0
1,-4149.52564590983,1623.52536524054,5894.5625,1,0
1,-4173.87233306654,1621.5365330687,5915.5375,1,0
1,-4197.10626211762,1619.46562633666,5935.9875,1,0
1,-4223.24686438963,1616.94063862904,5959.5125,1,0
1,-4248.70710739121,1614.2953295209,5982.9625,1,0
1,-4274.22855791822,1611.47757891395,6007.0125,1,0
1,-4311.39148516953,1607.13023723064,6043.025,1,0
1,-4354.2239793418,1601.8886116478,6086,1,0
1,-4380.88623526273,1598.59140255938,6113.525,1,0
1,-4409.80329719838,1595.07363454199,6144,1,0
1,-4437.2967591281,1591.86552173248,6173.5,1,0
1,-4484.02482817648,1586.94664800394,6224.4875,1,0
1,-4567.01781614264,1580.72710809764,6315.5375,1,0
1,-4623.48447146639,1578.62907359484,6376,1,0
1,-4647.93077286752,1578.21546434766,6401.5125,1,0
1,-4663.95761347422,1578.08618282432,6417.9875,1,0
1,-4685.17453253595,1578.06915981146,6439.475,1,0
1,-4709.35890654521,1578.23642252658,6463.5,1,0
1,-4719.56828375952,1578.3587251978,6473.4875,1,0
1,-4729.90105824405,1578.50996427484,6483.5,1,0
1,-4738.75320209516,1578.65953289634,6492,1,0
1,-4745.04785957467,1578.77618977033,6498,1,0
1,-4755.06891672499,1578.97788469505,6507.475,1,0
1,-4760.90615137108,1579.10367705731,6512.95,1,0
1,-4769.56696580257,1579.30060205179,6521.0125,1,0
1,-4776.03709534183,1579.45481909118,6526.9875,1,0
1,-4783.68924214877,1579.64434165174,6534,1,0
1,-4791.9048484629,1579.85534561259,6541.4625,1,0
1,-4800.26847509528,1580.07711171121,6548.9875,1,0
1,-4867.86346234474,1582.00238894603,6606.975,1,0
1,-4942.05373518495,1584.05469253266,6664.4875,1,0
1,-5029.74453591695,1586.05005725908,6724.5,1,0
1,-5076.62518412899,1586.89421780155,6753.4875,1,0
1,-5084.19120769715,1587.01650172535,6757.9875,1,0
1,-5099.56288143061,1587.25353492728,6766.9875,1,0
1,-5158.77770051733,1588.03320537627,6800.0125,1,0
1,-5255.00622949842,1588.91539348875,6848.9875,1,0
1,-5321.24658128992,1589.30865434831,6880,1,0
1,-5332.31182335829,1589.36097061725,6885,1,0
1,-5337.82859770348,1589.38583118305,6887.475,1,0
1,-5340.12096908735,1589.39586495577,6888.5,1,0
1,-5344.60677380022,1589.41512118263,6890.5,1,0
1,-5346.8560614083,1589.42465967639,6891.5,1,0
1,-5347.98230064195,1589.42930687122,6892,1,0
1,-5352.49788761791,1589.44789792892,6894,1,0
1,-5355.89573185425,1589.46152108462,6895.5,1,0
1,-5360.41258768737,1589.47922242391,6897.4875,1,0
1,-5362.69155553728,1589.48794339762,6898.4875,1,0
1,-5363.88971053623,1589.49249903366,6899.0125,1,0
1,-5368.43615976023,1589.50941398769,6901,1,0
1,-5371.87851369055,1589.52194380455,6902.5,1,0
1,-5373.02807976399,1589.52605458142,6903,1,0
1,-5377.6080517387,1589.54220686578,6904.9875,1,0
1,-5379.97656997619,1589.55033847196,6906.0125,1,0
1,-5412.76960689668,1589.65182730407,6920.0125,1,0
1,-5499.51223410293,1589.8397729252,6955.4875,1,0
1,-5639.97341301199,1590.03100900522,7009,1,0
1,-5737.86622459255,1590.18239420325,7044,1,0
1,-5756.52022208227,1590.21896723855,7050.4875,1,0
1,-5773.94872236345,1590.25611582277,7056.5,1,0
1,-5794.40895586368,1590.30376620392,7063.5,1,0
1,-5801.83378847037,1590.32225078383,7066.025,1,0
1,-5812.0536491829,1590.3486084789,7069.4875,1,0
1,-5816.56883939309,1590.36068184504,7071.0125,1,0
1,-5819.49717956549,1590.36866033409,7072,1,0
1,-5822.46624537744,1590.37678760577,7073,1,0
1,-5825.47617279412,1590.38521103061,7074.0125,1,0
1,-5834.37927941792,1590.41073899536,7077,1,0
1,-5835.90988476481,1590.41524372605,7077.5125,1,0
1,-5840.35783248441,1590.42844638983,7079,1,0
1,-5846.35105718439,1590.4466278434,7081,1,0
1,-5852.32134542428,1590.46525192288,7082.9875,1,0
1,-5856.83680098364,1590.47966676865,7084.4875,1,0
1,-5861.39822179824,1590.49445336564,7086,1,0
1,-5864.41863174923,1590.50442420278,7087,1,0
1,-5870.43254861608,1590.52468254976,7088.9875,1,0
1,-5873.5017911396,1590.5351912709,7090,1,0
1,-5884.14035122795,1590.57274313414,7093.5,1,0
1,-5904.131339035,1590.64770567736,7100.0375,1,0
1,-5986.68061927473,1591.02323886562,7126.5125,1,0
1,-6227.58497697115,1592.79509615552,7199.5,1,0
1,-6473.97385384375,1595.65551080098,7268.5,1,0
1,-6606.25140233897,1597.57762992016,7303.5,1,0
1,-6678.2264244752,1598.72259194918,7322,1,0
1,-6741.64142503776,1599.78464102554,7338,1,0
1,-6812.25184363499,1601.02261368511,7355.5,1,0
1,-6967.98806386674,1603.94454282198,7393,1,0
1,-7062.37642238662,1605.83573201562,7415.05,1,0
1,-7129.74044324271,1607.23845659577,7430.5,1,0
1,-7180.47342516109,1608.32350470725,7441.9875,1,0
1,-7218.41774490243,1609.15104581034,7450.5,1,0
1,-7258.79775375081,1610.04676876273,7459.4875,1,0
1,-7297.45389769506,1610.91878008883,7468.025,1,0
1,-7343.15105032688,1611.96806234267,7478.0375,1,0
1,-7391.36778941611,1613.09719743162,7488.5125,1,0
1,-7426.14047466544,1613.9254867044,7496.0125,1,0
1,-7453.98821139475,1614.59759080056,7501.9875,1,0
1,-7489.23914131569,1615.45946136189,7509.5125,1,0
1,-7524.62540311087,1616.33734374743,7517.025,1,0
1,-7543.36607694859,1616.80755207585,7520.9875,1,0
1,-7571.84057995677,1617.52897036107,7526.9875,1,0
1,-7612.4345478327,1618.5723045517,7535.5,1,0
1,-7648.32369705755,1619.50957138046,7542.9875,1,0
1,-7725.61872607563,1621.5769906366,7559,1,0
1,-7759.62858643988,1622.50833112212,7566,1,0
1,-7779.05862540752,1623.04649537803,7569.9875,1,0
1,-7791.32186692581,1623.3884536206,7572.5,1,0
1,-7808.49198116036,1623.87036431328,7576.0125,1,0
1,-7837.828606233,1624.70193618198,7582,1,0
1,-7862.32890411746,1625.40455304666,7586.9875,1,0
1,-7879.55532087618,1625.90310398022,7590.4875,1,0
1,-7891.93788817804,1626.26372417813,7593,1,0
1,-7909.20964808902,1626.77010014549,7596.5,1,0
1,-7933.92765888339,1627.50141110674,7601.5,1,0
1,-7951.26021511201,1628.01892008188,7605,1,0
1,-7976.06237729313,1628.76644833575,7610,1,0
1,-8003.399021246,1629.59977454866,7615.5,1,0
1,-8035.65149740083,1630.59605923357,7621.975,1,0
1,-8058.10897130938,1631.29815038613,7626.475,1,0
1,-8120.72636152618,1633.29310881191,7638.9875,1,0
1,-8186.03382251132,1635.43347678282,7651.9875,1,0
1,-8226.40310471412,1636.7877432489,7660,1,0
1,-8266.85617176583,1638.1690545425,7668.0125,1,0
1,-8294.67064892966,1639.13319406677,7673.5125,1,0
1,-8330.06006892212,1640.37669091594,7680.5,1,0
1,-8375.66202621954,1642.00731896522,7689.4875,1,0
1,-8413.84939633822,1643.39741935273,7697,1,0
1,-8454.51874405798,1644.90270128209,7704.9875,1,0
1,-8485.11339305947,1646.0520860308,7710.9875,1,0
1,-8528.58481559716,1647.71020438877,7719.5,1,0
1,-8620.69324969407,1651.32046293084,7737.4875,1,0
1,-8710.7638819986,1654.97772637229,7755.0125,1,0
1,-8764.89039467508,1657.23508734747,7765.5125,1,0
1,-8808.86360321147,1659.10146023087,7774.025,1,0
1,-8868.34071489237,1661.67168096355,7785.5125,1,0
1,-8909.79213559907,1663.49338965511,7793.5,1,0
1,-8982.77547622938,1666.76072360835,7807.525,1,0
1,-9061.00151745649,1670.34503661194,7822.5,1,0
1,-9179.17031187285,1675.9144080367,7845,1,0
1,-9237.17646381073,1678.71340725102,7855.9875,1,0
1,-9284.91404236341,1681.0475614878,7865,1,0
1,-9335.39566283626,1683.54506330987,7874.5,1,0
1,-9377.90749387117,1685.67081001517,7882.475,1,0
1,-9407.43354243133,1687.15897905252,7888,1,0
1,-9452.98107043374,1689.47302661533,7896.5,1,0
1,-9482.4674983602,1690.98260796481,7901.9875,1,0
1,-9522.80719780177,1693.06209473572,7909.475,1,0
1,-9558.06450664671,1694.89268473693,7916,1,0
1,-9587.86011083936,1696.44893788181,7921.5,1,0
1,-9623.16614019917,1698.30350401046,7928,1,0
1,-9661.23565596668,1700.315634021,7934.9875,1,0
1,-9702.16619190434,1702.49290393017,7942.475,1,0
1,-9746.33475627145,1704.85770367281,7950.525,1,0
1,-9812.43308952451,1708.42463205661,7962.5125,1,0
1,-9937.68221830484,1715.26664753233,7985.025,1,0
1,-10212.9007100789,1730.59680356717,8033.5,1,0
1,-10369.8858937854,1739.45892899,8060.5,1,0
1,-10482.3385605477,1745.83159592975,8079.5375,1,0
1,-10580.9086374245,1751.4214877611,8096.0125,1,0
1,437.724576650187,1574.99219626219,87,1,0
1,-3621.59988138732,1633.22980338715,5541,1,0
1,-4905.55011575064,1583.07545379037,6637,1,0
1,-4572.97373372084,1580.42503389807,6322,1,0
1,447.416020999197,1581.80192366937,120,1,0
1,-1602.66479491256,1671.60794386495,4397,1,0
1,451.417331188917,1585.81734238507,137,1,0
1,-133.786803208757,1712.13153114975,1990,1,0
1,404.21266735252,1566.09345997504,8,1,0
1,-4542.70135823172,1582.16558126147,6289,1,0
1,447.921612724196,1582.25804324659,122,1,0
1,-1427.76312316023,1683.52735776216,3684,1,0
1,-3615.82396237273,1633.17467994267,5538,1,0
1,-5588.80556891672,1589.96579510077,6990,1,0
1,-1503.03390931385,1670.89448046449,4202,1,0
1,447.159731397871,1581.57559160092,119,1,0
1,148.658522432204,1764.00681415851,1035,1,0
1,11.1971737374552,1719.64735739077,1670,1,0
1,-4509.03305630619,1584.69309422809,6252,1,0
1,-4668.87416449236,1578.06738528542,6423,1,0
1,451.189602129627,1646.0200372158,336,1,0
1,441.543618616182,1577.30272644098,99,1,0
1,-5717.91572717624,1590.14653351859,7037,1,0
1,-548.839976915624,1717.07653173594,2361.5,1,0
1,-1725.76212370722,1669.2740023724,4544,1,0
1,-4488.13101758668,1586.55628431995,6229,1,0
1,-392.999014001805,1716.67749328049,2249,1,0
1,130.944741819985,1762.52724221664,1088.5,1,0
1,-1456.18754656846,1669.4933927686,4019.5,1,0
1,-5071.64582363283,1586.81168112842,6750.5,1,0
1,-5079.15936634503,1586.93553380922,6755,1,0
1,-8279.43132004421,1638.60352965931,7670.5,1,0
1,-6498.15961499792,1595.98826961416,7275,1,0
1,-2178.13928104192,1655.69712517481,4877.5,1,0
1,-2512.81027083099,1643.83293532038,5049.5,1,0
1,-4961.49101657886,1584.54316397889,6678.5,1,0
1,-8500.48883138876,1646.63519124062,7714,1,0
1,-1461.14657604275,1704.73780460306,3324.5,1,0
1,-4913.34456066508,1583.29057851987,6643,1,0
1,-8515.80997267412,1647.21981414959,7717,1,0
1,172.527894485742,1764.37106111069,971,1,0
1,-4373.16983330576,1599.54361777369,6105.5,1,0
1,-1645.09511278709,1670.9800976349,4454,1,0
1,-1940.90003539994,1663.51850678288,4725.5,1,0
1,-1385.44328024006,1693.52660948963,2995,1,0
1,-4209.97551364265,1618.24772259378,5947.5,1,0
1,319.162450665142,1736.33825079696,663.5,1,0
1,-3083.50216083042,1631.53687845792,5296.5,1,0
1,-3127.44292730885,1631.23615583121,5315,1,0
1,-7010.53753462574,1604.78619533418,7403,1,0
1,-3085.88202616666,1631.51808920993,5297.5,1,0
1,-4732.49683308462,1578.5520404376,6486,1,0
1,-5456.10393936606,1589.75777635579,6938,1,0
1,-11292.5077757025,1791.06399634829,8209,1,0
1,-4610.24293393036,1578.97173271446,6362,1,0
1,-18159.860874563,2140.77129071155,8954,1,0
1,-16294.3332920508,2004.72397599691,8790.5,1,0
1,-28721.0587231817,3840.19458883012,9687,1,0
1,-4628.71878110757,1578.51717612685,6381.5,1,0
1,-3037.02231061319,1631.95999924217,5277,1,0
1,-5200.71802343847,1588.47006281877,6822,1,0
1,-1332.62998296507,1691.90968926911,2924,1,0
1,-9770.96326390235,1706.18300081359,7955,1,0
1,-8133.32911759755,1633.70135511333,7641.5,1,0
1,-4548.63928130735,1581.78394082323,6295.5,1,0
1,142.471928348765,1763.62011357747,1053,1,0
1,-1504.46716355812,1670.94195089766,4206,1,0
1,-1594.89348534448,1671.68703948296,4385.5,1,0
1,-5069.158775541,1586.76983178531,6749,1,0
1,-9920.7640964007,1714.33666332338,7982,1,0
1,-1081.87585654296,1698.93824461028,2707,1,0
1,-1427.42617580155,1681.52732457318,3711,1,0
1,-3322.69396995846,1631.00375188449,5399,1,0
1,-9973.99126254488,1717.26813673979,7991.5,1,0
1,-93.5329636652023,1712.03418434089,1929,1,0
1,-473.364453517366,1717.23434242358,2309,1,0
1,-982.620198265649,1703.73931424225,2639.5,1,0
1,-1328.33136253338,1691.86598618329,2919,1,0
1,-1451.17333041038,1701.87252623539,3428.5,1,0
1,-1462.78944855696,1669.47688089699,4054,1,0
1,-1463.30038342252,1669.48355023402,4056.5,1,0
1,-3503.4686022643,1632.12169098312,5482,1,0
1,-4530.39675578661,1583.01846273702,6275.5,1,0
1,-4551.38339889888,1581.61417979835,6298.5,1,0
1,-4575.28201128915,1580.31324806294,6324.5,1,0
1,-4899.76454111747,1582.91397153558,6632.5,1,0
1,-4915.30782047007,1583.34427629472,6644.5,1,0
1,-5336.76779749384,1589.38108053136,6887,1,0
1,-5424.65045179939,1589.68374403324,6925,1,0
1,-6137.83124846593,1592.01310904625,7173,1,0
1,-6169.70365837635,1592.27412832093,7182.5,1,0
1,-7590.94702256937,1618.01783373035,7531,1,0
1,-7988.48121026065,1629.14382198911,7612.5,1,0
1,-8055.73685378721,1631.22363576682,7626,1,0
1,-9050.53527032398,1669.86063896199,7820.5,1,0
1,-9793.02409810061,1707.37388672916,7959,1,0
1,-9865.03426679643,1711.28562122941,7972,1,0
1,155.258297202177,1764.27932616895,1016.5,1,0
1,-1154.04720448283,1695.73308243876,2760,1,0
1,-1460.71903928323,1703.38711648253,3219.5,1,0
1,-1439.26293130964,1671.36763773118,3904.5,1,0
1,-1501.79745883122,1670.85261917008,4198.5,1,0
1,-1686.00436238246,1670.17000322727,4502,1,0
1,-2152.27927003149,1656.61108051331,4862.5,1,0
1,-4308.3163008485,1607.49898035616,6040,1,0
1,-4494.04154959321,1586.00806648352,6235.5,1,0
1,-4834.50002315501,1581.03540011329,6579,1,0
1,-4892.12846842036,1582.69870807355,6626.5,1,0
1,-5073.30869533122,1586.83947818433,6751.5,1,0
1,-5070.81584073463,1586.79778365563,6750,1,0
1,-5308.1093622623,1589.24190988127,6874,1,0
1,-5359.30312837241,1589.47498622483,6897,1,0
1,-5406.8238762361,1589.63496058026,6917.5,1,0
1,-5421.06635556044,1589.67436979873,6923.5,1,0
1,-5478.28790713288,1589.80215650432,6947,1,0
1,-5487.0046270648,1589.81813579574,6950.5,1,0
1,-6152.88665684406,1592.13405881357,7177.5,1,0
1,-6244.81728031673,1592.96177510754,7204.5,1,0
1,-6672.33692690125,1598.62642171682,7320.5,1,0
1,-7828.01994273346,1624.42270165782,7580,1,0
1,-8431.66161116911,1644.05356800457,7700.5,1,0
1,-9842.82548129,1710.07543044839,7968,1,0
1,-9867.81366300909,1711.43727951862,7972.5,1,0
1,-10791.2638071687,1763.31875564839,8130.5,1,0
1,-6137.83124846593,1592.01310904625,7173,1,0
1,-1441.82228748687,1699.05496389413,3117,1,0
1,-3897.02329062903,1633.97860964822,5703,1,0
1,-4246.5985462456,1614.52097354927,5981,1,0
1,-5022.74623856507,1585.91087818055,6720,1,0
1,-4755.62714285729,1578.98966533418,6508,1,0
1,-4992.50599859189,1585.26907260411,6700,1,0
1,-6091.47370457416,1591.66615483629,7159,1,0
1,-6137.83124846593,1592.01310904625,7173,1,0
1,229.485296855215,1759.30272090308,841,1,0
1,-3206.34326094529,1630.93244644657,5348.5,1,0
1,-4634.45081340522,1578.40949963793,6387.5,1,0
1,317.874439035077,1736.80599813498,666,1,0
1,271.01600111369,1750.98149524,757,1,0
1,231.395058411639,1759.00373303826,837,1,0
1,200.56256242888,1762.83316685559,904,1,0
1,38.1258408846334,1728.25270581389,1541,1,0
1,-965.073086151853,1704.58171756371,2628,1,0
1,-1098.71785541857,1698.15317198334,2719,1,0
1,-1445.50312665571,1699.69173995112,3130,1,0
1,-1457.92516079638,1669.46748189469,4029,1,0
1,-1773.58991501946,1668.10905440718,4590,1,0
1,-3389.76609316422,1631.29557890359,5429,1,0
1,-5168.11251092376,1588.1381013823,6805,1,0
1,-5181.39034398273,1588.27966725523,6812,1,0
1,-5183.30405057967,1588.29927468223,6813,1,0
1,-6004.11016964726,1591.11695229063,7132,1,0
1,-7788.88017465454,1623.32024948488,7572,1,0
1,-8115.7756397496,1633.13334652519,7638,1,0
1,-8500.48883138876,1646.63519124062,7714,1,0
1,334.786911024712,1730.29722962244,633,1,0
1,113.577707556542,1759.80668471086,1148,1,0
1,228.533433431759,1759.44874066305,843,1,0
1,-413.756331946701,1716.88876341687,2265,1,0
1,-4998.44373062719,1585.40028363217,6704,1,0
1,-4892.76146316016,1582.71667743725,6627,1,0
1,-5695.34158875281,1590.10963118471,7029,1,0
1,-2166.86637154873,1656.09680134312,4871,1,0
1,-9552.65473271208,1694.61104915319,7915,1,0
1,308.582509509288,1740.05010265188,684,1,0
1,-1462.43949694978,1704.18545376337,3250,1,0
1,-3070.40527854534,1631.64507256411,5291,1,0
1,-4277.35854811314,1611.12170964326,6010,1,0
1,-5493.26145117683,1589.82917251675,6953,1,0
1,-6111.25222394615,1591.80941841375,7165,1,0
1,-8060.73122094385,1631.38058358908,7627,1,0
1,-10455.3978498955,1744.30400780645,8075,1,0
1,-1100.10884347325,1698.08916313313,2720,1,0
1,-1504.10681934934,1670.93005898615,4205,1,0
1,-1522.15418718476,1671.42006314951,4251,1,0
1,-88395.018085914,2161.31654613367,14082,1,0
1,-93152.628943145,2147.90601016895,14295,1,0
1,-92295.8822108479,2147.31730469949,14255,1,0
1,-95458.6270563076,2166.2964694887,14408,1,0
1,-95222.1539681829,2162.86674426781,14396,1,0
1,-97905.8543682895,2234.56825155729,14539,1,0
1,-112230.117664856,2153.93141824224,18116,1,0
1,-112387.463307722,2147.47747775037,18174,1,0
1,-113306.076301766,2153.24866993948,18448,1,0
1,-112517.304656082,2144.78752241429,18218,1,0
1,-112393.174743994,2147.31583978979,18176,1,0
1,-113671.349462488,2163.84708896371,18549,1,0
1,-114259.288768237,2185.80320884107,18746,1,0
1,-114333.516323111,2189.32913564219,18783,1,0
1,-114188.631126801,2182.726716752,18716,1,0
1,-114371.741776509,2191.34610453011,18806,1,0
1,-60616.2807015795,2333.11543244383,12002,1,0
1,-61906.1982477175,2207.27631947357,12203,1,0
1,-61701.6590472963,2218.70913101026,12170,1,0
1,-66015.3251692273,2171.39690411784,12798,1,0
1,-66428.1322443355,2168.49354611303,12844,1,0
1,-67924.8996459086,2160.14283335841,12993,1,0
1,-69023.5561928567,2157.11139674478,13088,1,0
1,-70195.5672624493,2156.4439172455,13179,1,0
1,-76476.9072013783,2170.92112574895,13555,1,0
1,-76858.2533581934,2171.97418552434,13574,1,0
1,-76939.2735930125,2172.19402248988,13578,1,0
1,-78057.2158804697,2175.03671744058,13632,1,0
1,-111556.991447791,2471.65774379551,17580,1,0
1,-98500.920260601,2263.04686607735,14573,1,0
1,-113160.286942438,2149.79464700581,18408,1,0
1,363.085031752475,1573.00892836137,-68,2,0
1,412.208953813184,1566.29993116428,14,2,0
1,426.054217653815,1568.49402171456,43,2,0
1,435.469553471077,1571.39715964002,65.5,2,0
1,443.20342274243,1574.90316509171,86.5125,2,0
1,449.748478867579,1578.9466756474,106.975,2,0
1,459.022208217531,1587.43048483763,143.5,2,0
1,468.655350464396,1621.68739899483,261.05,2,0
1,463.568288128823,1638.98764073647,314.525,2,0
1,456.233216342051,1652.20130613016,354.925,2,0
1,448.606383667793,1662.44720387786,386.4875,2,0
1,437.431314122863,1674.55022597699,424.5125,2,0
1,426.903989344835,1684.1085898205,455.475,2,0
1,413.889151967131,1694.32547615717,489.9125,2,0
1,392.930844131391,1708.22268666939,540.0125,2,0
1,373.252494619694,1719.19270167391,583.5125,2,0
1,322.571482316591,1740.87315374827,688.9375,2,0
1,248.41920412844,1759.69952790125,847.125,2,0
1,167.96207120968,1762.97029618447,1074,2,0
1,132.228896335233,1752.64812000773,1254.55,2,0
1,115.604865379632,1736.91232350218,1438.0125,2,0
1,111.283966153394,1730.31092955849,1516.4625,2,0
1,107.90508121904,1725.88067276863,1574.9625,2,0
1,102.936512622517,1721.5310867874,1641.5375,2,0
1,95.960840288084,1718.08738953787,1706.475,2,0
1,72.89938384993,1713.7531798128,1831.4875,2,0
1,-1.8499119123444,1712.52400235682,2025.0375,2,0
1,-209.598058399279,1712.52823297506,2292.0375,2,0
1,-423.493624579161,1695.9083380796,2489.5125,2,0
1,-507.115896933712,1682.16108829344,2566.0125,2,0
1,-563.020566859748,1669.55644189317,2620.5,2,0
1,-605.550253285561,1657.39484981717,2665.525,2,0
1,-646.123121167533,1642.76429856954,2713.5,2,0
1,-674.070924592204,1630.03918639292,2751.4125,2,0
1,-701.918979303446,1613.62900460343,2796.5125,2,0
1,-722.853778292425,1596.34901452655,2840.475,2,0
1,-739.642957048491,1573.16956007255,2895,2,0
1,-729.748397039715,1495.15925022191,3050.05,2,0
1,-690.133093140088,1441.50997566231,3136.4625,2,0
1,-664.748710384592,1413.22156014988,3176.9625,2,0
1,-617.404822483193,1363.70671535493,3241.4625,2,0
1,-566.300313663203,1311.04876727051,3303.5,2,0
1,-534.04416251881,1277.182413948,3340.9625,2,0
1,-508.047090301756,1249.23536068311,3370.9375,2,0
1,-486.89853258105,1225.96118413844,3395.5,2,0
1,-462.826262128539,1198.78464944145,3424,2,0
1,-442.883999237325,1175.65093697243,3448.3625,2,0
1,-420.892101219855,1149.41734052068,3476.475,2,0
1,-398.283916744869,1121.58062252157,3507.4875,2,0
1,-372.493657055311,1088.63822964431,3547.35,2,0
1,-348.481203845702,1056.69667160725,3593.4875,2,0
1,-336.48660432687,1040.21670475138,3624.9875,2,0
1,-329.439295614604,1030.31804547656,3652.4375,2,0
1,-326.832256451249,1026.57276076068,3669.4875,2,0
1,-325.838105455972,1024.93709158841,3699.3875,2,0
1,-328.010900423396,1027.74441005376,3721.4625,2,0
1,-331.122738673817,1031.87940655651,3737.95,2,0
1,-334.853760296945,1036.85322293941,3752.4875,2,0
1,-342.299968741834,1046.73886687529,3774.9125,2,0
1,-355.442606542259,1063.9463618105,3805.4375,2,0
1,-367.428269020747,1079.33030161413,3828.4875,2,0
1,-384.062884553336,1100.17581937744,3856.425,2,0
1,-398.616931610275,1117.93273533337,3878.425,2,0
1,-420.970174076967,1144.34223553449,3909.325,2,0
1,-466.001665183343,1194.44804978683,3964.9625,2,0
1,-557.009765553288,1283.53892386014,4062.9625,2,0
1,-634.6694959132,1347.20048799849,4137.85,2,0
1,-694.268090163358,1388.7902360442,4191.45,2,0
1,-736.19212950021,1414.5489823609,4227.425,2,0
1,-801.509690027218,1449.47503592254,4280.9125,2,0
1,-853.596574105788,1473.27868048969,4321.525,2,0
1,-897.4174436545,1490.86892061536,4354.4125,2,0
1,-937.329074628185,1505.17377523244,4383.425,2,0
1,-972.62755304575,1516.60500125563,4408.3875,2,0
1,-1011.24716030667,1527.93460689431,4435,2,0
1,-1037.95014898805,1535.11546972056,4453,2,0
1,-1086.54645554908,1546.95638466692,4484.975,2,0
1,-1134.12784754811,1557.1834080729,4515.375,2,0
1,-1169.54018633952,1564.0188617476,4537.4625,2,0
1,-1217.12788514327,1572.27793062394,4566.475,2,0
1,-1271.92046763562,1580.61891248427,4599,2,0
1,-1353.74952037167,1591.06943439229,4645.975,2,0
1,-1434.26010533283,1599.35838759867,4690.4875,2,0
1,-1628.29663722031,1612.93305565102,4791.55,2,0
1,-1986.09560399083,1622.13625713213,4958.525,2,0
1,-2189.92247233866,1622.38052979398,5045.05,2,0
1,-2263.0152047365,1622.0675967437,5074.9875,2,0
1,-2326.2153363172,1621.71067248975,5100.5125,2,0
1,-2374.90995116485,1621.40509638852,5119.9875,2,0
1,-2425.18669766467,1621.07872940216,5139.95,2,0
1,-2484.85144144343,1620.6963902864,5163.4875,2,0
1,-2580.51723373495,1620.14379470207,5201,2,0
1,-2638.04576743115,1619.87227889665,5223.5,2,0
1,-2681.55241286056,1619.70687084166,5240.525,2,0
1,-2714.68640277768,1619.6068391701,5253.5125,2,0
1,-2738.87496945867,1619.54903767012,5263.0125,2,0
1,-2762.97866202518,1619.5047736629,5272.5,2,0
1,-2789.54757812107,1619.47185609927,5282.9875,2,0
1,-2803.47614230355,1619.4614681939,5288.5,2,0
1,-2823.6390808709,1619.45483959026,5296.5,2,0
1,-2846.27400776884,1619.4593713613,5305.5125,2,0
1,-2897.33172116103,1619.51652363833,5325.9875,2,0
1,-2974.69966027094,1619.72542653989,5357.5,2,0
1,-3004.93398891203,1619.84545380797,5370.0125,2,0
1,-3031.22552391561,1619.96624667199,5381,2,0
1,-3044.3198706503,1620.03184977014,5386.5125,2,0
1,-3057.22932658112,1620.09990970917,5391.975,2,0
1,-3065.55342499726,1620.1454490835,5395.5125,2,0
1,-3085.3481782577,1620.25900852087,5403.975,2,0
1,-3100.43562293099,1620.35026299448,5410.475,2,0
1,-3121.15219489904,1620.48152845658,5419.475,2,0
1,-3134.90454015555,1620.57213893085,5425.5,2,0
1,-3142.90619703662,1620.62604127241,5429.025,2,0
1,-3159.73556335829,1620.74197122597,5436.4875,2,0
1,-3169.78222677764,1620.81261548663,5440.975,2,0
1,-3182.04657562729,1620.90012705771,5446.4875,2,0
1,-3190.94698058534,1620.96445650816,5450.5125,2,0
1,-3207.40665258002,1621.08470297901,5458.0125,2,0
1,-3221.53784959018,1621.18892372237,5464.5125,2,0
1,-3232.26821543789,1621.26829398796,5469.4875,2,0
1,-3260.00320526585,1621.47335941434,5482.5125,2,0
1,-3291.20864867512,1621.69935328227,5497.475,2,0
1,-3316.77819699561,1621.87635414655,5510,2,0
1,-3338.81143983314,1622.01923950558,5521,2,0
1,-3376.97930879286,1622.23578284714,5540.55,2,0
1,-3473.04004699877,1622.46736780819,5593,2,0
1,-3630.02106565889,1620.60470709536,5692.025,2,0
1,-3732.5221235659,1616.15153021291,5769.0125,2,0
1,-3783.48251346452,1612.30967921412,5811.9875,2,0
1,-3805.88867280632,1610.17385195525,5832.025,2,0
1,-3826.97328704037,1607.87946700533,5851.575,2,0
1,-3852.71746913204,1604.66750080977,5876.425,2,0
1,-3870.79122191109,1602.11942220197,5894.5625,2,0
1,-3890.96715496667,1598.96607310703,5915.5375,2,0
1,-3909.91327323578,1595.68774585812,5935.9875,2,0
1,-3930.85220317356,1591.68277060494,5959.5125,2,0
1,-3950.84243772831,1587.46205758551,5982.9625,2,0
1,-3970.46048841625,1582.92124912022,6007.0125,2,0
1,-3998.2333683772,1575.78339307648,6043.025,2,0
1,-4029.00913251564,1566.86912230176,6086,2,0
1,-4047.47133389628,1561.01769996132,6113.525,2,0
1,-4066.88338862639,1554.4842859643,6144,2,0
1,-4084.75887795491,1548.16741762368,6173.5,2,0
1,-4113.9293370978,1537.43584653154,6224.4875,2,0
1,-4162.83640303416,1519.498360185,6315.5375,2,0
1,-4194.96503383201,1508.75934629271,6376,2,0
1,-4208.79683934851,1504.52304557745,6401.5125,2,0
1,-4217.87452657102,1501.87655613486,6417.9875,2,0
1,-4229.92800762737,1498.52505819284,6439.475,2,0
1,-4243.74947456457,1494.90360636054,6463.5,2,0
1,-4249.61940510524,1493.43461796558,6473.4875,2,0
1,-4255.58582469588,1491.98222558707,6483.5,2,0
1,-4260.71992806951,1490.76447902386,6492,2,0
1,-4264.38451155275,1489.91301306101,6498,2,0
1,-4270.24396805,1488.58143756011,6507.475,2,0
1,-4273.67242085561,1487.81902646879,6512.95,2,0
1,-4278.78149283025,1486.70542185131,6521.0125,2,0
1,-4282.6165385982,1485.88669688923,6526.9875,2,0
1,-4287.17353464104,1484.93278889375,6534,2,0
1,-4292.0932000326,1483.92548235532,6541.4625,2,0
1,-4297.13194553973,1482.91757969522,6548.9875,2,0
1,-4339.1726282984,1475.37367566873,6606.975,2,0
1,-4388.50896653766,1468.17872278683,6664.4875,2,0
1,-4451.33475227887,1460.78550954637,6724.5,2,0
1,-4486.53957952186,1457.05172156075,6753.4875,2,0
1,-4492.30539219594,1456.45157286751,6757.9875,2,0
1,-4504.08417640161,1455.2307950897,6766.9875,2,0
1,-4550.173259818,1450.47008695022,6800.0125,2,0
1,-4626.96348140016,1442.33910084346,6848.9875,2,0
1,-4680.81815486401,1436.34798853149,6880,2,0
1,-4689.87664487353,1435.31196997076,6885,2,0
1,-4694.39889004128,1434.79160076952,6887.475,2,0
1,-4696.27914865268,1434.57454762377,6888.5,2,0
1,-4699.96042372752,1434.14851023657,6890.5,2,0
1,-4701.80724198278,1433.93431952276,6891.5,2,0
1,-4702.73219483253,1433.8268203554,6892,2,0
1,-4706.44228781853,1433.39502687553,6894,2,0
1,-4709.23564122524,1433.06892004409,6895.5,2,0
1,-4712.95104975812,1432.63389592163,6897.4875,2,0
1,-4714.82655671984,1432.41368592696,6898.4875,2,0
1,-4715.81283603143,1432.29776013583,6899.0125,2,0
1,-4719.5568146077,1431.85663676565,6901,2,0
1,-4722.39313868294,1431.52150198607,6902.5,2,0
1,-4723.34061914589,1431.40932737581,6903,2,0
1,-4727.11692291126,1430.96135018827,6904.9875,2,0
1,-4729.0707326089,1430.72892052201,6906.0125,2,0
1,-4756.18256636243,1427.46040012679,6920.0125,2,0
1,-4828.37389018107,1418.3536137113,6955.4875,2,0
1,-4946.4037489742,1402.19595901033,7009,2,0
1,-5029.28817019332,1389.93736845375,7044,2,0
1,-5045.13079756079,1387.51219012653,7050.4875,2,0
1,-5059.94567779545,1385.22119812712,7056.5,2,0
1,-5077.35332926922,1382.50104392066,7063.5,2,0
1,-5083.67451799102,1381.50585850089,7066.025,2,0
1,-5092.37880333373,1380.12891631309,7069.4875,2,0
1,-5096.22569531435,1379.51804076082,7071.0125,2,0
1,-5098.72102912096,1379.12103954418,7072,2,0
1,-5101.25140316412,1378.71774165269,7073,2,0
1,-5103.81694627879,1378.30830749015,7074.0125,2,0
1,-5111.4076257553,1377.09313098773,7077,2,0
1,-5112.71290451288,1376.88363830534,7077.5125,2,0
1,-5116.50655493187,1376.27373330911,7079,2,0
1,-5121.61935034255,1375.44956608431,7081,2,0
1,-5126.71391930897,1374.62591486744,7082.9875,2,0
1,-5130.56793466723,1374.00118584023,7084.4875,2,0
1,-5134.46195301879,1373.36850322795,7086,2,0
1,-5137.0408580564,1372.94872711557,7087,2,0
1,-5142.17670323234,1372.11093930622,7088.9875,2,0
1,-5144.79833066603,1371.68230956346,7090,2,0
1,-5153.88805574412,1370.19131719813,7093.5,2,0
1,-5170.9798077438,1367.36716583502,7100.0375,2,0
1,-5241.70982745243,1355.40622373643,7126.5125,2,0
1,-5449.53854644019,1318.04232766445,7199.5,2,0
1,-5664.4826751356,1276.86272995422,7268.5,2,0
1,-5781.00809256453,1253.92656596197,7303.5,2,0
1,-5844.7749250466,1241.2992063421,7322,2,0
1,-5901.18055114616,1230.12307359866,7338,2,0
1,-5964.24046123028,1217.6546162768,7355.5,2,0
1,-6104.31516429735,1190.23507371412,7393,2,0
1,-6189.90802979562,1173.80315653346,7415.05,2,0
1,-6251.3309802385,1162.22502242237,7430.5,2,0
1,-6297.77994090412,1153.61157150897,7441.9875,2,0
1,-6332.62930955039,1147.23937366017,7450.5,2,0
1,-6369.82013001619,1140.53221100103,7459.4875,2,0
1,-6405.5257556485,1134.19015993187,7468.025,2,0
1,-6447.86658870941,1126.8025352822,7478.0375,2,0
1,-6492.69951503584,1119.1494848819,7488.5125,2,0
1,-6525.13419142878,1113.7287047385,7496.0125,2,0
1,-6551.1723876032,1109.45164372743,7501.9875,2,0
1,-6584.21410415182,1104.12414715787,7509.5125,2,0
1,-6617.47555801366,1098.87953389721,7517.025,2,0
1,-6635.12916871021,1096.1461972014,7520.9875,2,0
1,-6662.00337372255,1092.05441990576,7526.9875,2,0
1,-6700.42468180181,1086.35526628274,7535.5,2,0
1,-6734.50143240578,1081.45563382372,7542.9875,2,0
1,-6808.24852681812,1071.38300162521,7559,2,0
1,-6840.8554329793,1067.17435791212,7566,2,0
1,-6859.52845104784,1064.83512577788,7569.9875,2,0
1,-6871.33077578153,1063.38387406806,7572.5,2,0
1,-6887.877710314,1061.38556840802,7576.0125,2,0
1,-6916.21014349069,1058.06403132708,7582,2,0
1,-6939.93122687191,1055.38277445677,7586.9875,2,0
1,-6956.64264866943,1053.54977041025,7590.4875,2,0
1,-6968.67199779674,1052.25934610931,7593,2,0
1,-6985.47501840582,1050.49839811303,7596.5,2,0
1,-7009.57131290296,1048.05869476944,7601.5,2,0
1,-7026.5028559193,1046.40588589907,7605,2,0
1,-7050.78204194596,1044.12641113243,7610,2,0
1,-7077.61273334315,1041.7337969247,7615.5,2,0
1,-7109.36514870496,1039.07830635818,7621.975,2,0
1,-7131.53754931455,1037.33960994326,7626.475,2,0
1,-7193.64141158853,1032.99214329437,7638.9875,2,0
1,-7258.87058366649,1029.28664785208,7651.9875,2,0
1,-7299.43459599279,1027.44450201599,7660,2,0
1,-7340.27581003169,1025.95870163687,7668.0125,2,0
1,-7368.47224807832,1025.15359806624,7673.5125,2,0
1,-7404.48665724229,1024.39158919135,7680.5,2,0
1,-7451.12961104838,1023.85669707122,7689.4875,2,0
1,-7490.39881343534,1023.80809128892,7697,2,0
1,-7532.43724909052,1024.16889587604,7704.9875,2,0
1,-7564.21320257382,1024.7278509066,7710.9875,2,0
1,-7609.59185118787,1025.95531550709,7719.5,2,0
1,-7706.5979411602,1030.19677499068,7737.4875,2,0
1,-7802.49594486039,1036.37078263517,7755.0125,2,0
1,-7860.57609850215,1040.97666392751,7765.5125,2,0
1,-7907.99323943211,1045.18266908136,7774.025,2,0
1,-7972.43882658146,1051.49629307568,7785.5125,2,0
1,-8017.55140783172,1056.29727421759,7793.5,2,0
1,-8097.34802625328,1065.49455844129,7807.525,2,0
1,-8183.35240624985,1076.31843287724,7822.5,2,0
1,-8314.08776150271,1094.32959844657,7845,2,0
1,-8378.57563909516,1103.80789779262,7855.9875,2,0
1,-8431.78280967521,1111.88363756059,7865,2,0
1,-8488.16855919128,1120.66860273267,7874.5,2,0
1,-8535.7392941867,1128.24431734812,7882.475,2,0
1,-8568.82162889745,1133.59355396671,7888,2,0
1,-8619.91768834926,1141.97441118044,7896.5,2,0
1,-8653.03313619876,1147.47681386,7901.9875,2,0
1,-8698.38004811341,1155.09349063193,7909.475,2,0
1,-8738.04990744265,1161.82735238937,7916,2,0
1,-8771.5980138951,1167.56870230759,7921.5,2,0
1,-8811.37528923946,1174.42613429171,7928,2,0
1,-8854.29230810748,1181.87950331255,7934.9875,2,0
1,-8900.46031749761,1189.95335964576,7942.475,2,0
1,-8950.30473665008,1198.72577430025,7950.525,2,0
1,-9024.93028097693,1211.94731947414,7962.5125,2,0
1,-9166.38205929659,1237.2025142305,7985.025,2,0
1,-9476.93874491565,1292.79648886087,8033.5,2,0
1,-9653.72145474888,1324.06615323357,8060.5,2,0
1,-9780.13626212813,1346.09850574329,8079.5375,2,0
1,-9890.77298205951,1365.09966637646,8096.0125,2,0
1,443.370671435259,1574.9926545865,87,2,0
1,-3377.84280217718,1622.24004779775,5541,2,0
1,-4363.78683186183,1471.58973570704,6637,2,0
1,-4166.25081045879,1518.30322530699,6322,2,0
1,453.408510515932,1581.80189222613,120,2,0
1,-956.414191247895,1511.48876008285,4397,2,0
1,457.596323792823,1585.81701545507,137,2,0
1,16.0485175284557,1712.33941066208,1990,2,0
1,409.107424441725,1566.09480715285,8,2,0
1,-4148.79412021488,1524.52193446299,6289,2,0
1,453.935753657017,1582.25798282864,122,2,0
1,-325.765692615882,1024.9718326634,3684,2,0
1,-3372.07334661577,1622.2106827223,5538,2,0
1,-4903.2705081813,1408.28112167854,6990,2,0
1,-706.399736164603,1396.52955968766,4202,2,0
1,453.141423920635,1581.57557085082,119,2,0
1,178.958591616247,1763.95236017163,1035,2,0
1,100.198047345039,1719.9216380085,1670,2,0
1,-4128.99243956199,1531.81783770192,6252,2,0
1,-4220.66318023717,1501.08492190022,6423,2,0
1,460.023438100237,1646.01412595702,336,2,0
1,447.313338289503,1577.3030162426,99,2,0
1,-5012.36087871389,1392.49986934713,7037,2,0
1,-281.743944124784,1709.33338862777,2361.5,2,0
1,-1180.15713046165,1565.94986716255,4544,2,0
1,-4116.42644765833,1536.50448570115,6229,2,0
1,-167.987191740889,1713.45877930492,2249,2,0
1,164.183935939334,1762.47307046608,1088.5,2,0
1,-515.037628247868,1244.4374542472,4019.5,2,0
1,-4482.75691357767,1457.44666372288,6750.5,2,0
1,-4488.46838619839,1456.85066088635,6755,2,0
1,-7353.0118818311,1025.57258287739,7670.5,2,0
1,-5685.72599451896,1272.70223829082,7275,2,0
1,-1806.48162002116,1619.44469686672,4877.5,2,0
1,-2200.71108765807,1622.34330675409,5049.5,2,0
1,-4402.03203149606,1466.45575053542,6678.5,2,0
1,-7580.23239199817,1025.10361231595,7714,2,0
1,-548.286605176982,1292.23058029357,3324.5,2,0
1,-4368.99190607388,1470.84129280626,6643,2,0
1,-7596.22866696352,1025.5416358947,7717,2,0
1,199.641337233596,1764.3188841279,971,2,0
1,-4042.1837440948,1562.73111972455,6105.5,2,0
1,-1039.44744701451,1535.50333412424,4454,2,0
1,-1499.67331277858,1604.85095872453,4725.5,2,0
1,-742.870468146633,1525.1850047273,2995,2,0
1,-3920.27284965571,1593.75792644774,5947.5,2,0
1,334.977470764425,1736.31165093079,663.5,2,0
1,-2823.6390808709,1619.45483959026,5296.5,2,0
1,-2870.00001206668,1619.47781852958,5315,2,0
1,-6142.83276363602,1182.80240301481,7403,2,0
1,-2826.15492113121,1619.45468337719,5297.5,2,0
1,-4257.08907556487,1491.62267875427,6486,2,0
1,-4792.16809485899,1422.99478536446,6938,2,0
1,-10683.8217758695,1491.20813705123,8209,2,0
1,-4187.46602001926,1511.15755526046,6362,2,0
1,-17939.8288155138,2115.87371888423,8954,2,0
1,-16013.6892642309,1953.35339515179,8790.5,2,0
1,-28652.7821429188,3842.5473454414,9687,2,0
1,-4197.92698783707,1507.83151768051,6381.5,2,0
1,-2774.38944282988,1619.48854714346,5277,2,0
1,-4583.39443393564,1446.99989187,6822,2,0
1,-744.269261460751,1560.02488495376,2924,2,0
1,-8978.10668722214,1203.64051786501,7955,2,0
1,-7206.19204698829,1032.20943536298,7641.5,2,0
1,-4152.24015135411,1523.27461060734,6295.5,2,0
1,173.73164825514,1763.56548903618,1053,2,0
1,-711.03453155607,1399.42410676108,4206,2,0
1,-940.229284303728,1506.15444730186,4385.5,2,0
1,-4480.87121214904,1457.64396106448,6749,2,0
1,-9147.27547479235,1233.78136701606,7982,2,0
1,-640.949261250906,1644.84454606215,2707,2,0
1,-326.686961624306,1026.00874187113,3711,2,0
1,-3073.73154475726,1620.19155211564,5399,2,0
1,-9207.38447931968,1244.55009572504,7991.5,2,0
1,42.333447214216,1712.39480931189,1929,2,0
1,-226.700278615113,1711.96065717335,2309,2,0
1,-581.43398455251,1664.61409712911,2639.5,2,0
1,-743.687433141284,1562.33335373551,2919,2,0
1,-459.091497010551,1194.49684708747,3428.5,2,0
1,-548.160736465361,1275.57403991636,4054,2,0
1,-550.619205468334,1277.8017500459,4056.5,2,0
1,-3258.92183189001,1621.46543347379,5482,2,0
1,-4141.61244968884,1527.14635500949,6275.5,2,0
1,-4153.82870762981,1522.70255085133,6298.5,2,0
1,-4167.57187971007,1517.84390235557,6324.5,2,0
1,-4359.94893444981,1472.15267274651,6632.5,2,0
1,-4370.30924162082,1470.65451140796,6644.5,2,0
1,-4693.52902152622,1434.89183273631,6887,2,0
1,-4766.03154154168,1426.25271838996,6925,2,0
1,-5371.85524328612,1332.35446054138,7173,2,0
1,-5399.4059805763,1327.32123841629,7182.5,2,0
1,-6680.07114915736,1089.35182142303,7531,2,0
1,-7062.9617873067,1043.02369805133,7612.5,2,0
1,-7129.19306552457,1037.51885164185,7626,2,0
1,-8171.81883348897,1074.81612350599,7820.5,2,0
1,-9003.01420972543,1208.05493570162,7959,2,0
1,-9084.33408459416,1222.52977800143,7972,2,0
1,184.60177054815,1764.22528531536,1016.5,2,0
1,-679.843792109285,1627.01936832413,2760,2,0
1,-634.340989131015,1381.18558696174,3219.5,2,0
1,-417.343226429075,1140.12743601912,3904.5,2,0
1,-702.360164303333,1393.97889105465,4198.5,2,0
1,-1113.02813424682,1552.80355686292,4502,2,0
1,-1774.47520041093,1618.60489374429,4862.5,2,0
1,-3995.97213436477,1576.39645648402,6040,2,0
1,-4120.00383845996,1535.16947915859,6235.5,2,0
1,-4318.10925549222,1478.968259475,6579,2,0
1,-4354.91674098466,1472.90540803886,6626.5,2,0
1,-4484.01907397714,1457.31481673692,6751.5,2,0
1,-4482.12734192004,1457.51252407186,6750,2,0
1,-4670.08501076978,1437.56456406933,6874,2,0
1,-4712.03822474228,1432.7409897797,6897,2,0
1,-4751.25879173027,1428.06010945766,6917.5,2,0
1,-4763.0589881395,1426.61837069837,6923.5,2,0
1,-4810.65268583503,1420.64385603622,6947,2,0
1,-4817.92653960828,1419.70814070999,6950.5,2,0
1,-5384.86445986293,1329.98387213784,7177.5,2,0
1,-5464.48922439665,1315.24702887534,7204.5,2,0
1,-5839.54711072659,1242.33516998245,7320.5,2,0
1,-6906.72866239399,1059.16127498942,7580,2,0
1,-7508.78274709405,1023.91309768573,7700.5,2,0
1,-9059.25209580176,1218.05647985222,7968,2,0
1,-9087.47312438069,1223.09005829418,7972.5,2,0
1,-10126.2837009686,1404.5171243356,8130.5,2,0
1,-5371.85524328612,1332.35446054138,7173,2,0
1,-700.896268800832,1454.36135148553,3117,2,0
1,-3645.59743940318,1620.14972126959,5703,2,0
1,-3949.20251558488,1587.82344962318,5981,2,0
1,-4446.16414487362,1461.34905949554,6720,2,0
1,-4270.57133527519,1488.50812161136,6508,2,0
1,-4424.10982220899,1463.82204055739,6700,2,0
1,-5331.85130225634,1339.57232297924,7159,2,0
1,-5371.85524328612,1332.35446054138,7173,2,0
1,251.094831993338,1759.26018386607,841,2,0
1,-2952.77256335551,1619.65158909138,5348.5,2,0
1,-4201.16990566906,1506.82851672712,6387.5,2,0
1,333.759433046449,1736.7791891506,666,2,0
1,289.663816984743,1750.94657320146,757,2,0
1,252.853736741003,1758.96155137997,837,2,0
1,224.688415784854,1762.78540329472,904,2,0
1,109.93000742048,1728.39050870575,1541,2,0
1,-570.364959963597,1667.63894436826,2628,2,0
1,-650.416607698891,1640.9806247902,2719,2,0
1,-693.816428523511,1445.8295008516,3130,2,0
1,-524.005814956501,1253.0750898265,4029,2,0
1,-1256.60629961547,1578.40457944659,4590,2,0
1,-3142.84956432926,1620.62568994133,5429,2,0
1,-4557.53011022275,1449.70620533461,6805,2,0
1,-4568.03232313413,1448.61169154109,6812,2,0
1,-4569.54951922316,1448.4530376991,6813,2,0
1,-5256.67505585309,1352.82146644449,7132,2,0
1,-6868.97980761528,1063.67129739881,7572,2,0
1,-7188.71592569491,1033.3082232056,7638,2,0
1,-7580.23239199817,1025.10361231595,7714,2,0
1,349.772070721723,1730.27318781459,633,2,0
1,150.409010368865,1759.75606683077,1148,2,0
1,250.21878279373,1759.40602405968,843,2,0
1,-183.142115578987,1713.19110435852,2265,2,0
1,-4428.40144752059,1463.3305521064,6704,2,0
1,-4355.33245577058,1472.84263372014,6627,2,0
1,-4993.22869898612,1395.3602124664,7029,2,0
1,-1792.56438533589,1619.09516887135,4871,2,0
1,-8731.96104998188,1160.78979886664,7915,2,0
1,324.980298429728,1740.0217340241,684,2,0
1,-610.630088324193,1356.74234854114,3250,2,0
1,-2809.78377614031,1619.45829307935,5291,2,0
1,-3972.83652210515,1582.34358284777,6010,2,0
1,-4823.15127090504,1419.0323303942,6953,2,0
1,-5348.90930344816,1336.50804335703,7165,2,0
1,-7134.1299364185,1037.14261622236,7627,2,0
1,-9749.86889822921,1340.85267459996,8075,2,0
1,-651.188808483537,1640.6540127239,2720,2,0
1,-709.874014832079,1398.70246414549,4205,2,0
1,-764.532443892211,1430.44467829236,4251,2,0
1,-88394.9954073092,2161.3165511116,14082,2,0
1,-93152.6138341592,2147.90601318628,14295,2,0
1,-92295.8659033226,2147.31730802153,14255,2,0
1,-95458.6148802401,2166.29647119779,14408,2,0
1,-95222.1415096917,2162.8667464071,14396,2,0
1,-97905.8448902317,2234.56825259971,14539,2,0
1,-112230.117655603,2153.93141825254,18116,2,0
1,-112387.463299463,2147.47747776835,18174,2,0
1,-113306.076296936,2153.24866993506,18448,2,0
1,-112517.304648503,2144.78752242774,18218,2,0
1,-112393.174735767,2147.31583977591,18176,2,0
1,-113671.349458525,2163.84708896603,18549,2,0
1,-114259.288765544,2185.80320884816,18746,2,0
1,-114333.516320607,2189.32913564502,18783,2,0
1,-114188.631123947,2182.72671675167,18716,2,0
1,-114371.741774114,2191.34610452467,18806,2,0
1,-60615.1534954282,2333.12325078907,12002,2,0
1,-61905.4208085805,2207.27739883527,12203,2,0
1,-61700.8326251935,2218.71091736718,12170,2,0
1,-66015.0685224032,2171.39606964334,12798,2,0
1,-66427.8967859764,2168.49280769841,12844,2,0
1,-67924.7216081208,2160.14236979799,12993,2,0
1,-69023.4072693507,2157.1110699962,13088,2,0
1,-70195.4417815721,2156.44369288716,13179,2,0
1,-76476.8455092149,2170.92109771458,13555,2,0
1,-76858.1938456937,2171.97416164334,13574,2,0
1,-76939.2145295481,2172.19399941923,13578,2,0
1,-78057.1625595449,2175.03670281914,13632,2,0
1,-111556.991421414,2471.65774379445,17580,2,0
1,-98500.9113795918,2263.04686663846,14573,2,0
1,-113160.286937215,2149.79464700759,18408,2,0
1,358.681407533586,1573.01472633387,-68,3,0
1,407.100977231283,1566.30832268752,14,3,0
1,420.671542998869,1568.5035063916,43,3,0
1,429.863804162946,1571.40757517528,65.5,3,0
1,437.38116332842,1574.91450725296,86.5125,3,0
1,443.707495750394,1578.95899417729,106.975,3,0
1,452.570592735894,1587.44471343706,143.5,3,0
1,460.687489355914,1621.70959796435,261.05,3,0
1,454.799959743395,1639.01462327824,314.525,3,0
1,446.808434118982,1652.23248699437,354.925,3,0
1,438.635508366395,1662.48206259824,386.4875,3,0
1,426.761329266243,1674.59002613291,424.5125,3,0
1,415.629544733092,1684.15288550712,455.475,3,0
1,401.903076546267,1694.37529795879,489.9125,3,0
1,379.830563721713,1708.28169423824,540.0125,3,0
1,359.10329675721,1719.26089713621,583.5125,3,0
1,305.528896993026,1740.96949091949,688.9375,3,0
1,225.927319900598,1759.85911376744,847.125,3,0
1,134.612152805086,1763.29256922397,1074,3,0
1,86.7735574455,1753.2070600078,1254.55,3,0
1,53.5837957244366,1737.89361781604,1438.0125,3,0
1,40.5439333044924,1731.56368863227,1516.4625,3,0
1,29.9186735600233,1727.38672575037,1574.9625,3,0
1,15.8500547925942,1723.39275894013,1641.5375,3,0
1,-0.959378662984818,1720.3830947662,1706.475,3,0
1,-45.9512809324078,1717.21916204585,1831.4875,3,0
1,-163.905217298307,1719.23403873262,2025.0375,3,0
1,-454.774448869284,1729.81155880765,2292.0375,3,0
1,-752.304231367074,1730.92303511055,2489.5125,3,0
1,-874.221890175715,1728.02093465446,2566.0125,3,0
1,-959.550257634837,1724.9940714672,2620.5,3,0
1,-1027.77482684562,1722.10670054013,2665.525,3,0
1,-1097.11802403536,1718.88549769815,2713.5,3,0
1,-1148.82127481792,1716.40640341451,2751.4125,3,0
1,-1206.09533287724,1713.73071637159,2796.5125,3,0
1,-1256.91766067781,1711.58622038143,2840.475,3,0
1,-1312.37821920868,1709.76740173833,2895,3,0
1,-1421.14403208299,1709.911093365,3050.05,3,0
1,-1451.9297129754,1711.90355577736,3136.4625,3,0
1,-1460.11759946123,1712.72995031755,3176.9625,3,0
1,-1466.37647144543,1713.38905195709,3241.4625,3,0
1,-1466.16536758328,1712.8748427816,3303.5,3,0
1,-1463.86001593107,1711.91046164942,3340.9625,3,0
1,-1461.16364896158,1710.76937086256,3370.9375,3,0
1,-1458.5386978914,1709.59426568477,3395.5,3,0
1,-1455.1690594852,1707.97355274031,3424,3,0
1,-1452.12240826758,1706.38572962585,3448.3625,3,0
1,-1448.54021009617,1704.34780827197,3476.475,3,0
1,-1444.65279509267,1701.88425677525,3507.4875,3,0
1,-1439.99766633287,1698.46974962052,3547.35,3,0
1,-1435.43477964588,1694.32127754558,3593.4875,3,0
1,-1433.00115776574,1691.46336311623,3624.9875,3,0
1,-1431.40810692171,1689.01006445771,3652.4375,3,0
1,-1430.68402040936,1687.52051234077,3669.4875,3,0
1,-1429.92439598497,1684.99859688344,3699.3875,3,0
1,-1429.78538640169,1683.22804371188,3721.4625,3,0
1,-1429.91343491664,1681.96435808383,3737.95,3,0
1,-1430.18767123343,1680.89547504188,3752.4875,3,0
1,-1430.89869962446,1679.3356940969,3774.9125,3,0
1,-1432.4027822502,1677.39736054314,3805.4375,3,0
1,-1433.92456034804,1676.08271042762,3828.4875,3,0
1,-1436.18559136987,1674.66825163183,3856.425,3,0
1,-1438.27013297612,1673.6958613931,3878.425,3,0
1,-1441.6295691682,1672.54327878466,3909.325,3,0
1,-1448.92362223566,1671.09032887184,3964.9625,3,0
1,-1466.07391398307,1670.27805907795,4062.9625,3,0
1,-1484.07311212923,1670.71288764604,4137.85,3,0
1,-1500.532795351,1671.25706012678,4191.45,3,0
1,-1513.63436542172,1671.61522852798,4227.425,3,0
1,-1536.6417559688,1672.01008044217,4280.9125,3,0
1,-1557.24460576056,1672.13190568398,4321.525,3,0
1,-1576.08306299243,1672.09208639064,4354.4125,3,0
1,-1594.39042908838,1671.94743571135,4383.425,3,0
1,-1611.45555054583,1671.74068849471,4408.3875,3,0
1,-1631.02196093695,1671.43879997666,4435,3,0
1,-1645.07378139114,1671.18877838518,4453,3,0
1,-1671.68593742978,1670.65881793526,4484.975,3,0
1,-1698.9675596836,1670.0595375995,4515.375,3,0
1,-1720.00998164481,1669.56960427027,4537.4625,3,0
1,-1749.21873821877,1668.85998959406,4566.475,3,0
1,-1784.09001301229,1667.97732450303,4599,3,0
1,-1838.44405887555,1666.53676998763,4645.975,3,0
1,-1894.35267200833,1664.97560424932,4690.4875,3,0
1,-2037.74667604174,1660.57573813743,4791.55,3,0
1,-2327.56098614493,1650.35308354526,4958.525,3,0
1,-2503.60842712922,1644.17589285407,5045.05,3,0
1,-2568.23406125,1642.08219407536,5074.9875,3,0
1,-2624.67112536449,1640.36378376161,5100.5125,3,0
1,-2668.48516314151,1639.11008753306,5119.9875,3,0
1,-2714.00804684404,1637.88878605658,5139.95,3,0
1,-2768.38853884349,1636.54595486456,5163.4875,3,0
1,-2856.34284638148,1634.66041544298,5201,3,0
1,-2909.66020771489,1633.69840260614,5223.5,3,0
1,-2950.18476674194,1633.06166284535,5240.525,3,0
1,-2981.16147519508,1632.63057423446,5253.5125,3,0
1,-3003.83618762298,1632.34578865459,5263.0125,3,0
1,-3026.48189116456,1632.08735799099,5272.5,3,0
1,-3051.50157024385,1631.83195582045,5282.9875,3,0
1,-3064.64201924438,1631.71055061467,5288.5,3,0
1,-3083.6932331631,1631.5499243463,5296.5,3,0
1,-3105.12103748554,1631.39091535584,5305.5125,3,0
1,-3153.61399206473,1631.11496373931,5325.9875,3,0
1,-3227.51333378023,1630.91188379751,5357.5,3,0
1,-3256.53027203027,1630.90106875707,5370.0125,3,0
1,-3281.82729792735,1630.92193469331,5381,3,0
1,-3294.44886286044,1630.9426060515,5386.5125,3,0
1,-3306.90703693265,1630.96954316901,5391.975,3,0
1,-3314.94801396318,1630.99023446578,5395.5125,3,0
1,-3334.09454142815,1631.05006590952,5403.975,3,0
1,-3348.71187429177,1631.10546444734,5410.475,3,0
1,-3368.81728941249,1631.19477578836,5419.475,3,0
1,-3382.18625432206,1631.26227868878,5425.5,3,0
1,-3389.9731713878,1631.30448323009,5429.025,3,0
1,-3406.37118264195,1631.40011693223,5436.4875,3,0
1,-3416.17364268098,1631.46145823946,5440.975,3,0
1,-3428.15359786153,1631.54049692579,5446.4875,3,0
1,-3436.85719314497,1631.60071413069,5450.5125,3,0
1,-3452.97451838665,1631.71790610122,5458.0125,3,0
1,-3466.83464274835,1631.82430398169,5464.5125,3,0
1,-3477.37358632078,1631.90840700421,5469.4875,3,0
1,-3504.673211243,1632.13821212538,5482.5125,3,0
1,-3535.49574901443,1632.41470659415,5497.475,3,0
1,-3560.84084817814,1632.65205214022,5510,3,0
1,-3582.74898505351,1632.86150021869,5521,3,0
1,-3620.86022098316,1633.22765295085,5540.55,3,0
1,-3717.81122466037,1634.05987024057,5593,3,0
1,-3880.57299468014,1634.15109577278,5692.025,3,0
1,-3991.23210958857,1632.02054245887,5769.0125,3,0
1,-4048.12744417647,1629.81412253446,5811.9875,3,0
1,-4073.6370742647,1628.53027344292,5832.025,3,0
1,-4097.95498705376,1627.12452653085,5851.575,3,0
1,-4128.10080331611,1625.12692780164,5876.425,3,0
1,-4149.59271359816,1623.52724948204,5894.5625,3,0
1,-4173.93694805354,1621.53827826744,5915.5375,3,0
1,-4197.16857024841,1619.46724784096,5935.9875,3,0
1,-4223.30661823321,1616.94213531146,5959.5125,3,0
1,-4248.7644170532,1614.29672987955,5982.9625,3,0
1,-4274.28346245829,1611.47885767371,6007.0125,3,0
1,-4311.44297181442,1607.13134975281,6043.025,3,0
1,-4354.27165908366,1601.88957515892,6086,3,0
1,-4380.93162299646,1598.59228085206,6113.525,3,0
1,-4409.84627307579,1595.07441243417,6144,3,0
1,-4437.3375201202,1591.86622391084,6173.5,3,0
1,-4484.06202189298,1586.94722714068,6224.4875,3,0
1,-4567.04938565893,1580.72751414701,6315.5375,3,0
1,-4623.51277670171,1578.62939129931,6376,3,0
1,-4647.95780235669,1578.21576371335,6401.5125,3,0
1,-4663.98384933593,1578.08646043473,6417.9875,3,0
1,-4685.19976763753,1578.06939601196,6439.475,3,0
1,-4709.38306709705,1578.23665227794,6463.5,3,0
1,-4719.59201096045,1578.35894618424,6473.4875,3,0
1,-4729.92435868317,1578.51018332552,6483.5,3,0
1,-4738.77614616929,1578.65974715943,6492,3,0
1,-4745.07055533025,1578.77638755637,6498,3,0
1,-4755.09122571722,1578.97807284662,6507.475,3,0
1,-4760.92823983915,1579.10386372301,6512.95,3,0
1,-4769.5887334235,1579.30078739139,6521.0125,3,0
1,-4776.05862814933,1579.4549945768,6526.9875,3,0
1,-4783.71050254721,1579.64450594855,6534,3,0
1,-4791.92582269479,1579.8555205631,6541.4625,3,0
1,-4800.28916460136,1580.0772675542,6548.9875,3,0
1,-4867.88208168279,1582.00251674437,6606.975,3,0
1,-4942.07050307794,1584.0547991975,6664.4875,3,0
1,-5029.75956519367,1586.05014081358,6724.5,3,0
1,-5076.63943847083,1586.89428100546,6753.4875,3,0
1,-5084.20534532284,1587.01657514729,6757.9875,3,0
1,-5099.57678844221,1587.25360325656,6766.9875,3,0
1,-5158.79079263005,1588.03326810697,6800.0125,3,0
1,-5255.01819907594,1588.91544401743,6848.9875,3,0
1,-5321.2578896936,1589.3087017694,6880,3,0
1,-5332.323028591,1589.3610029322,6885,3,0
1,-5337.83975220984,1589.38587359685,6887.475,3,0
1,-5340.13210265385,1589.395902099,6888.5,3,0
1,-5344.6178666167,1589.41516248802,6890.5,3,0
1,-5346.86713390518,1589.42470094118,6891.5,3,0
1,-5347.993362993,1589.42933675624,6892,3,0
1,-5352.50890947785,1589.44793336528,6894,3,0
1,-5355.90672344062,1589.46155914341,6895.5,3,0
1,-5360.42353928648,1589.47926076908,6897.4875,3,0
1,-5362.70248707198,1589.48798254476,6898.4875,3,0
1,-5363.90063155256,1589.49254685845,6899.0125,3,0
1,-5368.44704104261,1589.50944953862,6901,3,0
1,-5371.88936508121,1589.52198283761,6902.5,3,0
1,-5373.03892120812,1589.52609578674,6903,3,0
1,-5377.6188537376,1589.54223728146,6904.9875,3,0
1,-5379.9873516853,1589.55037405287,6906.0125,3,0
1,-5412.78011523187,1589.65186367852,6920.0125,3,0
1,-5499.52207997162,1589.83980668942,6955.4875,3,0
1,-5639.98233679775,1590.03102687952,7009,3,0
1,-5737.87459195033,1590.18242114461,7044,3,0
1,-5756.52849013312,1590.21899193142,7050.4875,3,0
1,-5773.9568994185,1590.25613353367,7056.5,3,0
1,-5794.4170282213,1590.30378745794,7063.5,3,0
1,-5801.84182338789,1590.32226890267,7066.025,3,0
1,-5812.0616330388,1590.34863708121,7069.4875,3,0
1,-5816.57680086,1590.36070650603,7071.0125,3,0
1,-5819.50512656895,1590.36868617882,7072,3,0
1,-5822.47417775914,1590.37680194887,7073,3,0
1,-5825.48409040133,1590.38522752593,7074.0125,3,0
1,-5834.38715358451,1590.41075281527,7077,3,0
1,-5835.91775150318,1590.4152653754,7077.5125,3,0
1,-5840.36567769991,1590.42846742917,7079,3,0
1,-5846.35887355497,1590.44665104205,7081,3,0
1,-5852.32913323492,1590.4652813747,7082.9875,3,0
1,-5856.84456730587,1590.47969080059,7084.4875,3,0
1,-5861.40596651286,1590.49447187661,7086,3,0
1,-5864.42636221088,1590.50444705117,7087,3,0
1,-5870.440250827,1590.52470601125,7088.9875,3,0
1,-5873.50947899884,1590.53522191237,7090,3,0
1,-5884.14798967587,1590.57276082217,7093.5,3,0
1,-5904.13888602797,1590.64772858035,7100.0375,3,0
1,-5986.68780683121,1591.02325969839,7126.5125,3,0
1,-6227.59125887603,1592.79511357713,7199.5,3,0
1,-6473.97938366467,1595.65552959006,7268.5,3,0
1,-6606.2565854257,1597.57763590369,7303.5,3,0
1,-6678.23143306375,1598.72259976407,7322,3,0
1,-6741.64628740214,1599.78464799769,7338,3,0
1,-6812.25655089784,1601.02261980007,7355.5,3,0
1,-6967.9924550564,1603.94455537655,7393,3,0
1,-7062.38063762244,1605.8357420136,7415.05,3,0
1,-7129.74453936517,1607.23846236517,7430.5,3,0
1,-7180.47743488383,1608.32350790272,7441.9875,3,0
1,-7218.42169176554,1609.15104056029,7450.5,3,0
1,-7258.80163530679,1610.04678331473,7459.4875,3,0
1,-7297.45771820378,1610.91878821856,7468.025,3,0
1,-7343.15480044996,1611.96807025427,7478.0375,3,0
1,-7391.37146727601,1613.0971930091,7488.5125,3,0
1,-7426.14410163229,1613.92549470863,7496.0125,3,0
1,-7453.99179831939,1614.59759627773,7501.9875,3,0
1,-7489.2426784304,1615.45946293014,7509.5125,3,0
1,-7524.62889118027,1616.33734172793,7517.025,3,0
1,-7543.36953942152,1616.80755952418,7520.9875,3,0
1,-7571.84400402289,1617.52897196062,7526.9875,3,0
1,-7612.43791813264,1618.57231100396,7535.5,3,0
1,-7648.32702075969,1619.50957603206,7542.9875,3,0
1,-7725.62195224874,1621.57699699854,7559,3,0
1,-7759.63177087298,1622.50833776577,7566,3,0
1,-7779.0617863033,1623.04650239568,7569.9875,3,0
1,-7791.32501307875,1623.38845708132,7572.5,3,0
1,-7808.49510681676,1623.87037380394,7576.0125,3,0
1,-7837.83169725537,1624.70194719513,7582,3,0
1,-7862.33196658175,1625.40456033341,7586.9875,3,0
1,-7879.55836345488,1625.90310195193,7590.4875,3,0
1,-7891.94091656152,1626.26372684987,7593,3,0
1,-7909.21265680576,1626.77010143111,7596.5,3,0
1,-7933.93063972471,1627.50141192124,7601.5,3,0
1,-7951.263176593,1628.01892884146,7605,3,0
1,-7976.06531133177,1628.76645494509,7610,3,0
1,-8003.40192538919,1629.59978503639,7615.5,3,0
1,-8035.6543667349,1630.59606382825,7621.975,3,0
1,-8058.11181669543,1631.29815304377,7626.475,3,0
1,-8120.72914135922,1633.29311306166,7638.9875,3,0
1,-8186.03653582279,1635.43348279667,7651.9875,3,0
1,-8226.40577781107,1636.78774675733,7660,3,0
1,-8266.85880523873,1638.16905742185,7668.0125,3,0
1,-8294.67325554136,1639.13319546299,7673.5125,3,0
1,-8330.06264179852,1640.37669259786,7680.5,3,0
1,-8375.66455634078,1642.00732495571,7689.4875,3,0
1,-8413.85189126013,1643.39742343461,7697,3,0
1,-8454.52120208833,1644.90270460073,7704.9875,3,0
1,-8485.11582373502,1646.05209021994,7710.9875,3,0
1,-8528.5872079758,1647.71020399216,7719.5,3,0
1,-8620.6955631068,1651.32046376391,7737.4875,3,0
1,-8710.76612096047,1654.97772376852,7755.0125,3,0
1,-8764.89259017212,1657.23508953077,7765.5125,3,0
1,-8808.86576408474,1659.10146479906,7774.025,3,0
1,-8868.34282989986,1661.67167811588,7785.5125,3,0
1,-8909.79421928432,1663.49339476247,7793.5,3,0
1,-8982.77750602365,1666.76072429982,7807.525,3,0
1,-9061.0034912345,1670.34504132409,7822.5,3,0
1,-9179.17220435385,1675.91440874118,7845,3,0
1,-9237.17831780575,1678.71340689425,7855.9875,3,0
1,-9284.91586537147,1681.04756036382,7865,3,0
1,-9335.39745373419,1683.54506976577,7874.5,3,0
1,-9377.90925824875,1685.67081171328,7882.475,3,0
1,-9407.43528866302,1687.15897447665,7888,3,0
1,-9452.98278911225,1689.47303209898,7896.5,3,0
1,-9482.46919947863,1690.98261477652,7901.9875,3,0
1,-9522.8088752469,1693.06210229118,7909.475,3,0
1,-9558.06616372848,1694.89268695457,7916,3,0
1,-9587.86175094685,1696.4489324633,7921.5,3,0
1,-9623.16776046762,1698.30350643943,7928,3,0
1,-9661.23725517513,1700.31563400754,7934.9875,3,0
1,-9702.16776884766,1702.49290513158,7942.475,3,0
1,-9746.33630961692,1704.85770141358,7950.525,3,0
1,-9812.43460837845,1708.42462873186,7962.5125,3,0
1,-9937.68367442209,1715.26664709476,7985.025,3,0
1,-10212.9020397002,1730.59680993213,8033.5,3,0
1,-10369.8871577391,1739.45893136067,8060.5,3,0
1,-10482.3397801425,1745.8315958108,8079.5375,3,0
1,-10580.90981988,1751.42148938838,8096.0125,3,0
1,437.543292675167,1575.00402629201,87,3,0
1,-3621.72490275186,1633.23584299055,5541,3,0
1,-4905.56774472771,1583.07555923383,6637,3,0
1,-4573.00493740989,1580.42544305547,6322,3,0
1,447.224124107044,1581.81487223891,120,3,0
1,-1603.51774244383,1671.84432605291,4397,3,0
1,451.219735654071,1585.83088638769,137,3,0
1,-137.2471102993,1718.28159217217,1990,3,0
1,404.054538263008,1566.10297684382,8,3,0
1,-4542.73447462264,1582.16603703416,6289,3,0
1,447.729053720366,1582.27104781863,122,3,0
1,-1430.23339970224,1686.28043303489,3684,3,0
1,-3615.94964044821,1633.18077642931,5538,3,0
1,-5588.81480989791,1589.96583257842,6990,3,0
1,-1504.1915941448,1671.36614256259,4202,3,0
1,446.968164737802,1581.58849799951,119,3,0
1,147.780865892302,1764.2383319244,1035,3,0
1,8.92301545897499,1721.96169269812,1670,3,0
1,-4509.06845423253,1584.69361001764,6252,3,0
1,-4668.9001634703,1578.06764995906,6423,3,0
1,450.91194434138,1646.04328022036,336,3,0
1,441.358542637434,1577.31494750844,99,3,0
1,-5717.92420301074,1590.14654828208,7037,3,0
1,-553.961965984199,1731.50359694281,2361.5,3,0
1,-1726.43598258821,1669.41620010656,4544,3,0
1,-4488.16791075701,1586.55685156988,6229,3,0
1,-397.616050182376,1728.27363215865,2249,3,0
1,129.989734026603,1762.80995895441,1088.5,3,0
1,-1457.71493648598,1670.39367694472,4019.5,3,0
1,-5071.66015598504,1586.81176144054,6750.5,3,0
1,-5079.17358135246,1586.93560799106,6755,3,0
1,-8279.43394133542,1638.603539265,7670.5,3,0
1,-6498.16507873591,1595.98828098215,7275,3,0
1,-2178.52852587868,1655.74474368772,4877.5,3,0
1,-2513.10167908296,1643.86080696654,5049.5,3,0
1,-4961.50736158714,1584.5432577032,6678.5,3,0
1,-8500.49124844186,1646.63519014976,7714,3,0
1,-1465.0386003661,1712.3973321967,3324.5,3,0
1,-4913.36199804489,1583.29070466804,6643,3,0
1,-8515.81237623794,1647.21982263121,7717,3,0
1,171.735221469775,1764.5536762524,971,3,0
1,-4373.21587789943,1599.54451738009,6105.5,3,0
1,-1645.87396515673,1671.17387071645,4454,3,0
1,-1941.4010118125,1663.59609957225,4725.5,3,0
1,-1390.80791078089,1709.08536573408,2995,3,0
1,-4210.03655871749,1618.24928425511,5947.5,3,0
1,318.68172571389,1736.400368543,663.5,3,0
1,-3083.6932331631,1631.5499243463,5296.5,3,0
1,-3127.62800328108,1631.24846863598,5315,3,0
1,-7010.54184513493,1604.78619820851,7403,3,0
1,-3086.07276963536,1631.53109366733,5297.5,3,0
1,-4732.52002815017,1578.55224932479,6486,3,0
1,-5456.11410648143,1589.75780852965,6938,3,0
1,-11292.5087319845,1791.06399666005,8209,3,0
1,-4610.27196417516,1578.97207256453,6362,3,0
1,-18159.8611084656,2140.77128851845,8954,3,0
1,-16294.3336110194,2004.72397505452,8790.5,3,0
1,-28721.0587810066,3840.19458832537,9687,3,0
1,-4628.74680640874,1578.51748910682,6381.5,3,0
1,-3037.21990614245,1631.97385378231,5277,3,0
1,-5200.73059929581,1588.47011859295,6822,3,0
1,-1338.26666813064,1709.22266226716,2924,3,0
1,-9770.96480428195,1706.18299636168,7955,3,0
1,-8133.33188444981,1633.7013493828,7641.5,3,0
1,-4548.67201206926,1581.78437825983,6295.5,3,0
1,141.568909723312,1763.86769314893,1053,3,0
1,-1505.61772149336,1671.40692768409,4206,3,0
1,-1595.7621445707,1671.93314803908,4385.5,3,0
1,-5069.17314722016,1586.7699108018,6749,3,0
1,-9920.76556079648,1714.33666085928,7982,3,0
1,-1087.96173992194,1719.32134849667,2707,3,0
1,-1429.80666394392,1684.05651667685,3711,3,0
1,-3322.85402942915,1631.0132323197,5399,3,0
1,-9973.99270109832,1717.26813920302,7991.5,3,0
1,-96.7415420878679,1717.21332986456,1929,3,0
1,-478.254025918897,1730.32738184441,2309,3,0
1,-988.653047576547,1723.80582371888,2639.5,3,0
1,-1333.98568433803,1709.2953367379,2919,3,0
1,-1454.61470132973,1707.69369592036,3428.5,3,0
1,-1464.23993409472,1670.27445967447,4054,3,0
1,-1464.74542896822,1670.2741572689,4056.5,3,0
1,-3503.60717117507,1632.12898196836,5482,3,0
1,-4530.43068739772,1583.01894731216,6275.5,3,0
1,-4551.41595316865,1581.61461431994,6298.5,3,0
1,-4575.31307457853,1580.31365158751,6324.5,3,0
1,-4899.78231515177,1582.91409441804,6632.5,3,0
1,-4915.32521027233,1583.34438462946,6644.5,3,0
1,-5336.77896171762,1589.38112270767,6887,3,0
1,-5424.66086440673,1589.68377931271,6925,3,0
1,-6137.83784534596,1592.01313105381,7173,3,0
1,-6169.71014058543,1592.27413506618,7182.5,3,0
1,-7590.9504211871,1618.01783501055,7531,3,0
1,-7988.48413067218,1629.14382308085,7612.5,3,0
1,-8055.73970169248,1631.22364849321,7626,3,0
1,-9050.53725149389,1669.8606410958,7820.5,3,0
1,-9793.0256269821,1707.37389222471,7959,3,0
1,-9865.03575889068,1711.28562444341,7972,3,0
1,154.406026816927,1764.49544038113,1016.5,3,0
1,-1160.09974475903,1715.86840292582,2760,3,0
1,-1465.08638241841,1713.28151449554,3219.5,3,0
1,-1441.07239952963,1672.70679471087,3904.5,3,0
1,-1502.96141202096,1671.33020456074,4198.5,3,0
1,-1686.72546981135,1670.33417907192,4502,3,0
1,-2152.67839048058,1656.66101279607,4862.5,3,0
1,-4308.3680663947,1607.50011391306,6040,3,0
1,-4494.0780140264,1586.00861932789,6235.5,3,0
1,-4834.51961441571,1581.03554890033,6579,3,0
1,-4892.14643769246,1582.69882025661,6626.5,3,0
1,-5073.32300152443,1586.83955129684,6751.5,3,0
1,-5070.83018618403,1586.79786434724,6750,3,0
1,-5308.12079570908,1589.24195603772,6874,3,0
1,-5359.31408976624,1589.47503407354,6897,3,0
1,-5406.83443312394,1589.63498895468,6917.5,3,0
1,-5421.07679686742,1589.67441210225,6923.5,3,0
1,-5478.29790764675,1589.8021890813,6947,3,0
1,-5487.01456351951,1589.81816540201,6950.5,3,0
1,-6152.89319915976,1592.13407407452,7177.5,3,0
1,-6244.82350448053,1592.96179198343,7204.5,3,0
1,-6672.34194941865,1598.62643019481,7320.5,3,0
1,-7828.02304528281,1624.4227026814,7580,3,0
1,-8431.664089859,1644.05357116641,7700.5,3,0
1,-9842.82698460855,1710.07543251209,7968,3,0
1,-9867.81515370635,1711.43728204192,7972.5,3,0
1,-10791.2649154742,1763.31875582538,8130.5,3,0
1,-6137.83784534596,1592.01313105381,7173,3,0
1,-1446.65777592454,1711.44851251482,3117,3,0
1,-3897.1173947989,1633.9821801352,5703,3,0
1,-4246.65605665231,1614.52236587368,5981,3,0
1,-5022.76139180735,1585.91094687451,6720,3,0
1,-4755.64943060884,1578.98985746592,6508,3,0
1,-4992.52171509061,1585.26916548855,6700,3,0
1,-6091.48047410278,1591.66617827391,7159,3,0
1,-6137.83784534596,1592.01313105381,7173,3,0
1,228.842365574557,1759.41671181866,841,3,0
1,-3206.51793766348,1630.94354100465,5348.5,3,0
1,-4634.47853642702,1578.40980597659,6387.5,3,0
1,317.391724199522,1736.86861981321,666,3,0
1,270.455345867202,1751.06648611365,757,3,0
1,230.756287772674,1759.1161298495,837,3,0
1,199.850684971083,1762.97610195946,904,3,0
1,36.2318856371567,1729.74355445035,1541,3,0
1,-971.087442466989,1724.53147454225,2628,3,0
1,-1104.80193167878,1718.5183161419,2719,3,0
1,-1450.27973795403,1711.75496841549,3130,3,0
1,-1459.43103049509,1670.33831024255,4029,3,0
1,-1774.21533621196,1668.23072003975,4590,3,0
1,-3389.91803682549,1631.30420549386,5429,3,0
1,-5168.12548413174,1588.13816627786,6805,3,0
1,-5181.40315209888,1588.27972402579,6812,3,0
1,-5183.31683528051,1588.29933286732,6813,3,0
1,-6004.11728484649,1591.11696124363,7132,3,0
1,-7788.88332373556,1623.32025088779,7572,3,0
1,-8115.77842470119,1633.13335776951,7638,3,0
1,-8500.49124844186,1646.63519014976,7714,3,0
1,334.329847845249,1730.35348026331,633,3,0
1,112.529436723795,1760.16005250604,1148,3,0
1,227.888412376866,1759.56354896312,843,3,0
1,-418.446469736286,1728.87903502077,2265,3,0
1,-4998.45933284797,1585.40036823375,6704,3,0
1,-4892.77941608196,1582.71679471243,6627,3,0
1,-5695.35019025626,1590.10965682434,7029,3,0
1,-2167.25986700226,1656.14541853993,4871,3,0
1,-9552.65639289888,1694.61104938941,7915,3,0
1,308.085236667655,1740.11655552795,684,3,0
1,-1466.6674764636,1713.39285287986,3250,3,0
1,-3070.59816942411,1631.65833878597,5291,3,0
1,-4277.41316086892,1611.12296891364,6010,3,0
1,-5493.27134212246,1589.82919632397,6953,3,0
1,-6111.25891894288,1591.80943302088,7165,3,0
1,-8060.7340635499,1631.38059567413,7627,3,0
1,-10455.3990799212,1744.30400939636,8075,3,0
1,-1106.19260888407,1718.45173587997,2720,3,0
1,-1505.25915532466,1671.39671339068,4205,3,0
1,-1523.22723254282,1671.81618656435,4251,3,0
1,-88395.0180859251,2161.31654618187,14082,3,0
1,-93152.6289431525,2147.90601014897,14295,3,0
1,-92295.8822108563,2147.31730473812,14255,3,0
1,-95458.6270563137,2166.29646948881,14408,3,0
1,-95222.1539681884,2162.86674433516,14396,3,0
1,-97905.8543682941,2234.56825156679,14539,3,0
1,-112230.117664856,2153.93141824235,18116,3,0
1,-112387.463307722,2147.47747775026,18174,3,0
1,-113306.076301766,2153.24866993948,18448,3,0
1,-112517.304656082,2144.78752241429,18218,3,0
1,-112393.174743994,2147.31583978956,18176,3,0
1,-113671.349462488,2163.84708896371,18549,3,0
1,-114259.288768237,2185.80320884107,18746,3,0
1,-114333.516323111,2189.32913564219,18783,3,0
1,-114188.631126801,2182.72671675211,18716,3,0
1,-114371.741776509,2191.34610453011,18806,3,0
1,-60616.2807022417,2333.11543182181,12002,3,0
1,-61906.198248165,2207.27632015244,12203,3,0
1,-61701.659047774,2218.70913117016,12170,3,0
1,-66015.325169367,2171.39690422676,12798,3,0
1,-66428.132244464,2168.4935463083,12844,3,0
1,-67924.8996460041,2160.1428332966,12993,3,0
1,-69023.5561929359,2157.11139694406,13088,3,0
1,-70195.5672625164,2156.44391708761,13179,3,0
1,-76476.9072014099,2170.92112572116,13555,3,0
1,-76858.2533582242,2171.97418547384,13574,3,0
1,-76939.2735930432,2172.19402245058,13578,3,0
1,-78057.2158804976,2175.03671738259,13632,3,0
1,-111556.991447791,2471.65774379531,17580,3,0
1,-98500.9202606052,2263.04686608915,14573,3,0
1,-113160.286942438,2149.79464700581,18408,3,0
1,-40.9065776057541,147.87382380936,-68,4,0
1,-104.070502383634,112.49677231503,14,4,0
1,-132.992602925748,106.702041622711,43,4,0
1,-156.860464704689,102.809939448232,65.5,4,0
1,-179.553207173478,101.459644817255,86.5125,4,0
1,-201.330595336854,104.353505985765,106.975,4,0
1,-237.697425895371,124.241799667282,143.5,4,0
1,-328.273068134673,273.848925739129,261.05,4,0
1,-361.237258312292,354.383556927369,314.525,4,0
1,-384.383870766964,415.803258741865,354.925,4,0
1,-401.741593410727,462.952931281987,386.4875,4,0
1,-422.04205396818,517.755466974315,424.5125,4,0
1,-438.205049539916,560.119308261859,455.475,4,0
1,-455.893934329972,604.284677285381,489.9125,4,0
1,-481.221904389095,662.055723695262,540.0125,4,0
1,-502.901188876014,705.308747816943,583.5125,4,0
1,-554.285049414262,781.963088458978,688.9375,4,0
1,-626.765867952723,832.433084401021,847.125,4,0
1,-717.588753680233,801.855154646716,1074,4,0
1,-786.297518664505,641.768791671458,1254.55,4,0
1,-861.897787359543,363.877957521067,1438.0125,4,0
1,-897.559077927377,236.290568718545,1516.4625,4,0
1,-925.171104579233,157.499417328135,1574.9625,4,0
1,-955.743276341353,114.295048774319,1641.5375,4,0
1,-981.170331103262,145.273882409338,1706.475,4,0
1,-1011.33747308282,253.471877777551,1831.4875,4,0
1,-1025.97431100812,411.082836212429,2025.0375,4,0
1,-1067.32408787915,627.393648844798,2292.0375,4,0
1,-1165.91426507663,658.037115249984,2489.5125,4,0
1,-1218.03782363981,622.149584624947,2566.0125,4,0
1,-1258.07829912705,579.772511176792,2620.5,4,0
1,-1292.29787688563,535.122846558517,2665.525,4,0
1,-1329.35527856182,479.670941484678,2713.5,4,0
1,-1358.78967037238,432.201139130872,2751.4125,4,0
1,-1393.74691432202,376.098929208135,2796.5125,4,0
1,-1427.66445202846,330.343257301403,2840.475,4,0
1,-1469.62910155673,306.944834101695,2895,4,0
1,-1587.27975078253,451.375113255611,3050.05,4,0
1,-1649.69079057593,536.140415797616,3136.4625,4,0
1,-1678.5620304551,562.618877017798,3176.9625,4,0
1,-1725.03369482467,584.326630138218,3241.4625,4,0
1,-1771.56162815215,580.843258639201,3303.5,4,0
1,-1801.16889356868,567.453592308573,3340.9625,4,0
1,-1825.95407579048,550.903003210252,3370.9375,4,0
1,-1847.11175535386,533.633692950056,3395.5,4,0
1,-1872.73171559256,509.574862901132,3424,4,0
1,-1895.62578593893,485.713078166118,3448.3625,4,0
1,-1923.27039843984,454.563598083907,3476.475,4,0
1,-1955.39259295212,415.945561891607,3507.4875,4,0
1,-1999.34797141235,360.352263075067,3547.35,4,0
1,-2054.18414264917,289.303034646732,3593.4875,4,0
1,-2094.15896986751,238.48563336741,3624.9875,4,0
1,-2130.6963576586,194.673626163211,3652.4375,4,0
1,-2154.18441734649,168.905928146521,3669.4875,4,0
1,-2196.80374117568,130.422360262226,3699.3875,4,0
1,-2229.37661991501,112.452906778115,3721.4625,4,0
1,-2254.22506196843,107.503356317866,3737.95,4,0
1,-2276.34694250999,108.684498752618,3752.4875,4,0
1,-2310.54718267452,116.993108709463,3774.9125,4,0
1,-2356.64401511289,132.692996149786,3805.4375,4,0
1,-2390.66910249321,144.126307596526,3828.4875,4,0
1,-2430.54551843274,156.382316024853,3856.425,4,0
1,-2460.63844480691,165.383004652942,3878.425,4,0
1,-2500.67158192303,178.990670235403,3909.325,4,0
1,-2566.12542633153,213.580897504759,3964.9625,4,0
1,-2665.84449156281,308.564662110602,4062.9625,4,0
1,-2735.61423998605,378.372266266156,4137.85,4,0
1,-2784.82203786448,413.574243426362,4191.45,4,0
1,-2818.11613042792,427.676403687169,4227.425,4,0
1,-2868.5244440469,432.828855385358,4280.9125,4,0
1,-2907.71791699203,423.77352353241,4321.525,4,0
1,-2940.05013891123,408.465004574077,4354.4125,4,0
1,-2968.94885595189,389.40085315508,4383.425,4,0
1,-2994.00963878445,369.173661559179,4408.3875,4,0
1,-3020.80170162814,344.137999655228,4435,4,0
1,-3038.8824932361,325.435231576907,4453,4,0
1,-3070.68141698046,289.387323781167,4484.975,4,0
1,-3100.16942721466,252.909583211767,4515.375,4,0
1,-3120.86051899707,226.09243802927,4537.4625,4,0
1,-3146.68497541733,192.380704583253,4566.475,4,0
1,-3173.14255039766,160.910139330609,4599,4,0
1,-3205.03058724152,142.755308570295,4645.975,4,0
1,-3227.0072247372,165.729695575317,4690.4875,4,0
1,-3255.14780942257,257.856697010826,4791.55,4,0
1,-3306.31084517622,286.901464552214,4958.525,4,0
1,-3373.82711982029,226.154496295113,5045.05,4,0
1,-3408.3193993587,198.427734557634,5074.9875,4,0
1,-3443.16929970775,174.361131867255,5100.5125,4,0
1,-3473.44899312826,156.634900001681,5119.9875,4,0
1,-3508.08961166162,139.796974766215,5139.95,4,0
1,-3554.08510120865,122.760028714956,5163.4875,4,0
1,-3640.72029138822,106.224344297573,5201,4,0
1,-3701.77204836812,105.705250211048,5223.5,4,0
1,-3752.78154225042,110.072999404689,5240.525,4,0
1,-3794.39403612586,115.485300100898,5253.5125,4,0
1,-3826.22603853699,120.240501096047,5263.0125,4,0
1,-3859.1135316696,125.445238314724,5272.5,4,0
1,-3896.64694650052,131.520518776231,5282.9875,4,0
1,-3916.83429724164,134.783161658341,5288.5,4,0
1,-3946.6473164754,139.532833400512,5296.5,4,0
1,-3980.90193350939,144.815397789238,5305.5125,4,0
1,-4060.93391322484,156.014050155126,5325.9875,4,0
1,-4188.23365907092,169.296097066137,5357.5,4,0
1,-4239.4896115954,172.834897787278,5370.0125,4,0
1,-4284.55431728764,175.054567593811,5381,4,0
1,-4307.130039196,175.852680251386,5386.5125,4,0
1,-4329.45184301818,176.437479461712,5391.975,4,0
1,-4343.8716176087,176.708470065277,5395.5125,4,0
1,-4378.21530648461,177.016971934209,5403.975,4,0
1,-4404.41079785442,176.942082914709,5410.475,4,0
1,-4440.34613099461,176.415947787274,5419.475,4,0
1,-4464.14312392706,175.811526273112,5425.5,4,0
1,-4477.95572110685,175.372150601917,5429.025,4,0
1,-4506.89865459222,174.252264499317,5436.4875,4,0
1,-4524.0897634821,173.47014916429,5440.975,4,0
1,-4544.96707955189,172.414466283219,5446.4875,4,0
1,-4560.03161265701,171.590829369,5450.5125,4,0
1,-4587.66650783829,169.967753551022,5458.0125,4,0
1,-4611.12246122863,168.511417426582,5464.5125,4,0
1,-4628.74179194169,167.396626875048,5469.4875,4,0
1,-4673.37889767997,164.652701547599,5482.5125,4,0
1,-4721.70195636339,162.283804682577,5497.475,4,0
1,-4759.43912022514,161.445819219481,5510,4,0
1,-4790.35234588571,161.900852862215,5521,4,0
1,-4839.92132299021,165.746284039012,5540.55,4,0
1,-4942.26194192236,186.369095491946,5593,4,0
1,-5051.65515112318,198.898356965655,5692.025,4,0
1,-5106.44010539167,166.86315160686,5769.0125,4,0
1,-5141.57647745172,152.834354667967,5811.9875,4,0
1,-5161.23868902307,153.497389730819,5832.025,4,0
1,-5182.53085532319,158.571509780795,5851.575,4,0
1,-5212.18449113006,168.882059634455,5876.425,4,0
1,-5235.34509032778,177.459787600917,5894.5625,4,0
1,-5263.38688187581,187.081382633254,5915.5375,4,0
1,-5291.70750643779,195.216724008471,5935.9875,4,0
1,-5325.07691427413,202.245126997969,5959.5125,4,0
1,-5358.75465825899,206.263257768096,5982.9625,4,0
1,-5393.28840648383,207.043116402907,6007.0125,4,0
1,-5444.11930633336,201.907228144815,6043.025,4,0
1,-5501.92638630606,187.172356208522,6086,4,0
1,-5536.55333623895,174.438763600566,6113.525,4,0
1,-5572.15469918726,159.381294601899,6144,4,0
1,-5603.58480646228,145.84056900639,6173.5,4,0
1,-5651.3880604594,129.137988248793,6224.4875,4,0
1,-5734.53929714439,112.965860847472,6315.5375,4,0
1,-5814.99540497549,98.9103671478015,6376,4,0
1,-5860.29489349853,91.6356427021252,6401.5125,4,0
1,-5893.57268806966,86.6600746414044,6417.9875,4,0
1,-5941.35525345057,79.7663432508332,6439.475,4,0
1,-5999.5033419379,71.9033375050327,6463.5,4,0
1,-6024.69537001709,69.0975686807642,6473.4875,4,0
1,-6050.26302066585,67.0424563059309,6483.5,4,0
1,-6072.01221395563,66.2030714915791,6492,4,0
1,-6087.27622203995,66.2644191021472,6498,4,0
1,-6111.02331852354,67.637255198075,6507.475,4,0
1,-6124.44246814447,69.1818494203698,6512.95,4,0
1,-6143.66844333336,72.4228425061105,6521.0125,4,0
1,-6157.44624439254,75.4728194788261,6526.9875,4,0
1,-6173.06731717475,79.6161084802439,6534,4,0
1,-6189.03130267374,84.5073553021648,6541.4625,4,0
1,-6204.45784825645,89.7397170458635,6548.9875,4,0
1,-6306.22755131079,124.503270292036,6606.975,4,0
1,-6395.36676504975,128.83917949526,6664.4875,4,0
1,-6503.63749666465,102.436787957166,6724.5,4,0
1,-6569.98889893945,90.8958788529279,6753.4875,4,0
1,-6581.41433073627,90.1355450131588,6757.9875,4,0
1,-6605.23879360221,89.7349722668171,6766.9875,4,0
1,-6703.54141477961,98.1145149824989,6800.0125,4,0
1,-6878.72788244486,117.965310778474,6848.9875,4,0
1,-7005.35874676891,128.365479938117,6880,4,0
1,-7026.7388723935,129.987119795878,6885,4,0
1,-7037.41077582585,130.798256125476,6887.475,4,0
1,-7041.84701572312,131.136713032102,6888.5,4,0
1,-7050.53012409713,131.801171455836,6890.5,4,0
1,-7054.88470189553,132.136172633351,6891.5,4,0
1,-7057.06515831221,132.304196136346,6892,4,0
1,-7065.80744152516,132.98003377945,6894,4,0
1,-7072.38480982464,133.492116923952,6895.5,4,0
1,-7081.12556470372,134.176639691294,6897.4875,4,0
1,-7085.53397632204,134.522847741503,6898.4875,4,0
1,-7087.85110413842,134.706530366099,6899.0125,4,0
1,-7096.63930632919,135.403058288906,6901,4,0
1,-7103.28809648706,135.934529893371,6902.5,4,0
1,-7105.50730597042,136.112166445181,6903,4,0
1,-7114.34258007258,136.822557951834,6904.9875,4,0
1,-7118.90750888875,137.191692258696,6906.0125,4,0
1,-7181.75140907522,142.321158568315,6920.0125,4,0
1,-7343.53814666998,154.448292221231,6955.4875,4,0
1,-7586.88945698738,164.964624931788,7009,4,0
1,-7739.87181071378,167.385657604346,7044,4,0
1,-7767.28244614601,167.796313693302,7050.4875,4,0
1,-7792.35759566678,168.241200231131,7056.5,4,0
1,-7821.11317896191,168.872479551977,7063.5,4,0
1,-7831.36101337429,169.138228369245,7066.025,4,0
1,-7845.29922910826,169.539311698814,7069.4875,4,0
1,-7851.39447871083,169.730887875067,7071.0125,4,0
1,-7855.32675150689,169.859876101206,7072,4,0
1,-7859.29685396655,169.994058730986,7073,4,0
1,-7863.30414791638,170.134647065031,7074.0125,4,0
1,-7875.05337338056,170.575476538943,7077,4,0
1,-7877.05745941773,170.654267872907,7077.5125,4,0
1,-7882.85472094035,170.891473895515,7079,4,0
1,-7890.6028832118,171.225776892999,7081,4,0
1,-7898.24859306961,171.575219721975,7082.9875,4,0
1,-7903.98251032503,171.850591991938,7084.4875,4,0
1,-7909.73191518709,172.138574292129,7086,4,0
1,-7913.51514053997,172.334531358703,7087,4,0
1,-7920.99117933307,172.736393556917,7088.9875,4,0
1,-7924.77747738501,172.94730820327,7090,4,0
1,-7937.74914207961,173.709931295409,7093.5,4,0
1,-7961.48944903538,175.258146209596,7100.0375,4,0
1,-8051.1567128743,182.641250337758,7126.5125,4,0
1,-8250.56820216682,200.384080538303,7199.5,4,0
1,-8396.15570110222,198.415557858096,7268.5,4,0
1,-8465.95900076348,187.202404987799,7303.5,4,0
1,-8504.23747709021,178.58334154852,7322,4,0
1,-8538.92367308587,169.788481158309,7338,4,0
1,-8579.21771553159,158.878994574103,7355.5,4,0
1,-8677.36111546587,131.649478661258,7393,4,0
1,-8745.11524187867,114.154302858736,7415.05,4,0
1,-8798.11508375639,102.048596249784,7430.5,4,0
1,-8840.84416160267,93.6032765604627,7441.9875,4,0
1,-8874.47324059019,87.903623132821,7450.5,4,0
1,-8911.88760072971,82.6286148890659,7459.4875,4,0
1,-8949.3114465205,78.517378729977,7468.025,4,0
1,-8995.60332521657,75.0246733262076,7478.0375,4,0
1,-9046.84278118843,73.0234357695713,7488.5125,4,0
1,-9085.27232755302,72.5725567310822,7496.0125,4,0
1,-9116.89106256841,72.7167773206651,7501.9875,4,0
1,-9157.91112084361,73.3883245869819,7509.5125,4,0
1,-9200.10748243053,74.4297471128793,7517.025,4,0
1,-9222.83000438334,75.0680941768968,7520.9875,4,0
1,-9257.80360938609,76.0796371845565,7526.9875,4,0
1,-9308.4919787799,77.473231796491,7535.5,4,0
1,-9353.99363591988,78.5309897106151,7542.9875,4,0
1,-9453.61749584228,79.8374936274784,7559,4,0
1,-9497.92588824267,79.9015086068591,7566,4,0
1,-9523.31354292296,79.7883983566865,7569.9875,4,0
1,-9539.35375131853,79.6621513021473,7572.5,4,0
1,-9561.82305465173,79.4131188272305,7576.0125,4,0
1,-9600.2070163684,78.8001983807095,7582,4,0
1,-9632.21392099839,78.1126585314298,7586.9875,4,0
1,-9654.66815599473,77.5383091595469,7590.4875,4,0
1,-9670.77386318613,77.0813452486603,7593,4,0
1,-9693.17938640388,76.3875242475129,7596.5,4,0
1,-9725.09865240706,75.2846636475227,7601.5,4,0
1,-9747.35951690748,74.442317255866,7605,4,0
1,-9779.01072903769,73.1494449577472,7610,4,0
1,-9813.58064562874,71.6226467724633,7615.5,4,0
1,-9853.88404401718,69.7225157038358,7621.975,4,0
1,-9881.60707734758,68.3603296250309,7626.475,4,0
1,-9957.28752403334,64.5632630494218,7638.9875,4,0
1,-10033.483638077,61.0466887620361,7651.9875,4,0
1,-10079.10782432,59.4181536688613,7660,4,0
1,-10123.6582494765,58.435351804528,7668.0125,4,0
1,-10153.5995919453,58.2175645692203,7673.5125,4,0
1,-10190.8730492694,58.5389730976419,7680.5,4,0
1,-10237.5487338514,59.9442588487843,7689.4875,4,0
1,-10275.4817990768,61.9148759026752,7697,4,0
1,-10314.7564045144,64.6873987980295,7704.9875,4,0
1,-10343.563197792,67.1386318714369,7710.9875,4,0
1,-10383.4531855388,70.996188699483,7719.5,4,0
1,-10464.2960308958,79.7602572825404,7737.4875,4,0
1,-10539.2119483915,87.925143557885,7755.0125,4,0
1,-10582.5889076204,92.2644257263229,7765.5125,4,0
1,-10617.054275936,95.3755136903501,7774.025,4,0
1,-10662.7128070397,98.9100176944819,7785.5125,4,0
1,-10693.9685840635,100.878380166941,7793.5,4,0
1,-10748.0684893085,103.301167082864,7807.525,4,0
1,-10805.0259770104,104.420888619543,7822.5,4,0
1,-10889.785372308,103.598196642509,7845,4,0
1,-10931.103822438,102.454991558526,7855.9875,4,0
1,-10965.0638144161,101.400092278012,7865,4,0
1,-11000.9726867964,100.392088536382,7874.5,4,0
1,-11031.2211849252,99.8055901521299,7882.475,4,0
1,-11052.2327560419,99.6281463671843,7888,4,0
1,-11084.6343168337,99.8554390000426,7896.5,4,0
1,-11105.588597449,100.399661736374,7901.9875,4,0
1,-11134.2023845767,101.740143619569,7909.475,4,0
1,-11159.1356215524,103.536556459093,7916,4,0
1,-11180.1329122256,105.54291817613,7921.5,4,0
1,-11204.9067538078,108.519039188776,7928,4,0
1,-11231.4703510189,112.460548464336,7934.9875,4,0
1,-11259.8401713134,117.527936357739,7942.475,4,0
1,-11290.2236169609,123.91408179836,7950.525,4,0
1,-11335.2562657604,135.093251986515,7962.5125,4,0
1,-11419.3897686363,160.686132739025,7985.025,4,0
1,-11601.7795637832,230.617239957477,8033.5,4,0
1,-11706.457422589,276.295085514389,8060.5,4,0
1,-11782.4886834458,311.11863180504,8079.5375,4,0
1,-11850.0857001268,342.923225102952,8096.0125,4,0
1,-180.078394843265,101.472061777538,87,4,0
1,-4840.98295420781,165.876207634756,5541,4,0
1,-6352.60257937154,131.216403376034,6637,4,0
1,-5741.67793887248,111.66058958489,6322,4,0
1,-214.744655157905,109.15361655155,120,4,0
1,-2982.56132691167,378.816390930318,4397,4,0
1,-231.530470226891,119.223012157561,137,4,0
1,-1024.39334898675,382.279415314874,1990,4,0
1,-98.4473960334435,113.682433616822,8,4,0
1,-5707.82760592829,118.261740974657,6289,4,0
1,-216.764694087673,110.112050118828,122,4,0
1,-2174.64713179413,148.78868307204,3684,4,0
1,-4833.83911799546,165.045266922659,5538,4,0
1,-7501.25773191266,162.474155245861,6990,4,0
1,-2794.54820345016,418.558345257988,4202,4,0
1,-213.730449943338,108.696821818788,119,4,0
1,-702.714989391621,819.055957184718,1035,4,0
1,-967.622146209236,121.161606058979,1670,4,0
1,-5675.00057399413,124.299510066156,6252,4,0
1,-5904.2995978999,85.0983186406658,6423,4,0
1,-373.690701188985,387.10366032298,336,4,0
1,-192.922812089324,102.609098196782,99,4,0
1,-7709.91918871831,166.982815148118,7037,4,0
1,-1095.02026207233,656.307332739175,2361.5,4,0
1,-3126.82965781027,218.263969237602,4544,4,0
1,-5655.31243144022,128.184872721694,6229,4,0
1,-1054.20136551512,602.341403762463,2249,4,0
1,-723.085102253594,793.93522652306,1088.5,4,0
1,-2623.43414429529,263.96850276216,4019.5,4,0
1,-6562.5821351842,91.6020573102849,6750.5,4,0
1,-6573.79289896786,90.5990023766469,6755,4,0
1,-10137.2651436497,58.2870988135425,7670.5,4,0
1,-8409.04054598743,196.86406289738,7275,4,0
1,-3274.04656440858,299.254191532593,4877.5,4,0
1,-3378.54506921675,222.141759009444,5049.5,4,0
1,-6418.21463214979,124.706333109097,6678.5,4,0
1,-10357.8084826879,68.4609278219953,7714,4,0
1,-1787.98756187456,574.356148006318,3324.5,4,0
1,-6361.80755202286,131.387566124282,6643,4,0
1,-10371.8537834403,69.827502371026,7717,4,0
1,-677.834910030477,835.122163851986,971,4,0
1,-5526.68388008932,178.312241619256,6105.5,4,0
1,-3039.88445412694,324.359269748959,4454,4,0
1,-3239.28077742131,198.274803458436,4725.5,4,0
1,-1546.29660063004,385.906509790403,2995,4,0
1,-5307.95784634817,199.005968448858,5947.5,4,0
1,-542.053106691688,767.085563990513,663.5,4,0
1,-3946.6473164754,139.532833400512,5296.5,4,0
1,-4017.64052536385,150.185131635339,5315,4,0
1,-8707.02243972477,123.765094092788,7403,4,0
1,-3950.41451615188,140.124824448951,5297.5,4,0
1,-6056.66511190822,66.6956147724052,6486,4,0
1,-7263.49203906534,148.797510102677,6938,4,0
1,-12365.5987251252,587.839838827424,8209,4,0
1,-5793.29245905858,102.658941933277,6362,4,0
1,-18488.0241335118,1979.56587265369,8954,4,0
1,-16723.9233240029,1703.30898820719,8790.5,4,0
1,-28815.0017434105,3855.81711385395,9687,4,0
1,-5824.12234778237,97.3888037131985,6381.5,4,0
1,-3875.07298734365,128.022512892447,5277,4,0
1,-6778.1009188001,107.303316915374,6822,4,0
1,-1492.01276805252,317.01735055685,2924,4,0
1,-11307.0621193727,127.863928199017,7955,4,0
1,-9972.21539888112,63.8282807477827,7641.5,4,0
1,-5714.03689211421,117.017450111348,6295.5,4,0
1,-709.599398230202,811.84944430326,1053,4,0
1,-2798.24306511693,420.267128422305,4206,4,0
1,-2971.02650978742,387.84920886806,4385.5,4,0
1,-6558.91600265168,92.0103942633251,6749,4,0
1,-11408.0990478285,156.94106008851,7982,4,0
1,-1324.31513795536,487.564495985769,2707,4,0
1,-2213.82793249702,119.492371481248,3711,4,0
1,-4358.05358730908,176.892804708834,5399,4,0
1,-11443.5621768152,168.984699688096,7991.5,4,0
1,-1021.10899229813,334.582588934555,1929,4,0
1,-1073.3422153336,635.887096192866,2309,4,0
1,-1272.42448723316,561.923126030077,2639.5,4,0
1,-1488.15381167736,314.216797381859,2919,4,0
1,-1876.88923792634,505.392115461411,3428.5,4,0
1,-2657.2654435751,299.374600117522,4054,4,0
1,-2659.66568923555,301.943656735434,4056.5,4,0
1,-4671.66571436636,164.751764114382,5482,4,0
1,-5695.45328361355,120.651015289894,6275.5,4,0
1,-5716.9680673182,116.426034437601,6298.5,4,0
1,-5744.51780951582,111.155777437687,6324.5,4,0
1,-6345.71242762916,130.830427629961,6632.5,4,0
1,-6364.11506351549,131.368658772969,6644.5,4,0
1,-7035.35821274621,130.642529192113,6887,4,0
1,-7204.32464798586,144.15362528742,6925,4,0
1,-8185.28183548246,195.509769390728,7173,4,0
1,-8209.51530515356,197.530879310775,7182.5,4,0
1,-9281.54825727269,76.7521423264512,7531,4,0
1,-9794.75916701928,72.4683811331339,7612.5,4,0
1,-9878.69265400572,68.5053889563377,7626,4,0
1,-10797.4547999748,104.355827468864,7820.5,4,0
1,-11322.0847399188,131.622918002915,7959,4,0
1,-11370.756115057,145.212586265723,7972,4,0
1,-695.595035777427,825.192763931149,1016.5,4,0
1,-1365.45560970763,421.302818011664,2760,4,0
1,-1709.07169663673,579.832053097524,3219.5,4,0
1,-2494.59892701171,176.694224253603,3904.5,4,0
1,-2791.31860362273,416.981106162566,4198.5,4,0
1,-3087.31508308463,269.121242139939,4502,4,0
1,-3270.12414884195,295.935070283255,4862.5,4,0
1,-5439.91515707877,202.616247575241,6040,4,0
1,-5660.91105093434,126.956030469307,6235.5,4,0
1,-6260.21712891804,110.291540027388,6579,4,0
1,-6336.52025585668,129.969706950754,6626.5,4,0
1,-6565.04570829868,91.3487136906854,6751.5,4,0
1,-6561.35620986903,91.7347169251487,6750,4,0
1,-6980.03431187477,126.43166932424,6874,4,0
1,-7078.97897974076,134.006775469435,6897,4,0
1,-7170.41261733091,141.395219007988,6917.5,4,0
1,-7197.52713746205,143.603783170003,6923.5,4,0
1,-7304.64946444891,151.812933313812,6947,4,0
1,-7320.68068500794,152.926490858243,6950.5,4,0
1,-8196.8818780235,196.503398256789,7177.5,4,0
1,-8262.11759017315,201.025756636354,7204.5,4,0
1,-8501.07044818392,179.346115030241,7320.5,4,0
1,-9587.37754237093,79.0309232144672,7580,4,0
1,-10292.8235537293,63.0520928550556,7700.5,4,0
1,-11355.800833696,140.818679343818,7968,4,0
1,-11372.6245671171,145.773700099115,7972.5,4,0
1,-11997.583405436,413.798685743509,8130.5,4,0
1,-8185.28183548246,195.509769390728,7173,4,0
1,-1635.78080237191,520.129367195338,3117,4,0
1,-5059.929946783,196.004351447176,5703,4,0
1,-5355.93075533072,206.049113591164,5981,4,0
1,-6494.34279732779,104.799333033096,6720,4,0
1,-6112.32121459069,67.7608469307033,6508,4,0
1,-6455.73114605481,115.330459957676,6700,4,0
1,-8147.73008976644,192.046648026154,7159,4,0
1,-8185.28183548246,195.509769390728,7173,4,0
1,-624.106876076665,831.497284064729,841,4,0
1,-4151.53216794133,166.108137783323,5348.5,4,0
1,-5834.47729315702,95.700506326777,6387.5,4,0
1,-543.260521297809,768.64652145885,666,4,0
1,-586.335555934347,811.536089209548,757,4,0
1,-622.362717152108,830.856008986383,837,4,0
1,-650.803394166287,838.111054985331,904,4,0
1,-909.09353532549,200.474407994502,1541,4,0
1,-1263.72217865847,572.907315678896,2628,4,0
1,-1333.62258841237,472.919156506352,2719,4,0
1,-1645.07748643216,531.050622146608,3130,4,0
1,-2632.8981650807,273.645902272712,4029,4,0
1,-3166.13242546935,168.566633166035,4590,4,0
1,-4477.85806380818,175.375277783425,5429,4,0
1,-6719.83607846033,100.127097382884,6805,4,0
1,-6743.32480727136,103.059535690067,6812,4,0
1,-6746.7384310565,103.483723549259,6813,4,0
1,-8068.46733749006,184.28162891413,7132,4,0
1,-9536.15930931363,79.6913204758286,7572,4,0
1,-9951.3947524908,64.8571484430994,7638,4,0
1,-10357.8084826879,68.4609278219953,7714,4,0
1,-527.238324471749,746.257581236523,633,4,0
1,-745.568115275819,752.421765321128,1148,4,0
1,-624.976692161523,831.808837506223,843,4,0
1,-1058.72237480711,612.243271347571,2265,4,0
1,-6463.13050614763,113.294845590236,6704,4,0
1,-6337.28712164285,130.056811701878,6627,4,0
1,-7675.25343798148,166.517765039647,7029,4,0
1,-3272.29175627138,298.032791023314,4871,4,0
1,-11155.3155562296,103.221335835741,7915,4,0
1,-551.920360281132,779.247722208747,684,4,0
1,-1731.29614925431,585.261879597517,3250,4,0
1,-3926.08723016502,136.268631609648,5291,4,0
1,-5397.55734584387,206.900754461807,6010,4,0
1,-7332.13674765406,153.699629926639,6953,4,0
1,-8164.10169146489,193.59487081331,7165,4,0
1,-9884.82492057513,68.1998959330774,7627,4,0
1,-11764.1749023031,302.627261064726,8075,4,0
1,-1334.39866856718,471.685047159961,2720,4,0
1,-2797.31894532312,419.84930184899,4205,4,0
1,-2840.17812105687,432.334052106909,4251,4,0
1,-88395.0450909764,2161.31659062018,14082,4,0
1,-93152.6468855625,2147.90603737817,14295,4,0
1,-92295.9015862532,2147.31733716681,14255,4,0
1,-95458.6414957908,2166.29648658029,14408,4,0
1,-95222.168744734,2162.86676468577,14396,4,0
1,-97905.8655907759,2234.56825832318,14539,4,0
1,-112230.117675501,2153.93141817362,18116,4,0
1,-112387.463317221,2147.47747777646,18174,4,0
1,-113306.076307314,2153.24867015329,18448,4,0
1,-112517.304664797,2144.78752261038,18218,4,0
1,-112393.174753457,2147.31583963667,18176,4,0
1,-113671.349467037,2163.84708893451,18549,4,0
1,-114259.288771324,2185.80320878152,18746,4,0
1,-114333.516325982,2189.32913565014,18783,4,0
1,-114188.631130078,2182.726716694,18716,4,0
1,-114371.741779251,2191.34610460442,18806,4,0
1,-60617.6752330055,2333.20315699139,12002,4,0
1,-61907.1552986207,2207.29308633838,12203,4,0
1,-61702.6772016189,2218.73352782332,12170,4,0
1,-66015.6371024207,2171.38907307423,12798,4,0
1,-66428.4181721145,2168.48655456206,12844,4,0
1,-67925.1152470926,2160.13835798561,12993,4,0
1,-69023.736231003,2157.10821034519,13088,4,0
1,-70195.7187206051,2156.44169160027,13179,4,0
1,-76476.9812137653,2170.92084081652,13555,4,0
1,-76858.3247349651,2171.97392834907,13574,4,0
1,-76939.3444269311,2172.19377388858,13578,4,0
1,-78057.2797754745,2175.03656147602,13632,4,0
1,-111556.991478233,2471.65774398824,17580,4,0
1,-98500.9307720016,2263.0468717192,14573,4,0
1,-113160.286948437,2149.7946469558,18408,4,0
1,854.449459273368,1105.37019681464,-68,5,0
1,931.482025376055,1021.74210010431,14,5,0
1,953.856510941871,1002.0881586803,43,5,0
1,969.276584685314,990.583154578899,65.5,5,0
1,982.071490729693,982.893515531678,86.5125,5,0
1,992.981791869737,978.324949793229,106.975,5,0
1,1008.5190698565,977.438717558699,143.5,5,0
1,1027.19494064152,1020.15651878439,261.05,5,0
1,1022.24247410754,1050.51943394911,314.525,5,0
1,1013.90917177871,1073.81098286534,354.925,5,0
1,1004.99515381828,1091.11929028066,386.4875,5,0
1,991.805921773892,1110.05750357104,424.5125,5,0
1,979.342512713745,1123.42145000087,455.475,5,0
1,963.931037694216,1135.6886277099,489.9125,5,0
1,939.137261100579,1148.02534829812,540.0125,5,0
1,915.871121389326,1153.04755798419,583.5125,5,0
1,855.645169945434,1143.23115475991,688.9375,5,0
1,763.505392270628,1085.22739993191,847.125,5,0
1,634.160475945566,1050.9681981565,1074,5,0
1,528.176895394456,1175.68069029709,1254.55,5,0
1,427.865408499725,1339.27450416269,1438.0125,5,0
1,386.939740517642,1402.31238480981,1516.4625,5,0
1,356.399756103754,1444.77889372592,1574.9625,5,0
1,320.823912338819,1488.11750547676,1641.5375,5,0
1,284.391783816274,1525.36036634784,1706.475,5,0
1,205.822115120012,1584.27971222847,1831.4875,5,0
1,47.6683527715504,1649.11040435834,2025.0375,5,0
1,-274.288828813005,1701.25295527774,2292.0375,5,0
1,-576.548215549439,1713.36332120719,2489.5125,5,0
1,-696.089197490364,1711.83463120217,2566.0125,5,0
1,-778.27042239951,1708.96739119142,2620.5,5,0
1,-842.970771718305,1705.71936943591,2665.525,5,0
1,-907.62856781017,1701.62528561888,2713.5,5,0
1,-954.942577356473,1698.09285994825,2751.4125,5,0
1,-1006.19632369513,1693.72957946278,2796.5125,5,0
1,-1050.3043425614,1689.46024025961,2840.475,5,0
1,-1096.26077862643,1684.29494917608,2895,5,0
1,-1170.7052721302,1669.79240474666,3050.05,5,0
1,-1177.56491835508,1659.45811437688,3136.4625,5,0
1,-1173.33917918988,1653.21285277555,3176.9625,5,0
1,-1158.24503961904,1640.60046046566,3241.4625,5,0
1,-1135.67492236895,1624.63836705499,3303.5,5,0
1,-1119.01724595996,1612.89026203354,3340.9625,5,0
1,-1104.38602082571,1602.24845001466,3370.9375,5,0
1,-1091.68885116326,1592.66937630071,3395.5,5,0
1,-1076.31053350214,1580.55670532998,3424,5,0
1,-1062.73235019436,1569.33547185722,3448.3625,5,0
1,-1046.70369234961,1555.37974894518,3476.475,5,0
1,-1028.73734430736,1538.72201964724,3507.4875,5,0
1,-1005.48476748634,1515.36070635508,3547.35,5,0
1,-978.766061022878,1485.5993467561,3593.4875,5,0
1,-960.870704845991,1463.62426518777,3624.9875,5,0
1,-945.619785510469,1443.39824423554,3652.4375,5,0
1,-936.340678969398,1430.33872827573,3669.4875,5,0
1,-920.475323570892,1406.53497437006,3699.3875,5,0
1,-909.124420230743,1388.23875269137,3721.4625,5,0
1,-900.860438155476,1374.18277049716,3737.95,5,0
1,-893.731298860628,1361.51799248355,3752.4875,5,0
1,-883.032775742002,1341.4964865947,3774.9125,5,0
1,-869.074268835597,1313.33622376889,3805.4375,5,0
1,-859.016522210557,1291.42164162364,3828.4875,5,0
1,-847.414808940142,1264.17784316364,3856.425,5,0
1,-838.761658519972,1242.25695219626,3878.425,5,0
1,-827.389070836827,1210.89417164482,3909.325,5,0
1,-809.559716406278,1153.35879903457,3964.9625,5,0
1,-789.223112003878,1053.43263531684,4062.9625,5,0
1,-787.553112374619,985.570950407239,4137.85,5,0
1,-796.803854940459,946.650760557778,4191.45,5,0
1,-809.09144607652,926.932194891942,4227.425,5,0
1,-836.562981158961,906.721359374075,4280.9125,5,0
1,-864.277256658766,897.074582382595,4321.525,5,0
1,-890.785096055828,892.018024896731,4354.4125,5,0
1,-917.042653911281,889.224642407607,4383.425,5,0
1,-941.701893451624,887.915195975987,4408.3875,5,0
1,-970.015898515936,887.560535998482,4435,5,0
1,-990.311345146969,887.925426735367,4453,5,0
1,-1028.58091556979,889.775646164605,4484.975,5,0
1,-1067.60880338633,892.836627817642,4515.375,5,0
1,-1097.6001959159,895.813519186831,4537.4625,5,0
1,-1139.11492900271,900.712622123477,4566.475,5,0
1,-1188.56919662142,907.683224733703,4599,5,0
1,-1265.5959281926,921.129668020895,4645.975,5,0
1,-1344.9794795583,938.652056022007,4690.4875,5,0
1,-1550.17646598071,1001.27102209399,4791.55,5,0
1,-1961.87044373015,1143.55352675626,4958.525,5,0
1,-2206.55370802851,1215.90196196545,5045.05,5,0
1,-2295.44091430819,1239.23040293601,5074.9875,5,0
1,-2372.72265500017,1258.27746906989,5100.5125,5,0
1,-2432.52608538186,1272.2562543502,5119.9875,5,0
1,-2494.50636746734,1286.06898601699,5139.95,5,0
1,-2568.36973106582,1301.66649405742,5163.4875,5,0
1,-2687.52475274913,1324.94824858583,5201,5,0
1,-2759.63206609664,1337.96814125543,5223.5,5,0
1,-2814.40710291034,1347.34480361074,5240.525,5,0
1,-2856.27203710051,1354.22119249577,5253.5125,5,0
1,-2886.92001903383,1359.09909542896,5263.0125,5,0
1,-2917.5355507927,1363.84211922595,5272.5,5,0
1,-2951.37289516861,1368.93530838805,5282.9875,5,0
1,-2969.15128537873,1371.54937176787,5288.5,5,0
1,-2994.93701024819,1375.26546373551,5296.5,5,0
1,-3023.95674057258,1379.34167723184,5305.5125,5,0
1,-3089.716231992,1388.16720100123,5325.9875,5,0
1,-3190.23668801319,1400.56288556048,5357.5,5,0
1,-3229.83818627335,1405.08268725141,5370.0125,5,0
1,-3264.43590926146,1408.86187428715,5381,5,0
1,-3281.72577536525,1410.69082718666,5386.5125,5,0
1,-3298.81123595452,1412.45883145436,5391.975,5,0
1,-3309.8495214209,1413.58008482817,5395.5125,5,0
1,-3336.16843409603,1416.18701055821,5403.975,5,0
1,-3356.29683506163,1418.11694154043,5410.475,5,0
1,-3384.03572195349,1420.68470121137,5419.475,5,0
1,-3402.51660433831,1422.3356717299,5425.5,5,0
1,-3413.29493620479,1423.2762275273,5429.025,5,0
1,-3436.02731533535,1425.20549974207,5436.4875,5,0
1,-3449.63982602023,1426.32498618081,5440.975,5,0
1,-3466.30103212642,1427.65826202498,5446.4875,5,0
1,-3478.42331996467,1428.60260053169,5450.5125,5,0
1,-3500.91226576548,1430.29609063512,5458.0125,5,0
1,-3520.29586756323,1431.69397211912,5464.5125,5,0
1,-3535.06324248342,1432.71988132792,5469.4875,5,0
1,-3573.4365666844,1435.22464932986,5482.5125,5,0
1,-3616.98542300705,1437.77578847854,5497.475,5,0
1,-3652.9875367512,1439.64088087091,5510,5,0
1,-3684.25766788423,1441.07368952862,5521,5,0
1,-3739.01247165864,1443.14219012656,5540.55,5,0
1,-3880.63010012778,1445.60558754685,5593,5,0
1,-4127.59920693887,1437.49881207939,5692.025,5,0
1,-4303.2861672123,1419.2708433859,5769.0125,5,0
1,-4396.1332665612,1404.56779386098,5811.9875,5,0
1,-4438.28190961713,1396.63413629964,5832.025,5,0
1,-4478.74098546617,1388.25232720536,5851.575,5,0
1,-4529.24949789839,1376.7136201551,5876.425,5,0
1,-4565.47825339669,1367.69131682024,5894.5625,5,0
1,-4606.71338008158,1356.65761852971,5915.5375,5,0
1,-4646.23621165287,1345.31689859289,5935.9875,5,0
1,-4690.86916334089,1331.61530562098,5959.5125,5,0
1,-4734.46465645265,1317.33279210473,5982.9625,5,0
1,-4778.23252265807,1302.12978514405,6007.0125,5,0
1,-4841.94121789094,1278.55779692686,6043.025,5,0
1,-4914.99551771302,1249.72632621515,6086,5,0
1,-4960.02288496913,1231.25273841108,6113.525,5,0
1,-5008.21408900013,1211.19045414351,6144,5,0
1,-5053.15250633145,1192.55495840723,6173.5,5,0
1,-5126.71323035378,1163.47000919696,6224.4875,5,0
1,-5244.22002484789,1128.54687102913,6315.5375,5,0
1,-5311.13402342051,1123.66028765306,6376,5,0
1,-5336.49992740247,1126.85819368551,6401.5125,5,0
1,-5352.11220712168,1130.43151894318,6417.9875,5,0
1,-5371.69890003046,1136.68897972969,6439.475,5,0
1,-5392.72190688923,1145.58287316643,6463.5,5,0
1,-5401.23323660297,1149.80215696139,6473.4875,5,0
1,-5409.65168357501,1154.30870449122,6483.5,5,0
1,-5416.7190136034,1158.33643112836,6492,5,0
1,-5421.66873889882,1161.28394827788,6498,5,0
1,-5429.42771858163,1166.10273566875,6507.475,5,0
1,-5433.88314882712,1168.97327148553,6512.95,5,0
1,-5440.41302922461,1173.30733801764,6521.0125,5,0
1,-5445.23235643748,1176.59601768503,6526.9875,5,0
1,-5450.87187711801,1180.53343438409,6534,5,0
1,-5456.85943025537,1184.80895756605,6541.4625,5,0
1,-5462.88944040099,1189.20225419976,6548.9875,5,0
1,-5509.90697560832,1225.073109486,6606.975,5,0
1,-5560.03332485398,1262.29059115808,6664.4875,5,0
1,-5619.88120823307,1300.65849646293,6724.5,5,0
1,-5652.60698397178,1318.54636302211,6753.4875,5,0
1,-5657.94393254863,1321.2727191935,6757.9875,5,0
1,-5668.83510111179,1326.68095482757,6766.9875,5,0
1,-5711.39082163014,1345.98119539836,6800.0125,5,0
1,-5782.47622139473,1372.86641951954,6848.9875,5,0
1,-5832.65637148684,1388.74631891166,6880,5,0
1,-5841.12864000024,1391.22182633971,6885,5,0
1,-5845.36178920418,1392.43855527852,6887.475,5,0
1,-5847.12254946912,1392.9406880705,6888.5,5,0
1,-5850.57106150826,1393.9176563675,6890.5,5,0
1,-5852.30170581117,1394.40481634249,6891.5,5,0
1,-5853.16862509493,1394.64793925008,6892,5,0
1,-5856.64694992732,1395.6184594877,6894,5,0
1,-5859.26687355619,1396.3438461316,6895.5,5,0
1,-5862.7530323863,1397.30175682644,6897.4875,5,0
1,-5864.51343587227,1397.78229602526,6898.4875,5,0
1,-5865.43935235543,1398.03423570989,6899.0125,5,0
1,-5868.95523889596,1398.98554086695,6901,5,0
1,-5871.61987410905,1399.7011154383,6902.5,5,0
1,-5872.51021430083,1399.9391578078,6903,5,0
1,-5876.05983785726,1400.88311909106,6904.9875,5,0
1,-5877.89703163272,1401.36846502181,6906.0125,5,0
1,-5903.43757074513,1407.90040608994,6920.0125,5,0
1,-5971.86948807724,1423.65229613452,6955.4875,5,0
1,-6085.02958968934,1445.36264193087,7009,5,0
1,-6165.36763111828,1458.34983361603,7044,5,0
1,-6180.79926379072,1460.6611440433,7050.4875,5,0
1,-6195.25079695089,1462.77780902949,7056.5,5,0
1,-6212.25689726975,1465.21205904233,7063.5,5,0
1,-6218.43894598167,1466.08237792614,7066.025,5,0
1,-6226.95737064211,1467.26909392808,7069.4875,5,0
1,-6230.72422002209,1467.78938551764,7071.0125,5,0
1,-6233.16831656313,1468.12553750926,7072,5,0
1,-6235.64728069957,1468.46523640901,7073,5,0
1,-6238.16125959856,1468.80863915396,7074.0125,5,0
1,-6245.60265992954,1469.81812862346,7077,5,0
1,-6246.8827609187,1469.99077752636,7077.5125,5,0
1,-6250.60404960671,1470.49088116312,7079,5,0
1,-6255.62122994894,1471.16115449811,7081,5,0
1,-6260.62268976867,1471.8248930577,7082.9875,5,0
1,-6264.40769474255,1472.32426102678,7084.4875,5,0
1,-6268.23322634213,1472.82637228338,7086,5,0
1,-6270.7674570065,1473.15763461979,7087,5,0
1,-6275.81594490353,1473.8142928589,7088.9875,5,0
1,-6278.39380289195,1474.14790696928,7090,5,0
1,-6287.33604054572,1475.29660981195,7093.5,5,0
1,-6304.16815893538,1477.42341431594,7100.0375,5,0
1,-6374.05724628456,1485.79858220624,7126.5125,5,0
1,-6581.24520667456,1507.18475745638,7199.5,5,0
1,-6797.50101855816,1525.58786844655,7268.5,5,0
1,-6915.17801600322,1534.39407206086,7303.5,5,0
1,-6979.62599434238,1538.92729588229,7322,5,0
1,-7036.63814756367,1542.78669614935,7338,5,0
1,-7100.35956206825,1546.94819896047,7355.5,5,0
1,-7241.73617120786,1555.68065710142,7393,5,0
1,-7327.93742622994,1560.71583352339,7415.05,5,0
1,-7389.67778110085,1564.208120325,7430.5,5,0
1,-7436.28953908617,1566.78860921098,7441.9875,5,0
1,-7471.21293475246,1568.69319017916,7450.5,5,0
1,-7508.43386101397,1570.6980203687,7459.4875,5,0
1,-7544.11795460433,1572.59745578751,7468.025,5,0
1,-7586.36530674016,1574.81998209087,7478.0375,5,0
1,-7631.01403365703,1577.14081297847,7488.5125,5,0
1,-7663.25781408185,1578.80044270783,7496.0125,5,0
1,-7689.10619247565,1580.12201246651,7501.9875,5,0
1,-7721.85839694273,1581.78593353558,7509.5125,5,0
1,-7754.77147666831,1583.44717703799,7517.025,5,0
1,-7772.21624649921,1584.32371344735,7520.9875,5,0
1,-7798.73975498974,1585.65147253349,7526.9875,5,0
1,-7836.58894772129,1587.53697241434,7535.5,5,0
1,-7870.08623901661,1589.19778126209,7542.9875,5,0
1,-7942.33614954818,1592.75999301631,7559,5,0
1,-7974.17030704906,1594.32289693658,7566,5,0
1,-7992.369040641,1595.21501283445,7569.9875,5,0
1,-8003.85944368597,1595.77784880572,7572.5,5,0
1,-8019.95300168125,1596.56581137451,7576.0125,5,0
1,-8047.46490372904,1597.91176596976,7582,5,0
1,-8070.4552161824,1599.0359067182,7586.9875,5,0
1,-8086.6273955116,1599.82653823731,7590.4875,5,0
1,-8098.25591153186,1600.39496804443,7593,5,0
1,-8114.48106192844,1601.18823712996,7596.5,5,0
1,-8137.71159351664,1602.32422401706,7601.5,5,0
1,-8154.0082746651,1603.1214332935,7605,5,0
1,-8177.33825070458,1604.2634671967,7610,5,0
1,-8203.06583334832,1605.52397471558,7615.5,5,0
1,-8233.43784091203,1607.0141974073,7621.975,5,0
1,-8254.59720517509,1608.05394315669,7626.475,5,0
1,-8313.64276788849,1610.96405705774,7638.9875,5,0
1,-8375.29746959824,1614.01928198445,7651.9875,5,0
1,-8413.44470932335,1615.91971850345,7660,5,0
1,-8451.69793598028,1617.83406411165,7668.0125,5,0
1,-8478.01516348403,1619.15664111167,7673.5125,5,0
1,-8511.51732350979,1620.8469295326,7680.5,5,0
1,-8554.71626508003,1623.03839130661,7689.4875,5,0
1,-8590.9159528655,1624.88558044865,7697,5,0
1,-8629.49273707066,1626.86543650137,7704.9875,5,0
1,-8658.52952226298,1628.36372521031,7710.9875,5,0
1,-8699.81122800522,1630.50591192326,7719.5,5,0
1,-8787.37103101891,1635.09813555012,7737.4875,5,0
1,-8873.11105777463,1639.66085699547,7755.0125,5,0
1,-8924.69006204093,1642.43752741809,7765.5125,5,0
1,-8966.62361885468,1644.71258766731,7774.025,5,0
1,-9023.38432473969,1647.81732527708,7785.5125,5,0
1,-9062.97118748259,1649.99950831449,7793.5,5,0
1,-9132.72816940863,1653.87824710469,7807.525,5,0
1,-9207.57543161465,1658.08617090154,7822.5,5,0
1,-9320.79385892488,1664.53854692987,7845,5,0
1,-9376.43680685386,1667.74628921594,7855.9875,5,0
1,-9422.26215539593,1670.40516303252,7865,5,0
1,-9470.75340818381,1673.23495853534,7874.5,5,0
1,-9511.61424356047,1675.63192642328,7882.475,5,0
1,-9540.00704691745,1677.30395458487,7888,5,0
1,-9583.82785106078,1679.89456821018,7896.5,5,0
1,-9612.21022502705,1681.57870533055,7901.9875,5,0
1,-9651.05692098662,1683.89142734148,7909.475,5,0
1,-9685.02570923558,1685.92070730506,7916,5,0
1,-9713.74422708759,1687.64120233236,7921.5,5,0
1,-9747.78790709237,1689.68614667003,7928,5,0
1,-9784.51308244793,1691.89848622782,7934.9875,5,0
1,-9824.01755937235,1694.28530193511,7942.475,5,0
1,-9866.66950260615,1696.86975123962,7950.525,5,0
1,-9930.54089193232,1700.75325016116,7962.5125,5,0
1,-10051.7080941983,1708.15721240665,7985.025,5,0
1,-10318.567776314,1724.56473487226,8033.5,5,0
1,-10471.1427600868,1733.95595376898,8060.5,5,0
1,-10580.5875802338,1740.67404449772,8079.5375,5,0
1,-10676.6209229813,1746.54559800042,8096.0125,5,0
1,982.349423909094,982.750844919176,87,5,0
1,-3740.26031213859,1443.18248999233,5541,5,0
1,-5535.41257681279,1244.44629530342,6637,5,0
1,-5251.82859001914,1127.21614458657,6322,5,0
1,999.104911106173,976.951770892755,120,5,0
1,-930.220426551066,888.392851113023,4397,5,0
1,1006.1220416734,976.941652443508,137,5,0
1,80.5108418627642,1639.29729912229,1990,5,0
1,926.51557234861,1026.47033711793,8,5,0
1,-5211.91415983345,1135.80061110115,6289,5,0
1,999.987465372775,976.847795805431,122,5,0
1,-928.572495170869,1418.92734505018,3684,5,0
1,-3731.93070201203,1442.90733578175,5538,5,0
1,-6043.49929075316,1437.92306740572,6990,5,0
1,-799.870653121267,940.29381980787,4202,5,0
1,998.657862601336,977.014408176153,119,5,0
1,656.948863489088,1040.85243957907,1035,5,0
1,305.122866796795,1505.03879842918,1670,5,0
1,-5164.16102639306,1150.15391353229,6252,5,0
1,-5356.755477414,1131.73603665418,6423,5,0
1,1018.2677820879,1062.98831520786,336,5,0
1,988.915043340065,979.757885339791,99,5,0
1,-6148.90562029975,1455.82323979336,7037,5,0
1,-376.914774539415,1708.22330508706,2361.5,5,0
1,-1106.74360332591,896.817193330541,4544,5,0
1,-5132.96546066226,1161.15270059417,6229,5,0
1,-214.03687645169,1695.51333845542,2249,5,0
1,625.601021626964,1056.80184677059,1088.5,5,0
1,-796.172692481894,1096.97846212104,4019.5,5,0
1,-5649.10314341309,1316.72846147942,6750.5,5,0
1,-5654.3928132467,1319.46427547584,6755,5,0
1,-8463.59463378042,1618.43140209601,7670.5,5,0
1,-6818.93985602353,1527.24749902913,7275,5,0
1,-1751.43517604657,1072.52283024397,4877.5,5,0
1,-2219.63926876243,1219.43375842262,5049.5,5,0
1,-5573.18107798137,1271.35796379086,6678.5,5,0
1,-8673.12729589082,1629.1195881955,7714,5,0
1,-1126.58068991872,1618.25988545383,3324.5,5,0
1,-5540.6685870057,1248.34071730483,6643,5,0
1,-8687.67698742496,1629.87468013809,7717,5,0
1,693.398133371025,1042.52885743459,971,5,0
1,-4947.040286995,1236.6185471883,6105.5,5,0
1,-991.465340720955,887.960347087946,4454,5,0
1,-1412.05985524366,956.613505241194,4725.5,5,0
1,-1153.80789958732,1675.1405191321,2995,5,0
1,-4668.19006939884,1338.6952641121,5947.5,5,0
1,870.471734554972,1148.3149243315,663.5,5,0
1,-2994.93701024819,1375.26546373551,5296.5,5,0
1,-3054.46133731073,1383.50639192806,5315,5,0
1,-7280.54916597763,1557.97224288257,7403,5,0
1,-2998.15866248589,1375.72345873526,5297.5,5,0
1,-5411.73744789371,1155.47477454234,6486,5,0
1,-5937.47249508509,1416.02870307824,6938,5,0
1,-11372.3823354598,1787.74966111325,8209,5,0
1,-5296.51823094394,1123.21548383432,6362,5,0
1,-18182.8735696021,2140.51396880752,8954,5,0
1,-16324.7671017856,2004.26436043815,8790.5,5,0
1,-28727.4259262572,3840.17877483797,9687,5,0
1,-5316.7351118559,1124.09594397066,6381.5,5,0
1,-2932.05608901801,1366.04677290205,5277,5,0
1,-5742.09158167103,1358.31896339577,6822,5,0
1,-1116.55687187612,1681.62291856018,2924,5,0
1,-9890.46229098365,1698.31467860755,7955,5,0
1,-8325.53494827123,1611.55192358805,7641.5,5,0
1,-5219.98173240572,1133.76954530189,6295.5,5,0
1,646.484217478894,1044.45735682717,1053,5,0
1,-801.150335249491,938.01046373376,4206,5,0
1,-919.020675721113,889.078681918408,4385.5,5,0
1,-5647.35559961293,1315.81334273436,6749,5,0
1,-10035.3309387136,1707.15411158505,7982,5,0
1,-899.163714240305,1702.20919867619,2707,5,0
1,-914.464215135667,1396.98569985435,3711,5,0
1,-3320.71100204252,1414.66741180129,5399,5,0
1,-10086.8669648319,1710.31278059943,7991.5,5,0
1,132.942563422956,1620.33195769249,1929,5,0
1,-298.785275884438,1703.22028982272,2309,5,0
1,-805.988518887199,1707.68092488757,2639.5,5,0
1,-1113.26691574417,1682.08051533134,2919,5,0
1,-1073.82911712769,1578.5445824033,3428.5,5,0
1,-790.344321276527,1062.24196042102,4054,5,0
1,-790.014262397774,1059.7741200633,4056.5,5,0
1,-3571.93471930269,1435.13111169785,5482,5,0
1,-5194.84690802451,1140.50932833679,6275.5,5,0
1,-5223.67181402072,1132.88612395975,6298.5,5,0
1,-5254.74395614024,1126.74977374281,6324.5,5,0
1,-5531.5091769537,1241.52833345969,6632.5,5,0
1,-5541.99220645614,1249.31470502762,6644.5,5,0
1,-5844.54734414164,1392.20545229039,6887,5,0
1,-5912.73741157865,1410.18372096762,6925,5,0
1,-6503.52291649207,1499.67947512318,7173,5,0
1,-6531.05383320292,1502.40131136405,7182.5,5,0
1,-7816.54901971482,1586.53992247868,7531,5,0
1,-8189.02435108041,1604.83588208095,7612.5,5,0
1,-8252.36177127203,1607.94401200629,7626,5,0
1,-9197.55652353307,1657.52018419853,7820.5,5,0
1,-9911.78054484492,1699.61103603092,7959,5,0
1,-9981.40598675841,1703.85613711258,7972,5,0
1,667.586860824376,1039.13874960744,1016.5,5,0
1,-965.141925863456,1697.27054864258,2760,5,0
1,-1164.44367177738,1645.30914335845,3219.5,5,0
1,-829.101298606023,1215.82913381099,3904.5,5,0
1,-798.804040699266,942.34955118728,4198.5,5,0
1,-1050.1183534977,891.340689404671,4502,5,0
1,-1714.63040083088,1059.51084155697,4862.5,5,0
1,-4836.67574072722,1280.56644861649,6040,5,0
1,-5141.89598331135,1157.90270373677,6235.5,5,0
1,-5487.00775782438,1207.40297521169,6579,5,0
1,-5526.3528374969,1237.64325506889,6626.5,5,0
1,-5650.27251056023,1317.33771945486,6751.5,5,0
1,-5648.51976274466,1316.42362315518,6750,5,0
1,-5822.63001999352,1385.74454614986,6874,5,0
1,-5861.89637972787,1397.0672263415,6897,5,0
1,-5898.79265191639,1406.74151956616,6917.5,5,0
1,-5909.92937877355,1409.49942154651,6923.5,5,0
1,-5955.01451739017,1419.98604968583,6947,5,0
1,-5961.92840817105,1421.50559343663,6950.5,5,0
1,-6516.51791949803,1500.97320936423,7177.5,5,0
1,-6596.23532250244,1508.57125930449,7204.5,5,0
1,-6974.34186112648,1538.5626247386,7320.5,5,0
1,-8038.26429466251,1597.4617199223,7580,5,0
1,-8607.80860810401,1625.75111326795,7700.5,5,0
1,-9959.92631740635,1702.54487864585,7968,5,0
1,-9984.09453236079,1704.02033494641,7972.5,5,0
1,-10881.8593428992,1758.98427933962,8130.5,5,0
1,-6503.52291649207,1499.67947512318,7173,5,0
1,-1177.98546645138,1662.09061419367,3117,5,0
1,-4153.4479429801,1435.54265841483,5703,5,0
1,-4730.85078712599,1318.54988058058,5981,5,0
1,-5615.0449310611,1297.83562369869,6720,5,0
1,-5429.85577765992,1166.3753543547,6508,5,0
1,-5594.28084826376,1285.1641152949,6700,5,0
1,-6463.61999800755,1495.60058022732,7159,5,0
1,-6503.52291649207,1499.67947512318,7173,5,0
1,767.01807978889,1087.88303385427,841,5,0
1,-3161.63286696607,1397.17018776741,5348.5,5,0
1,-5322.75962840766,1124.73346795458,6387.5,5,0
1,869.019511849154,1147.88732536505,666,5,0
1,815.756579837762,1122.53836571117,757,5,0
1,769.315340023953,1089.61991637233,837,5,0
1,731.15434810752,1061.84234646082,904,5,0
1,374.169428526424,1420.61911814152,1541,5,0
1,-789.27884225361,1708.47545087622,2628,5,0
1,-914.71349240141,1701.12544822491,2719,5,0
1,-1177.82476085704,1660.35621479298,3130,5,0
1,-794.34148089774,1087.30456716787,4029,5,0
1,-1174.57254132535,905.583883372295,4590,5,0
1,-3413.21858433681,1423.26965554473,5429,5,0
1,-5718.18484404916,1348.81694312301,6805,5,0
1,-5727.88761221245,1352.76055583773,6812,5,0
1,-5729.28978472343,1353.32033930702,6813,5,0
1,-6388.89009886421,1487.48937650061,7132,5,0
1,-8001.57136549894,1595.66581671523,7572,5,0
1,-8308.9719337807,1610.73332633095,7638,5,0
1,-8673.12729589082,1629.1195881955,7714,5,0
1,888.064218897372,1152.20433353308,633,5,0
1,590.334309723694,1090.37653301503,1148,5,0
1,765.870416680351,1087.01517569109,843,5,0
1,-236.103405263275,1697.77107245675,2265,5,0
1,-5598.34162807092,1287.71347306672,6704,5,0
1,-5526.78051590687,1237.96677377955,6627,5,0
1,-6130.33254399896,1452.89334465372,7029,5,0
1,-1735.40129186213,1066.86740374529,4871,5,0
1,-9679.81265420979,1685.6088900989,7915,5,0
1,858.530607890338,1144.3427411075,684,5,0
1,-1155.56442935253,1638.6439833668,3250,5,0
1,-2977.21150417486,1372.72047430027,5291,5,0
1,-4783.60177549347,1300.20726529335,6010,5,0
1,-5966.89837421803,1422.58439284842,6953,5,0
1,-6480.6240593344,1497.35877012553,7165,5,0
1,-8257.06847644225,1608.17548188605,7627,5,0
1,-10554.3562629912,1739.06611322773,8075,5,0
1,-915.99389044987,1701.03402056472,2720,5,0
1,-800.824349946342,938.574634196168,4205,5,0
1,-819.88733021263,916.817740342241,4251,5,0
1,-88395.019788929,2161.3165460527,14082,5,0
1,-93152.6300729297,2147.90601009125,14295,5,0
1,-92295.8834312027,2147.31730514505,14255,5,0
1,-95458.6279648175,2166.29646950422,14408,5,0
1,-95222.1548979776,2162.86674401351,14396,5,0
1,-97905.855073777,2234.56825148453,14539,5,0
1,-112230.117665515,2153.93141825741,18116,5,0
1,-112387.463308308,2147.47747773127,18174,5,0
1,-113306.076302109,2153.24866995255,18448,5,0
1,-112517.304656621,2144.7875224124,18218,5,0
1,-112393.174744579,2147.31583978734,18176,5,0
1,-113671.349462769,2163.84708896349,18549,5,0
1,-114259.288768428,2185.80320883976,18746,5,0
1,-114333.516323289,2189.3291356411,18783,5,0
1,-114188.631127004,2182.726716752,18716,5,0
1,-114371.741776678,2191.34610453098,18806,5,0
1,-60616.3704764959,2333.11542371128,12002,5,0
1,-61906.2596985681,2207.27631836912,12203,5,0
1,-61701.7244487549,2218.70912848478,12170,5,0
1,-66015.345062216,2171.39690445394,12798,5,0
1,-66428.1504702056,2168.49354660461,12844,5,0
1,-67924.9133684061,2160.14283339516,12993,5,0
1,-69023.5676413076,2157.1113972647,13088,5,0
1,-70195.5768852602,2156.4439172277,13179,5,0
1,-76476.9118881129,2170.92112583483,13555,5,0
1,-76858.2578773138,2171.97418542533,13574,5,0
1,-76939.2780776129,2172.19402235114,13578,5,0
1,-78057.2199239491,2175.03671756752,13632,5,0
1,-111556.991449677,2471.6577437629,17580,5,0
1,-98500.9209212412,2263.04686601245,14573,5,0
1,-113160.286942808,2149.7946470057,18408,5,0
1,358.533879763447,1573.0130354965,-68,6,0
1,406.930991336238,1566.30584786363,14,6,0
1,420.492851327639,1568.50069267521,43,6,0
1,429.678063479718,1571.40447373257,65.5,6,0
1,437.188598298002,1574.91111560679,86.5125,6,0
1,443.508053395431,1578.95529751059,106.975,6,0
1,452.358283050358,1587.44041402367,143.5,6,0
1,460.428132152185,1621.70274057106,261.05,6,0
1,454.516036478803,1639.00621156057,314.525,6,0
1,446.504493791144,1652.22269872276,354.925,6,0
1,438.315000784118,1662.47106134354,386.4875,6,0
1,426.419719822705,1674.57738297745,424.5125,6,0
1,415.269784062169,1684.13874403315,455.475,6,0
1,401.522053618915,1694.35930125282,489.9125,6,0
1,379.416473344434,1708.2625973332,540.0125,6,0
1,358.658313812222,1719.23866906273,583.5125,6,0
1,304.999807087705,1740.93759623596,688.9375,6,0
1,225.243776510935,1759.80515997079,847.125,6,0
1,133.633819693234,1763.18117581975,1074,6,0
1,85.4836066304706,1753.01244591064,1254.55,6,0
1,51.8920680955052,1737.55367267013,1438.0125,6,0
1,38.6509925858118,1731.13246571321,1516.4625,6,0
1,27.8635092731565,1726.87161052715,1574.9625,6,0
1,13.5973300659098,1722.76157823145,1641.5375,6,0
1,-3.41816965537146,1719.61247994843,1706.475,6,0
1,-48.8431372470222,1716.08113819133,1831.4875,6,0
1,-167.549468330108,1717.11067796902,2025.0375,6,0
1,-459.511584195774,1724.54524320881,2292.0375,6,0
1,-757.675003075041,1720.30084265658,2489.5125,6,0
1,-879.720964517444,1714.03776364208,2566.0125,6,0
1,-965.075316239614,1707.98880681699,2620.5,6,0
1,-1033.26889134152,1702.12833846376,2665.525,6,0
1,-1102.515524338,1695.18818573892,2713.5,6,0
1,-1154.08767995331,1689.31295458599,2751.4125,6,0
1,-1211.13176696142,1682.00276585041,2796.5125,6,0
1,-1261.63978777453,1674.64345215537,2840.475,6,0
1,-1316.56437594909,1665.27397291157,2895,6,0
1,-1422.62216564966,1635.83319458019,3050.05,6,0
1,-1450.8521756772,1614.73846722064,3136.4625,6,0
1,-1457.49986927211,1602.73407176265,3176.9625,6,0
1,-1460.75928938063,1579.91225048907,3241.4625,6,0
1,-1456.91532436991,1552.84926494635,3303.5,6,0
1,-1451.99992285902,1533.7635129952,3340.9625,6,0
1,-1446.95968207018,1516.90223486428,3370.9375,6,0
1,-1442.22928980412,1501.9971827647,3395.5,6,0
1,-1436.19100120105,1483.45046552975,3424,6,0
1,-1430.65637338767,1466.51956537389,3448.3625,6,0
1,-1423.9477451425,1445.7475784637,3476.475,6,0
1,-1416.26809204882,1421.31012221322,3507.4875,6,0
1,-1406.15865830332,1387.60586441618,3547.35,6,0
1,-1394.37559965067,1345.5268589094,3593.4875,6,0
1,-1386.39002060844,1315.04229470451,3624.9875,6,0
1,-1379.50592734711,1287.42333047024,3652.4375,6,0
1,-1375.26801864989,1269.81947920107,3669.4875,6,0
1,-1367.89644126315,1238.2148739827,3699.3875,6,0
1,-1362.48467510147,1214.36805669515,3721.4625,6,0
1,-1358.44417030877,1196.32670600193,3737.95,6,0
1,-1354.87152426178,1180.28943257696,3752.4875,6,0
1,-1349.3182622958,1155.38317757758,3774.9125,6,0
1,-1341.61161447503,1121.35225269122,3805.4375,6,0
1,-1335.61952867592,1095.75430324944,3828.4875,6,0
1,-1328.08115528896,1065.12929460335,3856.425,6,0
1,-1321.87971531274,1041.55101549539,3878.425,6,0
1,-1312.69214522745,1009.66606160967,3909.325,6,0
1,-1294.4498741813,957.86192241589,3964.9625,6,0
1,-1256.01093991753,895.497913959071,4062.9625,6,0
1,-1224.2218593033,874.953660691049,4137.85,6,0
1,-1203.94893874042,870.728303885433,4191.45,6,0
1,-1192.89268153813,871.853999650777,4227.425,6,0
1,-1182.06756884092,879.202770282233,4280.9125,6,0
1,-1179.67526656156,889.811861959567,4321.525,6,0
1,-1182.26825988013,902.19332089715,4354.4125,6,0
1,-1188.43925492046,916.41585791609,4383.425,6,0
1,-1196.99235120788,931.450316998729,4408.3875,6,0
1,-1209.51335939066,950.281807434878,4435,6,0
1,-1219.8957673288,964.427803444436,4453,6,0
1,-1241.97053873073,991.836611449433,4484.975,6,0
1,-1267.05916699162,1019.98040724828,4515.375,6,0
1,-1287.66829717671,1041.33436036797,4537.4625,6,0
1,-1317.63676374033,1070.13383624186,4566.475,6,0
1,-1354.95749806426,1102.93774235203,4599,6,0
1,-1415.40090917144,1150.27172828283,4645.975,6,0
1,-1479.38739320589,1194.07346194781,4690.4875,6,0
1,-1647.22985934,1285.86767077904,4791.55,6,0
1,-1987.77766815992,1405.63717908472,4958.525,6,0
1,-2191.9275774057,1451.83181130113,5045.05,6,0
1,-2266.27758765174,1465.62964248687,5074.9875,6,0
1,-2330.96378186811,1476.60650825999,5100.5125,6,0
1,-2381.03412633436,1484.52854594434,5119.9875,6,0
1,-2432.92801681999,1492.26865592973,5139.95,6,0
1,-2494.75670027966,1500.93327064546,5163.4875,6,0
1,-2594.41511569079,1513.80114360049,5201,6,0
1,-2654.64186240174,1521.01617903259,5223.5,6,0
1,-2700.33422524156,1526.24697331293,5240.525,6,0
1,-2735.21647433611,1530.11263924037,5253.5125,6,0
1,-2760.72718804656,1532.87499376313,5263.0125,6,0
1,-2786.1871984601,1535.58055256232,5272.5,6,0
1,-2814.29649854312,1538.51128392177,5282.9875,6,0
1,-2829.05180764804,1540.02723462233,5288.5,6,0
1,-2850.43523748498,1542.19776082113,5296.5,6,0
1,-2874.47413228685,1544.60201426687,5305.5125,6,0
1,-2928.83365773549,1549.90799076498,5325.9875,6,0
1,-3011.57966682082,1557.66871393501,5357.5,6,0
1,-3044.04645390343,1560.61893838951,5370.0125,6,0
1,-3072.3428883194,1563.14955209671,5381,6,0
1,-3086.45863106335,1564.39824229542,5386.5125,6,0
1,-3100.39037526073,1565.62188644023,5391.975,6,0
1,-3109.38187282719,1566.40696687038,5395.5125,6,0
1,-3130.79022288648,1568.26208176011,5403.975,6,0
1,-3147.13327675173,1569.66499454937,5410.475,6,0
1,-3169.61147676082,1571.57587122741,5419.475,6,0
1,-3184.55802801019,1572.83461528156,5425.5,6,0
1,-3193.26388028916,1573.56344521994,5429.025,6,0
1,-3211.5974054737,1575.0878864996,5436.4875,6,0
1,-3222.55728478078,1575.99241972749,5440.975,6,0
1,-3235.95234943554,1577.09103202733,5446.4875,6,0
1,-3245.68454092089,1577.88454524002,5450.5125,6,0
1,-3263.70799743012,1579.34336960643,5458.0125,6,0
1,-3279.20902130287,1580.58685372382,5464.5125,6,0
1,-3290.99692158913,1581.52542917492,5469.4875,6,0
1,-3321.53778565675,1583.92867832732,5482.5125,6,0
1,-3356.03245506715,1586.591510301,5497.475,6,0
1,-3384.40927451337,1588.738920601,5510,6,0
1,-3408.94826574391,1590.56235637542,5521,6,0
1,-3451.66201953916,1593.65615598133,5540.55,6,0
1,-3560.49930951977,1600.98258170535,5593,6,0
1,-3743.89558841567,1610.56519623181,5692.025,6,0
1,-3869.01817398984,1613.84308664851,5769.0125,6,0
1,-3933.41203077743,1614.0704322688,5811.9875,6,0
1,-3962.28170088585,1613.79986524077,5832.025,6,0
1,-3989.79619142506,1613.31529468162,5851.575,6,0
1,-4023.89072616631,1612.39961661559,5876.425,6,0
1,-4048.18527429923,1611.53133454737,5894.5625,6,0
1,-4075.68856497481,1610.33150065158,5915.5375,6,0
1,-4101.91697880439,1608.97548002899,5935.9875,6,0
1,-4131.40288206842,1607.21164570575,5959.5125,6,0
1,-4160.09412754606,1605.26516331333,5982.9625,6,0
1,-4188.82426558901,1603.1072741558,6007.0125,6,0
1,-4230.59865626693,1599.65121236869,6043.025,6,0
1,-4278.64166252501,1595.33987794808,6086,6,0
1,-4308.4802808105,1592.57198941001,6113.525,6,0
1,-4340.77295935899,1589.58699663301,6144,6,0
1,-4371.39735392621,1586.84688827131,6173.5,6,0
1,-4423.2332291049,1582.64040535185,6224.4875,6,0
1,-4514.45378160803,1577.44517878251,6315.5375,6,0
1,-4575.80195389781,1575.88854054625,6376,6,0
1,-4602.178874237,1575.67615175709,6401.5125,6,0
1,-4619.41348728957,1575.66909685464,6417.9875,6,0
1,-4642.16098377621,1575.80296306382,6439.475,6,0
1,-4667.99844922265,1576.12825367066,6463.5,6,0
1,-4678.87739083031,1576.31309259627,6473.4875,6,0
1,-4689.87120780209,1576.52525322294,6483.5,6,0
1,-4699.27662557689,1576.72517728447,6492,6,0
1,-4705.95750409644,1576.87663234909,6498,6,0
1,-4716.58125823922,1577.13208666891,6507.475,6,0
1,-4722.76276640408,1577.28828597646,6512.95,6,0
1,-4731.92529848404,1577.52912747671,6521.0125,6,0
1,-4738.76323717646,1577.715230003,6526.9875,6,0
1,-4746.84275112394,1577.94148288991,6534,6,0
1,-4755.50808709953,1578.19079114971,6541.4625,6,0
1,-4764.31997817801,1578.4503284896,6548.9875,6,0
1,-4835.19889898319,1580.6408596655,6606.975,6,0
1,-4912.36489585927,1582.91577189178,6664.4875,6,0
1,-5002.88598868111,1585.10689587735,6724.5,6,0
1,-5051.04009697959,1586.03394818367,6753.4875,6,0
1,-5058.79858674994,1586.1684898343,6757.9875,6,0
1,-5074.55106709898,1586.42952963766,6766.9875,6,0
1,-5135.11716788542,1587.2920149815,6800.0125,6,0
1,-5233.22213423532,1588.2829372456,6848.9875,6,0
1,-5300.57627006061,1588.73723454618,6880,6,0
1,-5311.8159052697,1588.79885214425,6885,6,0
1,-5317.41848252108,1588.82828332645,6887.475,6,0
1,-5319.74628771329,1588.84018978631,6888.5,6,0
1,-5324.30106215365,1588.86309901425,6890.5,6,0
1,-5326.58475079108,1588.87445392904,6891.5,6,0
1,-5327.72816962004,1588.87999570675,6892,6,0
1,-5332.31233574543,1588.9022025282,6894,6,0
1,-5335.76146844868,1588.91852192427,6895.5,6,0
1,-5340.3460894078,1588.93977248795,6897.4875,6,0
1,-5342.65907030925,1588.95027249577,6898.4875,6,0
1,-5343.87506006658,1588.95576759131,6899.0125,6,0
1,-5348.48888899805,1588.97618306177,6901,6,0
1,-5351.98195169354,1588.99135308887,6902.5,6,0
1,-5353.14839324635,1588.99634251135,6903,6,0
1,-5357.79530986119,1589.01595281869,6904.9875,6,0
1,-5360.19826859189,1589.02587164375,6906.0125,6,0
1,-5393.45601093024,1589.15114239923,6920.0125,6,0
1,-5481.32979399431,1589.3949830178,6955.4875,6,0
1,-5623.37784512993,1589.65977189028,7009,6,0
1,-5722.23563941382,1589.85306703414,7044,6,0
1,-5741.06247258885,1589.89691083998,7050.4875,6,0
1,-5758.64951092284,1589.94066180536,7056.5,6,0
1,-5779.29234968964,1589.995854057,7063.5,6,0
1,-5786.78253431432,1590.01701397085,7066.025,6,0
1,-5797.09156934125,1590.04702003938,7069.4875,6,0
1,-5801.64587332634,1590.06067922555,7071.0125,6,0
1,-5804.5994887366,1590.06968432079,7072,6,0
1,-5807.59410771914,1590.07883528571,7073,6,0
1,-5810.62986471923,1590.08830546024,7074.0125,6,0
1,-5819.60893303156,1590.11689393372,7077,6,0
1,-5821.15253179614,1590.12192853015,7077.5125,6,0
1,-5825.63812980661,1590.13664302742,7079,6,0
1,-5831.68183096452,1590.15684722577,7081,6,0
1,-5837.70211501606,1590.17747352398,7082.9875,6,0
1,-5842.25519454246,1590.19338213881,7084.4875,6,0
1,-5846.85445841216,1590.20966589745,7086,6,0
1,-5849.89983659238,1590.22063162659,7087,6,0
1,-5855.9632552918,1590.24284846688,7088.9875,6,0
1,-5859.05765317706,1590.25435710964,7090,6,0
1,-5869.78284591669,1590.29530323601,7093.5,6,0
1,-5889.93431209307,1590.37653418847,7100.0375,6,0
1,-5973.11598434253,1590.77612806649,7126.5125,6,0
1,-6215.6261866428,1592.6045387516,7199.5,6,0
1,-6463.36321947398,1595.50720175816,7268.5,6,0
1,-6596.26715880726,1597.4472458712,7303.5,6,0
1,-6668.55864629522,1598.60085446313,7322,6,0
1,-6732.23948819749,1599.66994386605,7338,6,0
1,-6803.1325549474,1600.91518132969,7355.5,6,0
1,-6959.44696669327,1603.85125887955,7393,6,0
1,-7054.15851827059,1605.74992443968,7415.05,6,0
1,-7121.74188449979,1607.15754511149,7430.5,6,0
1,-7172.63425834011,1608.2460622422,7441.9875,6,0
1,-7210.69469580753,1609.07607668989,7450.5,6,0
1,-7251.19548733952,1609.97435800468,7459.4875,6,0
1,-7289.96466469858,1610.84869823783,7468.025,6,0
1,-7335.79229825689,1611.90062969032,7478.0375,6,0
1,-7384.14317882853,1613.0324221307,7488.5125,6,0
1,-7419.01044398872,1613.86257399567,7496.0125,6,0
1,-7446.93266637856,1614.5361132923,7501.9875,6,0
1,-7482.27632815251,1615.39974668071,7509.5125,6,0
1,-7517.75398440938,1616.27934119593,7517.025,6,0
1,-7536.54239330115,1616.75044489557,7520.9875,6,0
1,-7565.08856277261,1617.47317461487,7526.9875,6,0
1,-7605.78295183415,1618.51833336702,7535.5,6,0
1,-7641.75922742765,1619.45715267783,7542.9875,6,0
1,-7719.2368690297,1621.5277558844,7559,6,0
1,-7753.32499710424,1622.46042920146,7566,6,0
1,-7772.79920192249,1622.99933775282,7569.9875,6,0
1,-7785.09011712484,1623.34175551919,7572.5,6,0
1,-7802.29871976795,1623.82431238699,7576.0125,6,0
1,-7831.70042001456,1624.65695728312,7582,6,0
1,-7856.25441558007,1625.36044579822,7586.9875,6,0
1,-7873.51824089,1625.85959152052,7590.4875,6,0
1,-7885.92752368283,1626.22064541457,7593,6,0
1,-7903.23630726757,1626.72761083778,7596.5,6,0
1,-7928.0068237423,1627.45975170777,7601.5,6,0
1,-7945.37586603779,1627.97784105072,7605,6,0
1,-7970.22977128671,1628.72617132361,7610,6,0
1,-7997.62282040576,1629.56036982238,7615.5,6,0
1,-8029.94101953087,1630.55764724955,7621.975,6,0
1,-8052.44373963261,1631.26041625355,7626.475,6,0
1,-8115.18510998134,1633.25720692456,7638.9875,6,0
1,-8180.61857813504,1635.39938913001,7651.9875,6,0
1,-8221.06412755605,1636.75472676652,7660,6,0
1,-8261.59241361497,1638.13707860506,7668.0125,6,0
1,-8289.45792367775,1639.10191282439,7673.5125,6,0
1,-8324.91148278397,1640.34627409046,7680.5,6,0
1,-8370.59480603551,1641.97798369667,7689.4875,6,0
1,-8408.8492244794,1643.3689553437,7697,6,0
1,-8449.58890997525,1644.87513750955,7704.9875,6,0
1,-8480.23575864965,1646.02518155221,7710.9875,6,0
1,-8523.78031463642,1647.68420405095,7719.5,6,0
1,-8616.0397804277,1651.2962889833,7737.4875,6,0
1,-8706.25309680169,1654.9552082012,7755.0125,6,0
1,-8760.46304073883,1657.21351545927,7765.5125,6,0
1,-8804.50277977949,1659.08062591984,7774.025,6,0
1,-8864.06812665612,1661.65179356945,7785.5125,6,0
1,-8905.57986819837,1663.47414864045,7793.5,6,0
1,-8978.66711634211,1666.74255219133,7807.525,6,0
1,-9057.00133696618,1670.32795204645,7822.5,6,0
1,-9175.32745344844,1675.89882997139,7845,6,0
1,-9233.40821542963,1678.69851848304,7855.9875,6,0
1,-9281.20593329193,1681.03321549827,7865,6,0
1,-9331.74992934195,1683.53127732494,7874.5,6,0
1,-9374.31332930597,1685.65746686359,7882.475,6,0
1,-9403.87468498852,1687.14593141817,7888,6,0
1,-9449.47586975433,1689.46044071458,7896.5,6,0
1,-9478.99651636742,1690.97030650518,7901.9875,6,0
1,-9519.38237897959,1693.05017079961,7909.475,6,0
1,-9554.67942628684,1694.88107473527,7916,6,0
1,-9584.50817556074,1696.43758265875,7921.5,6,0
1,-9619.85296683619,1698.29245905401,7928,6,0
1,-9657.96366211819,1700.30490341144,7934.9875,6,0
1,-9698.93776791776,1702.48250426337,7942.475,6,0
1,-9743.15254148981,1704.84764347759,7950.525,6,0
1,-9809.3184879059,1708.41506148836,7962.5125,6,0
1,-9934.69081165735,1715.25793890595,7985.025,6,0
1,-10210.1585845025,1730.58970128035,8033.5,6,0
1,-10367.2736612642,1739.45258373554,8060.5,6,0
1,-10479.8142673075,1745.82573575166,8079.5375,6,0
1,-10578.4580975785,1751.41602070656,8096.0125,6,0
1,437.350566484965,1575.00062733411,87,6,0
1,-3452.631538813,1593.72506782762,5541,6,0
1,-4874.47257310851,1581.83475525469,6637,6,0
1,-4520.9527220442,1577.20570255113,6322,6,0
1,447.020181687083,1581.81096937252,120,6,0
1,-1192.70206443407,924.25675762328,4397,6,0
1,451.009772760794,1585.82669956193,137,6,0
1,-140.749265631195,1716.38888438132,1990,6,0
1,403.886301770806,1566.10056750387,8,6,0
1,-4487.85209241789,1578.61363671493,6289,6,0
1,447.524411721621,1582.26711282639,122,6,0
1,-1371.6817750223,1254.58907397363,3684,6,0
1,-3446.15642288793,1593.26345773706,5538,6,0
1,-5571.66243461519,1589.56984094054,6990,6,0
1,-1200.44861138845,870.743709115712,4202,6,0
1,446.764571245294,1581.584611516,119,6,0
1,146.860260770191,1764.13977785151,1035,6,0
1,6.58159299241379,1721.27294272478,1670,6,0
1,-4450.84450999321,1580.72677187148,6252,6,0
1,-4624.69156204769,1575.68633812489,6423,6,0
1,450.617542902473,1646.0341605291,336,6,0
1,441.161808283534,1577.31137213448,99,6,0
1,-5702.09656773182,1589.80917735352,7037,6,0
1,-558.955724938307,1724.77732129982,2361.5,6,0
1,-1294.13892991049,1047.76283640224,4544,6,0
1,-4427.77355430136,1582.30778845311,6229,6,0
1,-402.183616838884,1723.7412040977,2249,6,0
1,128.989120107144,1762.69340025176,1088.5,6,0
1,-1274.05485770525,917.691601060593,4019.5,6,0
1,-5045.93219456403,1585.94320709705,6750.5,6,0
1,-5053.63912356645,1586.07940991206,6755,6,0
1,-8274.19070277829,1638.57187694822,7670.5,6,0
1,-6487.66811758745,1595.84344871665,7275,6,0
1,-1813.14394072164,1352.78014454947,4877.5,6,0
1,-2202.86854808778,1453.94887207724,5049.5,6,0
1,-4932.48728629947,1583.45306396078,6678.5,6,0
1,-8495.6372016836,1646.60860630236,7714,6,0
1,-1454.36723542726,1542.41710706908,3324.5,6,0
1,-4882.57529132161,1582.07281563551,6643,6,0
1,-8510.98410523264,1647.19355918669,7717,6,0
1,170.902698038146,1764.47321176732,971,6,0
1,-4299.85048022261,1593.3748248968,6105.5,6,0
1,-1220.51657696394,965.243333557868,4454,6,0
1,-1534.07583680842,1227.27154872775,4725.5,6,0
1,-1393.48360619275,1647.06337968259,2995,6,0
1,-4116.43649083935,1608.13792839828,5947.5,6,0
1,318.174196205568,1736.37111058087,663.5,6,0
1,-2850.43523748498,1542.19776082113,5296.5,6,0
1,-2899.7108880342,1547.08720486456,5315,6,0
1,-7002.14451109944,1604.69636605017,7403,6,0
1,-2853.10534853209,1542.46660760613,5297.5,6,0
1,-4692.63046008209,1576.58225884282,6486,6,0
1,-5437.37206980167,1589.28618792888,6938,6,0
1,-11290.5090566957,1791.06058986437,8209,6,0
1,-4561.46906932956,1576.11426245134,6362,6,0
1,-18159.3482010947,2140.77105998535,8954,6,0
1,-16293.6406602808,2004.72359547992,8790.5,6,0
1,-28720.9273398586,3840.19455793897,9687,6,0
1,-4581.45876458427,1575.82129441573,6381.5,6,0
1,-2798.25368225249,1536.84566236622,5277,6,0
1,-5177.91824836144,1587.77966209125,6822,6,0
1,-1342.09162857477,1660.16999205508,2924,6,0
1,-9767.80645601964,1706.17312424685,7955,6,0
1,-8127.81244022446,1633.66580070595,7641.5,6,0
1,-4494.35807941761,1578.30012295826,6295.5,6,0
1,140.622054215521,1763.76339815175,1053,6,0
1,-1199.17412433866,870.818445218112,4206,6,0
1,-1189.03191925352,917.563339760228,4385.5,6,0
1,-5043.38037515804,1585.89720155692,6749,6,0
1,-9917.75641804375,1714.32784133742,7982,6,0
1,-1093.37660740223,1696.16414882363,2707,6,0
1,-1365.04796498129,1225.71865838405,3711,6,0
1,-3118.22207285184,1567.17548555205,5399,6,0
1,-9971.03439601138,1717.25966349107,7991.5,6,0
1,-100.001805156469,1715.66049408,1929,6,0
1,-483.056075551081,1724.73829163308,2309,6,0
1,-994.171405835077,1705.6025554771,2639.5,6,0
1,-1337.87703133281,1661.05743097411,2919,6,0
1,-1435.19188416842,1480.39800371343,3428.5,6,0
1,-1259.82078461209,899.376178375649,4054,6,0
1,-1258.76125171222,898.259804670279,4056.5,6,0
1,-3320.34499546979,1583.83564408393,5482,6,0
1,-4474.35010927916,1579.32068541168,6275.5,6,0
1,-4497.36254504882,1578.16136513809,6298.5,6,0
1,-4523.46967096347,1577.11780551156,6324.5,6,0
1,-4868.45387874357,1581.65584068662,6632.5,6,0
1,-4884.61516615283,1582.13216203948,6644.5,6,0
1,-5316.34124178207,1588.82266017516,6887,6,0
1,-5405.49986622436,1589.19128813329,6925,6,0
1,-6125.31187466532,1591.8035668938,7173,6,0
1,-6157.38810655801,1592.07156989935,7182.5,6,0
1,-7584.24252299126,1617.96290301156,7531,6,0
1,-7982.67430920992,1629.10393638022,7612.5,6,0
1,-8050.0668626749,1631.18584044565,7626,6,0
1,-9046.52080464456,1669.84341115362,7820.5,6,0
1,-9789.88983203517,1707.36418384994,7959,6,0
1,-9861.97217801819,1711.27642854842,7972,6,0
1,153.511713639833,1764.40247477451,1016.5,6,0
1,-1165.32891182834,1687.94442432351,2760,6,0
1,-1460.57230616128,1588.24549806855,3219.5,6,0
1,-1314.16711416002,1014.52845006239,3904.5,6,0
1,-1201.58802745584,870.709362681633,4198.5,6,0
1,-1255.54321731487,1007.39099299559,4502,6,0
1,-1782.71565006115,1341.90769542294,4862.5,6,0
1,-4227.1448549442,1599.94924752863,6040,6,0
1,-4434.30444031861,1581.84135066325,6235.5,6,0
1,-4800.28818691382,1579.55144275358,6579,6,0
1,-4860.50440662261,1581.41694327905,6626.5,6,0
1,-5047.63816109858,1585.97375754131,6751.5,6,0
1,-5045.08063844917,1585.92792691578,6750,6,0
1,-5287.22790547181,1588.65912046341,6874,6,0
1,-5339.22002869332,1588.93467716728,6897,6,0
1,-5387.42765959213,1589.13007400076,6917.5,6,0
1,-5401.86688342551,1589.17945855011,6923.5,6,0
1,-5459.84076182544,1589.34453925219,6947,6,0
1,-5468.66708327644,1589.36584489626,6950.5,6,0
1,-6140.46423312742,1591.9278525283,7177.5,6,0
1,-6232.9615052985,1592.77461718108,7204.5,6,0
1,-6662.64385580877,1598.50400368309,7320.5,6,0
1,-7821.87009394728,1624.37735758585,7580,6,0
1,-8426.69238000968,1644.02550121093,7700.5,6,0
1,-9839.74135932885,1710.06608206585,7968,6,0
1,-9864.75431750854,1711.42810549155,7972.5,6,0
1,-10788.9608776798,1763.31402437024,8130.5,6,0
1,-6125.31187466532,1591.8035668938,7173,6,0
1,-1446.23737189639,1619.97001677688,3117,6,0
1,-3762.58459396614,1611.26021711619,5703,6,0
1,-4157.71907705488,1605.43447381802,5981,6,0
1,-4995.68467762135,1584.95418505444,6720,6,0
1,-4717.17262289906,1577.14680801952,6508,6,0
1,-4964.5243918011,1584.25011994038,6700,6,0
1,-6078.6480134516,1591.44589318287,7159,6,0
1,-6125.31187466532,1591.8035668938,7173,6,0
1,228.16550860228,1759.36382820431,841,6,0
1,-2988.08060047729,1555.50106130304,5348.5,6,0
1,-4587.64773541316,1575.76151754678,6387.5,6,0
1,316.882112784777,1736.83911238071,666,6,0
1,269.864282279275,1751.02640750959,757,6,0
1,230.083764758427,1759.06393372787,837,6,0
1,199.102078877855,1762.91120095699,904,6,0
1,34.2721856376156,1729.2789800702,1541,6,0
1,-976.610913909972,1707.06281018823,2628,6,0
1,-1110.18361546798,1694.35464558957,2719,6,0
1,-1449.42609622609,1616.51141631337,3130,6,0
1,-1270.22327865846,912.086614434667,4029,6,0
1,-1344.24831888732,1093.83561279903,4590,6,0
1,-3193.2022390007,1573.5583253955,5429,6,0
1,-5144.64990278566,1587.40872943414,6805,6,0
1,-5158.2028632015,1587.56657724145,6812,6,0
1,-5160.15562160127,1587.58848614561,6813,6,0
1,-5990.67316947971,1590.87456538072,7132,6,0
1,-7782.64292716701,1623.27345749691,7572,6,0
1,-8110.22470050352,1633.09731048544,7638,6,0
1,-8495.6372016836,1646.60860630236,7714,6,0
1,333.847083586268,1730.32711624674,633,6,0
1,111.43255861802,1760.01981332827,1148,6,0
1,227.209378758445,1759.51031824928,843,6,0
1,-423.077793036588,1724.08725286391,2265,6,0
1,-4970.64847617783,1584.39407323654,6704,6,0
1,-4861.16363082593,1581.43690208352,6627,6,0
1,-5679.30423629889,1589.76290616641,7029,6,0
1,-1799.88338455465,1348.11097187813,4871,6,0
1,-9549.26359158987,1694.59938890866,7915,6,0
1,307.560397638939,1740.08518991611,684,6,0
1,-1460.59699996887,1576.50436084763,3250,6,0
1,-2835.73822507495,1540.70920554805,5291,6,0
1,-4192.34554225486,1602.82960161638,6010,6,0
1,-5475.00181154115,1589.3806482955,6953,6,0
1,-6098.55868750438,1591.59380308714,7165,6,0
1,-8055.0712451702,1631.34293735463,7627,6,0
1,-10452.8528640796,1744.29803676829,8075,6,0
1,-1111.57130471664,1694.20234178525,2720,6,0
1,-1199.48992388789,870.796125232159,4205,6,0
1,-1187.18137242366,874.234784649479,4251,6,0
1,-88395.0180570215,2161.31654606075,14082,6,0
1,-93152.6289240688,2147.90601022856,14295,6,0
1,-92295.8821902238,2147.31730493387,14255,6,0
1,-95458.6270410037,2166.29646961912,14408,6,0
1,-95222.1539525161,2162.86674416508,14396,6,0
1,-97905.8543564379,2234.5682515605,14539,6,0
1,-112230.117664846,2153.93141824269,18116,6,0
1,-112387.463307711,2147.47747775004,18174,6,0
1,-113306.076301761,2153.24866993904,18448,6,0
1,-112517.304656074,2144.78752241462,18218,6,0
1,-112393.174743985,2147.31583979045,18176,6,0
1,-113671.349462484,2163.84708896349,18549,6,0
1,-114259.288768234,2185.80320884085,18746,6,0
1,-114333.516323108,2189.3291356423,18783,6,0
1,-114188.631126798,2182.72671675233,18716,6,0
1,-114371.741776506,2191.3461045312,18806,6,0
1,-60616.2790818727,2333.11543159066,12002,6,0
1,-61906.1971473286,2207.27632017912,12203,6,0
1,-61701.6578747528,2218.70913094761,12170,6,0
1,-66015.324820041,2171.3969042507,12798,6,0
1,-66428.1319248658,2168.49354613184,12844,6,0
1,-67924.8994064474,2160.14283306371,12993,6,0
1,-69023.5559936292,2157.11139698982,13088,6,0
1,-70195.567095424,2156.44391708894,13179,6,0
1,-76476.9071208463,2170.92112585647,13555,6,0
1,-76858.2532805803,2171.97418569382,13574,6,0
1,-76939.2735159995,2172.19402249196,13578,6,0
1,-78057.2158111266,2175.03671749923,13632,6,0
1,-111556.99144776,2471.65774379483,17580,6,0
1,-98500.9202495113,2263.04686601803,14573,6,0
1,-113160.286942431,2149.79464700681,18408,6,0
1,1342.3405429353,1071.29612731462,-68,7,0
1,1425.44233917352,1002.58852530505,14,7,0
1,1446.83964558551,991.283367330658,43,7,0
1,1460.1575640454,987.467780191183,65.5,7,0
1,1469.8230948993,987.925933476725,86.5125,7,0
1,1476.55609068694,992.11194238893,106.975,7,0
1,1482.3248849595,1007.77451375986,143.5,7,0
1,1454.78447505319,1106.79033561859,261.05,7,0
1,1423.49861040618,1164.73897236563,314.525,7,0
1,1393.82975528529,1210.17960174175,354.925,7,0
1,1367.61304843193,1245.76703891263,386.4875,7,0
1,1333.05000892607,1288.0352652641,424.5125,7,0
1,1302.89919196628,1321.55601673985,455.475,7,0
1,1267.66074436344,1357.54885659335,489.9125,7,0
1,1214.0141893765,1406.95377459994,540.0125,7,0
1,1165.97102395725,1446.61177902143,583.5125,7,0
1,1048.35274472646,1529.03451758468,688.9375,7,0
1,883.607485483866,1616.37623857857,847.125,7,0
1,703.381155851763,1677.49643406908,1074,7,0
1,617.097445132677,1685.43757241347,1254.55,7,0
1,574.795862304978,1665.96273100907,1438.0125,7,0
1,566.72031728318,1650.90384607754,1516.4625,7,0
1,563.049896715209,1637.3919269027,1574.9625,7,0
1,560.080551325809,1619.74270640075,1641.5375,7,0
1,557.121373341884,1600.23429744888,1706.475,7,0
1,545.987685001921,1556.50756367081,1831.4875,7,0
1,492.039412281476,1477.02629695422,2025.0375,7,0
1,273.939142598305,1386.7246212407,2292.0375,7,0
1,-35.4338402198628,1402.23993194334,2489.5125,7,0
1,-177.909860408865,1426.80828859257,2566.0125,7,0
1,-280.608533470426,1446.82960160319,2620.5,7,0
1,-364.18708647741,1464.07336945675,2665.525,7,0
1,-450.390644579194,1482.64322425941,2713.5,7,0
1,-515.50705913268,1497.24243025157,2751.4125,7,0
1,-588.564896485303,1514.3552133013,2796.5125,7,0
1,-654.351740048267,1530.65479781187,2840.475,7,0
1,-727.473104842007,1550.20140559145,2895,7,0
1,-878.328230464365,1599.69258245863,3050.05,7,0
1,-925.825395869091,1621.11673926173,3136.4625,7,0
1,-939.914546948858,1629.04097026368,3176.9625,7,0
1,-952.847426899243,1638.41167676847,3241.4625,7,0
1,-955.749420429114,1643.33715179092,3303.5,7,0
1,-953.695248857606,1644.28651552789,3340.9625,7,0
1,-950.294998730998,1643.93892367187,3370.9375,7,0
1,-946.484635686968,1642.92552633998,3395.5,7,0
1,-941.04416640196,1640.93923895807,3424,7,0
1,-935.62911026692,1638.5648767447,3448.3625,7,0
1,-928.622176730074,1635.07098642392,3476.475,7,0
1,-920.089377203491,1630.31028394572,3507.4875,7,0
1,-908.114775234833,1622.85638022082,3547.35,7,0
1,-893.16999056004,1612.46112559115,3593.4875,7,0
1,-882.462948937435,1604.33667643063,3624.9875,7,0
1,-872.872688027564,1596.60931781303,3652.4375,7,0
1,-866.811384226196,1591.51489107645,3669.4875,7,0
1,-856.007177454419,1582.04739157784,3699.3875,7,0
1,-847.892749024089,1574.62731858186,3721.4625,7,0
1,-841.754399811383,1568.84847434884,3737.95,7,0
1,-836.284089056309,1563.58513719953,3752.4875,7,0
1,-827.731826941483,1555.15653941089,3774.9125,7,0
1,-815.84628466703,1543.07532421943,3805.4375,7,0
1,-806.664910712745,1533.48294501667,3828.4875,7,0
1,-795.276139787398,1521.30778120997,3856.425,7,0
1,-786.094891290646,1511.29210000144,3878.425,7,0
1,-772.872540910728,1496.58014204468,3909.325,7,0
1,-748.129464657977,1468.16837840445,3964.9625,7,0
1,-702.423577483743,1412.06885513475,4062.9625,7,0
1,-667.461257325485,1364.17868225325,4137.85,7,0
1,-643.833456086926,1327.61335230021,4191.45,7,0
1,-629.208566312212,1302.29193879261,4227.425,7,0
1,-610.097146087792,1264.12527861112,4280.9125,7,0
1,-598.286944751162,1235.40147095871,4321.525,7,0
1,-590.80809691269,1212.84731801947,4354.4125,7,0
1,-585.988924545236,1193.88090859058,4383.425,7,0
1,-583.324509089813,1178.55885679948,4408.3875,7,0
1,-582.135041489732,1163.5527617629,4435,7,0
1,-582.369058295153,1154.34985565452,4453,7,0
1,-585.014970033895,1140.27520858451,4484.975,7,0
1,-590.389774387702,1130.08345236141,4515.375,7,0
1,-596.186981111765,1124.93846346402,4537.4625,7,0
1,-606.374568734318,1121.35637647289,4566.475,7,0
1,-621.140834060032,1121.28753936808,4599,7,0
1,-648.152337365318,1127.01719867319,4645.975,7,0
1,-679.364349440206,1136.84704750724,4690.4875,7,0
1,-768.176569218747,1164.95149747076,4791.55,7,0
1,-962.776682092343,1192.20965926729,4958.525,7,0
1,-1084.35090192454,1185.21298333285,5045.05,7,0
1,-1129.28798554,1178.8905433738,5074.9875,7,0
1,-1168.64437403344,1171.9353395277,5100.5125,7,0
1,-1199.26919105323,1165.68649576226,5119.9875,7,0
1,-1231.15560973529,1158.46463049028,5139.95,7,0
1,-1269.3410516209,1148.93553499636,5163.4875,7,0
1,-1331.34611571766,1131.65697256198,5201,7,0
1,-1369.10388409719,1120.19088082468,5223.5,7,0
1,-1397.90294319345,1111.03740760625,5240.525,7,0
1,-1419.98276091972,1103.81056789054,5253.5125,7,0
1,-1436.18482787022,1098.40532311793,5263.0125,7,0
1,-1452.40252568945,1092.91758252058,5272.5,7,0
1,-1470.36593699967,1086.75935845572,5282.9875,7,0
1,-1479.82091495488,1083.48848196671,5288.5,7,0
1,-1493.55566712469,1078.70544135273,5296.5,7,0
1,-1509.044156102,1073.27351884844,5305.5125,7,0
1,-1544.27187602548,1060.81584311266,5325.9875,7,0
1,-1598.52069736551,1041.58250856406,5357.5,7,0
1,-1620.04878588859,1034.02505781323,5370.0125,7,0
1,-1638.94089037599,1027.46898937231,5381,7,0
1,-1648.41412478173,1024.21654830335,5386.5125,7,0
1,-1657.79785503121,1021.02220704221,5391.975,7,0
1,-1663.87278325204,1018.97018268988,5395.5125,7,0
1,-1678.3991137757,1014.12099449695,5403.975,7,0
1,-1689.55079822009,1010.45980653475,5410.475,7,0
1,-1704.98362458264,1005.49321173065,5419.475,7,0
1,-1715.31039260468,1002.2421636011,5425.5,7,0
1,-1721.35069260374,1000.36986268614,5429.025,7,0
1,-1734.13513553049,996.483979996469,5436.4875,7,0
1,-1741.82143766992,994.201196856882,5440.975,7,0
1,-1751.26247913018,991.456164692666,5446.4875,7,0
1,-1758.15571183711,989.495284306121,5450.5125,7,0
1,-1771.00099116564,985.944587188011,5458.0125,7,0
1,-1782.13593611773,982.982389712413,5464.5125,7,0
1,-1790.66110731056,980.791536796411,5469.4875,7,0
1,-1812.99882411398,975.392571332439,5482.5125,7,0
1,-1838.71164418105,969.845755712526,5497.475,7,0
1,-1860.30251531536,965.79552338919,5510,7,0
1,-1879.3348526503,962.721650307473,5521,7,0
1,-1913.38373611076,958.467690890154,5540.55,7,0
1,-2006.16896577785,954.650280994949,5593,7,0
1,-2181.22707764432,966.083216060616,5692.025,7,0
1,-2312.68177728681,978.062181708327,5769.0125,7,0
1,-2383.47976245126,982.05749877033,5811.9875,7,0
1,-2415.79147945903,982.856426043621,5832.025,7,0
1,-2446.86918287398,982.886716356079,5851.575,7,0
1,-2485.71212519472,981.78511562352,5876.425,7,0
1,-2513.58244577702,980.144689396955,5894.5625,7,0
1,-2545.29372131918,977.354652431308,5915.5375,7,0
1,-2575.66373529471,973.719401230639,5935.9875,7,0
1,-2609.91972197313,968.455294614656,5959.5125,7,0
1,-2643.33306018822,962.125629100468,5982.9625,7,0
1,-2676.83775418904,954.622276995078,6007.0125,7,0
1,-2725.57627612352,941.811135081647,6043.025,7,0
1,-2781.57707715034,924.922530224466,6086,7,0
1,-2816.30207765521,913.835509588254,6113.525,7,0
1,-2853.83046202408,901.982149213682,6144,7,0
1,-2889.38424739195,891.588007709732,6173.5,7,0
1,-2949.5886118738,878.222928122113,6224.4875,7,0
1,-3056.28858332383,874.494805618288,6315.5375,7,0
1,-3129.11653536931,882.996153884938,6376,7,0
1,-3160.87820911873,888.334571687636,6401.5125,7,0
1,-3181.82347163139,892.226430304805,6417.9875,7,0
1,-3209.73988582147,897.780620112516,6439.475,7,0
1,-3241.87683560001,904.603153544788,6463.5,7,0
1,-3255.55992388586,907.629022472721,6473.4875,7,0
1,-3269.48611604562,910.777212995298,6483.5,7,0
1,-3281.48260172736,913.542682441109,6492,7,0
1,-3290.05183599237,915.547769332828,6498,7,0
1,-3303.76306191552,918.806614058958,6507.475,7,0
1,-3311.7901923703,920.743198251835,6512.95,7,0
1,-3323.7567712348,923.669648975786,6521.0125,7,0
1,-3332.74170455337,925.897614349024,6526.9875,7,0
1,-3343.4191772081,928.579792324887,6534,7,0
1,-3354.94577224459,931.517308845024,6541.4625,7,0
1,-3366.74820818519,934.570468308901,6548.9875,7,0
1,-3464.75829757703,961.701322490046,6606.975,7,0
1,-3577.65372053953,996.596146153316,6664.4875,7,0
1,-3714.87166019017,1041.07127129386,6724.5,7,0
1,-3788.25484656543,1064.43243547325,6753.4875,7,0
1,-3800.05904997187,1068.13040619247,6757.9875,7,0
1,-3823.99805304781,1075.57111600557,6766.9875,7,0
1,-3915.58434754144,1103.24049195208,6800.0125,7,0
1,-4061.97485968377,1144.60222008385,6848.9875,7,0
1,-4160.9348127069,1170.53400400654,6880,7,0
1,-4177.32620800519,1174.67556950934,6885,7,0
1,-4185.48387086438,1176.72089168914,6887.475,7,0
1,-4188.8707724656,1177.56688495425,6888.5,7,0
1,-4195.49360859906,1179.21598909711,6890.5,7,0
1,-4198.81207494158,1180.0398072697,6891.5,7,0
1,-4200.47306655254,1180.45137977368,6892,7,0
1,-4207.12873154134,1182.0966880587,6894,7,0
1,-4212.13273446076,1183.32910182825,6895.5,7,0
1,-4218.77916387655,1184.96003636884,6897.4875,7,0
1,-4222.1302107228,1185.77970639082,6898.4875,7,0
1,-4223.89136389922,1186.2098295089,6899.0125,7,0
1,-4230.57012297167,1187.83647280023,6901,7,0
1,-4235.62275145715,1189.06258028028,6902.5,7,0
1,-4237.30925982911,1189.47095109061,6903,7,0
1,-4244.02446799446,1191.09272988756,6904.9875,7,0
1,-4247.49472265178,1191.92809311645,6906.0125,7,0
1,-4295.36952530127,1203.26863606718,6920.0125,7,0
1,-4420.52674459014,1231.36022998911,6955.4875,7,0
1,-4619.0613156436,1271.7367098738,7009,7,0
1,-4754.73894381709,1296.73139736242,7044,7,0
1,-4780.36313576298,1301.23824281062,7050.4875,7,0
1,-4804.24010508414,1305.37978973777,7056.5,7,0
1,-4832.19316418841,1310.15882558825,7063.5,7,0
1,-4842.3166770013,1311.87146784565,7066.025,7,0
1,-4856.2335408139,1314.21014422124,7069.4875,7,0
1,-4862.37564164354,1315.23664557601,7071.0125,7,0
1,-4866.35701807961,1315.90021092838,7072,7,0
1,-4870.39208177198,1316.57114719745,7073,7,0
1,-4874.48095179489,1317.24962376991,7074.0125,7,0
1,-4886.56534600351,1319.24589305778,7077,7,0
1,-4888.64135221485,1319.58753931477,7077.5125,7,0
1,-4894.67171663092,1320.57766184385,7079,7,0
1,-4902.79119650042,1321.9056516801,7081,7,0
1,-4910.87288053054,1323.2217071605,7082.9875,7,0
1,-4916.98079233337,1324.2125266653,7084.4875,7,0
1,-4923.14701467846,1325.20941614765,7086,7,0
1,-4927.22793560475,1325.86738857441,7087,7,0
1,-4935.34838907048,1327.17237911786,7088.9875,7,0
1,-4939.4901386383,1327.835755077,7090,7,0
1,-4953.83278619871,1330.12166463833,7093.5,7,0
1,-4980.72826214414,1334.36110576588,7100.0375,7,0
1,-5091.03576302016,1351.13050410797,7126.5125,7,0
1,-5406.49217744358,1394.16332234494,7199.5,7,0
1,-5720.20624030149,1430.80644886989,7268.5,7,0
1,-5885.32004529424,1448.00521442442,7303.5,7,0
1,-5974.27488065325,1456.74135015302,7322,7,0
1,-6052.16056391038,1464.10704813842,7338,7,0
1,-6138.36743220035,1471.96852411205,7355.5,7,0
1,-6326.70104865683,1488.16402158592,7393,7,0
1,-6439.72645896766,1497.29897947179,7415.05,7,0
1,-6519.91338208737,1503.5404004418,7430.5,7,0
1,-6580.05426783068,1508.10041687316,7441.9875,7,0
1,-6624.90048904391,1511.43696618285,7450.5,7,0
1,-6672.50321624149,1514.92188101271,7459.4875,7,0
1,-6717.95924904756,1518.19745092251,7468.025,7,0
1,-6771.5551375472,1521.99735530468,7478.0375,7,0
1,-6827.94775901688,1525.9269017522,7488.5125,7,0
1,-6868.51924271462,1528.71266977189,7496.0125,7,0
1,-6900.95384013979,1530.91626781902,7501.9875,7,0
1,-6941.94012395339,1533.67216527265,7509.5125,7,0
1,-6983.00622614007,1536.40285531791,7517.025,7,0
1,-7004.7242695312,1537.835233368,7520.9875,7,0
1,-7037.68282069638,1539.99392118973,7526.9875,7,0
1,-7084.58844307577,1543.03638907539,7535.5,7,0
1,-7125.9807721898,1545.69389552749,7542.9875,7,0
1,-7214.89289512299,1551.323101025,7559,7,0
1,-7253.91648868332,1553.76253116538,7566,7,0
1,-7276.18500121403,1555.14671828941,7569.9875,7,0
1,-7290.23021186888,1556.0169324899,7572.5,7,0
1,-7309.88307750411,1557.23117512057,7576.0125,7,0
1,-7343.42916483153,1559.29460150788,7582,7,0
1,-7371.41407972481,1561.00764475053,7586.9875,7,0
1,-7391.07403248921,1562.20684528449,7590.4875,7,0
1,-7405.19753499795,1563.06619708081,7593,7,0
1,-7424.88613711623,1564.26145216975,7596.5,7,0
1,-7453.03996115597,1565.96512845053,7601.5,7,0
1,-7472.76583497971,1567.15515448389,7605,7,0
1,-7500.97026911052,1568.85189780929,7610,7,0
1,-7532.02669793414,1570.71389323724,7615.5,7,0
1,-7568.62796194339,1572.90070111609,7621.975,7,0
1,-7594.08844091557,1574.41730278322,7626.475,7,0
1,-7664.97292356193,1578.62258234608,7638.9875,7,0
1,-7738.74105516728,1582.97654237645,7651.9875,7,0
1,-7784.26020682883,1585.65422645837,7660,7,0
1,-7829.81397731462,1588.32848463818,7668.0125,7,0
1,-7861.10138219409,1590.16281682124,7673.5125,7,0
1,-7900.86987072416,1592.49185265878,7680.5,7,0
1,-7952.0500319344,1595.48641184164,7689.4875,7,0
1,-7994.85351456841,1597.98923028899,7697,7,0
1,-8040.38453444839,1600.65081384213,7704.9875,7,0
1,-8074.59990436817,1602.65096382355,7710.9875,7,0
1,-8123.16247715615,1605.49035795839,7719.5,7,0
1,-8225.85369228665,1611.5001395572,7737.4875,7,0
1,-8326.00872050226,1617.37376268748,7755.0125,7,0
1,-8386.07147858804,1620.90386595329,7765.5125,7,0
1,-8434.79966444941,1623.77266875676,7774.025,7,0
1,-8500.6124108471,1627.65501990545,7785.5125,7,0
1,-8546.41460650973,1630.36225560919,7793.5,7,0
1,-8626.93011500314,1635.13274797722,7807.525,7,0
1,-8713.04925764957,1640.25169404231,7822.5,7,0
1,-8842.79191665724,1647.99647241555,7845,7,0
1,-8906.32713456172,1651.80337138113,7855.9875,7,0
1,-8958.54052147828,1654.93862084625,7865,7,0
1,-9013.68261088338,1658.2562248351,7874.5,7,0
1,-9060.0616371613,1661.05160405854,7882.475,7,0
1,-9092.24285171647,1662.9938327478,7888,7,0
1,-9141.83717737906,1665.99102984789,7896.5,7,0
1,-9173.91180910543,1667.93189080765,7901.9875,7,0
1,-9217.75240043923,1670.58775290223,7909.475,7,0
1,-9256.03193400055,1672.90945370758,7916,7,0
1,-9288.35442542424,1674.87173862568,7921.5,7,0
1,-9326.62265066849,1677.19699138616,7928,7,0
1,-9367.84756090492,1679.70420005339,7934.9875,7,0
1,-9412.12620175863,1682.39970156939,7942.475,7,0
1,-9459.85651387228,1685.30779476163,7950.525,7,0
1,-9531.18667950667,1689.65784039169,7962.5125,7,0
1,-9666.03151893197,1697.89015579607,7985.025,7,0
1,-9960.9236827055,1715.88567415628,8033.5,7,0
1,-10128.3019598257,1726.05615749576,8060.5,7,0
1,-10247.848134378,1733.28255308304,8079.5375,7,0
1,-10352.4039766495,1739.56821692964,8096.0125,7,0
1,1470.01427943353,987.983309446507,87,7,0
1,-1914.17157174926,958.388876663883,5541,7,0
1,-3521.45956497872,978.803722912702,6637,7,0
1,-3063.94980016304,875.070570364765,6322,7,0
1,1479.50388499862,996.568767072865,120,7,0
1,-584.361563972197,1185.41606820912,4397,7,0
1,1481.85710355453,1004.29239968797,137,7,0
1,506.700375761371,1491.9044057191,1990,7,0
1,1420.45262477687,1005.80345921005,8,7,0
1,-3025.02836025599,873.147802567962,6289,7,0
1,1479.86731876666,997.368713208254,122,7,0
1,-861.594396275468,1587.00392488371,3684,7,0
1,-1908.92318741465,958.930607403037,5538,7,0
1,-4547.2920460524,1257.69280449853,6990,7,0
1,-639.422051317524,1320.23916982652,4202,7,0
1,1479.31336223939,996.18007485736,119,7,0
1,728.702197798062,1671.49443101554,1035,7,0
1,558.873423074838,1611.46933180622,1670,7,0
1,-2981.7517802231,874.436950069405,6252,7,0
1,-3188.27202450065,893.474985017736,6423,7,0
1,1408.31196877873,1188.82019138651,336,7,0
1,1474.24335614033,990.056008305063,99,7,0
1,-4727.25433498574,1291.82410989064,7037,7,0
1,179.484465339687,1381.34320369206,2361.5,7,0
1,-598.225388826337,1123.81370729895,4544,7,0
1,-2954.87089337828,877.420795465076,6229,7,0
1,323.891616002191,1395.49144102268,2249,7,0
1,694.585693639703,1679.3084675515,1088.5,7,0
1,-722.907883755397,1437.89837656483,4019.5,7,0
1,-3780.47917956719,1061.9865683963,6750.5,7,0
1,-3792.21005337406,1065.67348971371,6755,7,0
1,-7843.96268703602,1589.15826439397,7670.5,7,0
1,-5750.55944664311,1434.06853546598,7275,7,0
1,-861.357855591923,1184.51570809819,4877.5,7,0
1,-1090.94297224469,1184.40016122487,5049.5,7,0
1,-3607.91260076594,1006.37166809357,6678.5,7,0
1,-8091.78317945264,1603.65553468519,7714,7,0
1,-954.916967930738,1644.05878469718,3324.5,7,0
1,-3533.36736227106,982.516822974489,6643,7,0
1,-8108.89798664674,1604.6561495337,7717,7,0
1,775.488052500412,1657.85991434805,971,7,0
1,-2806.26404544851,917.054862353073,6105.5,7,0
1,-582.407777522225,1153.86375920479,4454,7,0
1,-707.433397668879,1146.27995245871,4725.5,7,0
1,-834.660584288184,1583.42767537564,2995,7,0
1,-2592.51931942487,971.284564668147,5947.5,7,0
1,1076.55775957601,1510.96172456938,663.5,7,0
1,-1493.55566712469,1078.70544135273,5296.5,7,0
1,-1525.36233281204,1067.51650671335,5315,7,0
1,-6377.75161550054,1492.34090681264,7403,7,0
1,-1495.27348548174,1078.10477545392,5297.5,7,0
1,-3272.99748158501,911.581668075252,6486,7,0
1,-4358.1553509566,1217.63430072607,6938,7,0
1,-11101.4435647498,1783.0578368341,8209,7,0
1,-3111.98613878479,880.462293646089,6362,7,0
1,-18104.3076742538,2140.10898001493,8954,7,0
1,-16220.9824376698,2003.59290621092,8790.5,7,0
1,-28705.6043975691,3840.13117184262,9687,7,0
1,-3135.90095266886,884.07138011244,6381.5,7,0
1,-1460.10603123298,1090.2862391324,5277,7,0
1,-3979.77260861406,1121.82054417943,6822,7,0
1,-762.237838866189,1560.23321747689,2924,7,0
1,-9486.44813780347,1686.92901624869,7955,7,0
1,-7679.22104919283,1579.46513948359,7641.5,7,0
1,-3032.66026391648,873.317584225073,6295.5,7,0
1,716.713931099512,1674.47258485211,1053,7,0
1,-637.77460507676,1317.43104702518,4206,7,0
1,-585.71333183581,1192.56814486354,4385.5,7,0
1,-3776.59346068092,1060.76139132681,6749,7,0
1,-9647.84126405697,1696.77927118722,7982,7,0
1,-438.935402316041,1480.12853905949,2707,7,0
1,-851.75321315648,1578.18938808941,3711,7,0
1,-1669.86033212487,1016.96127092531,5399,7,0
1,-9705.04575104266,1700.27286424395,7991.5,7,0
1,526.478054540232,1517.57868123299,1929,7,0
1,252.482077369932,1384.31993867223,2309,7,0
1,-316.109135740437,1454.06066243695,2639.5,7,0
1,-756.455129252747,1558.52389824192,2919,7,0
1,-940.09402610641,1640.54711015275,3428.5,7,0
1,-706.657893202733,1417.51743776084,4054,7,0
1,-705.476853823289,1416.00395298244,4056.5,7,0
1,-1812.11924558412,975.595421127276,5482,7,0
1,-3009.21405092906,873.156294837061,6275.5,7,0
1,-3036.18744530482,873.432257994888,6298.5,7,0
1,-3066.91975001059,875.317299726102,6324.5,7,0
1,-3512.65996128041,976.085738418453,6632.5,7,0
1,-3536.37563148793,983.460632446113,6644.5,7,0
1,-4183.91601244872,1176.32856682724,6887,7,0
1,-4312.63658896321,1207.27581621995,6925,7,0
1,-5290.03548384178,1379.06708640108,7173,7,0
1,-5331.53123782808,1384.54654685584,7182.5,7,0
1,-7059.77167523373,1541.43090887594,7531,7,0
1,-7515.08285973966,1569.69883956823,7612.5,7,0
1,-7591.4000860448,1574.25731580421,7626,7,0
1,-8701.53769097989,1639.56643708,7820.5,7,0
1,-9510.25357212173,1688.38080067385,7959,7,0
1,-9587.86806940241,1693.11727497131,7972,7,0
1,741.561288006604,1668.05101112466,1016.5,7,0
1,-529.812894346658,1500.52610557531,2760,7,0
1,-949.669972866308,1635.69140069348,3219.5,7,0
1,-774.962417556904,1498.92728662695,3904.5,7,0
1,-640.875114197843,1322.69097548494,4198.5,7,0
1,-587.665598519146,1134.14860549308,4502,7,0
1,-843.996090266854,1181.79720206499,4862.5,7,0
1,-2721.54732497316,942.94704989618,6040,7,0
1,-2962.47341904137,876.392787960129,6235.5,7,0
1,-3415.79188372148,947.751367742316,6579,7,0
1,-3501.09828874096,972.549478091311,6626.5,7,0
1,-3783.07648756448,1062.80449757602,6751.5,7,0
1,-3779.18257394386,1061.5779904513,6750,7,0
1,-4141.42302192841,1165.54774646769,6874,7,0
1,-4217.14720947063,1184.56031599876,6897,7,0
1,-4286.71288607316,1201.2432942633,6917.5,7,0
1,-4307.43192639062,1206.07254735539,6923.5,7,0
1,-4390.09408143722,1224.72912219572,6947,7,0
1,-4402.60717149824,1227.47074270692,6950.5,7,0
1,-5309.65622692276,1381.6720689333,7177.5,7,0
1,-5428.71251214296,1396.9463031666,7204.5,7,0
1,-5967.01850583451,1456.04186382883,7320.5,7,0
1,-7332.21759756096,1558.60617798557,7580,7,0
1,-8014.80189980986,1599.15541749975,7700.5,7,0
1,-9563.94551658817,1691.65703906691,7968,7,0
1,-9590.86102455156,1693.2999585795,7972.5,7,0
1,-10574.8420476452,1752.80168891248,8130.5,7,0
1,-5290.03548384178,1379.06708640108,7173,7,0
1,-917.267161674798,1616.79704983069,3117,7,0
1,-2200.28986180713,967.93845534978,5703,7,0
1,-2640.56493595568,962.69438846964,5981,7,0
1,-3703.89341964992,1037.53092160462,6720,7,0
1,-3304.52940760506,918.990599235763,6508,7,0
1,-3656.45100926468,1022.14815648913,6700,7,0
1,-5229.39695463935,1370.85179402149,7159,7,0
1,-5290.03548384178,1379.06708640108,7173,7,0
1,889.502911700401,1613.75366534726,841,7,0
1,-1583.02932412038,1047.05914539475,5348.5,7,0
1,-3143.33997888304,885.293033280264,6387.5,7,0
1,1073.77512545837,1512.78917522088,666,7,0
1,974.68753037136,1571.77295581739,757,7,0
1,893.378305963706,1612.00994231649,837,7,0
1,831.233435793314,1638.06959041045,904,7,0
1,564.996063230559,1645.46706058907,1541,7,0
1,-294.654520172626,1449.67351819314,2628,7,0
1,-460.021215473767,1484.76916314229,2719,7,0
1,-923.116069837473,1619.71772925481,3130,7,0
1,-718.446923064068,1432.38082194957,4029,7,0
1,-616.717083442025,1120.93012436503,4590,7,0
1,-1721.3078571395,1000.38310774464,5429,7,0
1,-3929.92171277339,1107.45015746048,6805,7,0
1,-3950.26542588882,1113.36493952844,6812,7,0
1,-3953.19266259018,1114.21023151788,6813,7,0
1,-5114.17532003438,1354.52722629729,7132,7,0
1,-7287.43430129625,1555.84389633428,7572,7,0
1,-7659.37417519884,1578.29126166399,7638,7,0
1,-8091.78317945264,1603.65553468519,7714,7,0
1,1110.62672957685,1487.76574756196,633,7,0
1,661.97883028863,1684.48908040529,1148,7,0
1,887.572687664069,1614.61632919095,843,7,0
1,306.060968735255,1391.81798933614,2265,7,0
1,-3665.7630379945,1025.17500009668,6704,7,0
1,-3502.05442170287,972.840469484465,6627,7,0
1,-4696.05436408753,1286.15962612064,7029,7,0
1,-853.778689020313,1183.38130557261,4871,7,0
1,-9250.1607069117,1672.55321591724,7915,7,0
1,1053.80658220034,1525.61689130807,684,7,0
1,-953.762660193723,1639.33353930033,3250,7,0
1,-1484.11144970497,1081.99807964263,5291,7,0
1,-2680.94589138497,953.625711654786,6010,7,0
1,-4411.5764771672,1229.42295531919,6953,7,0
1,-5255.31011822913,1374.39319518788,7165,7,0
1,-7597.06001121923,1574.59409097365,7627,7,0
1,-10219.2340552546,1731.55643081276,8075,7,0
1,-461.765918503981,1485.15546492201,2720,7,0
1,-638.185124150477,1318.13360229207,4205,7,0
1,-620.346994436346,1285.49683963053,4251,7,0
1,-88395.0139023943,2161.31654617868,14082,7,0
1,-93152.6261670662,2147.90600996394,14295,7,0
1,-92295.8792123613,2147.31730483994,14255,7,0
1,-95458.6248236373,2166.29646969726,14408,7,0
1,-95222.1516832397,2162.86674414204,14396,7,0
1,-97905.8526342884,2234.56825147098,14539,7,0
1,-112230.117663233,2153.93141822852,18116,7,0
1,-112387.463306273,2147.47747774737,18174,7,0
1,-113306.076300922,2153.24866994867,18448,7,0
1,-112517.304654755,2144.78752241006,18218,7,0
1,-112393.174742552,2147.31583978745,18176,7,0
1,-113671.349461796,2163.84708900327,18549,7,0
1,-114259.288767766,2185.80320886223,18746,7,0
1,-114333.516322674,2189.32913563196,18783,7,0
1,-114188.631126303,2182.72671674119,18716,7,0
1,-114371.741776091,2191.3461045102,18806,7,0
1,-60616.0609394182,2333.11535825181,12002,7,0
1,-61906.0477542875,2207.27630518094,12203,7,0
1,-61701.4988901066,2218.70910966637,12170,7,0
1,-66015.2763949085,2171.39690977274,12798,7,0
1,-66428.0875538983,2168.49355102336,12844,7,0
1,-67924.8659893101,2160.14283638049,12993,7,0
1,-69023.5281093055,2157.11139908364,13088,7,0
1,-70195.5436538113,2156.44391856283,13179,7,0
1,-76476.8956963901,2170.92112597881,13555,7,0
1,-76858.2422643655,2171.97418575014,13574,7,0
1,-76939.2625838646,2172.19402239175,13578,7,0
1,-78057.205953459,2175.0367176597,13632,7,0
1,-111556.991443143,2471.65774375181,17580,7,0
1,-98500.9186367688,2263.04686587475,14573,7,0
1,-113160.286941524,2149.79464700393,18408,7,0
1,462.93040321162,1567.09900149407,-68,8,0
1,525.90709760692,1558.27587183062,14,8,0
1,545.056568379048,1559.57378742088,43,8,0
1,558.74080292182,1561.71995039145,65.5,8,0
1,570.585906447843,1564.46638912206,86.5125,8,0
1,581.253001763951,1567.71789718305,106.975,8,0
1,598.183320539538,1574.6484738914,143.5,8,0
1,635.224163062405,1602.44093283092,261.05,8,0
1,644.101345701143,1615.88231791857,314.525,8,0
1,647.977813354228,1625.71055448221,354.925,8,0
1,649.52034001518,1632.99266963249,386.4875,8,0
1,649.883889331948,1641.11095771779,424.5125,8,0
1,649.158715798054,1647.05599217687,455.475,8,0
1,647.484645776916,1652.82462807193,489.9125,8,0
1,643.86798659293,1659.34955164604,540.0125,8,0
1,640.07394513255,1662.94342390261,583.5125,8,0
1,631.147510688286,1662.2539688705,688.9375,8,0
1,628.288670144044,1632.13633811839,847.125,8,0
1,665.77548888186,1520.72422329894,1074,8,0
1,729.855070006568,1373.90217256647,1254.55,8,0
1,803.970149298199,1190.97169977379,1438.0125,8,0
1,828.34426047327,1117.92540431606,1516.4625,8,0
1,839.506260163151,1074.11684398203,1574.9625,8,0
1,841.342105395626,1043.38156889875,1641.5375,8,0
1,828.134662406985,1040.55814962367,1706.475,8,0
1,760.301351382863,1100.81454551726,1831.4875,8,0
1,565.070237017237,1255.19158487121,2025.0375,8,0
1,148.798416764941,1403.58338723534,2292.0375,8,0
1,-230.087686290033,1412.78208447569,2489.5125,8,0
1,-379.429131885991,1393.04576348984,2566.0125,8,0
1,-482.982267229352,1372.53093547613,2620.5,8,0
1,-565.545418467838,1352.47595545061,2665.525,8,0
1,-649.566837245598,1329.08809140823,2713.5,8,0
1,-712.527842756361,1309.98680712976,2751.4125,8,0
1,-782.933379726019,1287.71419733837,2796.5125,8,0
1,-846.441318318248,1267.81993221298,2840.475,8,0
1,-917.76363270171,1247.94149968199,2895,8,0
1,-1076.09778180113,1244.77560474377,3050.05,8,0
1,-1138.3670465583,1280.24507497277,3136.4625,8,0
1,-1161.87525336817,1302.23408341068,3176.9625,8,0
1,-1192.94501575688,1340.62259885631,3241.4625,8,0
1,-1216.82620639959,1378.5299860713,3303.5,8,0
1,-1229.08973084157,1400.86734884502,3340.9625,8,0
1,-1238.03345561074,1418.13306473532,3370.9375,8,0
1,-1244.92562016519,1431.77770032592,3395.5,8,0
1,-1252.56707381643,1446.96858286759,3424,8,0
1,-1258.90134544438,1459.36930733528,3448.3625,8,0
1,-1266.10387397278,1472.98193630938,3476.475,8,0
1,-1274.06085358514,1487.12038594992,3507.4875,8,0
1,-1284.54720696714,1503.95453411878,3547.35,8,0
1,-1297.39726444148,1521.63701110636,3593.4875,8,0
1,-1306.78984974837,1532.67128623473,3624.9875,8,0
1,-1315.46733220527,1541.65034833848,3652.4375,8,0
1,-1321.10870745126,1546.94709510027,3669.4875,8,0
1,-1331.49187061284,1555.74923750218,3699.3875,8,0
1,-1339.56782571552,1561.87373611488,3721.4625,8,0
1,-1345.82788388664,1566.25297354213,3737.95,8,0
1,-1351.50800709939,1569.98227136953,3752.4875,8,0
1,-1360.55966794584,1575.5036148926,3774.9125,8,0
1,-1373.42913816404,1582.59447432816,3805.4375,8,0
1,-1383.55036204448,1587.64618461894,3828.4875,8,0
1,-1396.26466789376,1593.44551150277,3856.425,8,0
1,-1406.61203019833,1597.77972040437,3878.425,8,0
1,-1421.63671064284,1603.54687616433,3909.325,8,0
1,-1450.16705935355,1613.07406747423,3964.9625,8,0
1,-1505.77464715578,1627.46502107557,4062.9625,8,0
1,-1554.44555034116,1636.45761028571,4137.85,8,0
1,-1593.76032797806,1641.73970109934,4191.45,8,0
1,-1622.70405252092,1644.70113269636,4227.425,8,0
1,-1670.12151471945,1648.19151770497,4280.9125,8,0
1,-1710.02616126277,1650.0956442435,4321.525,8,0
1,-1745.0343817221,1651.16635584439,4354.4125,8,0
1,-1778.04069600673,1651.76722947836,4383.425,8,0
1,-1808.10084922519,1652.03303141294,4408.3875,8,0
1,-1841.89718544902,1652.06796093612,4435,8,0
1,-1865.80479307426,1651.95006010676,4453,8,0
1,-1910.40929241339,1651.4674403034,4484.975,8,0
1,-1955.40387546876,1650.69293062145,4515.375,8,0
1,-1989.70781728392,1649.9413150846,4537.4625,8,0
1,-2036.86362875579,1648.71503630014,4566.475,8,0
1,-2092.60485955887,1647.01609489475,4599,8,0
1,-2178.59419268975,1643.93987424611,4645.975,8,0
1,-2266.22905257158,1640.30427808818,4690.4875,8,0
1,-2488.68585052248,1629.07971647507,4791.55,8,0
1,-2934.2774579837,1599.48929423049,4958.525,8,0
1,-3205.6097637997,1578.04923274562,5045.05,8,0
1,-3305.81807450857,1569.64740469408,5074.9875,8,0
1,-3393.71754870471,1562.08914740235,5100.5125,8,0
1,-3462.25339360535,1556.07911478839,5119.9875,8,0
1,-3533.77693349961,1549.70051938123,5139.95,8,0
1,-3619.69322981453,1541.89519710464,5163.4875,8,0
1,-3759.93155336846,1528.81354479736,5201,8,0
1,-3845.83801882062,1520.58138456655,5223.5,8,0
1,-3911.65045759035,1514.15531098206,5240.525,8,0
1,-3962.28858441534,1509.13626849292,5253.5125,8,0
1,-3999.55079928041,1505.39963019438,5263.0125,8,0
1,-4036.94004371809,1501.61177587994,5272.5,8,0
1,-4078.4629152636,1497.35812808568,5282.9875,8,0
1,-4100.36513317889,1495.09391350788,5288.5,8,0
1,-4132.23957418557,1491.77246004425,5296.5,8,0
1,-4168.26738274982,1487.97942105558,5305.5125,8,0
1,-4250.54173828103,1479.15490859023,5325.9875,8,0
1,-4378.12394251488,1464.98173149309,5357.5,8,0
1,-4429.03507223399,1459.14392479384,5370.0125,8,0
1,-4473.83300782135,1453.91430809121,5381,8,0
1,-4496.33593852725,1451.25326328502,5386.5125,8,0
1,-4518.65055255638,1448.59128415767,5391.975,8,0
1,-4533.10901429132,1446.85381836928,5395.5125,8,0
1,-4567.71805875283,1442.65387254104,5403.975,8,0
1,-4594.31829952681,1439.38550676179,5410.475,8,0
1,-4631.16865211027,1434.79783124704,5419.475,8,0
1,-4655.8473333288,1431.68552509987,5425.5,8,0
1,-4670.28844457818,1429.84911015894,5429.025,8,0
1,-4700.86472727032,1425.92309280263,5436.4875,8,0
1,-4719.25299257739,1423.53680135658,5440.975,8,0
1,-4741.84159664903,1420.57896570034,5446.4875,8,0
1,-4758.334308316,1418.400726729,5450.5125,8,0
1,-4789.0629355791,1414.29929597343,5458.0125,8,0
1,-4815.68911384884,1410.69931665344,5464.5125,8,0
1,-4836.06380301947,1407.9150002831,5469.4875,8,0
1,-4889.38164805481,1400.50481970491,5482.5125,8,0
1,-4950.57299841568,1391.77136962321,5497.475,8,0
1,-5001.73718681559,1384.27393483118,5510,8,0
1,-5046.62140820036,1377.54525020947,5521,8,0
1,-5126.26557446783,1365.24535206271,5540.55,8,0
1,-5339.10244558565,1329.98677383852,5593,8,0
1,-5738.57594980393,1253.88603585674,5692.025,8,0
1,-6049.40121046174,1186.20771332691,5769.0125,8,0
1,-6223.99173276639,1145.68323228934,5811.9875,8,0
1,-6305.78317147912,1126.27475457268,5832.025,8,0
1,-6385.84746353328,1107.10444462285,5851.575,8,0
1,-6488.00398854306,1082.51244637754,5876.425,8,0
1,-6562.83934387239,1064.48985228533,5894.5625,8,0
1,-6649.66143033467,1043.67402474517,5915.5375,8,0
1,-6734.58260401804,1023.51715550583,5935.9875,8,0
1,-6832.57092629839,1000.65431375234,5959.5125,8,0
1,-6930.44244198687,978.28479356817,5982.9625,8,0
1,-7030.80525332317,955.76743896419,6007.0125,8,0
1,-7180.54588357639,922.891282958543,6043.025,8,0
1,-7357.3087134026,885.270435256287,6086,8,0
1,-7468.73949142871,862.430944558132,6113.525,8,0
1,-7589.85570788058,838.747522816077,6144,8,0
1,-7704.24885502597,817.977950125677,6173.5,8,0
1,-7893.47390471445,789.166177797384,6224.4875,8,0
1,-8193.1832314874,770.861371659217,6315.5375,8,0
1,-8350.25202093925,785.238877573825,6376,8,0
1,-8402.45557747222,797.633482367688,6401.5125,8,0
1,-8430.8872948871,807.630518755222,6417.9875,8,0
1,-8461.19071163703,822.986209892036,6439.475,8,0
1,-8486.37928323122,842.916207701168,6463.5,8,0
1,-8494.36794493999,851.93382248705,6473.4875,8,0
1,-8501.01140946429,861.348875202628,6483.5,8,0
1,-8505.62690623524,869.608276098632,6492,8,0
1,-8508.3410800295,875.572935047497,6498,8,0
1,-8511.74719992094,885.198050054636,6507.475,8,0
1,-8513.2417020849,890.865041392109,6512.95,8,0
1,-8514.83631671499,899.337057124201,6521.0125,8,0
1,-8515.56863565464,905.703953717314,6526.9875,8,0
1,-8515.95916137286,913.262841617618,6534,8,0
1,-8515.84031700762,921.398285888388,6541.4625,8,0
1,-8515.18674862292,929.685614480038,6548.9875,8,0
1,-8494.81566224899,995.202243907975,6606.975,8,0
1,-8455.20640511857,1060.30264495241,6664.4875,8,0
1,-8403.4812254305,1125.38751991932,6724.5,8,0
1,-8377.39420536626,1155.21503806007,6753.4875,8,0
1,-8373.36738204304,1159.73741848887,6757.9875,8,0
1,-8365.36054647621,1168.69138097198,6766.9875,8,0
1,-8336.83437317051,1200.47651478497,6800.0125,8,0
1,-8298.57716481108,1244.38696263176,6848.9875,8,0
1,-8277.8427747665,1270.16337756629,6880,8,0
1,-8274.79700079514,1274.17258598636,6885,8,0
1,-8273.32157805748,1276.14226356175,6887.475,8,0
1,-8272.716862462,1276.95501278537,6888.5,8,0
1,-8271.54765620781,1278.5360356462,6890.5,8,0
1,-8270.96839774307,1279.32422901617,6891.5,8,0
1,-8270.68011021148,1279.71760979355,6892,8,0
1,-8269.53594115656,1281.28752644064,6894,8,0
1,-8268.68728777394,1282.460712228,6895.5,8,0
1,-8267.5754069332,1284.00966058551,6897.4875,8,0
1,-8267.02142116707,1284.78658881384,6898.4875,8,0
1,-8266.73204507958,1285.19387020085,6899.0125,8,0
1,-8265.64573082002,1286.73160074678,6901,8,0
1,-8264.83552971343,1287.88804447303,6902.5,8,0
1,-8264.5673167184,1288.27271446144,6903,8,0
1,-8263.51037386339,1289.79790452024,6904.9875,8,0
1,-8262.9710527272,1290.5819921825,6906.0125,8,0
1,-8256.00424086209,1301.12623874163,6920.0125,8,0
1,-8241.83111823257,1326.49237267404,6955.4875,8,0
1,-8230.56808611192,1361.29249241067,7009,8,0
1,-8230.20112542389,1381.98875244752,7044,8,0
1,-8230.76417768886,1385.65927454585,7050.4875,8,0
1,-8231.46508796746,1389.0167537167,7056.5,8,0
1,-8232.49954190012,1392.87301529937,7063.5,8,0
1,-8232.93064615317,1394.25037141634,7066.025,8,0
1,-8233.57198569598,1396.12732645227,7069.4875,8,0
1,-8233.87290404784,1396.94977965314,7071.0125,8,0
1,-8234.0737913847,1397.48099678559,7072,8,0
1,-8234.2820577519,1398.0177452845,7073,8,0
1,-8234.49789041281,1398.56017805422,7074.0125,8,0
1,-8235.16388262808,1400.1540593683,7077,8,0
1,-8235.28251465317,1400.42653194141,7077.5125,8,0
1,-8235.63411689503,1401.21565688446,7079,8,0
1,-8236.12394979922,1402.27287308256,7081,8,0
1,-8236.63017448131,1403.31926346506,7082.9875,8,0
1,-8237.02509467863,1404.10619153548,7084.4875,8,0
1,-8237.43452872569,1404.89718592015,7086,8,0
1,-8237.71142566297,1405.41885880728,7087,8,0
1,-8238.27642469946,1406.45257047234,7088.9875,8,0
1,-8238.5717672538,1406.97755876547,7090,8,0
1,-8239.63185383147,1408.7841439326,7093.5,8,0
1,-8241.77521677874,1412.12465962898,7100.0375,8,0
1,-8252.65812790068,1425.21849466744,7126.5125,8,0
1,-8301.71176048089,1458.09219085205,7199.5,8,0
1,-8375.53953616275,1485.52563209498,7268.5,8,0
1,-8423.8657778576,1498.31371775007,7303.5,8,0
1,-8452.47961406689,1504.80312328837,7322,8,0
1,-8478.96715486236,1510.27582385085,7338,8,0
1,-8509.80357707571,1516.12178860665,7355.5,8,0
1,-8582.49525875133,1528.19745626627,7393,8,0
1,-8629.45426048711,1535.03912791635,7415.05,8,0
1,-8664.20583210234,1539.73113274322,7430.5,8,0
1,-8691.02214978635,1543.16978681778,7441.9875,8,0
1,-8711.42607580824,1545.69221154946,7450.5,8,0
1,-8733.45534080407,1548.33307055853,7459.4875,8,0
1,-8754.83962558676,1550.82153282507,7468.025,8,0
1,-8780.47937725345,1553.71647993913,7478.0375,8,0
1,-8807.94117810996,1556.72009318086,7488.5125,8,0
1,-8827.9970913576,1558.85589791457,7496.0125,8,0
1,-8844.20605326584,1560.54940102429,7501.9875,8,0
1,-8864.90674452763,1562.67254741231,7509.5125,8,0
1,-8885.88658580836,1564.78221944871,7517.025,8,0
1,-8897.07660076162,1565.89131036274,7520.9875,8,0
1,-8914.18100645579,1567.56606319864,7526.9875,8,0
1,-8938.773745107,1569.93341139018,7535.5,8,0
1,-8960.71422840375,1572.00811231834,7542.9875,8,0
1,-9008.57280731667,1576.42513951193,7559,8,0
1,-9029.88210921781,1578.34910346805,7566,8,0
1,-9042.12283854373,1579.44354346383,7569.9875,8,0
1,-9049.87305494212,1580.13262872655,7572.5,8,0
1,-9060.75580239808,1581.09550536174,7576.0125,8,0
1,-9079.43353497609,1582.73540856341,7582,8,0
1,-9095.11150687654,1584.10040421251,7586.9875,8,0
1,-9106.17734078038,1585.05791415402,7590.4875,8,0
1,-9114.1529831076,1585.74505955475,7593,8,0
1,-9125.30729124648,1586.70221556545,7596.5,8,0
1,-9141.32952166768,1588.06934768271,7601.5,8,0
1,-9152.60537343472,1589.02629695646,7605,8,0
1,-9168.79834201792,1590.39362190445,7610,8,0
1,-9186.72348114336,1591.89804868633,7615.5,8,0
1,-9207.97449227935,1593.6702718228,7621.975,8,0
1,-9222.83596850187,1594.90276703984,7626.475,8,0
1,-9264.54596802359,1598.33518782592,7638.9875,8,0
1,-9308.46242420003,1601.91239251183,7651.9875,8,0
1,-9335.81428330764,1604.12437772683,7660,8,0
1,-9363.37637671037,1606.34272012818,7668.0125,8,0
1,-9382.41497917287,1607.86968604542,7673.5125,8,0
1,-9406.74018067773,1609.81470876804,7680.5,8,0
1,-9438.25045008678,1612.32585950971,7689.4875,8,0
1,-9464.77850050526,1614.43355301618,7697,8,0
1,-9493.17017807253,1616.68382663127,7704.9875,8,0
1,-9514.62230602978,1618.38089079023,7710.9875,8,0
1,-9545.24009173084,1620.79881353612,7719.5,8,0
1,-9610.63686126377,1625.95019573319,7737.4875,8,0
1,-9675.26216535736,1631.0282849969,7755.0125,8,0
1,-9714.41392320534,1634.10042469635,7765.5125,8,0
1,-9746.39426578349,1636.6079570275,7774.025,8,0
1,-9789.89461485483,1640.01666832106,7785.5125,8,0
1,-9820.37639670819,1642.40378704954,7793.5,8,0
1,-9874.37236780114,1646.63002586901,7807.525,8,0
1,-9932.70598293236,1651.1922391167,7822.5,8,0
1,-10021.7148321858,1658.14601000226,7845,8,0
1,-10065.7943998249,1661.5857324534,7855.9875,8,0
1,-10102.260083958,1664.42884245751,7865,8,0
1,-10141.0064216754,1667.44711360936,7874.5,8,0
1,-10173.7817565245,1669.99788225177,7882.475,8,0
1,-10196.6235279012,1671.77414876477,7888,8,0
1,-10231.9844558281,1674.52151615524,7896.5,8,0
1,-10254.9565246031,1676.30456912948,7901.9875,8,0
1,-10286.4855107176,1678.7494317695,7909.475,8,0
1,-10314.1375367423,1680.89125782042,7916,8,0
1,-10337.5748958453,1682.70476840024,7921.5,8,0
1,-10365.4279723475,1684.85749915746,7928,8,0
1,-10395.5591928666,1687.18317217907,7934.9875,8,0
1,-10428.0674609407,1689.68857422391,7942.475,8,0
1,-10463.2772874287,1692.39729572024,7950.525,8,0
1,-10516.2179643414,1696.45983643087,7962.5125,8,0
1,-10617.3401435986,1704.18141513345,7985.025,8,0
1,-10843.1145802722,1721.19706033466,8033.5,8,0
1,-10973.9919275977,1730.88647359433,8060.5,8,0
1,-11068.6302936305,1737.79905417512,8079.5375,8,0
1,-11152.171075243,1743.8290712101,8096.0125,8,0
1,570.849989340175,1564.53763133083,87,8,0
1,-5128.09682121966,1364.95693914958,5541,8,0
1,-8475.91787375929,1029.37954798576,6637,8,0
1,-8211.90239559393,771.389548765507,6322,8,0
1,587.59892850183,1570.04048198563,120,8,0
1,-1794.19372220943,1651.94014882892,4397,8,0
1,595.366330786142,1573.32521320808,137,8,0
1,607.705652860459,1227.32958172445,1990,8,0
1,521.73536532931,1558.24565979399,8,8,0
1,-8112.25085515063,771.234997186696,6289,8,0
1,588.542926531285,1570.41272742929,122,8,0
1,-1326.06923214998,1551.29463838002,3684,8,0
1,-5115.88679106208,1366.87488715473,5538,8,0
1,-8233.11982026976,1349.39179204199,6990,8,0
1,-1602.02045980236,1642.65805495961,4202,8,0
1,587.123898962513,1569.85586522142,119,8,0
1,655.493446582463,1545.80593236784,1035,8,0
1,837.578925855923,1038.53007790298,1670,8,0
1,-7990.04781309655,778.609728525464,6252,8,0
1,-8438.65093517257,810.982358880857,6423,8,0
1,646.443667906802,1621.16348992511,336,8,0
1,577.197280420922,1566.38927425632,99,8,0
1,-8229.81711355038,1377.9715501424,7037,8,0
1,19.3092501410283,1417.24286384976,2361.5,8,0
1,-2000.12466435088,1649.68869426573,4544,8,0
1,-7909.60732361395,787.161688262037,6229,8,0
1,225.512235041242,1389.47511900406,2249,8,0
1,669.97631895449,1510.77113159702,1088.5,8,0
1,-1480.16228643758,1621.44424575278,4019.5,8,0
1,-8380.07423105603,1152.19624331959,6750.5,8,0
1,-8376.03928989451,1156.73832841459,6755,8,0
1,-9371.97510854993,1607.03292598906,7670.5,8,0
1,-8383.9471277846,1487.95355226318,7275,8,0
1,-2705.37529737456,1615.72678536317,4877.5,8,0
1,-3220.30387730151,1576.83215551771,5049.5,8,0
1,-8443.72904980369,1075.84190411974,6678.5,8,0
1,-9525.43325485755,1619.23516929538,7714,8,0
1,-1223.86759785702,1391.13959765378,3324.5,8,0
1,-8471.63679735409,1036.17016746037,6643,8,0
1,-9536.22594757983,1620.08735629782,7717,8,0
1,642.016119889915,1581.60416567177,971,8,0
1,-7436.42928374419,868.966285212595,6105.5,8,0
1,-1867.15816198522,1651.94025370731,4454,8,0
1,-2339.51576824393,1636.90974771397,4725.5,8,0
1,-1027.03193643456,1234.84634338419,2995,8,0
1,-6782.49927766202,1012.27594502594,5947.5,8,0
1,633.053371652495,1663.73595799081,663.5,8,0
1,-4132.23957418557,1491.77246004425,5296.5,8,0
1,-4206.32132263901,1483.92673082376,5315,8,0
1,-8603.4058980369,1531.32236839261,7403,8,0
1,-4136.23102266714,1491.35424237301,5297.5,8,0
1,-8502.46456160722,863.753916790055,6486,8,0
1,-8248.17841654969,1314.22668272841,6938,8,0
1,-11769.827711524,1785.90921094902,8209,8,0
1,-8317.76296725683,780.031961837987,6362,8,0
1,-18298.180347085,2140.3646516371,8954,8,0
1,-16477.0729579721,2004.0044516034,8790.5,8,0
1,-28759.4615342093,3840.16697580283,9687,8,0
1,-8362.29626117647,787.593552464559,6381.5,8,0
1,-4054.73272049287,1499.79522538565,5277,8,0
1,-8318.93386380887,1220.6742331036,6822,8,0
1,-952.277437051758,1240.50168935775,2924,8,0
1,-10482.9684593012,1693.90989139582,7955,8,0
1,-9272.98828779394,1599.02555714274,7641.5,8,0
1,-8132.64517329261,770.764851339815,6295.5,8,0
1,660.05090401601,1534.53656755945,1053,8,0
1,-1605.20062932465,1642.99557841499,4206,8,0
1,-1780.48007086432,1651.79810056891,4385.5,8,0
1,-8381.42152681248,1150.67559445182,6749,8,0
1,-10603.6201945199,1703.13700472963,7982,8,0
1,-638.453093144111,1332.33425169152,2707,8,0
1,-1335.69651736086,1559.00916329646,3711,8,0
1,-4547.36842158902,1445.130541733,5399,8,0
1,-10646.8486987213,1706.42402122863,7991.5,8,0
1,674.45990248397,1177.211660385,1929,8,0
1,117.766452356707,1407.96708861255,2309,8,0
1,-518.209465868771,1364.35660578691,2639.5,8,0
1,-946.495567003265,1241.59947253716,2919,8,0
1,-1253.7477770187,1449.30053919315,3428.5,8,0
1,-1500.35344213201,1626.27047212237,4054,8,0
1,-1501.85794349201,1626.60616551884,4056.5,8,0
1,-4887.28452287987,1400.79977969524,5482,8,0
1,-8068.81104416028,772.998613764358,6275.5,8,0
1,-8141.93760860432,770.630789547077,6298.5,8,0
1,-8219.03200106928,771.658771844923,6324.5,8,0
1,-8479.02850271668,1024.2750855808,6632.5,8,0
1,-8470.54378668871,1037.8646990715,6644.5,8,0
1,-8273.60307002021,1275.76497065252,6887,8,0
1,-8253.70549895009,1304.80860788746,6925,8,0
1,-8280.57586901914,1446.66160922945,7173,8,0
1,-8287.70726422174,1450.82158863871,7182.5,8,0
1,-8925.72602623608,1568.68315320899,7531,8,0
1,-9176.93161728326,1591.07741287806,7612.5,8,0
1,-9221.2637264668,1594.77261429181,7626,8,0
1,-9924.87389925309,1650.57991004509,7820.5,8,0
1,-10500.6417880193,1695.26589333299,7959,8,0
1,-10558.5591957713,1699.69947576875,7972,8,0
1,651.154865720309,1556.83887414707,1016.5,8,0
1,-726.324198778253,1305.67088511721,2760,8,0
1,-1183.16616951069,1327.27700777449,3219.5,8,0
1,-1419.25279405527,1602.66988856167,3904.5,8,0
1,-1599.25978737418,1642.35794141037,4198.5,8,0
1,-1935.29342470225,1651.07104045246,4502,8,0
1,-2665.65339848492,1618.33480180437,4862.5,8,0
1,-7168.00999730825,925.610762436791,6040,8,0
1,-7932.65004149731,784.455740603131,6235.5,8,0
1,-8507.7364967172,963.352721159993,6579,8,0
1,-8483.03379366035,1017.45613164718,6626.5,8,0
1,-8379.17662920477,1153.20824048068,6751.5,8,0
1,-8380.5232147146,1151.68975681447,6750,8,0
1,-8281.61068001483,1265.29874916698,6874,8,0
1,-8267.84680031613,1283.63040850216,6897,8,0
1,-8257.19907431072,1299.25656931598,6917.5,8,0
1,-8254.38657620642,1303.70520148606,6923.5,8,0
1,-8244.75352456421,1320.59635542528,6947,8,0
1,-8243.51195214596,1323.0406686518,6950.5,8,0
1,-8283.8923477279,1448.64094684894,7177.5,8,0
1,-8306.13799675787,1460.18957779177,7204.5,8,0
1,-8450.07945906138,1504.28351927172,7320.5,8,0
1,-9073.17703024391,1582.18776182941,7580,8,0
1,-9477.195791821,1615.41840191157,7700.5,8,0
1,-10540.6596261789,1698.3310849463,7968,8,0
1,-10560.8016205006,1699.87076181795,7972.5,8,0
1,-11332.1966281896,1756.57201516683,8130.5,8,0
1,-8280.57586901914,1446.66160922945,7173,8,0
1,-1125.83818539698,1270.6534547484,3117,8,0
1,-5782.80008069705,1244.67368241958,5703,8,0
1,-6922.24913989799,980.141100854254,5981,8,0
1,-8407.52052729204,1120.65382507599,6720,8,0
1,-8511.90528293187,885.73827798733,6508,8,0
1,-8425.2760165818,1099.30539210338,6700,8,0
1,-8270.95994062955,1440.39847904321,7159,8,0
1,-8280.57586901914,1446.66160922945,7173,8,0
1,628.017138403375,1634.00501845052,841,8,0
1,-4341.58506476041,1469.10546237921,5348.5,8,0
1,-8374.95184676908,790.361203372337,6387.5,8,0
1,632.855277236551,1663.62899261891,666,8,0
1,627.662863370031,1653.83479843844,757,8,0
1,627.859165963717,1635.1939437925,837,8,0
1,632.59463798767,1611.97305538554,904,8,0
1,833.924575270154,1098.05626997482,1541,8,0
1,-496.950409818441,1369.35975248761,2628,8,0
1,-658.900247880723,1326.32989039479,2719,8,0
1,-1134.29877960682,1276.97820764627,3130,8,0
1,-1485.62003671192,1622.80918463154,4029,8,0
1,-2076.87336347578,1647.5207660074,4590,8,0
1,-4670.18601998081,1429.86220730514,5429,8,0
1,-8332.68397900509,1205.12654087101,6805,8,0
1,-8326.94464420015,1211.58536942441,6812,8,0
1,-8326.13332581008,1212.50150162083,6813,8,0
1,-8255.36217432981,1427.8489000334,7132,8,0
1,-9048.32843578421,1579.99554868657,7572,8,0
1,-9261.23389087385,1598.06395513962,7638,8,0
1,-9525.43325485755,1619.23516929538,7714,8,0
1,635.61539108539,1664.3799108932,633,8,0
1,689.182939076331,1466.42536114603,1148,8,0
1,628.10184206767,1633.4012599887,843,8,0
1,197.349682597443,1395.21537792094,2265,8,0
1,-8421.75923795998,1103.61406098791,6704,8,0
1,-8482.706458,1018.02494361972,6627,8,0
1,-8229.66027836502,1373.30715813169,7029,8,0
1,-2688.06187910913,1616.87184471483,4871,8,0
1,-10309.888941505,1680.5623472786,7915,8,0
1,631.497023236006,1662.61047284963,684,8,0
1,-1196.54370584479,1345.84593369332,3250,8,0
1,-4110.31480530789,1494.06045872737,5291,8,0
1,-7043.25996403024,953.000617652275,6010,8,0
1,-8242.65639204392,1324.77547859009,6953,8,0
1,-8274.95159134828,1443.10234581161,7165,8,0
1,-9224.57467311062,1595.04662234619,7627,8,0
1,-11045.8916459223,1736.14589892183,8075,8,0
1,-660.590185424779,1325.82744240832,2720,8,0
1,-1604.40305846371,1642.91169346,4205,8,0
1,-1642.92273002304,1646.37610674609,4251,8,0
1,-88395.0284363653,2161.31654623924,14082,8,0
1,-93152.6358108039,2147.90601050751,14295,8,0
1,-92295.8896288383,2147.31730456181,14255,8,0
1,-95458.6325793765,2166.29646948782,14408,8,0
1,-95222.1596205882,2162.8667440587,14396,8,0
1,-97905.858657544,2234.56825127903,14539,8,0
1,-112230.117668867,2153.93141824922,18116,8,0
1,-112387.463311299,2147.47747774426,18174,8,0
1,-113306.076303853,2153.24866995266,18448,8,0
1,-112517.304659363,2144.78752243863,18218,8,0
1,-112393.174747558,2147.31583977857,18176,8,0
1,-113671.349464198,2163.84708898597,18549,8,0
1,-114259.288769397,2185.80320883965,18746,8,0
1,-114333.516324191,2189.32913564187,18783,8,0
1,-114188.631128035,2182.72671674053,18716,8,0
1,-114371.741777539,2191.34610452043,18806,8,0
1,-60616.8251072504,2333.11541357976,12002,8,0
1,-61906.570997841,2207.27631629696,12203,8,0
1,-61702.0557432696,2218.70912539106,12170,8,0
1,-66015.4459255387,2171.39690527886,12798,8,0
1,-66428.2428864581,2168.49354722558,12844,8,0
1,-67924.9829633705,2160.14283381722,12993,8,0
1,-69023.6257101945,2157.11139739114,13088,8,0
1,-70195.6256995997,2156.44391724925,13179,8,0
1,-76476.9356731797,2170.92112593763,13555,8,0
1,-76858.280812213,2171.97418524398,13574,8,0
1,-76939.3008374202,2172.19402266527,13578,8,0
1,-78057.2404462236,2175.03671744266,13632,8,0
1,-111556.991459277,2471.65774375692,17580,8,0
1,-98500.9242772849,2263.04686617385,14573,8,0
1,-113160.286944695,2149.79464700382,18408,8,0
