"","SiteName","data_type_id","Age","true_RSL","RSLer_up_2sd","Age_up_er_2sd","RSL_err","Age_err","AgeCE","CV_fold","test_set","NI_var_grid_term","pred_RSL","upr","lwr","y_post_pred","upr_PI","lwr_PI","CI","CV_fold_number","obs_in_PI","nseg","RMSE"
"1",",
 ","ProxyRecord",1641.5375,-0.957970181,0.286726175796548,296.5375,0.143363087898274,148.26875,308.4625,1,"test_set",0.000132897753865602,-0.903376265328814,-1.0088217701668,-0.795944721844225,-0.904499093730284,-1.25209069734214,-0.578898871763901,"95%","1",TRUE,5,0.195877395517457
"2",",
 ","ProxyRecord",2665.525,-1.254088565,0.300565543276673,450.55,0.150282771638337,225.275,-715.525,1,"test_set",0.000277176250645939,-1.30323852868024,-1.37481246227864,-1.23165940504627,-1.30980516492128,-1.64864272461391,-0.983993320917021,"95%","1",TRUE,5,0.195877395517457
"3",",
 ","ProxyRecord",2895,-1.451256277,0.300753825014529,485.025,0.150376912507265,242.5125,-945,1,"test_set",0.000327918887527145,-1.44424271423239,-1.51162382276214,-1.3809731732005,-1.45120840216633,-1.79933162979618,-1.10698685472327,"95%","1",TRUE,5,0.195877395517457
"4",",
 ","ProxyRecord",3340.9625,-1.705778615,0.288320523167636,558.0875,0.144160261583818,279.04375,-1390.9625,1,"test_set",0.000442871481931562,-1.7897909709082,-1.85321904087781,-1.72814703688917,-1.78511787661453,-2.12521715157396,-1.46707256994547,"95%","1",TRUE,5,0.195877395517457
"5",",
 ","ProxyRecord",4515.375,-3.064499745,0.338816014431289,249.625,0.169408007215644,124.8125,-2565.375,1,"test_set",0.000629652916339651,-3.08699424463555,-3.14468412102089,-3.0274068918854,-3.07928984989493,-3.45420538861812,-2.69455331538612,"95%","1",TRUE,5,0.195877395517457
"6",",
 ","ProxyRecord",4791.55,-3.302407786,0.339275250705151,158.55,0.169637625352575,79.2750000000001,-2841.55,1,"test_set",0.000641906879839116,-3.43824106869855,-3.49809933699874,-3.37748213624001,-3.44521596537162,-3.80329173639428,-3.08357445745404,"95%","1",TRUE,5,0.195877395517457
"7",",
 ","ProxyRecord",5436.4875,-4.493687003,0.343001634708074,263.5375,0.171500817354037,131.76875,-3486.4875,1,"test_set",0.000714987637651099,-4.30178945097511,-4.34668710158723,-4.25785208478255,-4.31158761691293,-4.70168659157668,-3.937558741485,"95%","1",TRUE,5,0.195877395517457
"8",",
 ","ProxyRecord",5769.0125,-5.050516198,0.344546861642985,237.0125,0.172273430821493,118.50625,-3819.0125,1,"test_set",0.000807677114678107,-4.80850077334746,-4.85521449783646,-4.76356396993674,-4.81418052361502,-5.17435653337649,-4.42537314420158,"95%","1",TRUE,5,0.195877395517457
"9",",
 ","ProxyRecord",5894.5625,-5.249518632,0.345137240098874,229.6875,0.172568620049437,114.84375,-3944.5625,1,"test_set",0.000852441216281363,-5.01754333388448,-5.06834990646994,-4.9678469964377,-5.0188709424986,-5.4072837746009,-4.6510529491471,"95%","1",TRUE,5,0.195877395517457
"10",",
 ","ProxyRecord",5915.5375,-5.289326617,0.345257715571853,227.537499999999,0.172628857785926,113.76875,-3965.5375,1,"test_set",0.00086044170799493,-5.05357324051173,-5.10486768834985,-5.00310163945973,-5.0575854256186,-5.43163061806618,-4.68833090012895,"95%","1",TRUE,5,0.195877395517457
"11",",
 ","ProxyRecord",5982.9625,-5.408760694,0.345623638613531,213.0375,0.172811819306765,106.51875,-4032.9625,1,"test_set",0.000887171929275787,-5.17167593500726,-5.22475512195372,-5.11995072394523,-5.16819483985929,-5.57091149893447,-4.77272900017195,"95%","1",TRUE,5,0.195877395517457
"12",",
 ","ProxyRecord",6401.5125,-5.807199824,0.339467945253441,126.5125,0.169733972626721,63.2562499999999,-4451.5125,1,"test_set",0.00108764982460485,-5.99386181797366,-6.04956276411082,-5.93681434608928,-5.99504220699956,-6.37506348983648,-5.61718919774118,"95%","1",TRUE,5,0.195877395517457
"13",",
 ","ProxyRecord",6483.5,-6.006430847,0.340146513072739,115.525,0.17007325653637,57.7624999999998,-4533.5,1,"test_set",0.00113392763945175,-6.17539844243559,-6.2295866708074,-6.11979700091453,-6.17985312819772,-6.5492392208764,-5.80693079518122,"95%","1",TRUE,5,0.195877395517457
"14",",
 ","ProxyRecord",6757.9875,-6.564574788,0.342153890162499,35.0124999999998,0.171076945081249,17.5062499999999,-4807.9875,1,"test_set",0.00131321262588635,-6.84226818467395,-6.88912506029506,-6.79502219767049,-6.84539373838302,-7.21254080960449,-6.46483490314713,"95%","1",TRUE,5,0.195877395517457
"15",",
 ","ProxyRecord",7009,-7.482762399,0.34577545544023,63.0249999999996,0.172887727720115,31.5124999999998,-5059,1,"test_set",0.00151155215071252,-7.54684217465747,-7.59020335554827,-7.50145984927727,-7.54396008089132,-7.9144228264328,-7.18276806221525,"95%","1",TRUE,5,0.195877395517457
"16",",
 ","ProxyRecord",7056.5,-7.602653996,0.346276162220291,50.5,0.173138081110145,25.25,-5106.5,1,"test_set",0.00155278113982416,-7.69189123846864,-7.7351120632086,-7.64614724261884,-7.69921281290287,-8.05980139698806,-7.32385947746349,"95%","1",TRUE,5,0.195877395517457
"17",",
 ","ProxyRecord",7077,-7.922489889,0.34764481511105,49,0.173822407555525,24.5,-5127,1,"test_set",0.00157093811252729,-7.75572766178704,-7.79923968163175,-7.70978381577311,-7.75384128029505,-8.13844833939578,-7.38076943236709,"95%","1",TRUE,5,0.195877395517457
"18",",
 ","ProxyRecord",7079,-8.002475328,0.347993704941651,50,0.173996852470826,25,-5129,1,"test_set",0.00157272125576036,-7.76199611042008,-7.80549670989775,-7.71615509955729,-7.75386882959528,-8.13052091043192,-7.36960431894614,"95%","1",TRUE,5,0.195877395517457
"19",",
 ","ProxyRecord",7126.5125,-8.402640694,0.349777152545626,66.5374999999995,0.174888576272813,33.2687499999997,-5176.5125,1,"test_set",0.00161569532841632,-7.91305955760743,-7.95717704649772,-7.86566241423764,-7.91378348999524,-8.2905770511872,-7.53305044127196,"95%","1",FALSE,5,0.195877395517457
"20",",
 ","ProxyRecord",7586.9875,-9.605206156,0.34658136976361,69.0375000000004,0.173290684881805,34.5187500000002,-5636.9875,1,"test_set",0.00209316607842069,-9.61331746666364,-9.65711465885792,-9.56659560392071,-9.60500036697027,-9.9695320509724,-9.23161101006763,"95%","1",TRUE,5,0.195877395517457
"21",",
 ","ProxyRecord",7704.9875,-10.32901506,0.350365765765407,55.0375000000004,0.175182882882703,27.5187500000002,-5754.9875,1,"test_set",0.00223331642392743,-10.1260274845137,-10.1693546520647,-10.0786320355993,-10.1258795392358,-10.4954463552815,-9.7426430248321,"95%","1",TRUE,5,0.195877395517457
"22",",
 ","ProxyRecord",7710.9875,-10.36928899,0.350581118951387,56.0124999999998,0.175290559475694,28.0062499999999,-5760.9875,1,"test_set",0.00224063666984797,-10.1530190427365,-10.1968822922929,-10.1053986041456,-10.153511716409,-10.5342421147833,-9.77731916063013,"95%","1",TRUE,5,0.195877395517457
"23",",
 ","ProxyRecord",7737.4875,-10.44985038,0.351013938377691,56.5124999999998,0.175506969188846,28.2562499999999,-5787.4875,1,"test_set",0.00227319227974476,-10.2733230559225,-10.3190736204422,-10.2247257670596,-10.2763048541649,-10.669315470759,-9.88169053362602,"95%","1",TRUE,5,0.195877395517457
"24",",
 ","ProxyRecord",7822.5,-10.76462635,0.31669658463322,75.5249999999996,0.15834829231661,37.7624999999998,-5872.5,1,"test_set",0.0023801026692194,-10.6714833784699,-10.7257504932533,-10.6162504918024,-10.670879883817,-11.02961509106,-10.3096949592592,"95%","1",TRUE,5,0.195877395517457
"25",",
 ","ProxyRecord",7855.9875,-10.84533785,0.317178678190513,72.0124999999998,0.158589339095256,36.0062499999999,-5905.9875,1,"test_set",0.00242325053338988,-10.8335489697136,-10.894129550789,-10.7738597417217,-10.8263710506226,-11.1910849959781,-10.4815023560938,"95%","1",TRUE,5,0.195877395517457
"26",",
 ","ProxyRecord",7874.5,-10.92610014,0.317662308928226,77.5,0.158831154464113,38.75,-5924.5,1,"test_set",0.00244735441690125,-10.9244342845693,-10.9881044358396,-10.8623142308862,-10.9245136473909,-11.289209403322,-10.5837091779149,"95%","1",TRUE,5,0.195877395517457
"27",",
 ","ProxyRecord",7909.475,-11.12823582,0.318881930258435,73.5499999999993,0.159440965129217,36.7749999999996,-5959.475,1,"test_set",0.00249338070559268,-11.0986831367431,-11.1699923327574,-11.0299036143675,-11.1008586808595,-11.4490422898226,-10.7332926304393,"95%","1",TRUE,5,0.195877395517457
"28",",
 ","ProxyRecord",7985.025,-11.45261046,0.320852569852097,48.0250000000006,0.160426284926048,24.0125000000003,-6035.025,1,"test_set",0.00259497960009014,-11.486633003227,-11.5783380110876,-11.3979910402538,-11.4791270784046,-11.8358655715127,-11.1154744852726,"95%","1",TRUE,5,0.195877395517457
"29",",
 ","ProxyRecord",8079.5375,-11.57477541,0.32159807563747,108.537499999999,0.160799037818735,54.2687499999997,-6129.5375,1,"test_set",0.00272626923880637,-11.9948155685281,-12.1185982878994,-11.8722839793237,-11.9978881368231,-12.3462482802764,-11.6283732191591,"95%","1",FALSE,5,0.195877395517457
"30",",
 ","ProxyRecord",86.5125,-0.185732135,0.320420612992673,115.5125,0.160210306496337,57.75625,1863.4875,2,"test_set",0.000506447585658931,-0.17141701683636,-0.296380463272755,-0.0422588058229108,-0.166344561529676,-0.53264147635647,0.219711944241913,"95%","2",TRUE,5,0.195877395517457
"31",",
 ","ProxyRecord",106.975,-0.224759024,0.320425871285962,117.05,0.160212935642981,58.525,1843.025,2,"test_set",0.000494894826878062,-0.193362672402768,-0.311947798796368,-0.0708601217785592,-0.196273421549905,-0.564092062742772,0.180377330583186,"95%","2",TRUE,5,0.195877395517457
"32",",
 ","ProxyRecord",455.475,-0.498793716,0.319806047515963,262.525,0.159903023757982,131.2625,1494.525,2,"test_set",0.000325302708387154,-0.492172016303885,-0.603958443226284,-0.384559168466681,-0.497139131860472,-0.876103424510742,-0.136768451299245,"95%","2",TRUE,5,0.195877395517457
"33",",
 ","ProxyRecord",489.9125,-0.538023586,0.319819761943323,257.1375,0.159909880971662,128.56875,1460.0875,2,"test_set",0.000311330222557693,-0.514877435686591,-0.629313986488995,-0.403831968011957,-0.518152694456689,-0.904135853690471,-0.146867284188906,"95%","2",TRUE,5,0.195877395517457
"34",",
 ","ProxyRecord",3669.4875,-2.14043883,0.28892352842253,466.6125,0.144461764211265,233.30625,-1719.4875,2,"test_set",0.000520143707816167,-2.09927428514419,-2.15506305215369,-2.04111112652284,-2.09530815184603,-2.42455207764052,-1.76622672219198,"95%","2",TRUE,5,0.195877395517457
"35",",
 ","ProxyRecord",4137.85,-2.654812297,0.289803103947138,343.15,0.144901551973569,171.575,-2187.85,2,"test_set",0.000596192579094268,-2.62230917601523,-2.67262444491263,-2.57153163891908,-2.61844428615932,-2.96484800774917,-2.29073068522344,"95%","2",TRUE,5,0.195877395517457
"36",",
 ","ProxyRecord",5282.9875,-3.857965428,0.341436546111018,293.0125,0.170718273055509,146.50625,-3332.9875,2,"test_set",0.000677830741691032,-4.07664690867651,-4.12816312200815,-4.02488679879338,-4.07622702566458,-4.46641723621475,-3.71760643393023,"95%","2",TRUE,5,0.195877395517457
"37",",
 ","ProxyRecord",5357.5,-4.056556677,0.341902928643201,296.525,0.1709514643216,148.2625,-3407.5,2,"test_set",0.00069153083235296,-4.1791290992886,-4.22849163490499,-4.12906876485428,-4.17949266663071,-4.54349794962715,-3.81204706468886,"95%","2",TRUE,5,0.195877395517457
"38",",
 ","ProxyRecord",5419.475,-4.374432822,0.342692479157206,270.525,0.171346239578603,135.2625,-3469.475,2,"test_set",0.000704498251580254,-4.26604598123456,-4.31319967315233,-4.2164138003439,-4.27056088791019,-4.66141995816118,-3.87849621625185,"95%","2",TRUE,5,0.195877395517457
"39",",
 ","ProxyRecord",5425.5,-4.414179642,0.342794652632266,267.5,0.171397326316133,133.75,-3475.5,2,"test_set",0.000705835064374049,-4.27458402278315,-4.32146984106452,-4.22508993500975,-4.26760813363189,-4.65207512974089,-3.87562944514337,"95%","2",TRUE,5,0.195877395517457
"40",",
 ","ProxyRecord",5450.5125,-4.612960677,0.343319504023197,259.5125,0.171659752011599,129.75625,-3500.5125,2,"test_set",0.000711529099239883,-4.31020520339526,-4.35675458735235,-4.26124252730339,-4.3039910291791,-4.68555843192033,-3.9069152005578,"95%","2",TRUE,5,0.195877395517457
"41",",
 ","ProxyRecord",5521,-4.89137323,0.344089636619946,235,0.172044818309973,117.5,-3571,2,"test_set",0.00072882681754205,-4.41219599163473,-4.4589812831846,-4.36297424635726,-4.412478738794,-4.79770762571139,-4.04479638479412,"95%","2",FALSE,5,0.195877395517457
"42",",
 ","ProxyRecord",5540.55,-4.931154704,0.344202398,232.6,0.172101199126866,116.3,-3590.55,2,"test_set",0.000733951642306607,-4.4409280136974,-4.48779084498521,-4.39124580531267,-4.44939180110683,-4.82078981661393,-4.07074854493081,"95%","2",FALSE,5,0.195877395517457
"43",",
 ","ProxyRecord",6898.4875,-7.123284212,0.344312050323254,37.5124999999998,0.172156025161627,18.7562499999999,-4948.4875,2,"test_set",0.00143916405199729,-7.23461019282228,-7.27690183119115,-7.19200122108646,-7.23209490947451,-7.60688266341302,-6.85237835977738,"95%","2",TRUE,5,0.195877395517457
"44",",
 ","ProxyRecord",6901,-7.203151788,0.344632076022813,37,0.172316038011406,18.5,-4951,2,"test_set",0.00144111894504473,-7.24182450421842,-7.28418287701261,-7.19917253976307,-7.24508102539475,-7.61704208743068,-6.87293601224281,"95%","2",TRUE,5,0.195877395517457
"45",",
 ","ProxyRecord",6955.4875,-7.442811919,0.345609326054903,54.5124999999998,0.172804663027451,27.2562499999999,-5005.4875,2,"test_set",0.00148411592204578,-7.40072452704256,-7.44303710061371,-7.35842502149464,-7.39526193420864,-7.76950167665011,-7.01005201843078,"95%","2",TRUE,5,0.195877395517457
"46",",
 ","ProxyRecord",7069.4875,-7.722565125,0.346784271994654,50.5124999999998,0.173392135997327,25.2562499999999,-5119.4875,2,"test_set",0.0015777985781229,-7.74876768814363,-7.79260310330197,-7.70434059019927,-7.74785852479708,-8.1218028440109,-7.35517854152429,"95%","2",TRUE,5,0.195877395517457
"47",",
 ","ProxyRecord",7073,-7.842510552,0.347298114098866,50,0.173649057049433,25,-5123,2,"test_set",0.00158076508631755,-7.75983631516468,-7.80344526357216,-7.71547880700077,-7.75849757418936,-8.12570754906354,-7.37652229595371,"95%","2",TRUE,5,0.195877395517457
"48",",
 ","ProxyRecord",7199.5,-8.442668627,0.34995908964487,94.5,0.174979544822435,47.25,-5249.5,2,"test_set",0.00169078978431436,-8.17276951252408,-8.21971549201743,-8.12690090133159,-8.16607074902425,-8.56439391592125,-7.79108250053074,"95%","2",TRUE,5,0.195877395517457
"49",",
 ","ProxyRecord",7393,-8.682831134,0.342027151171328,58.0249999999996,0.171013575585664,29.0124999999998,-5443,2,"test_set",0.00187109163793941,-8.86106969670045,-8.91021970091636,-8.81178492301853,-8.86354240957643,-9.25915042814561,-8.48591844058634,"95%","2",TRUE,5,0.195877395517457
"50",",
 ","ProxyRecord",7501.9875,-9.083584591,0.343965959128801,99.0124999999998,0.171982979564401,49.5062499999999,-5551.9875,2,"test_set",0.00197903610481553,-9.28089450234855,-9.32836867657504,-9.23335218933592,-9.27734627446935,-9.66603573781424,-8.87112245423023,"95%","2",TRUE,5,0.195877395517457
"51",",
 ","ProxyRecord",7542.9875,-9.324212167,0.345159996659364,93.0124999999998,0.172579998329682,46.5062499999999,-5592.9875,2,"test_set",0.00202083580576051,-9.44511983606671,-9.49160430381861,-9.39958157029583,-9.4480078699878,-9.82087331810867,-9.05654155439371,"95%","2",TRUE,5,0.195877395517457
"52",",
 ","ProxyRecord",7590.4875,-9.645368042,0.346786157617497,67.5124999999998,0.173393078808748,33.7562499999999,-5640.4875,2,"test_set",0.00207007718628915,-9.6397978221444,-9.68392359913063,-9.59470662438881,-9.63533194693887,-10.0241407138762,-9.25255885301304,"95%","2",TRUE,5,0.195877395517457
"53",",
 ","ProxyRecord",7593,-9.685537385,0.346991817174247,66,0.173495908587123,33,-5643,2,"test_set",0.00207270615466548,-9.650228891254,-9.69407169288223,-9.60506187479032,-9.64477404537494,-10.0290850630249,-9.28151354460458,"95%","2",TRUE,5,0.195877395517457
"54",",
 ","ProxyRecord",7680.5,-10.20824852,0.349720836991891,52.5249999999996,0.174860418495946,26.2624999999998,-5730.5,2,"test_set",0.00216578905005704,-10.0220272124773,-10.0653454181064,-9.97807840023767,-10.0184794916829,-10.392673552711,-9.63176782256108,"95%","2",TRUE,5,0.195877395517457
"55",",
 ","ProxyRecord",7719.5,-10.40956333,0.350797820037471,54.5,0.175398910018735,27.25,-5769.5,2,"test_set",0.00220823378640489,-10.1931734444304,-10.2366499800511,-10.1487529473698,-10.1911154783225,-10.5795697196168,-9.80443296936702,"95%","2",TRUE,5,0.195877395517457
"56",",
 ","ProxyRecord",7916,-11.16869893,0.319127252382136,72.0249999999996,0.159563626191068,36.0124999999998,-5966,2,"test_set",0.00243106052129072,-11.1085145464967,-11.1745596371757,-11.046143922731,-11.1008044660745,-11.4522662552924,-10.7500415899526,"95%","2",TRUE,5,0.195877395517457
"57",",
 ","ProxyRecord",7950.525,-11.37136039,0.320357822,56.5250000000006,0.160178911062888,28.2625000000003,-6000.525,2,"test_set",0.00247175729808369,-11.2787808562258,-11.3525864088663,-11.2081550224886,-11.2780847209757,-11.6572496564922,-10.8960439084761,"95%","2",TRUE,5,0.195877395517457
"58",",
 ","ProxyRecord",7962.5125,-11.41196737,0.320605004,50.5124999999998,0.160302502121402,25.2562499999999,-6012.5125,2,"test_set",0.00248599579872888,-11.3385783194104,-11.4145640602124,-11.26478321752,-11.3341412473124,-11.7061811761839,-10.958715547087,"95%","2",TRUE,5,0.195877395517457
"59",",
 ","ProxyRecord",43,-0.107832927,0.320413083395057,95,0.160206541697529,47.5,1907,3,"test_set",0.000524437354664647,-0.128553178114357,-0.272993343102163,0.0171878095668727,-0.122975663366826,-0.511584587414892,0.247937157579719,"95%","3",TRUE,5,0.195877395517457
"60",",
 ","ProxyRecord",143.5,-0.26382257,0.320432262211112,116.5,0.160216131105556,58.25,1806.5,3,"test_set",0.00046926542660794,-0.235101211904443,-0.343528348829386,-0.120165866279972,-0.235040706660597,-0.58458517571049,0.126465385446818,"95%","3",TRUE,5,0.195877395517457
"61",",
 ","ProxyRecord",540.0125,-0.577269311,0.319834502900122,240.0375,0.159917251450061,120.01875,1409.9875,3,"test_set",0.000291659556544976,-0.545774935299764,-0.656863008965195,-0.438403742609591,-0.541537979321128,-0.91158009055661,-0.183847849596972,"95%","3",TRUE,5,0.195877395517457
"62",",
 ","ProxyRecord",3370.9375,-1.745264165,0.288369911951494,556.1375,0.144184955975747,278.06875,-1420.9375,3,"test_set",0.00044934173544231,-1.80615600473398,-1.8680315210342,-1.74050109403093,-1.79922778939318,-2.15451682951741,-1.4618028801968,"95%","3",TRUE,5,0.195877395517457
"63",",
 ","ProxyRecord",3507.4875,-1.942789411,0.288632722,522.5125,0.144316361053702,261.25625,-1557.4875,3,"test_set",0.00048289955262848,-1.9333959720901,-1.99485452786202,-1.86974124511718,-1.93520121998933,-2.25522295382091,-1.5933026582838,"95%","3",TRUE,5,0.195877395517457
"64",",
 ","ProxyRecord",3856.425,-2.456892552,0.289443890618171,374.575,0.144721945309086,187.2875,-1906.425,3,"test_set",0.000554678649522522,-2.29519253959898,-2.35191605919524,-2.23958335737651,-2.29304515617235,-2.61634464593721,-1.94932089186833,"95%","3",TRUE,5,0.195877395517457
"65",",
 ","ProxyRecord",3964.9625,-2.575635346,0.289656809549025,351.0625,0.144828404774512,175.53125,-2014.9625,3,"test_set",0.000572909815466094,-2.41698220113405,-2.47287960328001,-2.36182481872657,-2.41531468534948,-2.74781397826248,-2.08364556960769,"95%","3",TRUE,5,0.195877395517457
"66",",
 ","ProxyRecord",4280.9125,-2.747481033,0.338253782539985,328.1875,0.169126891269993,164.09375,-2330.9125,3,"test_set",0.000614917181263053,-2.79126057908509,-2.84943326317399,-2.73433321893143,-2.78202435807666,-3.13534460017841,-2.40010516091243,"95%","3",TRUE,5,0.195877395517457
"67",",
 ","ProxyRecord",4408.3875,-2.905967107,0.338527465937458,283.6375,0.169263732968729,141.81875,-2458.3875,3,"test_set",0.000627202995562293,-2.94901775650395,-3.00853165209796,-2.88882363268842,-2.95072599182793,-3.33532255573968,-2.54910558875149,"95%","3",TRUE,5,0.195877395517457
"68",",
 ","ProxyRecord",4435,-2.945588849,0.33859826394738,280.025,0.16929913197369,140.0125,-2485,3,"test_set",0.000629429603860032,-2.98234438215597,-3.04201327547027,-2.92153604356367,-2.9890112761221,-3.35360510794021,-2.60496325638597,"95%","3",TRUE,5,0.195877395517457
"69",",
 ","ProxyRecord",4599,-3.183441865,0.339041496327628,211.025,0.169520748163814,105.5125,-2649,3,"test_set",0.000640572485532953,-3.19020806673922,-3.25270834528599,-3.12669650165984,-3.18422746990893,-3.56039799813667,-2.80913432817482,"95%","3",TRUE,5,0.195877395517457
"70",",
 ","ProxyRecord",4690.4875,-3.262750604,0.339196208492697,164.5375,0.169598104246349,82.2687500000002,-2740.4875,3,"test_set",0.00064486046720269,-3.30769202783339,-3.37145535745032,-3.24331749295381,-3.30627500019861,-3.67139720381628,-2.92682935281109,"95%","3",TRUE,5,0.195877395517457
"71",",
 ","ProxyRecord",5395.5125,-4.255202499,0.342390587855401,282.5125,0.171195293927701,141.25625,-3445.5125,3,"test_set",0.000712215187381737,-4.25108324428946,-4.2970399997052,-4.20202865458791,-4.25528933024917,-4.64179896765727,-3.86731221363174,"95%","3",TRUE,5,0.195877395517457
"72",",
 ","ProxyRecord",5410.475,-4.33468808,0.34259086707063,276.525,0.171295433535315,138.2625,-3460.475,3,"test_set",0.00071537117840581,-4.27256885361632,-4.31817112781618,-4.22415660541605,-4.27257073612121,-4.65440182982151,-3.89238111684455,"95%","3",TRUE,5,0.195877395517457
"73",",
 ","ProxyRecord",6043.025,-5.488399286,0.34587172985261,202.025000000001,0.172935864926305,101.0125,-4093.025,3,"test_set",0.000918425050211446,-5.29598909549332,-5.3507495326699,-5.24284034669586,-5.28977583288438,-5.65770375233354,-4.88860977727346,"95%","3",TRUE,5,0.195877395517457
"74",",
 ","ProxyRecord",6417.9875,-5.847043877,0.339602210489672,123.0125,0.169801105244836,61.5062499999999,-4467.9875,3,"test_set",0.00110301633498011,-6.0504952496754,-6.10753087516443,-5.99385172794115,-6.06048118104235,-6.43417924250771,-5.70454078095346,"95%","3",TRUE,5,0.195877395517457
"75",",
 ","ProxyRecord",6439.475,-5.886892288,0.339737279826235,120.549999999999,0.169868639913118,60.2749999999996,-4489.475,3,"test_set",0.00111504271589347,-6.09801244172219,-6.15487022326827,-6.04151396562802,-6.1043359728391,-6.47843326553633,-5.73132129827003,"95%","3",TRUE,5,0.195877395517457
"76",",
 ","ProxyRecord",6800.0125,-6.644358516,0.342452829835931,51.0124999999998,0.171226414917965,25.5062499999999,-4850.0125,3,"test_set",0.00134858491920298,-6.97842045174434,-7.02348379831254,-6.9335352256266,-6.9694227754121,-7.36336234709691,-6.59411503001026,"95%","3",TRUE,5,0.195877395517457
"77",",
 ","ProxyRecord",6848.9875,-6.684252516,0.34260380174792,53.0124999999998,0.17130190087396,26.5062499999999,-4898.9875,3,"test_set",0.00138518695522727,-7.11164181376787,-7.15624889758189,-7.06817623403164,-7.10657601389071,-7.48180205208784,-6.73027183182123,"95%","3",FALSE,5,0.195877395517457
"78",",
 ","ProxyRecord",6890.5,-6.883772216,0.343369408052847,37.5,0.171684704026423,18.75,-4940.5,3,"test_set",0.00141712646979375,-7.22741751843787,-7.27200515919656,-7.18498189064922,-7.22831825057316,-7.61651180367198,-6.85432548215706,"95%","3",TRUE,5,0.195877395517457
"79",",
 ","ProxyRecord",7044,-7.522722574,0.345941793605715,51,0.172970896802857,25.5,-5094,3,"test_set",0.00154251757535917,-7.67956010247773,-7.72343224672648,-7.63728362364175,-7.6817588219939,-8.06886631316746,-7.31171702300823,"95%","3",TRUE,5,0.195877395517457
"80",",
 ","ProxyRecord",7066.025,-7.682598569,0.346614444,51.0250000000006,0.173307222,25.5125000000003,-5116.025,3,"test_set",0.00156145070726588,-7.74769000583905,-7.79157830375499,-7.70495720722664,-7.74989825983073,-8.13584808746667,-7.35932030731112,"95%","3",TRUE,5,0.195877395517457
"81",",
 ","ProxyRecord",7074.0125,-7.882497373,0.34747131068946,49.0124999999998,0.17373565534473,24.5062499999999,-5124.0125,3,"test_set",0.0015683752949025,-7.77260733811756,-7.81652953645759,-7.72978874416896,-7.77371919982201,-8.16083545578033,-7.40421430079402,"95%","3",TRUE,5,0.195877395517457
"82",",
 ","ProxyRecord",7081,-8.042470852,0.348169049616767,49.0249999999996,0.174084524808384,24.5124999999998,-5131,3,"test_set",0.00157445843365078,-7.79449731085206,-7.83866723075807,-7.75140804276208,-7.79552019446253,-8.16643683685855,-7.40840171314408,"95%","3",TRUE,5,0.195877395517457
"83",",
 ","ProxyRecord",7430.5,-8.762952764,0.342409824875896,80.5,0.171204912437948,40.25,-5480.5,3,"test_set",0.00190906212069741,-9.00722608461277,-9.05232686573068,-8.96092506267402,-9.0067577790703,-9.38068768153871,-8.64247355490511,"95%","3",TRUE,5,0.195877395517457
"84",",
 ","ProxyRecord",7459.4875,-8.883161883,0.342987579214241,92.5375000000004,0.17149378960712,46.2687500000002,-5509.4875,3,"test_set",0.00193948563169677,-9.11893871724683,-9.16434579799577,-9.07307385509005,-9.13202272750006,-9.50044138732369,-8.74451612108878,"95%","3",TRUE,5,0.195877395517457
"85",",
 ","ProxyRecord",7576.0125,-9.524897074,0.34617240093023,76.0124999999998,0.173086200465115,38.0062499999999,-5626.0125,3,"test_set",0.00206591186606708,-9.58669771567271,-9.63019834845009,-9.54337330750017,-9.58110709179094,-9.96332535417781,-9.20931823919013,"95%","3",TRUE,5,0.195877395517457
"86",",
 ","ProxyRecord",7605,-9.806066862,0.347612659721494,59,0.173806329860747,29.5,-5655,3,"test_set",0.00209838954301489,-9.70784142558214,-9.7513179763044,-9.66477733147382,-9.70655308267813,-10.1022647629188,-9.31496188611843,"95%","3",TRUE,5,0.195877395517457
"87",",
 ","ProxyRecord",8060.5,-11.53399231,0.321349646637693,98.5,0.160674823318847,49.25,-6110.5,3,"test_set",0.00266246904563339,-11.8851858280398,-11.9883662603574,-11.7798375099463,-11.8876637134252,-12.2650453041186,-11.5026067898795,"95%","3",TRUE,5,0.195877395517457
"88",",
 ","ProxyRecord",-68,-0.030352389,0.320409272640452,1,0.160204636320226,0.5,2018,4,"test_set",0.0458524650039127,0.0419512811219076,-0.179954625498702,0.257598340043387,0.0526066531188435,-0.347933389629504,0.443355329649936,"95%","4",TRUE,5,0.195877395517457
"89",",
 ","ProxyRecord",65.5,-0.14675457,0.320416356065089,107.525,0.160208178032545,53.7625,1884.5,4,"test_set",0.0397595497038231,-0.134609999865745,-0.274640818436764,-0.000358194877570692,-0.135084200981237,-0.507950181625098,0.214292191133249,"95%","4",TRUE,5,0.195877395517457
"90",",
 ","ProxyRecord",1706.475,-0.997324995,0.28675416817989,289.55,0.143377084089945,144.775,243.525,4,"test_set",0.00950900196182158,-0.900660147197192,-1.0012195047197,-0.794101883743201,-0.902877324792134,-1.21657490705608,-0.599495450749911,"95%","4",TRUE,5,0.195877395517457
"91",",
 ","ProxyRecord",2025.0375,-1.076058933,0.286813488023543,247.0625,0.143406744011772,123.53125,-75.0375,4,"test_set",0.0122959267505496,-0.994084181410675,-1.09648421245718,-0.890367489975512,-1.000941056611,-1.32066920421732,-0.694399518237086,"95%","4",TRUE,5,0.195877395517457
"92",",
 ","ProxyRecord",4191.45,-2.694404099,0.289878253,339.575,0.144939126,169.7875,-2241.45,4,"test_set",0.0453705300875074,-2.69054236799479,-2.74178337741338,-2.64249709272507,-2.68722286797552,-3.00272728630015,-2.3753063322989,"95%","4",TRUE,5,0.195877395517457
"93",",
 ","ProxyRecord",4321.525,-2.787094202,0.338320892998089,312.55,0.169160446499044,156.275,-2371.525,4,"test_set",0.0463212845544625,-2.8484680810535,-2.90193356340793,-2.79782228353367,-2.85924064669291,-3.20806120221651,-2.49533415800065,"95%","4",TRUE,5,0.195877395517457
"94",",
 ","ProxyRecord",4354.4125,-2.826712448,0.338389052265366,300.612499999999,0.169194526132683,150.30625,-2404.4125,4,"test_set",0.0465247706046945,-2.88899837763311,-2.94302428411886,-2.83764350977236,-2.89058847245784,-3.25351618504814,-2.5346413490068,"95%","4",TRUE,5,0.195877395517457
"95",",
 ","ProxyRecord",5100.5125,-3.461085237,0.339599499341038,209.537499999999,0.169799749670519,104.76875,-3150.5125,4,"test_set",0.0483431893992359,-3.85322146801396,-3.90544860458477,-3.8032189678852,-3.85311263073115,-4.20450662687094,-3.50817035432561,"95%","4",FALSE,5,0.195877395517457
"96",",
 ","ProxyRecord",5272.5,-3.818256486,0.341346113413569,290.525,0.170673056706785,145.2625,-3322.5,4,"test_set",0.049774369980371,-4.08822847853304,-4.13646512473386,-4.04090687485917,-4.08207134123818,-4.44266952348542,-3.70889036227037,"95%","4",TRUE,5,0.195877395517457
"97",",
 ","ProxyRecord",5429.025,-4.453935584,0.342897641735312,267.025000000001,0.171448820867656,133.5125,-3479.025,4,"test_set",0.0518217295069956,-4.3104123523514,-4.35402411995247,-4.26525812201513,-4.31816935170916,-4.6785520494349,-3.94741388901321,"95%","4",TRUE,5,0.195877395517457
"98",",
 ","ProxyRecord",5851.575,-5.169910325,0.344899204306193,229.599999999999,0.172449602153096,114.8,-3901.575,4,"test_set",0.0608931400318813,-4.96826667861477,-5.01922507070535,-4.91806770233253,-4.97091364911944,-5.34865808847089,-4.6013363535221,"95%","4",TRUE,5,0.195877395517457
"99",",
 ","ProxyRecord",6463.5,-5.926729401,0.339872549353913,120.525,0.169936274676956,60.2624999999998,-4513.5,4,"test_set",0.0831997093734937,-6.14717146857454,-6.2038449063692,-6.09082543315574,-6.142810859789,-6.50214695890713,-5.77738877471686,"95%","4",TRUE,5,0.195877395517457
"100",",
 ","ProxyRecord",6512.95,-6.165855616,0.34070486802075,104.05,0.170352434010375,52.0250000000001,-4562.95,4,"test_set",0.0854772254244018,-6.25770651181389,-6.31284746385863,-6.20264799734685,-6.25526720451,-6.65171891316811,-5.86586837844246,"95%","4",TRUE,5,0.195877395517457
"101",",
 ","ProxyRecord",6521.0125,-6.20571608,0.340846172023142,100.0125,0.170423086011571,50.0062499999999,-4571.0125,4,"test_set",0.0858557171085294,-6.27597964511658,-6.33116822766541,-6.22105280229266,-6.26965719288621,-6.66451803595293,-5.87387765131575,"95%","4",TRUE,5,0.195877395517457
"102",",
 ","ProxyRecord",6526.9875,-6.245590152,0.340988382903296,98.0124999999998,0.170494191451648,49.0062499999999,-4576.9875,4,"test_set",0.0861375144013632,-6.28956819220342,-6.34493200469026,-6.23499077244181,-6.29013568205133,-6.69780965793357,-5.90530713994577,"95%","4",TRUE,5,0.195877395517457
"103",",
 ","ProxyRecord",6897.4875,-7.08335346,0.344153167249994,37.5124999999998,0.172076583624997,18.7562499999999,-4947.4875,4,"test_set",0.105777679309416,-7.22164985343513,-7.26931960385086,-7.17434972102922,-7.22027057715513,-7.62475715005031,-6.81193492658757,"95%","4",TRUE,5,0.195877395517457
"104",",
 ","ProxyRecord",6903,-7.283028277,0.344955116399451,36,0.172477558199726,18,-4953,4,"test_set",0.106102089243532,-7.23702447422223,-7.28452618345458,-7.18964556483531,-7.23018307009821,-7.61252994430981,-6.85193970241188,"95%","4",TRUE,5,0.195877395517457
"105",",
 ","ProxyRecord",6906.0125,-7.362912933,0.345280720801897,36.0124999999998,0.172640360400949,18.0062499999999,-4956.0125,4,"test_set",0.10627977335691,-7.2454473199095,-7.29274224781687,-7.19805876671818,-7.24731725864026,-7.66523127379879,-6.84774531015234,"95%","4",TRUE,5,0.195877395517457
"106",",
 ","ProxyRecord",7063.5,-7.642624088,0.346445405898564,50.5249999999996,0.173222702949282,25.2624999999998,-5113.5,4,"test_set",0.115961326955727,-7.70722815645207,-7.758947342153,-7.65652630983486,-7.7067481888255,-8.1233777820383,-7.30501844587706,"95%","4",TRUE,5,0.195877395517457
"107",",
 ","ProxyRecord",7090,-8.282547459,0.349234831212595,48,0.174617415606297,24,-5140,4,"test_set",0.117666141784944,-7.78927229163475,-7.84152863492573,-7.73771585779785,-7.79134356960264,-8.21750226631494,-7.35200968389296,"95%","4",FALSE,5,0.195877395517457
"108",",
 ","ProxyRecord",7100.0375,-8.362604116,0.349595550011948,52.0374999999995,0.174797775005974,26.0187499999997,-5150.0375,4,"test_set",0.118317576660187,-7.82069091046608,-7.87270116894297,-7.76881222686885,-7.81263240828675,-8.22950217095009,-7.3924290838005,"95%","4",FALSE,5,0.195877395517457
"109",",
 ","ProxyRecord",7268.5,-8.482611111,0.341081271,87.5,0.170540635,43.75,-5318.5,4,"test_set",0.129717848109667,-8.37745694940796,-8.43205795339879,-8.32141310284367,-8.37255258101318,-8.82014696520731,-7.95005444513271,"95%","4",TRUE,5,0.195877395517457
"110",",
 ","ProxyRecord",7338,-8.602734373,0.341646440804731,60.0249999999996,0.170823220402366,30.0124999999998,-5388,4,"test_set",0.13467794753641,-8.62427121635936,-8.68077872727889,-8.56717504496615,-8.62715908602417,-9.0587405572278,-8.18535374204811,"95%","4",TRUE,5,0.195877395517457
"111",",
 ","ProxyRecord",7415.05,-8.722890214,0.342218516,71.0500000000002,0.171109258016306,35.5250000000001,-5465.05,4,"test_set",0.140352252921971,-8.91037984244541,-8.9665159841089,-8.85335742346891,-8.90270248164548,-9.3652651602501,-8.45483635096467,"95%","4",TRUE,5,0.195877395517457
"112",",
 ","ProxyRecord",7596.5,-9.725715756,0.34719796054297,63.5249999999996,0.173598980271485,31.7624999999998,-5646.5,4,"test_set",0.154443534881654,-9.63944348993884,-9.69481962040269,-9.5839720025218,-9.64741464640464,-10.1266369615259,-9.18681535790235,"95%","4",TRUE,5,0.195877395517457
"113",",
 ","ProxyRecord",7793.5,-10.68396094,0.316216789064177,73.5249999999996,0.158108394532089,36.7624999999998,-5843.5,4,"test_set",0.170900353571213,-10.5264554538543,-10.5887386673982,-10.4671795144731,-10.5259185058295,-10.9806953526766,-10.062911798789,"95%","4",TRUE,5,0.195877395517457
"114",",
 ","ProxyRecord",7807.525,-10.72429601,0.316456439287178,75.5250000000005,0.158228219643589,37.7625000000003,-5857.525,4,"test_set",0.172117929093396,-10.5936538358382,-10.6578594396834,-10.5325494026984,-10.6004153877237,-11.0597785366106,-10.1225607872398,"95%","4",TRUE,5,0.195877395517457
"115",",
 ","ProxyRecord",7888,-11.0069002,0.318148605343717,77,0.159074302671859,38.5,-5938,4,"test_set",0.179222452567895,-10.9901365859404,-11.0709316665507,-10.9140029179699,-10.9854290971786,-11.4772389911321,-10.4947242743603,"95%","4",TRUE,5,0.195877395517457
"116",",
 ","ProxyRecord",7934.9875,-11.29023581,0.319864531495081,66.0124999999998,0.15993226574754,33.0062499999999,-5984.9875,4,"test_set",0.183463639779369,-11.2304077408385,-11.3240860766403,-11.1436257453662,-11.2288993644788,-11.7083024860212,-10.7002716195902,"95%","4",TRUE,5,0.195877395517457
"117",",
 ","ProxyRecord",14,-0.069005802,0.320410770700682,74,0.160205385350341,37,1936,5,"test_set",0.000535807935667446,-0.0967167721932851,-0.253416277570066,0.046852968642731,-0.090816822128471,-0.483764431720092,0.29705746371319,"95%","5",TRUE,5,0.195877395517457
"118",",
 ","ProxyRecord",1574.9625,-0.918623073,0.286699283275371,295.0375,0.143349641637685,147.51875,375.0375,5,"test_set",0.00013042770657945,-0.892193198530315,-0.994934122641793,-0.786555434417757,-0.894488147231981,-1.2278992865721,-0.57926924896538,"95%","5",TRUE,5,0.195877395517457
"119",",
 ","ProxyRecord",2566.0125,-1.175272669,0.30049796406866,410.0125,0.15024898203433,205.00625,-616.0125,5,"test_set",0.000252920250781719,-1.25056615792591,-1.3258768982203,-1.17981804173752,-1.24761268664291,-1.59660603531124,-0.907928597781146,"95%","5",TRUE,5,0.195877395517457
"120",",
 ","ProxyRecord",3395.5,-1.784757341,0.288420549773389,547.525,0.144210274886695,273.7625,-1445.5,5,"test_set",0.000458089593941002,-1.83716834195164,-1.89650348327321,-1.77696682642098,-1.843548472747,-2.15935371119061,-1.53501493483884,"95%","5",TRUE,5,0.195877395517457
"121",",
 ","ProxyRecord",4383.425,-2.866337463,0.338457829204649,292.6,0.169228914602324,146.3,-2433.425,5,"test_set",0.000621560158209356,-2.92431227548984,-2.97488778594889,-2.87060901582351,-2.91513863045031,-3.29428376536642,-2.54517067173874,"95%","5",TRUE,5,0.195877395517457
"122",",
 ","ProxyRecord",5386.5125,-4.175739411,0.342193393629715,283.5125,0.171096696814857,141.75625,-3436.5125,5,"test_set",0.000697620876088933,-4.22760947182052,-4.2729497940726,-4.17976059675661,-4.22601200994855,-4.60268351134152,-3.85436564765849,"95%","5",TRUE,5,0.195877395517457
"123",",
 ","ProxyRecord",5391.975,-4.21547279,0.342291458284034,283.025,0.171145729142017,141.5125,-3441.975,5,"test_set",0.00069875905737149,-4.23530755498533,-4.28040138719538,-4.18716765832274,-4.23712420699216,-4.59717588178456,-3.88196011654977,"95%","5",TRUE,5,0.195877395517457
"124",",
 ","ProxyRecord",5446.4875,-4.573196685,0.343212915147096,262.5125,0.171606457573548,131.25625,-3496.4875,5,"test_set",0.000710722961239085,-4.31283952254409,-4.35774420650512,-4.26533977260147,-4.3169732216974,-4.67183831209596,-3.95937616545544,"95%","5",TRUE,5,0.195877395517457
"125",",
 ","ProxyRecord",5464.5125,-4.69249573,0.343535620780583,253.5125,0.171767810390292,126.75625,-3514.5125,5,"test_set",0.00071492108624227,-4.33877168946594,-4.38397982005883,-4.29113290076999,-4.33906925106233,-4.6886164225875,-3.97497281820491,"95%","5",FALSE,5,0.195877395517457
"126",",
 ","ProxyRecord",5935.9875,-5.329136603,0.345378910631829,224.1625,0.172689455315915,112.08125,-3985.9875,5,"test_set",0.000867474933596846,-5.08375033826735,-5.13353655640705,-5.03357180368336,-5.08292040149472,-5.43681748027972,-4.73138873818714,"95%","5",TRUE,5,0.195877395517457
"127",",
 ","ProxyRecord",6885,-6.764058341,0.342908309835436,39,0.171454154917718,19.5,-4935,5,"test_set",0.00142645086180782,-7.19955702548432,-7.24068324551406,-7.15878323134677,-7.19756888994125,-7.56365397871726,-6.82741399837535,"95%","5",FALSE,5,0.195877395517457
"128",",
 ","ProxyRecord",6888.5,-6.843862071,0.343214473416499,37.5,0.171607236708249,18.75,-4938.5,5,"test_set",0.00142915877483496,-7.20948560768478,-7.2503048112569,-7.1689616329907,-7.20353078117241,-7.58189821916945,-6.83845642062104,"95%","5",TRUE,5,0.195877395517457
"129",",
 ","ProxyRecord",6891.5,-6.923682426,0.34352457919312,37.5,0.17176228959656,18.75,-4941.5,5,"test_set",0.00143148369908808,-7.21801098182025,-7.25865577842046,-7.17758869807674,-7.22656883787822,-7.58415966979737,-6.87537243705692,"95%","5",TRUE,5,0.195877395517457
"130",",
 ","ProxyRecord",6895.5,-7.043428922,0.343994533991546,37.5,0.171997266995773,18.75,-4945.5,5,"test_set",0.00143458913484107,-7.2293999616378,-7.27027200004098,-7.18876856965367,-7.22910402824426,-7.56587244419591,-6.84129803433873,"95%","5",TRUE,5,0.195877395517457
"131",",
 ","ProxyRecord",6899.0125,-7.163221243,0.344471405296577,37.0124999999998,0.172235702648289,18.5062499999999,-4949.0125,5,"test_set",0.00143732131352436,-7.23942151007894,-7.28049226369967,-7.19860691807444,-7.23874797844395,-7.60812064516955,-6.846044243803,"95%","5",TRUE,5,0.195877395517457
"132",",
 ","ProxyRecord",6904.9875,-7.322975101,0.345117061896691,36.0124999999998,0.172558530948346,18.0062499999999,-4954.9875,5,"test_set",0.00144198014384589,-7.25651321393106,-7.29787314654644,-7.21568443405186,-7.25948039134856,-7.63664484146688,-6.88387016954479,"95%","5",TRUE,5,0.195877395517457
"133",",
 ","ProxyRecord",6920.0125,-7.402860803,0.345444413830338,42.0124999999998,0.172722206915169,21.0062499999999,-4970.0125,5,"test_set",0.00145375783739965,-7.29974092913844,-7.34088123038904,-7.25889792381687,-7.30402165347803,-7.6744317804606,-6.91982514676497,"95%","5",TRUE,5,0.195877395517457
"134",",
 ","ProxyRecord",7084.4875,-8.122484742,0.348521892022329,48.5124999999998,0.174260946011165,24.2562499999999,-5134.4875,5,"test_set",0.00158852333933535,-7.7970006816462,-7.84081356876608,-7.75213922124663,-7.80346729697079,-8.17807846420278,-7.40624720710531,"95%","5",TRUE,5,0.195877395517457
"135",",
 ","ProxyRecord",7086,-8.162494078,0.348698973973306,48.0249999999996,0.174349486986653,24.0124999999998,-5136,5,"test_set",0.00158981227709187,-7.80178495790947,-7.84560609595892,-7.75696905288092,-7.80722735562568,-8.20530848167873,-7.44224934586478,"95%","5",TRUE,5,0.195877395517457
"136",",
 ","ProxyRecord",7093.5,-8.322571807,0.34941530143365,49.5,0.174707650716825,24.75,-5143.5,5,"test_set",0.00159621707045421,-7.82556738059931,-7.86937237872407,-7.78083423309349,-7.82243930942822,-8.18625624670927,-7.46274312935281,"95%","5",FALSE,5,0.195877395517457
"137",",
 ","ProxyRecord",7441.9875,-8.8030171,0.342601958233598,86.0124999999998,0.171300979116799,43.0062499999999,-5491.9875,5,"test_set",0.00191834703318072,-9.04519918679444,-9.09197863544758,-8.99679925955671,-9.04785379839108,-9.39862540543696,-8.68204662611735,"95%","5",TRUE,5,0.195877395517457
"138",",
 ","ProxyRecord",7488.5125,-9.003393483,0.343573632682052,98.5374999999994,0.171786816341026,49.2687499999997,-5538.5125,5,"test_set",0.00196498723958882,-9.226131205122,-9.27237174577981,-9.17809543335624,-9.22708842350603,-9.59795292365171,-8.86457251083102,"95%","5",TRUE,5,0.195877395517457
"139",",
 ","ProxyRecord",7559,-9.364339993,0.345361636045189,86.0249999999996,0.172680818022594,43.0124999999998,-5609,5,"test_set",0.00203728023731031,-9.50896326896219,-9.55339532099892,-9.46295647281543,-9.50944716260746,-9.85801842064667,-9.14269974424616,"95%","5",TRUE,5,0.195877395517457
"140",",
 ","ProxyRecord",7569.9875,-9.444616361,0.345765475239243,79.0124999999998,0.172882737619621,39.5062499999999,-5619.9875,5,"test_set",0.00204872619535834,-9.55401382558955,-9.59836531340573,-9.50828081447284,-9.55485271309469,-9.92400313142685,-9.19462713205621,"95%","5",TRUE,5,0.195877395517457
"141",",
 ","ProxyRecord",7582,-9.565044647,0.346376353275751,73,0.173188176637876,36.5,-5632,5,"test_set",0.00206129455544435,-9.60356822681369,-9.64759409964162,-9.55774672434797,-9.60645734067405,-9.98567034505841,-9.2277810615791,"95%","5",TRUE,5,0.195877395517457
"142",",
 ","ProxyRecord",7610,-9.846253579,0.347821223350451,55.0249999999996,0.173910611675225,27.5124999999998,-5660,5,"test_set",0.00209081175230885,-9.72030484712819,-9.76382282673121,-9.67473730198463,-9.72474285711045,-10.0856924114716,-9.37373186163205,"95%","5",TRUE,5,0.195877395517457
"143",",
 ","ProxyRecord",7697,-10.28875477,0.350150107764999,55,0.175075053882499,27.5,-5747,5,"test_set",0.00218450430189421,-10.0942005938767,-10.1356377399306,-10.050614599216,-10.0984475632152,-10.4689383881073,-9.73352630537169,"95%","5",TRUE,5,0.195877395517457
"144",",
 ","ProxyRecord",7774.025,-10.6033048,0.315739941823423,67.0250000000005,0.157869970911711,33.5125000000003,-5824.025,5,"test_set",0.00226995278600484,-10.4397136822389,-10.4824047409627,-10.3939422503035,-10.4447754598123,-10.7978096710503,-10.0994722710593,"95%","5",TRUE,5,0.195877395517457
"145",",
 ","ProxyRecord",7865,-10.88571459,0.317420490766427,72,0.158710245383213,36,-5915,5,"test_set",0.00237389908734897,-10.8659228372087,-10.9166741432257,-10.8113161340717,-10.8664026381245,-11.2108812913249,-10.5231648551894,"95%","5",TRUE,5,0.195877395517457
"146",",
 ","ProxyRecord",7928,-11.24970716,0.319618573,67,0.159809286,33.5,-5978,5,"test_set",0.00244779986240395,-11.1729148060538,-11.2359278467594,-11.1084389573323,-11.167604272369,-11.5324302709716,-10.834032676832,"95%","5",TRUE,5,0.195877395517457
"147",",
 ","ProxyRecord",386.4875,-0.420397887,0.319781865557516,238.5625,0.159890932778758,119.28125,1563.5125,6,"test_set",0.000358954606827222,-0.442642668392829,-0.541867623287363,-0.346798549028376,-0.450013333445106,-0.814025059561422,-0.086893003918502,"95%","6",TRUE,5,0.195877395517457
"148",",
 ","ProxyRecord",2620.5,-1.21467617,0.300531211877705,433.6,0.150265605938852,216.8,-670.5,6,"test_set",0.000255542944138654,-1.27189117921966,-1.3457765814707,-1.20188749487721,-1.27358128189189,-1.61422011593215,-0.942271234580293,"95%","6",TRUE,5,0.195877395517457
"149",",
 ","ProxyRecord",3136.4625,-1.530183704,0.300836598734054,537.5375,0.150418299367027,268.76875,-1186.4625,6,"test_set",0.000385449748746547,-1.60143596521895,-1.66822373962658,-1.53368433001176,-1.60539308138399,-1.9426465289754,-1.27816514660833,"95%","6",TRUE,5,0.195877395517457
"150",",
 ","ProxyRecord",3424,-1.824260224,0.288472039568732,537.05,0.144236019784366,268.525,-1474,6,"test_set",0.000467645369661707,-1.84775618207798,-1.91187041408846,-1.78396455004602,-1.84852884013809,-2.15709619360104,-1.53473066578499,"95%","6",TRUE,5,0.195877395517457
"151",",
 ","ProxyRecord",3624.9875,-2.061371665,0.288804013330107,479.0375,0.144402006665054,239.51875,-1674.9875,6,"test_set",0.000516019568586046,-2.04553050077373,-2.10222554854766,-1.98591555899473,-2.04055465078676,-2.36389811944495,-1.73010360405213,"95%","6",TRUE,5,0.195877395517457
"152",",
 ","ProxyRecord",3721.4625,-2.219524348,0.289047480325488,448.5875,0.144523740162744,224.29375,-1771.4625,6,"test_set",0.000536448423571478,-2.14690224026297,-2.20113452195763,-2.08982881354364,-2.14479976556504,-2.45794232950304,-1.80796073330799,"95%","6",TRUE,5,0.195877395517457
"153",",
 ","ProxyRecord",3752.4875,-2.298633897,0.289175402580346,439.5375,0.144587701290173,219.76875,-1802.4875,6,"test_set",0.000542633344036147,-2.18030843276621,-2.23332973496966,-2.12363366933555,-2.18821387020621,-2.4928069833339,-1.88873927958809,"95%","6",TRUE,5,0.195877395517457
"154",",
 ","ProxyRecord",3805.4375,-2.377754547,0.28930718893556,399.6625,0.14465359446778,199.83125,-1855.4375,6,"test_set",0.000552756631388984,-2.23817884201765,-2.28941713641763,-2.18212839175698,-2.23915935793137,-2.54245159795773,-1.93427390878888,"95%","6",TRUE,5,0.195877395517457
"155",",
 ","ProxyRecord",3909.325,-2.536051478,0.289584870766641,355.7,0.144792435383321,177.85,-1959.325,6,"test_set",0.000571033820750966,-2.35466747906744,-2.40415298512265,-2.30077701890659,-2.34981101641915,-2.68075579365251,-2.02441919468327,"95%","6",TRUE,5,0.195877395517457
"156",",
 ","ProxyRecord",5045.05,-3.381744875,0.339435742587645,182.075,0.169717871293823,91.0374999999999,-3095.05,6,"test_set",0.000647314557900014,-3.77111711948106,-3.82457609364769,-3.71363450591111,-3.7703058504445,-4.11912759651471,-3.40063447985313,"95%","6",FALSE,5,0.195877395517457
"157",",
 ","ProxyRecord",5223.5,-3.659498747,0.340023651799844,274.525,0.170011825899922,137.2625,-3273.5,6,"test_set",0.0006659111515539,-4.00571781352055,-4.0554887954839,-3.95338272454508,-4.01356549564039,-4.36817289646024,-3.6549225098619,"95%","6",TRUE,5,0.195877395517457
"158",",
 ","ProxyRecord",5253.5125,-3.738856111,0.341167013120535,287.5125,0.170583506560267,143.75625,-3303.5125,6,"test_set",0.000670248884548919,-4.04593812711277,-4.09483430183321,-3.99495222504043,-4.04407482131948,-4.40928079225109,-3.67972136129814,"95%","6",TRUE,5,0.195877395517457
"159",",
 ","ProxyRecord",5440.975,-4.533437045,0.343107092356876,264.049999999999,0.171553546178438,132.025,-3490.975,6,"test_set",0.0007052280925679,-4.30417449266034,-4.35140306698749,-4.25857982287568,-4.30531623407045,-4.65835501534328,-3.94071797072695,"95%","6",TRUE,5,0.195877395517457
"160",",
 ","ProxyRecord",5469.4875,-4.732269606,0.34364463779127,251.5125,0.171822318895635,125.75625,-3519.4875,6,"test_set",0.000711739355097052,-4.34470197671991,-4.39118631372474,-4.29951606962343,-4.34490437500674,-4.71299213600129,-3.97885200501536,"95%","6",FALSE,5,0.195877395517457
"161",",
 ","ProxyRecord",5482.5125,-4.772046295,0.343754642647718,243.5125,0.171877321323859,121.75625,-3532.5125,6,"test_set",0.00071481845247412,-4.36334111291524,-4.40938080107775,-4.31844806094648,-4.3581347260476,-4.73476363038567,-4.00255404738464,"95%","6",FALSE,5,0.195877395517457
"162",",
 ","ProxyRecord",5510,-4.851600007,0.343977162579867,236,0.171988581289933,118,-3560,6,"test_set",0.000721531851710644,-4.40294446295236,-4.44878551543298,-4.35811138394076,-4.39668302562713,-4.75905888899746,-4.03855849832166,"95%","6",FALSE,5,0.195877395517457
"163",",
 ","ProxyRecord",5832.025,-5.130111674,0.344781272868479,227.05,0.172390636434239,113.525,-3882.025,6,"test_set",0.000821950336771238,-4.89913970083686,-4.94824834983137,-4.85229132851807,-4.90561830772111,-5.27932682391242,-4.55118585642703,"95%","6",TRUE,5,0.195877395517457
"164",",
 ","ProxyRecord",6086,-5.528218646,0.345997335052248,187.025,0.172998667526124,93.5124999999998,-4136,6,"test_set",0.000929442612029874,-5.34349999585369,-5.39740111127162,-5.29107837825056,-5.3544169993587,-5.73474294526394,-4.99041332387866,"95%","6",TRUE,5,0.195877395517457
"165",",
 ","ProxyRecord",6507.475,-6.125994293,0.340564026510113,104.525,0.170282013255057,52.2624999999998,-4557.475,6,"test_set",0.00116288989342461,-6.21990482417892,-6.27090406630307,-6.17027641194738,-6.22311399379455,-6.59509545723539,-5.8707286332155,"95%","6",TRUE,5,0.195877395517457
"166",",
 ","ProxyRecord",6724.5,-6.48481342,0.341857871416384,49.5249999999996,0.170928935708192,24.7624999999998,-4774.5,6,"test_set",0.00130992728728518,-6.75462738095382,-6.79783532020918,-6.71093912805012,-6.75199895219164,-7.1099805367814,-6.38831890076937,"95%","6",TRUE,5,0.195877395517457
"167",",
 ","ProxyRecord",6894,-7.003509672,0.343837082444669,37,0.171918541222335,18.5,-4944,6,"test_set",0.00143746757392815,-7.21884239119299,-7.2593475027961,-7.17960524428882,-7.21855458223743,-7.57051883502876,-6.84097527787467,"95%","6",TRUE,5,0.195877395517457
"168",",
 ","ProxyRecord",7071.0125,-7.762544206,0.346955222393991,50.0124999999998,0.173477611196996,25.0062499999999,-5121.0125,6,"test_set",0.00158255218838388,-7.75200603776982,-7.79282217689998,-7.70970645398217,-7.75271220842713,-8.13636939994506,-7.40635324468362,"95%","6",TRUE,5,0.195877395517457
"169",",
 ","ProxyRecord",7072,-7.802531821,0.347126117252899,50,0.173563058626449,25,-5122,6,"test_set",0.00158339565012877,-7.75512743208881,-7.79595095421729,-7.71280047665585,-7.76296315873498,-8.13687087659781,-7.38857239987982,"95%","6",TRUE,5,0.195877395517457
"170",",
 ","ProxyRecord",7082.9875,-8.082471263,0.348345391893485,49.0124999999998,0.174172695946742,24.5062499999999,-5132.9875,6,"test_set",0.00159280600522393,-7.78997136601456,-7.83121159769255,-7.74738007032937,-7.7923617244634,-8.15574866799345,-7.43714301505994,"95%","6",TRUE,5,0.195877395517457
"171",",
 ","ProxyRecord",7087,-8.202512229,0.348877000744633,48.0249999999996,0.174438500372316,24.0124999999998,-5137,6,"test_set",0.00159625421987108,-7.80274798649775,-7.84426463642836,-7.76030569775988,-7.79889993210276,-8.16341238122507,-7.43341108739903,"95%","6",FALSE,5,0.195877395517457
"172",",
 ","ProxyRecord",7468.025,-8.923237509,0.343182358880579,94.0250000000006,0.17159117944029,47.0125000000003,-5518.025,6,"test_set",0.00195213774896175,-9.15086478489051,-9.1959478074937,-9.10752538131455,-9.15282072744329,-9.49501805828251,-8.80245919150081,"95%","6",TRUE,5,0.195877395517457
"173",",
 ","ProxyRecord",7478.0375,-8.963317834,0.343377864874404,98.0374999999994,0.171688932437202,49.0187499999997,-5528.0375,6,"test_set",0.00196224864685846,-9.19010213632367,-9.23513559765643,-9.1473047309633,-9.18972663076883,-9.54902584316409,-8.82216629298524,"95%","6",TRUE,5,0.195877395517457
"174",",
 ","ProxyRecord",7845,-10.80497827,0.316937688842211,77,0.158468844421106,38.5,-5895,6,"test_set",0.00235963691719299,-10.7772804903996,-10.8262457750618,-10.7282608952051,-10.7795829744112,-11.105998718973,-10.4337207620845,"95%","6",TRUE,5,0.195877395517457
"175",",
 ","ProxyRecord",7896.5,-11.04732685,0.318392066237282,76.5249999999996,0.159196033118641,38.2624999999998,-5946.5,6,"test_set",0.00241958501416839,-11.024527762342,-11.0814177400859,-10.9667146488573,-11.0235411515396,-11.3866244830547,-10.6818989957575,"95%","6",TRUE,5,0.195877395517457
"176",",
 ","ProxyRecord",847.125,-0.695083187,0.319884878215016,253.125,0.159942439107508,126.5625,1102.875,7,"test_set",0.000204689653579559,-0.697698306750959,-0.809363538045849,-0.584762010668101,-0.700299478253842,-1.05739018147602,-0.319229891976072,"95%","7",TRUE,5,0.195877395517457
"177",",
 ","ProxyRecord",1516.4625,-0.879284769,0.286673489851659,291.5875,0.143336744925829,145.79375,433.5375,7,"test_set",0.000128253095729725,-0.888688084939738,-0.993288148372685,-0.772293242740184,-0.889361386753825,-1.22566766810276,-0.538865979253448,"95%","7",TRUE,5,0.195877395517457
"178",",
 ","ProxyRecord",2489.5125,-1.135875216,0.30046558039297,369.5125,0.150232790196485,184.75625,-539.5125,7,"test_set",0.000229678750829354,-1.21034222222862,-1.29383454187961,-1.12242100481889,-1.2101875504745,-1.56230591382081,-0.87031692511285,"95%","7",TRUE,5,0.195877395517457
"179",",
 ","ProxyRecord",2751.4125,-1.33293653,0.300637532720803,478.6125,0.150318766360402,239.30625,-801.4125,7,"test_set",0.000284753344659272,-1.34720261712084,-1.42084644371875,-1.2733334901595,-1.33934892382914,-1.68100833702839,-0.985457199025219,"95%","7",TRUE,5,0.195877395517457
"180",",
 ","ProxyRecord",2796.5125,-1.372378102,0.300675145598983,477.5125,0.150337572799491,238.75625,-846.5125,7,"test_set",0.000295423649815385,-1.373807989914,-1.44560568454031,-1.30125972411887,-1.37092770605734,-1.69833075957694,-1.03211861551396,"95%","7",TRUE,5,0.195877395517457
"181",",
 ","ProxyRecord",2840.475,-1.411810407,0.30071411651296,479.525,0.15035705825648,239.7625,-890.475,7,"test_set",0.0003061603004062,-1.40066992611425,-1.47059299419688,-1.32955345873788,-1.39846827491999,-1.72817605845356,-1.07809564772495,"95%","7",TRUE,5,0.195877395517457
"182",",
 ","ProxyRecord",3303.5,-1.666295442,0.288272126175546,553.525,0.144136063087773,276.7625,-1353.5,7,"test_set",0.000437274632908435,-1.745538364994,-1.8085591680559,-1.68079571582425,-1.74638105443798,-2.0794619649348,-1.41137375973064,"95%","7",TRUE,5,0.195877395517457
"183",",
 ","ProxyRecord",3878.425,-2.496469688,0.289513860602869,365.625,0.144756930301435,182.8125,-1928.425,7,"test_set",0.00056989126457907,-2.32881891656844,-2.3805775277454,-2.27570327247549,-2.3234491183154,-2.65757941386516,-1.99705030191392,"95%","7",TRUE,5,0.195877395517457
"184",",
 ","ProxyRecord",4537.4625,-3.104147077,0.338890106207929,242.5625,0.169445053103964,121.28125,-2587.4625,7,"test_set",0.00064074473955511,-3.1319712279865,-3.19025655097856,-3.07527516162629,-3.13001312900796,-3.47973830976642,-2.76368379275661,"95%","7",TRUE,5,0.195877395517457
"185",",
 ","ProxyRecord",4958.525,-3.342076191,0.339354657792045,177.575000000001,0.169677328896023,88.7875000000004,-3008.525,7,"test_set",0.000645416444222668,-3.67415699823582,-3.73154574864063,-3.61659420939062,-3.66881602471228,-4.0432512120772,-3.28561178838872,"95%","7",TRUE,5,0.195877395517457
"186",",
 ","ProxyRecord",5201,-3.619811057,0.339937131124243,263,0.169968565562121,131.5,-3251,7,"test_set",0.000664605358569048,-3.99214678906802,-4.0438441819744,-3.93947151869626,-3.99736710533886,-4.36597877109403,-3.63503744292993,"95%","7",FALSE,5,0.195877395517457
"187",",
 ","ProxyRecord",5692.025,-5.010731089,0.344431279151665,261.025000000001,0.172215639575833,130.5125,-3742.025,7,"test_set",0.000772707261931238,-4.6941252969133,-4.73931639844429,-4.64862385456485,-4.68915554978836,-5.04979900901766,-4.33432124792542,"95%","7",TRUE,5,0.195877395517457
"188",",
 ","ProxyRecord",6473.4875,-5.966574007,0.340009225945833,117.5125,0.170004612972917,58.7562499999999,-4523.4875,7,"test_set",0.00113592838884014,-6.15673051208255,-6.21099927667839,-6.10481883511517,-6.16078314059233,-6.54088418666057,-5.76610308060973,"95%","7",TRUE,5,0.195877395517457
"189",",
 ","ProxyRecord",6498,-6.086131553,0.340423833661309,108,0.170211916830655,54,-4548,7,"test_set",0.00115112746046364,-6.21262216491383,-6.2671361630559,-6.16174707846665,-6.21281548950305,-6.58686148127644,-5.81933932794665,"95%","7",TRUE,5,0.195877395517457
"190",",
 ","ProxyRecord",6892,-6.96359469,0.343680553311825,38,0.171840276655912,19,-4942,7,"test_set",0.00142825247564371,-7.22073305199863,-7.26159345777658,-7.18153079152147,-7.21881760174866,-7.59299287708995,-6.82485393618228,"95%","7",TRUE,5,0.195877395517457
"191",",
 ","ProxyRecord",7088.9875,-8.242522251,0.349055583,48.0124999999998,0.174527791574334,24.0062499999999,-5138.9875,7,"test_set",0.00158998018073841,-7.8127387649822,-7.85650527407486,-7.77095601374736,-7.80654179210272,-8.19339348462056,-7.4273121339628,"95%","7",FALSE,5,0.195877395517457
"192",",
 ","ProxyRecord",7303.5,-8.522639728,0.341268713146706,72.5249999999996,0.170634356573353,36.2624999999998,-5353.5,7,"test_set",0.00178366739369551,-8.53454718805148,-8.58223849256183,-8.48792932187962,-8.5321428277038,-8.91213659098663,-8.17246676030103,"95%","7",TRUE,5,0.195877395517457
"193",",
 ","ProxyRecord",7322,-8.562682971,0.341457053963497,65,0.170728526981748,32.5,-5372,7,"test_set",0.00180122947175398,-8.60083602592049,-8.64885785681607,-8.55380728776087,-8.60129747557367,-8.96672306038001,-8.24311556289683,"95%","7",TRUE,5,0.195877395517457
"194",",
 ","ProxyRecord",7355.5,-8.642775035,0.341836322185815,56.5,0.170918161092907,28.25,-5405.5,7,"test_set",0.001833377835192,-8.72257265606093,-8.770179728257,-8.67519896862917,-8.72035477642667,-9.08774886202519,-8.33831030972767,"95%","7",TRUE,5,0.195877395517457
"195",",
 ","ProxyRecord",7450.5,-8.843079696,0.342794840287658,91.5,0.171397420143829,45.75,-5500.5,7,"test_set",0.00192697486003368,-9.07997277903165,-9.12709734441334,-9.03165387548466,-9.06895354705812,-9.44708430300173,-8.70619999390322,"95%","7",TRUE,5,0.195877395517457
"196",",
 ","ProxyRecord",7496.0125,-9.043484911,0.343769106,99.0374999999994,0.171884553,49.5187499999997,-5546.0125,7,"test_set",0.00197308822738051,-9.25773780452747,-9.3050861947045,-9.21030407260894,-9.24682436532873,-9.63154971197458,-8.86948382398051,"95%","7",TRUE,5,0.195877395517457
"197",",
 ","ProxyRecord",7517.025,-9.163784268,0.344361290824923,96.0250000000006,0.172180645412462,48.0125000000003,-5567.025,7,"test_set",0.00199465639685314,-9.34127259488108,-9.38786190177825,-9.29392022031478,-9.34532543563729,-9.72405741292983,-8.95641541834074,"95%","7",TRUE,5,0.195877395517457
"198",",
 ","ProxyRecord",7520.9875,-9.203880679,0.344559865209497,97.0124999999998,0.172279932604749,48.5062499999999,-5570.9875,7,"test_set",0.00199874338369099,-9.3571300429411,-9.40370802884765,-9.30989628794233,-9.35853098307974,-9.739294330616,-8.97622528041542,"95%","7",TRUE,5,0.195877395517457
"199",",
 ","ProxyRecord",7572.5,-9.484752232,0.345968667861325,78.5,0.172984333930663,39.25,-5622.5,7,"test_set",0.00205244305715446,-9.56632948197665,-9.61212280744644,-9.52000917346621,-9.56367453265131,-9.94745516156181,-9.1778164033807,"95%","7",TRUE,5,0.195877395517457
"200",",
 ","ProxyRecord",7615.5,-9.886457368,0.348029551077181,51.5,0.17401477553859,25.75,-5665.5,7,"test_set",0.00209807778466242,-9.74535844021028,-9.78982097436603,-9.69906766783019,-9.75078863701454,-10.1199447091586,-9.37651754064547,"95%","7",TRUE,5,0.195877395517457
"201",",
 ","ProxyRecord",7621.975,-9.92665478,0.348238250285579,48.0249999999996,0.17411912514279,24.0124999999998,-5671.975,7,"test_set",0.00210501329447332,-9.77266844369358,-9.81719753288757,-9.72636222971183,-9.77762333256813,-10.1608931410352,-9.39239442397102,"95%","7",TRUE,5,0.195877395517457
"202",",
 ","ProxyRecord",7660,-10.08751181,0.349082609237231,50,0.174541304618615,25,-5710,7,"test_set",0.00214607951081192,-9.93492754848085,-9.97791076735694,-9.88889236922723,-9.93470999702245,-10.3173099027383,-9.56165984478089,"95%","7",TRUE,5,0.195877395517457
"203",",
 ","ProxyRecord",7755.0125,-10.52272384,0.315264165620434,64.0124999999998,0.157632082810217,32.0062499999999,-5805.0125,7,"test_set",0.00225120721486505,-10.3546547950217,-10.3980657117954,-10.3072494275244,-10.357931132744,-10.7061334455136,-10.023499232149,"95%","7",TRUE,5,0.195877395517457
"204",",
 ","ProxyRecord",7765.5125,-10.56300702,0.315501818036251,66.5124999999998,0.157750909018125,33.2562499999999,-5815.5125,7,"test_set",0.00226304559887147,-10.4023156386992,-10.4456236457267,-10.3544143911927,-10.4047366378073,-10.7593196939369,-10.0640031092794,"95%","7",TRUE,5,0.195877395517457
"205",",
 ","ProxyRecord",583.5125,-0.616526198,0.31985027938865,235.5125,0.159925139694325,117.75625,1366.4875,8,"test_set",0.000282533343168301,-0.569130877995052,-0.686701695033564,-0.454071902638081,-0.563869538261879,-0.936458259637062,-0.180395041974308,"95%","8",TRUE,5,0.195877395517457
"206",",
 ","ProxyRecord",1074,-0.734375889,0.319903829030286,223,0.159951914515143,111.5,876,8,"test_set",0.000160126610715405,-0.776971819173254,-0.882203745691351,-0.6700375673757,-0.782383366023131,-1.14519795909428,-0.398456342164122,"95%","8",TRUE,5,0.195877395517457
"207",",
 ","ProxyRecord",3476.475,-1.903281447,0.288578229984398,525.55,0.144289114992199,262.775,-1526.475,8,"test_set",0.000494530712763508,-1.89861363724156,-1.96279730046252,-1.83570350118793,-1.90074883250868,-2.24242393995368,-1.56561115494546,"95%","8",TRUE,5,0.195877395517457
"208",",
 ","ProxyRecord",3547.35,-1.982305466,0.288688593716257,511.65,0.144344296858129,255.825,-1597.35,8,"test_set",0.000512791094181564,-1.96988969340675,-2.03271737347076,-1.90876132734911,-1.97156455257296,-2.30910045420622,-1.65976522814803,"95%","8",TRUE,5,0.195877395517457
"209",",
 ","ProxyRecord",3699.3875,-2.179977648,0.288984919316642,457.6375,0.144492459658321,228.81875,-1749.3875,8,"test_set",0.000548044448689389,-2.13087486606673,-2.19004497848993,-2.07310052444813,-2.12917885452158,-2.4532213139646,-1.80838718941185,"95%","8",TRUE,5,0.195877395517457
"210",",
 ","ProxyRecord",3737.95,-2.259077298,0.289110972963226,445.05,0.144555486481613,222.525,-1787.95,8,"test_set",0.000556136359974868,-2.17331893264155,-2.23178410155058,-2.11589861425809,-2.17227928158076,-2.49753694519607,-1.86092453428937,"95%","8",TRUE,5,0.195877395517457
"211",",
 ","ProxyRecord",4453,-2.985223345,0.338669928952243,277.1,0.169334964476122,138.55,-2503,8,"test_set",0.000643886693552087,-3.04252154267424,-3.10405035605313,-2.98168743787557,-3.04847409146642,-3.42833729527719,-2.6936873885653,"95%","8",TRUE,5,0.195877395517457
"212",",
 ","ProxyRecord",4484.975,-3.024857872,0.338742591363626,263.049999999999,0.169371295681813,131.525,-2534.975,8,"test_set",0.000645049335945558,-3.08364773972481,-3.14541637135,-3.02201857694828,-3.0844435143994,-3.44049148992852,-2.7139224435779,"95%","8",TRUE,5,0.195877395517457
"213",",
 ","ProxyRecord",4566.475,-3.143788366,0.338965562775759,229.525,0.16948278138788,114.7625,-2616.475,8,"test_set",0.000646943636806174,-3.18878170326353,-3.2524339540509,-3.1265932451209,-3.19060379067094,-3.56532315140674,-2.80146370375147,"95%","8",TRUE,5,0.195877395517457
"214",",
 ","ProxyRecord",5074.9875,-3.421408449,0.339517185021476,194.0125,0.169758592510738,97.0062499999999,-3124.9875,8,"test_set",0.000643679334355607,-3.84409074316975,-3.90544491027572,-3.78312983513575,-3.8459079271929,-4.20768684025297,-3.47223520673845,"95%","8",FALSE,5,0.195877395517457
"215",",
 ","ProxyRecord",5119.9875,-3.500760109,0.339682621925716,216.0125,0.169841310962858,108.00625,-3169.9875,8,"test_set",0.00064665257830665,-3.90236641609444,-3.96197615031337,-3.84320289471697,-3.90204273587688,-4.27733615528774,-3.51634195715937,"95%","8",FALSE,5,0.195877395517457
"216",",
 ","ProxyRecord",5163.4875,-3.580127755,0.339851546253422,245.5125,0.169925773126711,122.75625,-3213.4875,8,"test_set",0.000650343088193228,-3.95900603528234,-4.0173130834261,-3.90142268723952,-3.96753592708575,-4.32567880589811,-3.60512772062806,"95%","8",FALSE,5,0.195877395517457
"217",",
 ","ProxyRecord",5296.5,-3.93739353,0.341620480675429,295.5,0.170810240337715,147.75,-3346.5,8,"test_set",0.000666606575783213,-4.13477922335134,-4.18797857804178,-4.07988866536972,-4.1339393306428,-4.51722792720704,-3.75773400156383,"95%","8",TRUE,5,0.195877395517457
"218",",
 ","ProxyRecord",5370.0125,-4.096279378,0.341998759939205,290.0125,0.170999379969603,145.00625,-3420.0125,8,"test_set",0.000678814491728019,-4.23411567529495,-4.28463495658947,-4.1815371802313,-4.23988516537733,-4.60197169248625,-3.85531920014923,"95%","8",TRUE,5,0.195877395517457
"219",",
 ","ProxyRecord",5381,-4.136006945,0.342095604,286,0.171047802,143,-3431,8,"test_set",0.000680836025113152,-4.24912465804224,-4.29917397296352,-4.19652503274896,-4.2509638313343,-4.63626382473829,-3.87601659612771,"95%","8",TRUE,5,0.195877395517457
"220",",
 ","ProxyRecord",5593,-4.970941183,0.344316526986243,255,0.172158263493122,127.5,-3643,8,"test_set",0.000729865548954045,-4.54887602776798,-4.59545530463682,-4.49954115854024,-4.55459763921043,-4.92108668027736,-4.16592728893787,"95%","8",FALSE,5,0.195877395517457
"221",",
 ","ProxyRecord",5811.9875,-5.090313648,0.344663343498686,232.0375,0.172331671749343,116.01875,-3861.9875,8,"test_set",0.000800525393951368,-4.88451368563485,-4.93369728187248,-4.83392985328611,-4.87699259036595,-5.27046883753207,-4.48102281973993,"95%","8",TRUE,5,0.195877395517457
"222",",
 ","ProxyRecord",6144,-5.607876288,0.346250177934013,172.05,0.173125088967007,86.0250000000001,-4194,8,"test_set",0.000946448411021095,-5.46294996867925,-5.51991346229776,-5.40361864623854,-5.46773733947866,-5.85641718684875,-5.06986738770044,"95%","8",TRUE,5,0.195877395517457
"223",",
 ","ProxyRecord",6224.4875,-5.687542718,0.34650676041386,175.5375,0.17325338020693,87.7687500000002,-4274.4875,8,"test_set",0.000988864111728383,-5.61867970070176,-5.67702834507872,-5.5589027761269,-5.62858515364047,-6.02644954450642,-5.24669803368653,"95%","8",TRUE,5,0.195877395517457
"224",",
 ","ProxyRecord",6541.4625,-6.3253188,0.341274634737221,92.5375000000004,0.17063731736861,46.2687500000002,-4591.4625,8,"test_set",0.00118233598997985,-6.30340977547103,-6.35948130016345,-6.25075257670971,-6.30377356580617,-6.67311921467571,-5.94374184178647,"95%","8",TRUE,5,0.195877395517457
"225",",
 ","ProxyRecord",6548.9875,-6.365185827,0.341419404877928,88.0124999999998,0.170709702438964,44.0062499999999,-4598.9875,8,"test_set",0.00118739605579066,-6.32118363139094,-6.3771645752736,-6.26859659719684,-6.32483579760538,-6.70148159440943,-5.95032769076467,"95%","8",TRUE,5,0.195877395517457
"226",",
 ","ProxyRecord",6606.975,-6.405062003,0.341564503947161,81.0499999999993,0.170782251973581,40.5249999999996,-4656.975,8,"test_set",0.00122701725142615,-6.46069571303803,-6.51409825204127,-6.41011992960722,-6.46114769969913,-6.84366578169263,-6.10091291370129,"95%","8",TRUE,5,0.195877395517457
"227",",
 ","ProxyRecord",6887.475,-6.80395828,0.343060954135525,37.5249999999996,0.171530477067762,18.7624999999998,-4937.475,8,"test_set",0.0014343811345352,-7.20321895589343,-7.24547635577906,-7.16213692293185,-7.20189925441204,-7.55198117185454,-6.83941661466886,"95%","8",FALSE,5,0.195877395517457
"228",",
 ","ProxyRecord",7050.4875,-7.562680895,0.346108904598418,49.5124999999998,0.173054452299209,24.7562499999999,-5100.4875,8,"test_set",0.00156685041756699,-7.69068801552124,-7.73174764666575,-7.64829411200196,-7.68953159563764,-8.077151944347,-7.31669712814461,"95%","8",TRUE,5,0.195877395517457
"229",",
 ","ProxyRecord",7566,-9.404470798,0.345563160794744,81,0.172781580397372,40.5,-5616,8,"test_set",0.00204363596942869,-9.54390416724171,-9.58777996058642,-9.50106150255511,-9.54735623597842,-9.93365658505977,-9.16840545761395,"95%","8",TRUE,5,0.195877395517457
"230",",
 ","ProxyRecord",7601.5,-9.765890009,0.347405288437699,61.5,0.173702644218849,30.75,-5651.5,8,"test_set",0.00207970493990572,-9.69065507721252,-9.73385391444257,-9.64781421579341,-9.69380912749458,-10.0636886650939,-9.30254828789174,"95%","8",TRUE,5,0.195877395517457
"231",",
 ","ProxyRecord",7689.4875,-10.24849435,0.349935022654488,53.5124999999998,0.174967511327244,26.7562499999999,-5739.4875,8,"test_set",0.00217090003311604,-10.0658546229509,-10.1087193329173,-10.0227392571253,-10.0704335740135,-10.4379287833992,-9.68931813138727,"95%","8",TRUE,5,0.195877395517457
"232",",
 ","ProxyRecord",7921.5,-11.20918651,0.31937371267617,69.5,0.159686856338085,34.75,-5971.5,8,"test_set",0.0024236522913057,-11.1368368020281,-11.2011473898469,-11.0727918685207,-11.1305081598608,-11.4730036161084,-10.787541774251,"95%","8",TRUE,5,0.195877395517457
"233",",
 ","ProxyRecord",7942.475,-11.33078558,0.3201107,60.5499999999993,0.16005535,30.2749999999996,-5992.475,8,"test_set",0.00244738006749401,-11.2397133438031,-11.307882247593,-11.1705364252504,-11.2344160038861,-11.6002154086064,-10.8714456254376,"95%","8",TRUE,5,0.195877395517457
"234",",
 ","ProxyRecord",261.05,-0.302951103,0.319753405,187.05,0.159876702302196,93.525,1688.95,9,"test_set",0.000417799125694562,-0.355222635540234,-0.457242260359997,-0.256440461569416,-0.355337926506594,-0.727178804885661,0.0166552674048053,"95%","9",TRUE,5,0.195877395517457
"235",",
 ","ProxyRecord",354.925,-0.381224695,0.319771362832019,224.125,0.15988568141601,112.0625,1595.075,9,"test_set",0.000370898347853976,-0.432834155985394,-0.537628308277634,-0.330588828353408,-0.433086197545797,-0.794652169867951,-0.0641676622018386,"95%","9",TRUE,5,0.195877395517457
"236",",
 ","ProxyRecord",1254.55,-0.800639634,0.286625488321054,213.575,0.143312744160527,106.7875,695.45,9,"test_set",0.000124694684672244,-0.814449607845707,-0.928261264988803,-0.700876136864146,-0.807413201125976,-1.15787776660547,-0.461907707784438,"95%","9",TRUE,5,0.195877395517457
"237",",
 ","ProxyRecord",1438.0125,-0.839957544,0.286648866939431,294.0125,0.143324433469715,147.00625,511.9875,9,"test_set",0.000119674214832388,-0.853675539425663,-0.967716952628536,-0.737812230607788,-0.862055766037347,-1.19939675411947,-0.51630970843338,"95%","9",TRUE,5,0.195877395517457
"238",",
 ","ProxyRecord",1831.4875,-1.036690097,0.286783231865505,286.5125,0.143391615932753,143.25625,118.5125,9,"test_set",0.000148378725442488,-0.950893253943789,-1.07218902215106,-0.831441679166908,-0.947964375443668,-1.29386606236892,-0.616299558469619,"95%","9",TRUE,5,0.195877395517457
"239",",
 ","ProxyRecord",2292.0375,-1.096484017,0.300434440477865,271.0375,0.150217220238933,135.51875,-342.0375,9,"test_set",0.000208818680075273,-1.11448684054443,-1.21646515484998,-1.01307960394621,-1.1170870946459,-1.46788884040813,-0.758211404641013,"95%","9",TRUE,5,0.195877395517457
"240",",
 ","ProxyRecord",2713.5,-1.293514541,0.300601118461603,468.525,0.150300559230802,234.2625,-763.5,9,"test_set",0.000286685090117311,-1.32686384205936,-1.40153265763031,-1.25289387617679,-1.33019338176925,-1.6918794386605,-0.978137059664985,"95%","9",TRUE,5,0.195877395517457
"241",",
 ","ProxyRecord",3448.3625,-1.86376971,0.288524667101224,531.6375,0.144262333550612,265.81875,-1498.3625,9,"test_set",0.000465278431105442,-1.88342688042467,-1.94489815543492,-1.81976320620289,-1.88437427833069,-2.21590705373456,-1.55888127513196,"95%","9",TRUE,5,0.195877395517457
"242",",
 ","ProxyRecord",3593.4875,-2.021836245,0.288745940919015,495.5625,0.144372970459508,247.78125,-1643.4875,9,"test_set",0.000497392595910639,-2.02347672207324,-2.08325936377692,-1.9635455652605,-2.01412327710901,-2.35810502574856,-1.70067834084807,"95%","9",TRUE,5,0.195877395517457
"243",",
 ","ProxyRecord",3828.4875,-2.417322012,0.289374959537354,387.5625,0.144687479768677,193.78125,-1878.4875,9,"test_set",0.000543033255073766,-2.26810732344024,-2.32244285703858,-2.2112535454137,-2.25913707384122,-2.59105100657244,-1.94050667560021,"95%","9",TRUE,5,0.195877395517457
"244",",
 ","ProxyRecord",4227.425,-2.734003631,0.28995434625047,334.6,0.144977173125235,167.3,-2277.425,9,"test_set",0.000602502712054864,-2.7252669362599,-2.77953219109426,-2.6714888545785,-2.72304152497208,-3.05270501070272,-2.39897989484693,"95%","9",TRUE,5,0.195877395517457
"245",",
 ","ProxyRecord",4645.975,-3.223096834,0.339118288230522,180.025,0.169559144115261,90.0124999999998,-2695.975,9,"test_set",0.000640528859952028,-3.24572685001101,-3.30832163710805,-3.18560717568721,-3.2382322356275,-3.604203962619,-2.87070834139442,"95%","9",TRUE,5,0.195877395517457
"246",",
 ","ProxyRecord",5288.5,-3.897681316,0.341527995239457,294.5,0.170763997619729,147.25,-3338.5,9,"test_set",0.000699412452664916,-4.09696858616917,-4.14808229937466,-4.04686407414826,-4.09881981245494,-4.47750168199238,-3.72723784637301,"95%","9",TRUE,5,0.195877395517457
"247",",
 ","ProxyRecord",5497.475,-4.811821559,0.343865587281485,239.525,0.171932793640742,119.7625,-3547.475,9,"test_set",0.000743534352021235,-4.39867353650392,-4.44423389141494,-4.35112711146528,-4.40187944952471,-4.77975818729263,-4.03801254866816,"95%","9",FALSE,5,0.195877395517457
"248",",
 ","ProxyRecord",6113.525,-5.568045569,0.346123576551459,181.525000000001,0.173061788275729,90.7625000000003,-4163.525,9,"test_set",0.000951267962556734,-5.43234080103458,-5.49142937823213,-5.37301311902931,-5.42450349565446,-5.8033002356284,-5.04388596355483,"95%","9",TRUE,5,0.195877395517457
"249",",
 ","ProxyRecord",6315.5375,-5.727524105,0.339202350042406,166.5625,0.169601175021203,83.28125,-4365.5375,9,"test_set",0.00104463941461574,-5.83503660802278,-5.89580746002419,-5.77499207639773,-5.83213387423175,-6.20686693232462,-5.44098812816683,"95%","9",TRUE,5,0.195877395517457
"250",",
 ","ProxyRecord",6492,-6.046279297,0.340284880886553,110.025,0.170142440443276,55.0124999999998,-4542,9,"test_set",0.00113664370571254,-6.21915611407227,-6.27700337951099,-6.16254000313742,-6.21805383156471,-6.59958113091368,-5.82433834077423,"95%","9",TRUE,5,0.195877395517457
"251",",
 ","ProxyRecord",6534,-6.285451714,0.341130709960747,96,0.170565354980374,48,-4584,9,"test_set",0.00116059876358321,-6.31545739046581,-6.37216307673207,-6.26035041604143,-6.31826262297656,-6.72243920062859,-5.92778003324712,"95%","9",TRUE,5,0.195877395517457
"252",",
 ","ProxyRecord",6664.4875,-6.444935284,0.341711094596268,70.5124999999998,0.170855547298134,35.2562499999999,-4714.4875,9,"test_set",0.00124148963969173,-6.62803229055553,-6.67948516315368,-6.5778511384413,-6.6281596077324,-7.01291385319046,-6.25938318359709,"95%","9",TRUE,5,0.195877395517457
"253",",
 ","ProxyRecord",6753.4875,-6.524692068,0.342005575347281,36.5124999999998,0.17100278767364,18.2562499999999,-4803.4875,9,"test_set",0.00130227395938043,-6.85385546061684,-6.90033060049856,-6.80882025973836,-6.85477168110627,-7.22962197914531,-6.48646004603207,"95%","9",TRUE,5,0.195877395517457
"254",",
 ","ProxyRecord",6766.9875,-6.604468054,0.342303101619817,38.0124999999998,0.171151550809909,19.0062499999999,-4816.9875,9,"test_set",0.00131189159344736,-6.88906819708983,-6.93512833270384,-6.84448995636088,-6.88488154184289,-7.26263481482201,-6.51334393322916,"95%","9",TRUE,5,0.195877395517457
"255",",
 ","ProxyRecord",6880,-6.72415441,0.342755673935356,41,0.171377836967678,20.5,-4930,9,"test_set",0.00139651121624507,-7.19436198222036,-7.23867976941314,-7.15116874010716,-7.19456775499457,-7.55914985973605,-6.82246485213803,"95%","9",FALSE,5,0.195877395517457
"256",",
 ","ProxyRecord",6902.5,-7.243088214,0.344793575364147,36.5,0.172396787682073,18.25,-4952.5,9,"test_set",0.00141423435542354,-7.2574770529409,-7.30160512912993,-7.21481444350469,-7.24838161166103,-7.62932435220669,-6.87711926271944,"95%","9",TRUE,5,0.195877395517457
"257",",
 ","ProxyRecord",7077.5125,-7.962482349,0.3478192753668,49.5124999999998,0.1739096376834,24.7562499999999,-5127.5125,9,"test_set",0.00156202171475162,-7.77699175460782,-7.82060843760121,-7.73411596037497,-7.77171011884395,-8.15282205335875,-7.38563439632261,"95%","9",TRUE,5,0.195877395517457
"258",",
 ","ProxyRecord",7526.9875,-9.243994205,0.344758772676624,97.0124999999998,0.172379386338312,48.5062499999999,-5576.9875,9,"test_set",0.00202221636662614,-9.37942989084695,-9.42510550214972,-9.3335462387636,-9.37584402637304,-9.7669551202167,-9.00216752438709,"95%","9",TRUE,5,0.195877395517457
"259",",
 ","ProxyRecord",7535.5,-9.284107444,0.344958883798887,94.5,0.172479441899443,47.25,-5585.5,9,"test_set",0.00203205192632616,-9.41399351930264,-9.45942245657113,-9.36804620717722,-9.41076101193396,-9.78337813777343,-9.04159283655642,"95%","9",TRUE,5,0.195877395517457
"260",",
 ","ProxyRecord",7651.9875,-10.04729486,0.348870386384677,46.0124999999998,0.174435193192338,23.0062499999999,-5701.9875,9,"test_set",0.00217082779978561,-9.9043784698558,-9.94778208876214,-9.86111861022636,-9.89823996138395,-10.2794984550814,-9.52972153894131,"95%","9",TRUE,5,0.195877395517457
"261",",
 ","ProxyRecord",7882.475,-10.96649002,0.317905458091809,75.5249999999996,0.158952729045904,37.7624999999998,-5932.475,9,"test_set",0.00246839183057901,-10.9759266326202,-11.0344580149967,-10.9168235900006,-10.9740728948935,-11.3398156660699,-10.6017840201742,"95%","9",TRUE,5,0.195877395517457
"262",",
 ","ProxyRecord",8096.0125,-11.61562273,0.321847961468769,116.037499999999,0.160923980734384,58.0187499999997,-6146.0125,9,"test_set",0.00277090752587306,-12.0992663002543,-12.2188824512419,-11.9800383125977,-12.1113458824589,-12.4883382741913,-11.7174831186935,"95%","9",FALSE,5,0.195877395517457
"263",",
 ","ProxyRecord",314.525,-0.342078769,0.319761861512691,215.55,0.159880930756345,107.775,1635.475,10,"test_set",0.000385964729615607,-0.390713234660082,-0.493464919658245,-0.287668549050601,-0.3925011372424,-0.777396475458235,-0.0272776271002826,"95%","10",TRUE,5,0.195877395517457
"264",",
 ","ProxyRecord",424.5125,-0.459588663,0.319793408523136,253.6125,0.159896704261568,126.80625,1525.4875,10,"test_set",0.000339220491159253,-0.473753910114083,-0.587972518600365,-0.361688384194821,-0.467892466093061,-0.829392231341461,-0.0998337764477553,"95%","10",TRUE,5,0.195877395517457
"265",",
 ","ProxyRecord",688.9375,-0.655797012,0.319867015494004,243.0875,0.159933507747002,121.54375,1261.0625,10,"test_set",0.000245784724842157,-0.629994730444811,-0.756710644610817,-0.504579589190307,-0.630098843802568,-1.01030677021578,-0.258293646711926,"95%","10",TRUE,5,0.195877395517457
"266",",
 ","ProxyRecord",3050.05,-1.490715379,0.300794773612641,534.075,0.15039738680632,267.0375,-1100.05,10,"test_set",0.000363806491077145,-1.53978958036849,-1.61053938670105,-1.4704513625281,-1.55016177612664,-1.90418865562603,-1.20222676021257,"95%","10",TRUE,5,0.195877395517457
"267",",
 ","ProxyRecord",3176.9625,-1.569650617,0.300879806101973,536.0875,0.150439903050987,268.04375,-1226.9625,10,"test_set",0.000401467937449773,-1.63755782459186,-1.70795565911862,-1.56765947517652,-1.63508882358332,-1.98953540727373,-1.29533014835876,"95%","10",TRUE,5,0.195877395517457
"268",",
 ","ProxyRecord",3241.4625,-1.609122975,0.300923926058793,549.5375,0.150461963029397,274.76875,-1291.4625,10,"test_set",0.000421300672226454,-1.69086180316932,-1.76026882640461,-1.62214461158864,-1.68498670933108,-2.02833592500223,-1.3489789547251,"95%","10",TRUE,5,0.195877395517457
"269",",
 ","ProxyRecord",3652.4375,-2.100903267,0.288863245235775,474.5875,0.144431622617888,237.29375,-1702.4375,10,"test_set",0.000528148120748639,-2.08310162666803,-2.14052955410153,-2.02161309267098,-2.0826743305858,-2.43153603552805,-1.75675198951931,"95%","10",TRUE,5,0.195877395517457
"270",",
 ","ProxyRecord",3774.9125,-2.338190529,0.289240700413988,423.0875,0.144620350206994,211.54375,-1824.9125,10,"test_set",0.000553292532656791,-2.2150804604332,-2.2696528090055,-2.15743985261976,-2.2120267579506,-2.53911995993886,-1.88231799932464,"95%","10",TRUE,5,0.195877395517457
"271",",
 ","ProxyRecord",4062.9625,-2.615220506,0.289729574654109,362.0625,0.144864787327055,181.03125,-2112.9625,10,"test_set",0.000600308146725403,-2.54656662704701,-2.59743565026678,-2.4946777488976,-2.54849831408532,-2.86964742283952,-2.21915811880161,"95%","10",TRUE,5,0.195877395517457
"272",",
 ","ProxyRecord",5139.95,-3.540440188,0.339766772285827,226.075,0.169883386142914,113.0375,-3189.95,10,"test_set",0.000653999089283985,-3.91361881365482,-3.97268527695196,-3.85807442344722,-3.91177688709318,-4.26908385894759,-3.54864870163742,"95%","10",FALSE,5,0.195877395517457
"273",",
 ","ProxyRecord",5240.525,-3.699188863,0.340110731013885,284.525000000001,0.170055365506943,142.2625,-3290.525,10,"test_set",0.000665809303712628,-4.04692766565264,-4.10227839836775,-3.99379581046396,-4.04698066984904,-4.41781090182331,-3.66047931162984,"95%","10",TRUE,5,0.195877395517457
"274",",
 ","ProxyRecord",5263.0125,-3.778548902,0.341256009309266,290.0125,0.170628004654633,145.00625,-3313.0125,10,"test_set",0.000668992419639025,-4.07709619968536,-4.13167432158776,-4.02455333889717,-4.07588500074293,-4.46863783664588,-3.71910085053316,"95%","10",TRUE,5,0.195877395517457
"275",",
 ","ProxyRecord",5305.5125,-3.977108146,0.341713889121346,297.5125,0.170856944560673,148.75625,-3355.5125,10,"test_set",0.000675549733419878,-4.13453172714707,-4.18829276336333,-4.08261428603107,-4.12781011616376,-4.5051771498666,-3.74801646441597,"95%","10",TRUE,5,0.195877395517457
"276",",
 ","ProxyRecord",5325.9875,-4.016826921,0.341808042,301.0375,0.17090402117789,150.51875,-3375.9875,10,"test_set",0.0006789615749625,-4.16241151808702,-4.21605597603986,-4.1103454157963,-4.16211969875404,-4.54849350226478,-3.7780172272449,"95%","10",TRUE,5,0.195877395517457
"277",",
 ","ProxyRecord",5403.975,-4.294945935,0.342490488566976,279.025,0.171245244283488,139.5125,-3453.975,10,"test_set",0.000693462241141418,-4.2699861569647,-4.32018237880087,-4.22007704064472,-4.26845344107542,-4.63113261295884,-3.89502562678343,"95%","10",TRUE,5,0.195877395517457
"278",",
 ","ProxyRecord",5458.0125,-4.652727697,0.343427072137768,257.0125,0.171713536068884,128.50625,-3508.0125,10,"test_set",0.000704908258053471,-4.34594613561749,-4.395527235493,-4.29786031588288,-4.3475019773014,-4.70109655000708,-3.99526546058446,"95%","10",TRUE,5,0.195877395517457
"279",",
 ","ProxyRecord",5876.425,-5.20971416,0.345018016928655,233.575,0.172509008464327,116.7875,-3926.425,10,"test_set",0.000832285128593568,-4.9871653016127,-5.0378095647134,-4.93484935056492,-4.98938723135951,-5.35116361352213,-4.61086124603571,"95%","10",TRUE,5,0.195877395517457
"280",",
 ","ProxyRecord",5959.5125,-5.368946419,0.345500796548822,219.537499999999,0.172750398274411,109.76875,-4009.5125,10,"test_set",0.000865747477174494,-5.12859044424756,-5.18091070149795,-5.07562267619431,-5.13093029951036,-5.51205848477751,-4.75826758722224,"95%","10",TRUE,5,0.195877395517457
"281",",
 ","ProxyRecord",6007.0125,-5.44857656,0.345747603325205,207.0625,0.172873801662603,103.53125,-4057.0125,10,"test_set",0.000886093383689612,-5.2119671251644,-5.26535620358765,-5.15742588531872,-5.2168055505858,-5.60302035801896,-4.84272361793521,"95%","10",TRUE,5,0.195877395517457
"282",",
 ","ProxyRecord",6173.5,-5.647710547,0.346378582693799,166.5,0.1731892913469,83.25,-4223.5,10,"test_set",0.000964389476210137,-5.52003931144745,-5.57452724207151,-5.46226057337913,-5.52355227221714,-5.8995875618723,-5.14231545541224,"95%","10",TRUE,5,0.195877395517457
"283",",
 ","ProxyRecord",6376,-5.767361799,0.339334572475942,137.05,0.169667286237971,68.5250000000001,-4426,10,"test_set",0.0010742687020171,-5.93187523657277,-5.98619494640105,-5.87338111844282,-5.93776627065986,-6.30344977354686,-5.53553774371765,"95%","10",TRUE,5,0.195877395517457
"284",",
 ","ProxyRecord",7509.5125,-9.123676882,0.344163563135009,97.5124999999998,0.172081781567504,48.7562499999999,-5559.5125,10,"test_set",0.00199674958021312,-9.30462090373746,-9.35170846197606,-9.25866540893173,-9.29819188434798,-9.69041106177139,-8.93157972913443,"95%","10",TRUE,5,0.195877395517457
"285",",
 ","ProxyRecord",7626.475,-9.966857902,0.348448225001148,45.5249999999996,0.174224112500574,22.7624999999998,-5676.475,10,"test_set",0.00212201065221684,-9.78751756284778,-9.83342541521005,-9.7424799335614,-9.78612851261339,-10.1497536429876,-9.40975034540409,"95%","10",TRUE,5,0.195877395517457
"286",",
 ","ProxyRecord",7638.9875,-10.00707729,0.348658753653181,45.0124999999998,0.174329376826591,22.5062499999999,-5688.9875,10,"test_set",0.00213574412657458,-9.84098030916941,-9.88660496730872,-9.7967582496084,-9.83669965685533,-10.2157840484177,-9.4459115571822,"95%","10",TRUE,5,0.195877395517457
"287",",
 ","ProxyRecord",7668.0125,-10.12775327,0.349294603306728,51.0124999999998,0.174647301653364,25.5062499999999,-5718.0125,10,"test_set",0.0021678493629107,-9.96636748379847,-10.0108618871239,-9.92221345535154,-9.96309483632757,-10.3475095749672,-9.582412758813,"95%","10",TRUE,5,0.195877395517457
"288",",
 ","ProxyRecord",7673.5125,-10.16799711,0.34950763406825,51.5124999999998,0.174753817034125,25.7562499999999,-5723.5125,10,"test_set",0.00217397209731907,-9.99034456268166,-10.03528401783,-9.94593992952919,-9.99171602931951,-10.3876662360097,-9.61378761442439,"95%","10",TRUE,5,0.195877395517457
"289",",
 ","ProxyRecord",7785.5125,-10.64362138,0.315978194872758,70.5374999999995,0.157989097436379,35.2687499999997,-5835.5125,10,"test_set",0.00230135990846314,-10.4939517010557,-10.5399301817578,-10.4456915828997,-10.4917902113745,-10.8426557530468,-10.140191923795,"95%","10",TRUE,5,0.195877395517457
"290",",
 ","ProxyRecord",7901.9875,-11.08776593,0.318636706627967,76.0124999999998,0.159318353313984,38.0062499999999,-5951.9875,10,"test_set",0.00243931086840732,-11.0496546105137,-11.1101810584443,-10.9844428323501,-11.0492892955158,-11.4126997073314,-10.7035711485814,"95%","10",TRUE,5,0.195877395517457
"291",",
 ","ProxyRecord",8033.5,-11.49327452,0.321101327885253,79.5249999999996,0.160550663942626,39.7624999999998,-6083.5,10,"test_set",0.00260177972610798,-11.7180603579791,-11.8133506731874,-11.6189465203439,-11.7160431719503,-12.0899293944353,-11.353376455958,"95%","10",TRUE,5,0.195877395517457
"292",",
 ","ProxyRecord",1641.5375,-0.957970181,0.286726175796548,296.5375,0.143363087898274,148.26875,308.4625,1,"test_set",0.000125980312931651,-0.924247015697101,-1.04163109367238,-0.80367502806702,-0.920629092829012,-1.25778240285875,-0.576361356807321,"95%","1",TRUE,6,0.192036013245399
"293",",
 ","ProxyRecord",2665.525,-1.254088565,0.300565543276673,450.55,0.150282771638337,225.275,-715.525,1,"test_set",0.000274239412867416,-1.29338358952759,-1.38820261024743,-1.20222720639709,-1.29445914351538,-1.62514580227259,-0.9625176317703,"95%","1",TRUE,6,0.192036013245399
"294",",
 ","ProxyRecord",2895,-1.451256277,0.300753825014529,485.025,0.150376912507265,242.5125,-945,1,"test_set",0.00033732490875571,-1.43539742259862,-1.52574037726718,-1.34910379666604,-1.43892495586047,-1.76423375654831,-1.10389877833311,"95%","1",TRUE,6,0.192036013245399
"295",",
 ","ProxyRecord",3340.9625,-1.705778615,0.288320523167636,558.0875,0.144160261583818,279.04375,-1390.9625,1,"test_set",0.000445197187659563,-1.78574562549739,-1.84877419798378,-1.72751461497262,-1.78338111246219,-2.11565955213786,-1.45284368162425,"95%","1",TRUE,6,0.192036013245399
"296",",
 ","ProxyRecord",4515.375,-3.064499745,0.338816014431289,249.625,0.169408007215644,124.8125,-2565.375,1,"test_set",0.000637945681225549,-3.07774974493348,-3.13479218264672,-3.01849067516257,-3.07693049139465,-3.43438004048647,-2.72042724439297,"95%","1",TRUE,6,0.192036013245399
"297",",
 ","ProxyRecord",4791.55,-3.302407786,0.339275250705151,158.55,0.169637625352575,79.2750000000001,-2841.55,1,"test_set",0.000665698320234664,-3.43795785524123,-3.48917961992646,-3.38454758825447,-3.43046000612543,-3.80818224479221,-3.0835275294574,"95%","1",TRUE,6,0.192036013245399
"298",",
 ","ProxyRecord",5436.4875,-4.493687003,0.343001634708074,263.5375,0.171500817354037,131.76875,-3486.4875,1,"test_set",0.000706869040145719,-4.32848091322602,-4.38134801635644,-4.27659476840398,-4.33148232739706,-4.70914620663184,-3.97892631515291,"95%","1",TRUE,6,0.192036013245399
"299",",
 ","ProxyRecord",5769.0125,-5.050516198,0.344546861642985,237.0125,0.172273430821493,118.50625,-3819.0125,1,"test_set",0.000766920009631633,-4.81725800194544,-4.86618939966966,-4.7678206437544,-4.82162336712877,-5.18156368308608,-4.43993524439631,"95%","1",TRUE,6,0.192036013245399
"300",",
 ","ProxyRecord",5894.5625,-5.249518632,0.345137240098874,229.6875,0.172568620049437,114.84375,-3944.5625,1,"test_set",0.000807339003561225,-5.0156078393237,-5.06493086266328,-4.96649160053454,-5.01075974653655,-5.38060022193678,-4.63417385270092,"95%","1",TRUE,6,0.192036013245399
"301",",
 ","ProxyRecord",5915.5375,-5.289326617,0.345257715571853,227.537499999999,0.172628857785926,113.76875,-3965.5375,1,"test_set",0.000815039922374971,-5.04977694631161,-5.09878198913959,-5.00056285857785,-5.0496379292655,-5.41983218184184,-4.6833419524543,"95%","1",TRUE,6,0.192036013245399
"302",",
 ","ProxyRecord",5982.9625,-5.408760694,0.345623638613531,213.0375,0.172811819306765,106.51875,-4032.9625,1,"test_set",0.000841633986992107,-5.16187074102827,-5.21139937880105,-5.11189588589462,-5.16291190005141,-5.53717177128954,-4.79945285177975,"95%","1",TRUE,6,0.192036013245399
"303",",
 ","ProxyRecord",6401.5125,-5.807199824,0.339467945253441,126.5125,0.169733972626721,63.2562499999999,-4451.5125,1,"test_set",0.00106948334401835,-5.95528899987821,-6.01079676169458,-5.89854333569313,-5.94338733833384,-6.30577086829226,-5.56659593348653,"95%","1",TRUE,6,0.192036013245399
"304",",
 ","ProxyRecord",6483.5,-6.006430847,0.340146513072739,115.525,0.17007325653637,57.7624999999998,-4533.5,1,"test_set",0.00112677824080087,-6.13505079316201,-6.19029694733596,-6.07781940138545,-6.13405177826063,-6.50218923463958,-5.76591751342547,"95%","1",TRUE,6,0.192036013245399
"305",",
 ","ProxyRecord",6757.9875,-6.564574788,0.342153890162499,35.0124999999998,0.171076945081249,17.5062499999999,-4807.9875,1,"test_set",0.00134862861227436,-6.8100683974883,-6.85993278785353,-6.75949174512972,-6.81526120770418,-7.18823835991125,-6.42589728111992,"95%","1",TRUE,6,0.192036013245399
"306",",
 ","ProxyRecord",7009,-7.482762399,0.34577545544023,63.0249999999996,0.172887727720115,31.5124999999998,-5059,1,"test_set",0.00156907837554066,-7.53844016023396,-7.57988312686083,-7.49555180363002,-7.54407683540703,-7.91651476697119,-7.17710712923591,"95%","1",TRUE,6,0.192036013245399
"307",",
 ","ProxyRecord",7056.5,-7.602653996,0.346276162220291,50.5,0.173138081110145,25.25,-5106.5,1,"test_set",0.00161073268050149,-7.68868637797115,-7.72917722527932,-7.64549102231521,-7.6871385124297,-8.05684956579487,-7.31474653927024,"95%","1",TRUE,6,0.192036013245399
"308",",
 ","ProxyRecord",7077,-7.922489889,0.34764481511105,49,0.173822407555525,24.5,-5127,1,"test_set",0.00162870368678458,-7.75476070977504,-7.79564281075711,-7.71217207706904,-7.75156872708558,-8.13477445257092,-7.37055221667663,"95%","1",TRUE,6,0.192036013245399
"309",",
 ","ProxyRecord",7079,-8.002475328,0.347993704941651,50,0.173996852470826,25,-5129,1,"test_set",0.00163045675831697,-7.76124680805801,-7.8023204935895,-7.71857483982882,-7.76174597002677,-8.13285708857049,-7.39114478410815,"95%","1",TRUE,6,0.192036013245399
"310",",
 ","ProxyRecord",7126.5125,-8.402640694,0.349777152545626,66.5374999999995,0.174888576272813,33.2687499999997,-5176.5125,1,"test_set",0.0016720928441627,-7.91741795382966,-7.95962659042816,-7.87482766230488,-7.91906061971323,-8.293176481387,-7.53894812981659,"95%","1",FALSE,6,0.192036013245399
"311",",
 ","ProxyRecord",7586.9875,-9.605206156,0.34658136976361,69.0375000000004,0.173290684881805,34.5187500000002,-5636.9875,1,"test_set",0.00207458955729933,-9.6412705425986,-9.69066040158412,-9.59117314607906,-9.64162318507512,-10.0080391301323,-9.26513564926533,"95%","1",TRUE,6,0.192036013245399
"312",",
 ","ProxyRecord",7704.9875,-10.32901506,0.350365765765407,55.0375000000004,0.175182882882703,27.5187500000002,-5754.9875,1,"test_set",0.00217743278296822,-10.1454250908999,-10.1934093476808,-10.0969940125668,-10.150969374267,-10.518930007519,-9.75825066362465,"95%","1",TRUE,6,0.192036013245399
"313",",
 ","ProxyRecord",7710.9875,-10.36928899,0.350581118951387,56.0124999999998,0.175290559475694,28.0062499999999,-5760.9875,1,"test_set",0.00218265883598079,-10.1717508130199,-10.2195433135344,-10.1235517383312,-10.1752731047803,-10.5345264437177,-9.81518178364546,"95%","1",TRUE,6,0.192036013245399
"314",",
 ","ProxyRecord",7737.4875,-10.44985038,0.351013938377691,56.5124999999998,0.175506969188846,28.2562499999999,-5787.4875,1,"test_set",0.00220573679206026,-10.2888255030147,-10.3382127634008,-10.2404771995946,-10.2821751418422,-10.6501275997595,-9.88113365743042,"95%","1",TRUE,6,0.192036013245399
"315",",
 ","ProxyRecord",7822.5,-10.76462635,0.31669658463322,75.5249999999996,0.15834829231661,37.7624999999998,-5872.5,1,"test_set",0.00227972972637325,-10.6732664167436,-10.7271943515843,-10.6188924670313,-10.6823791190261,-11.0433570460831,-10.328803911416,"95%","1",TRUE,6,0.192036013245399
"316",",
 ","ProxyRecord",7855.9875,-10.84533785,0.317178678190513,72.0124999999998,0.158589339095256,36.0062499999999,-5905.9875,1,"test_set",0.00230885907317457,-10.8284265901241,-10.8853549068068,-10.7711922379022,-10.8335347645821,-11.1866879304384,-10.4737092822785,"95%","1",TRUE,6,0.192036013245399
"317",",
 ","ProxyRecord",7874.5,-10.92610014,0.317662308928226,77.5,0.158831154464113,38.75,-5924.5,1,"test_set",0.00232495808378808,-10.9151085648299,-10.9745575169487,-10.8551214125036,-10.918633654079,-11.2809460229713,-10.5622986676607,"95%","1",TRUE,6,0.192036013245399
"318",",
 ","ProxyRecord",7909.475,-11.12823582,0.318881930258435,73.5499999999993,0.159440965129217,36.7749999999996,-5959.475,1,"test_set",0.00235536515940105,-11.080639463541,-11.1472836250647,-11.0130693350549,-11.0751173654592,-11.4501270471502,-10.7324303456334,"95%","1",TRUE,6,0.192036013245399
"319",",
 ","ProxyRecord",7985.025,-11.45261046,0.320852569852097,48.0250000000006,0.160426284926048,24.0125000000003,-6035.025,1,"test_set",0.00242101129197536,-11.4461129629371,-11.5344502018539,-11.3556622910593,-11.4467951776297,-11.8027058902133,-11.0794430261014,"95%","1",TRUE,6,0.192036013245399
"320",",
 ","ProxyRecord",8079.5375,-11.57477541,0.32159807563747,108.537499999999,0.160799037818735,54.2687499999997,-6129.5375,1,"test_set",0.0025030636209955,-11.9186192821342,-12.0466525015941,-11.7880165348323,-11.9182987687466,-12.2856186186011,-11.5264225531349,"95%","1",TRUE,6,0.192036013245399
"321",",
 ","ProxyRecord",86.5125,-0.185732135,0.320420612992673,115.5125,0.160210306496337,57.75625,1863.4875,2,"test_set",0.000462492301749745,-0.170510876978875,-0.291661305300564,-0.0456004584956583,-0.167258257300106,-0.558598840914768,0.192596323224461,"95%","2",TRUE,6,0.192036013245399
"322",",
 ","ProxyRecord",106.975,-0.224759024,0.320425871285962,117.05,0.160212935642981,58.525,1843.025,2,"test_set",0.000453986662585226,-0.191232549375442,-0.311194968163769,-0.0726783693074125,-0.183961067126409,-0.552611713244349,0.184383776261625,"95%","2",TRUE,6,0.192036013245399
"323",",
 ","ProxyRecord",455.475,-0.498793716,0.319806047515963,262.525,0.159903023757982,131.2625,1494.525,2,"test_set",0.000325840275805511,-0.479722646626165,-0.594248689978298,-0.352924406818376,-0.474065232123383,-0.846253685015427,-0.117628811950651,"95%","2",TRUE,6,0.192036013245399
"324",",
 ","ProxyRecord",489.9125,-0.538023586,0.319819761943323,257.1375,0.159909880971662,128.56875,1460.0875,2,"test_set",0.000314891538884254,-0.502332662500433,-0.619324876178796,-0.373231638204688,-0.506427864429227,-0.860942316977153,-0.137814462621161,"95%","2",TRUE,6,0.192036013245399
"325",",
 ","ProxyRecord",3669.4875,-2.14043883,0.28892352842253,466.6125,0.144461764211265,233.30625,-1719.4875,2,"test_set",0.000510041413936957,-2.09157203150087,-2.14750509835028,-2.03348931580377,-2.09108920113759,-2.41741917722287,-1.78034748410523,"95%","2",TRUE,6,0.192036013245399
"326",",
 ","ProxyRecord",4137.85,-2.654812297,0.289803103947138,343.15,0.144901551973569,171.575,-2187.85,2,"test_set",0.000591506747982251,-2.6070073368148,-2.66974506077549,-2.54054389393213,-2.6086186357244,-2.94264604190941,-2.25951073934592,"95%","2",TRUE,6,0.192036013245399
"327",",
 ","ProxyRecord",5282.9875,-3.857965428,0.341436546111018,293.0125,0.170718273055509,146.50625,-3332.9875,2,"test_set",0.000697805541749474,-4.10979861227744,-4.16612352681541,-4.05536322819025,-4.11714815742878,-4.49226354724582,-3.73048207921306,"95%","2",TRUE,6,0.192036013245399
"328",",
 ","ProxyRecord",5357.5,-4.056556677,0.341902928643201,296.525,0.1709514643216,148.2625,-3407.5,2,"test_set",0.000700034438994024,-4.21437069478134,-4.26977519658817,-4.15823563694304,-4.21503592966722,-4.57201698492294,-3.82286903021695,"95%","2",TRUE,6,0.192036013245399
"329",",
 ","ProxyRecord",5419.475,-4.374432822,0.342692479157206,270.525,0.171346239578603,135.2625,-3469.475,2,"test_set",0.000702220508275175,-4.30163518921467,-4.35673101032725,-4.24453036962347,-4.30380663286126,-4.68127210598993,-3.93561409931627,"95%","2",TRUE,6,0.192036013245399
"330",",
 ","ProxyRecord",5425.5,-4.414179642,0.342794652632266,267.5,0.171397326316133,133.75,-3475.5,2,"test_set",0.000702557798692993,-4.31013775543381,-4.36536742642109,-4.25331005685242,-4.31233430210032,-4.6836939521344,-3.9444135075314,"95%","2",TRUE,6,0.192036013245399
"331",",
 ","ProxyRecord",5450.5125,-4.612960677,0.343319504023197,259.5125,0.171659752011599,129.75625,-3500.5125,2,"test_set",0.000704215269853314,-4.34548708145069,-4.40070217895496,-4.28909567913428,-4.35351385261152,-4.72193994325234,-3.99735847424861,"95%","2",TRUE,6,0.192036013245399
"332",",
 ","ProxyRecord",5521,-4.89137323,0.344089636619946,235,0.172044818309973,117.5,-3571,2,"test_set",0.000711116594653838,-4.44569689097949,-4.50044489436994,-4.39112005204979,-4.45100427396375,-4.81460178558848,-4.0613069714172,"95%","2",FALSE,6,0.192036013245399
"333",",
 ","ProxyRecord",5540.55,-4.931154704,0.344202398,232.6,0.172101199126866,116.3,-3590.55,2,"test_set",0.000713613937830537,-4.47368894609294,-4.52771603835996,-4.41908496292988,-4.4728147244791,-4.84624221238476,-4.10368556676708,"95%","2",FALSE,6,0.192036013245399
"334",",
 ","ProxyRecord",6898.4875,-7.123284212,0.344312050323254,37.5124999999998,0.172156025161627,18.7562499999999,-4948.4875,2,"test_set",0.00149480677353875,-7.21079686323551,-7.25529068752182,-7.1634084697627,-7.2070655124693,-7.57198085671889,-6.85331440722577,"95%","2",TRUE,6,0.192036013245399
"335",",
 ","ProxyRecord",6901,-7.203151788,0.344632076022813,37,0.172316038011406,18.5,-4951,2,"test_set",0.00149703289993308,-7.21827441767978,-7.26294876495893,-7.17106502803191,-7.22298584618788,-7.60782962078044,-6.8544792736558,"95%","2",TRUE,6,0.192036013245399
"336",",
 ","ProxyRecord",6955.4875,-7.442811919,0.345609326054903,54.5124999999998,0.172804663027451,27.2562499999999,-5005.4875,2,"test_set",0.0015449324875183,-7.38316170127576,-7.42667518918951,-7.3385427726314,-7.3796975884513,-7.73277375179488,-7.01190477115449,"95%","2",TRUE,6,0.192036013245399
"337",",
 ","ProxyRecord",7069.4875,-7.722565125,0.346784271994654,50.5124999999998,0.173392135997327,25.2562499999999,-5119.4875,2,"test_set",0.00164281477372796,-7.74481069432344,-7.78818829433704,-7.70373210026189,-7.74601865069213,-8.12345032357705,-7.38286702330573,"95%","2",TRUE,6,0.192036013245399
"338",",
 ","ProxyRecord",7073,-7.842510552,0.347298114098866,50,0.173649057049433,25,-5123,2,"test_set",0.00164578050059205,-7.75630783349369,-7.79965362842026,-7.71511593025319,-7.756132492332,-8.13196032220136,-7.37837996893816,"95%","2",TRUE,6,0.192036013245399
"339",",
 ","ProxyRecord",7199.5,-8.442668627,0.34995908964487,94.5,0.174979544822435,47.25,-5249.5,2,"test_set",0.00175059009914769,-8.18425868535266,-8.2302845105329,-8.14040269240899,-8.18373519465248,-8.56066063746706,-7.81378746868832,"95%","2",TRUE,6,0.192036013245399
"340",",
 ","ProxyRecord",7393,-8.682831134,0.342027151171328,58.0249999999996,0.171013575585664,29.0124999999998,-5443,2,"test_set",0.00190338624923569,-8.89004849816607,-8.93910254521263,-8.84097800630032,-8.8835401842565,-9.24418845508797,-8.51504663020473,"95%","2",TRUE,6,0.192036013245399
"341",",
 ","ProxyRecord",7501.9875,-9.083584591,0.343965959128801,99.0124999999998,0.171982979564401,49.5062499999999,-5551.9875,2,"test_set",0.0019854410113318,-9.31403791017219,-9.36346569594361,-9.26407738126065,-9.31987737871811,-9.66765688231571,-8.95012159011597,"95%","2",TRUE,6,0.192036013245399
"342",",
 ","ProxyRecord",7542.9875,-9.324212167,0.345159996659364,93.0124999999998,0.172579998329682,46.5062499999999,-5592.9875,2,"test_set",0.00201556182797269,-9.47835589531306,-9.52753994016489,-9.42905357721396,-9.48132399640735,-9.86054775772826,-9.10829643631737,"95%","2",TRUE,6,0.192036013245399
"343",",
 ","ProxyRecord",7590.4875,-9.645368042,0.346786157617497,67.5124999999998,0.173393078808748,33.7562499999999,-5640.4875,2,"test_set",0.00204994700658823,-9.67197112345981,-9.72042760313389,-9.62346143713318,-9.67220634547122,-10.0627139860463,-9.28562671571986,"95%","2",TRUE,6,0.192036013245399
"344",",
 ","ProxyRecord",7593,-9.685537385,0.346991817174247,66,0.173495908587123,33,-5643,2,"test_set",0.00205175053027418,-9.68230876430987,-9.73081611863785,-9.63372811265546,-9.68436124686999,-10.0802249043889,-9.29485102494186,"95%","2",TRUE,6,0.192036013245399
"345",",
 ","ProxyRecord",7680.5,-10.20824852,0.349720836991891,52.5249999999996,0.174860418495946,26.2624999999998,-5730.5,2,"test_set",0.0021136026178592,-10.0483088645759,-10.0961848746772,-10.000837740071,-10.0460558594528,-10.4141256801575,-9.67084744972946,"95%","2",TRUE,6,0.192036013245399
"346",",
 ","ProxyRecord",7719.5,-10.40956333,0.350797820037471,54.5,0.175398910018735,27.25,-5769.5,2,"test_set",0.00214057139946711,-10.2151523456087,-10.261967297416,-10.1689951810806,-10.2099776329726,-10.5834776332764,-9.83048807996324,"95%","2",TRUE,6,0.192036013245399
"347",",
 ","ProxyRecord",7916,-11.16869893,0.319127252382136,72.0249999999996,0.159563626191068,36.0124999999998,-5966,2,"test_set",0.00227082859147743,-11.0897707763438,-11.1575857466536,-11.0240048954587,-11.0928050077769,-11.4529903612673,-10.7387146121439,"95%","2",TRUE,6,0.192036013245399
"348",",
 ","ProxyRecord",7950.525,-11.37136039,0.320357822,56.5250000000006,0.160178911062888,28.2625000000003,-6000.525,2,"test_set",0.00229274539220725,-11.2491783088931,-11.3265996918297,-11.1754484666738,-11.2487721559579,-11.6099970979296,-10.8978996213282,"95%","2",TRUE,6,0.192036013245399
"349",",
 ","ProxyRecord",7962.5125,-11.41196737,0.320605004,50.5124999999998,0.160302502121402,25.2562499999999,-6012.5125,2,"test_set",0.00230028740970667,-11.3049200437204,-11.3876183686819,-11.2280241748762,-11.3056940478379,-11.6740499349974,-10.952717836537,"95%","2",TRUE,6,0.192036013245399
"350",",
 ","ProxyRecord",43,-0.107832927,0.320413083395057,95,0.160206541697529,47.5,1907,3,"test_set",0.00048165869245137,-0.130617801165155,-0.267665169413308,0.0139760545889248,-0.135674053532614,-0.495501592570548,0.244406235015003,"95%","3",TRUE,6,0.192036013245399
"351",",
 ","ProxyRecord",143.5,-0.26382257,0.320432262211112,116.5,0.160216131105556,58.25,1806.5,3,"test_set",0.000438149987985748,-0.232510820936687,-0.338194101284662,-0.121379388274931,-0.229244554955944,-0.59261172690194,0.118308370513232,"95%","3",TRUE,6,0.192036013245399
"352",",
 ","ProxyRecord",540.0125,-0.577269311,0.319834502900122,240.0375,0.159917251450061,120.01875,1409.9875,3,"test_set",0.000294896634137065,-0.536545385767335,-0.648853679971922,-0.422553608285134,-0.538403607554823,-0.899924245999111,-0.17837864084621,"95%","3",TRUE,6,0.192036013245399
"353",",
 ","ProxyRecord",3370.9375,-1.745264165,0.288369911951494,556.1375,0.144184955975747,278.06875,-1420.9375,3,"test_set",0.000441226654740445,-1.80371920837986,-1.86263075931806,-1.74335814266418,-1.80236566743488,-2.13325022582905,-1.48806610697375,"95%","3",TRUE,6,0.192036013245399
"354",",
 ","ProxyRecord",3507.4875,-1.942789411,0.288632722,522.5125,0.144316361053702,261.25625,-1557.4875,3,"test_set",0.000471018861936123,-1.92826445533343,-1.98414402094139,-1.87096779457486,-1.93078406441688,-2.25815144010042,-1.59083022230424,"95%","3",TRUE,6,0.192036013245399
"355",",
 ","ProxyRecord",3856.425,-2.456892552,0.289443890618171,374.575,0.144721945309086,187.2875,-1906.425,3,"test_set",0.000542327984576207,-2.281588084612,-2.34703859697761,-2.21664228441896,-2.2851108453781,-2.61338097398737,-1.94023605635263,"95%","3",TRUE,6,0.192036013245399
"356",",
 ","ProxyRecord",3964.9625,-2.575635346,0.289656809549025,351.0625,0.144828404774512,175.53125,-2014.9625,3,"test_set",0.000563095626493482,-2.40123212394434,-2.47098935726679,-2.3335515525706,-2.39628611685089,-2.71993869329655,-2.07318316353607,"95%","3",TRUE,6,0.192036013245399
"357",",
 ","ProxyRecord",4280.9125,-2.747481033,0.338253782539985,328.1875,0.169126891269993,164.09375,-2330.9125,3,"test_set",0.000617355115950513,-2.77356703758917,-2.84181487425367,-2.70711916571847,-2.77200130064877,-3.14240232437363,-2.41037869411414,"95%","3",TRUE,6,0.192036013245399
"358",",
 ","ProxyRecord",4408.3875,-2.905967107,0.338527465937458,283.6375,0.169263732968729,141.81875,-2458.3875,3,"test_set",0.000635784086444602,-2.93283190012767,-2.99838300475022,-2.86943532922317,-2.93223770114586,-3.30321788714414,-2.5714931475445,"95%","3",TRUE,6,0.192036013245399
"359",",
 ","ProxyRecord",4435,-2.945588849,0.33859826394738,280.025,0.16929913197369,140.0125,-2485,3,"test_set",0.000639377872657665,-2.9666635474841,-3.03082583893814,-2.90459807781961,-2.96910296410838,-3.32570026049,-2.60342267649625,"95%","3",TRUE,6,0.192036013245399
"360",",
 ","ProxyRecord",4599,-3.183441865,0.339041496327628,211.025,0.169520748163814,105.5125,-2649,3,"test_set",0.000659591652441005,-3.17921340315962,-3.23798456167127,-3.12395013888409,-3.17992277276942,-3.5436937861299,-2.82005169494618,"95%","3",TRUE,6,0.192036013245399
"361",",
 ","ProxyRecord",4690.4875,-3.262750604,0.339196208492697,164.5375,0.169598104246349,82.2687500000002,-2740.4875,3,"test_set",0.000669422595056535,-3.30057032215155,-3.35665136659275,-3.24729114374655,-3.30825080489398,-3.68114314074401,-2.95199048390795,"95%","3",TRUE,6,0.192036013245399
"362",",
 ","ProxyRecord",5395.5125,-4.255202499,0.342390587855401,282.5125,0.171195293927701,141.25625,-3445.5125,3,"test_set",0.000710626228350719,-4.28216299593538,-4.33403910696841,-4.23110820071016,-4.28278340282374,-4.66464179715648,-3.90651746840116,"95%","3",TRUE,6,0.192036013245399
"363",",
 ","ProxyRecord",5410.475,-4.33468808,0.34259086707063,276.525,0.171295433535315,138.2625,-3460.475,3,"test_set",0.000711159154365148,-4.30356082676593,-4.35509172425286,-4.25268925765167,-4.30947480808485,-4.685276568872,-3.94825930456774,"95%","3",TRUE,6,0.192036013245399
"364",",
 ","ProxyRecord",6043.025,-5.488399286,0.34587172985261,202.025000000001,0.172935864926305,101.0125,-4093.025,3,"test_set",0.000866979019820135,-5.2811560782583,-5.33060847809654,-5.23333952607878,-5.29311208397079,-5.66099583385969,-4.92706596757783,"95%","3",TRUE,6,0.192036013245399
"365",",
 ","ProxyRecord",6417.9875,-5.847043877,0.339602210489672,123.0125,0.169801105244836,61.5062499999999,-4467.9875,3,"test_set",0.00108228573989511,-6.00811375544783,-6.06386275861345,-5.95170632390461,-6.01134792158256,-6.3728913999783,-5.64356867085723,"95%","3",TRUE,6,0.192036013245399
"366",",
 ","ProxyRecord",6439.475,-5.886892288,0.339737279826235,120.549999999999,0.169868639913118,60.2749999999996,-4489.475,3,"test_set",0.00109739627733862,-6.05491636991419,-6.11084767309724,-5.99832124009082,-6.05642996923173,-6.4368408325977,-5.69023520984533,"95%","3",TRUE,6,0.192036013245399
"367",",
 ","ProxyRecord",6800.0125,-6.644358516,0.342452829835931,51.0124999999998,0.171226414917965,25.5062499999999,-4850.0125,3,"test_set",0.00139413233315455,-6.94495551183418,-6.996721548354,-6.8944053538604,-6.94443376075272,-7.30856993445719,-6.55827006618168,"95%","3",TRUE,6,0.192036013245399
"368",",
 ","ProxyRecord",6848.9875,-6.684252516,0.34260380174792,53.0124999999998,0.17130190087396,26.5062499999999,-4898.9875,3,"test_set",0.00143779411772016,-7.08266393606347,-7.13164359243906,-7.03403625496262,-7.0846343177293,-7.45666575120364,-6.72129812319715,"95%","3",FALSE,6,0.192036013245399
"369",",
 ","ProxyRecord",6890.5,-6.883772216,0.343369408052847,37.5,0.171684704026423,18.75,-4940.5,3,"test_set",0.00147456550976255,-7.20266829703274,-7.25035326344644,-7.15627796582269,-7.20429152058121,-7.59101507425948,-6.82157947211919,"95%","3",TRUE,6,0.192036013245399
"370",",
 ","ProxyRecord",7044,-7.522722574,0.345941793605715,51,0.172970896802857,25.5,-5094,3,"test_set",0.0016086418745731,-7.67249890078854,-7.71592988391396,-7.6294201789907,-7.66697052480015,-8.04508091205862,-7.30560778880942,"95%","3",TRUE,6,0.192036013245399
"371",",
 ","ProxyRecord",7066.025,-7.682598569,0.346614444,51.0250000000006,0.173307222,25.5125000000003,-5116.025,3,"test_set",0.00162763545348277,-7.74327811022207,-7.78640831626179,-7.7004357531438,-7.74797991137341,-8.10772800569263,-7.35491709265449,"95%","3",TRUE,6,0.192036013245399
"372",",
 ","ProxyRecord",7074.0125,-7.882497373,0.34747131068946,49.0124999999998,0.17373565534473,24.5062499999999,-5124.0125,3,"test_set",0.00163450843422286,-7.76915507726535,-7.81235293977558,-7.72626523424435,-7.77073674626127,-8.15282365055172,-7.41621387844605,"95%","3",TRUE,6,0.192036013245399
"373",",
 ","ProxyRecord",7081,-8.042470852,0.348169049616767,49.0249999999996,0.174084524808384,24.5124999999998,-5131,3,"test_set",0.00164051433237944,-7.79188333081215,-7.83500879496653,-7.74857352782613,-7.78857240574239,-8.15553898791273,-7.40924889598951,"95%","3",TRUE,6,0.192036013245399
"374",",
 ","ProxyRecord",7430.5,-8.762952764,0.342409824875896,80.5,0.171204912437948,40.25,-5480.5,3,"test_set",0.00193303964057812,-9.03678246001364,-9.08486019899399,-8.98731679094956,-9.04154315678502,-9.42692702827697,-8.66043255979617,"95%","3",TRUE,6,0.192036013245399
"375",",
 ","ProxyRecord",7459.4875,-8.883161883,0.342987579214241,92.5375000000004,0.17149378960712,46.2687500000002,-5509.4875,3,"test_set",0.00195660802493336,-9.14952950793318,-9.19787617877792,-9.09939496882544,-9.15557047497808,-9.53499300115148,-8.78528741337709,"95%","3",TRUE,6,0.192036013245399
"376",",
 ","ProxyRecord",7576.0125,-9.524897074,0.34617240093023,76.0124999999998,0.173086200465115,38.0062499999999,-5626.0125,3,"test_set",0.00205027707718131,-9.61738472870827,-9.66531046188995,-9.56989697105894,-9.62266023416787,-10.0004801710316,-9.24514447199244,"95%","3",TRUE,6,0.192036013245399
"377",",
 ","ProxyRecord",7605,-9.806066862,0.347612659721494,59,0.173806329860747,29.5,-5655,3,"test_set",0.00207331211106165,-9.73740711088759,-9.78489779320624,-9.69022826055745,-9.7391850763759,-10.1247738705164,-9.34180260512948,"95%","3",TRUE,6,0.192036013245399
"378",",
 ","ProxyRecord",8060.5,-11.53399231,0.321349646637693,98.5,0.160674823318847,49.25,-6110.5,3,"test_set",0.00242132482930479,-11.8129240831242,-11.9330298587166,-11.7035161234817,-11.8062920406448,-12.1651169132019,-11.4582176884836,"95%","3",TRUE,6,0.192036013245399
"379",",
 ","ProxyRecord",-68,-0.030352389,0.320409272640452,1,0.160204636320226,0.5,2018,4,"test_set",0.0420217596390516,0.0205295448660592,-0.222009504538484,0.263499342276788,0.0205236187062731,-0.377588279016583,0.434838535702628,"95%","4",TRUE,6,0.192036013245399
"380",",
 ","ProxyRecord",65.5,-0.14675457,0.320416356065089,107.525,0.160208178032545,53.7625,1884.5,4,"test_set",0.0368625066745162,-0.145117550835708,-0.288720537437359,-0.00286820825152537,-0.14884054491528,-0.495491356909434,0.190435000597058,"95%","4",TRUE,6,0.192036013245399
"381",",
 ","ProxyRecord",1706.475,-0.997324995,0.28675416817989,289.55,0.143377084089945,144.775,243.525,4,"test_set",0.0100302711317113,-0.925193969735976,-1.03533996391619,-0.819459152641406,-0.930486621728179,-1.23732846226996,-0.610350708827144,"95%","4",TRUE,6,0.192036013245399
"382",",
 ","ProxyRecord",2025.0375,-1.076058933,0.286813488023543,247.0625,0.143406744011772,123.53125,-75.0375,4,"test_set",0.0118326859247508,-1.01633384068625,-1.10711937807744,-0.924474740469431,-1.01874422612494,-1.33856977041447,-0.722052281984334,"95%","4",TRUE,6,0.192036013245399
"383",",
 ","ProxyRecord",4191.45,-2.694404099,0.289878253,339.575,0.144939126,169.7875,-2241.45,4,"test_set",0.0450888101803493,-2.67835073661447,-2.74079895562717,-2.61423611570174,-2.67948214832331,-2.97244912957911,-2.37035798273712,"95%","4",TRUE,6,0.192036013245399
"384",",
 ","ProxyRecord",4321.525,-2.787094202,0.338320892998089,312.55,0.169160446499044,156.275,-2371.525,4,"test_set",0.0466135819455316,-2.83801944987628,-2.89854031813442,-2.77403868233833,-2.84110360416425,-3.1850508208561,-2.49133530998888,"95%","4",TRUE,6,0.192036013245399
"385",",
 ","ProxyRecord",4354.4125,-2.826712448,0.338389052265366,300.612499999999,0.169194526132683,150.30625,-2404.4125,4,"test_set",0.046969032708355,-2.87917197230798,-2.93836920939434,-2.81621461306179,-2.88171354468723,-3.23800847037995,-2.52544909807667,"95%","4",TRUE,6,0.192036013245399
"386",",
 ","ProxyRecord",5100.5125,-3.461085237,0.339599499341038,209.537499999999,0.169799749670519,104.76875,-3150.5125,4,"test_set",0.0517725732308127,-3.87763416073389,-3.92672531255021,-3.82675464954581,-3.8670560389604,-4.2381863170345,-3.50734448356134,"95%","4",FALSE,6,0.192036013245399
"387",",
 ","ProxyRecord",5272.5,-3.818256486,0.341346113413569,290.525,0.170673056706785,145.2625,-3322.5,4,"test_set",0.0519940947228736,-4.11972543004078,-4.16992874642589,-4.06712375784632,-4.12050944333071,-4.47416539892918,-3.76971415815769,"95%","4",TRUE,6,0.192036013245399
"388",",
 ","ProxyRecord",5429.025,-4.453935584,0.342897641735312,267.025000000001,0.171448820867656,133.5125,-3479.025,4,"test_set",0.0519311999477523,-4.34184782721656,-4.39118039775403,-4.28911046089743,-4.33890093088736,-4.67658736539775,-3.96750518362752,"95%","4",TRUE,6,0.192036013245399
"389",",
 ","ProxyRecord",5851.575,-5.169910325,0.344899204306193,229.599999999999,0.172449602153096,114.8,-3901.575,4,"test_set",0.0569326180557716,-4.96623895287223,-5.01214674261337,-4.91864190439516,-4.97225421756421,-5.3308135256867,-4.60803212280417,"95%","4",TRUE,6,0.192036013245399
"390",",
 ","ProxyRecord",6463.5,-5.926729401,0.339872549353913,120.525,0.169936274676956,60.2624999999998,-4513.5,4,"test_set",0.0813976910126968,-6.09469438689894,-6.15767311340053,-6.03625187476408,-6.08830734744763,-6.47604250432344,-5.70590215665355,"95%","4",TRUE,6,0.192036013245399
"391",",
 ","ProxyRecord",6512.95,-6.165855616,0.34070486802075,104.05,0.170352434010375,52.0250000000001,-4562.95,4,"test_set",0.0842645089467631,-6.20518441175855,-6.26841405411707,-6.14596042061104,-6.19943191725873,-6.60128731222451,-5.80630629576612,"95%","4",TRUE,6,0.192036013245399
"392",",
 ","ProxyRecord",6521.0125,-6.20571608,0.340846172023142,100.0125,0.170423086011571,50.0062499999999,-4571.0125,4,"test_set",0.0847445403235891,-6.22354025974324,-6.28701857162203,-6.16423335932462,-6.22273245086179,-6.61587151237724,-5.83677066241094,"95%","4",TRUE,6,0.192036013245399
"393",",
 ","ProxyRecord",6526.9875,-6.245590152,0.340988382903296,98.0124999999998,0.170494191451648,49.0062499999999,-4576.9875,4,"test_set",0.085102566410189,-6.23720637863699,-6.30085580245817,-6.17784753016103,-6.24025795463669,-6.61106148599165,-5.85273250033126,"95%","4",TRUE,6,0.192036013245399
"394",",
 ","ProxyRecord",6897.4875,-7.08335346,0.344153167249994,37.5124999999998,0.172076583624997,18.7562499999999,-4947.4875,4,"test_set",0.110255501041134,-7.20010584671906,-7.25152474393429,-7.14905885826159,-7.19769803600335,-7.59860334449102,-6.80961778393262,"95%","4",TRUE,6,0.192036013245399
"395",",
 ","ProxyRecord",6903,-7.283028277,0.344955116399451,36,0.172477558199726,18,-4953,4,"test_set",0.110634946069332,-7.21625728565521,-7.26755589660657,-7.16533470594226,-7.21204586192963,-7.6221826670888,-6.79091382969943,"95%","4",TRUE,6,0.192036013245399
"396",",
 ","ProxyRecord",6906.0125,-7.362912933,0.345280720801897,36.0124999999998,0.172640360400949,18.0062499999999,-4956.0125,4,"test_set",0.110842024401192,-7.22510679223061,-7.27615936511412,-7.17440144010733,-7.22789790473181,-7.63504036056655,-6.81907608548433,"95%","4",TRUE,6,0.192036013245399
"397",",
 ","ProxyRecord",7063.5,-7.642624088,0.346445405898564,50.5249999999996,0.173222702949282,25.2624999999998,-5113.5,4,"test_set",0.12138934006769,-7.7103263273739,-7.76010147539699,-7.66187718163141,-7.70766243539818,-8.12670589349912,-7.30345431276813,"95%","4",TRUE,6,0.192036013245399
"398",",
 ","ProxyRecord",7090,-8.282547459,0.349234831212595,48,0.174617415606297,24,-5140,4,"test_set",0.123110421712136,-7.79632154043425,-7.84587773842953,-7.7473332502854,-7.79890288189878,-8.22062924694242,-7.3681768525916,"95%","4",FALSE,6,0.192036013245399
"399",",
 ","ProxyRecord",7100.0375,-8.362604116,0.349595550011948,52.0374999999995,0.174797775005974,26.0187499999997,-5150.0375,4,"test_set",0.123758283673325,-7.82922074576398,-7.87906658298921,-7.77987413088934,-7.82762172775638,-8.26125975051851,-7.38181524599944,"95%","4",FALSE,6,0.192036013245399
"400",",
 ","ProxyRecord",7268.5,-8.482611111,0.341081271,87.5,0.170540635,43.75,-5318.5,4,"test_set",0.134300440826607,-8.40809541486491,-8.46419110492569,-8.35298619104241,-8.40554808711293,-8.838514532242,-7.98661261353709,"95%","4",TRUE,6,0.192036013245399
"401",",
 ","ProxyRecord",7338,-8.602734373,0.341646440804731,60.0249999999996,0.170823220402366,30.0124999999998,-5388,4,"test_set",0.138467550118015,-8.66157168847275,-8.71905680816102,-8.60321066897306,-8.66177885621702,-9.09837070760538,-8.22191567170516,"95%","4",TRUE,6,0.192036013245399
"402",",
 ","ProxyRecord",7415.05,-8.722890214,0.342218516,71.0500000000002,0.171109258016306,35.5250000000001,-5465.05,4,"test_set",0.14296301053891,-8.9525617170401,-9.01114222864805,-8.89285772257486,-8.95104974482805,-9.42266527702031,-8.48214791203898,"95%","4",TRUE,6,0.192036013245399
"403",",
 ","ProxyRecord",7596.5,-9.725715756,0.34719796054297,63.5249999999996,0.173598980271485,31.7624999999998,-5646.5,4,"test_set",0.153033181364481,-9.67914805986376,-9.73584805700936,-9.61870409436845,-9.68073710467402,-10.1200648745934,-9.21126732805382,"95%","4",TRUE,6,0.192036013245399
"404",",
 ","ProxyRecord",7793.5,-10.68396094,0.316216789064177,73.5249999999996,0.158108394532089,36.7624999999998,-5843.5,4,"test_set",0.163145415524735,-10.5333803600665,-10.5929103244759,-10.4720604117624,-10.534179893666,-10.9913106476533,-10.0746026728671,"95%","4",TRUE,6,0.192036013245399
"405",",
 ","ProxyRecord",7807.525,-10.72429601,0.316456439287178,75.5250000000005,0.158228219643589,37.7625000000003,-5857.525,4,"test_set",0.163832745725045,-10.5967810190083,-10.6573994607805,-10.5342375995455,-10.5962212289875,-11.0334553871844,-10.1537515372405,"95%","4",TRUE,6,0.192036013245399
"406",",
 ","ProxyRecord",7888,-11.0069002,0.318148605343717,77,0.159074302671859,38.5,-5938,4,"test_set",0.167692885491721,-10.9671962122353,-11.045325861565,-10.8914435140515,-10.9699464905187,-11.4074723067277,-10.5105971096616,"95%","4",TRUE,6,0.192036013245399
"407",",
 ","ProxyRecord",7934.9875,-11.29023581,0.319864531495081,66.0124999999998,0.15993226574754,33.0062499999999,-5984.9875,4,"test_set",0.169880784621945,-11.1886826953858,-11.2798886902106,-11.0979784918926,-11.1878281418385,-11.6670738409854,-10.7261098978249,"95%","4",TRUE,6,0.192036013245399
"408",",
 ","ProxyRecord",14,-0.069005802,0.320410770700682,74,0.160205385350341,37,1936,5,"test_set",0.000489090992965291,-0.104947950690762,-0.251626733275319,0.0493988561462833,-0.102081769282088,-0.476786354512041,0.25349004297679,"95%","5",TRUE,6,0.192036013245399
"409",",
 ","ProxyRecord",1574.9625,-0.918623073,0.286699283275371,295.0375,0.143349641637685,147.51875,375.0375,5,"test_set",0.000130648587454152,-0.90979134620626,-1.02855786043292,-0.793151920674832,-0.9108956184806,-1.23239613386349,-0.581752289226217,"95%","5",TRUE,6,0.192036013245399
"410",",
 ","ProxyRecord",2566.0125,-1.175272669,0.30049796406866,410.0125,0.15024898203433,205.00625,-616.0125,5,"test_set",0.000246066680847923,-1.2470528972035,-1.33366095292862,-1.16147073372079,-1.24746578073335,-1.58234897922506,-0.918904432027106,"95%","5",TRUE,6,0.192036013245399
"411",",
 ","ProxyRecord",3395.5,-1.784757341,0.288420549773389,547.525,0.144210274886695,273.7625,-1445.5,5,"test_set",0.000451272899643085,-1.83475265312616,-1.88959102887493,-1.78093315354426,-1.82974316640853,-2.13582716806252,-1.52061435583296,"95%","5",TRUE,6,0.192036013245399
"412",",
 ","ProxyRecord",4383.425,-2.866337463,0.338457829204649,292.6,0.169228914602324,146.3,-2433.425,5,"test_set",0.000626246210622128,-2.90969218881122,-2.96827516960125,-2.8511306371663,-2.90623810716523,-3.28535659461249,-2.55324331939695,"95%","5",TRUE,6,0.192036013245399
"413",",
 ","ProxyRecord",5386.5125,-4.175739411,0.342193393629715,283.5125,0.171096696814857,141.75625,-3436.5125,5,"test_set",0.00070283011965877,-4.26092935002797,-4.31409911611618,-4.20848208327077,-4.2607586564974,-4.6217138021473,-3.90309795989136,"95%","5",TRUE,6,0.192036013245399
"414",",
 ","ProxyRecord",5391.975,-4.21547279,0.342291458284034,283.025,0.171145729142017,141.5125,-3441.975,5,"test_set",0.000703012291825011,-4.26862851128493,-4.32181364555073,-4.21628766259974,-4.26207563192546,-4.62308082589983,-3.89149384116368,"95%","5",TRUE,6,0.192036013245399
"415",",
 ","ProxyRecord",5446.4875,-4.573196685,0.343212915147096,262.5125,0.171606457573548,131.25625,-3496.4875,5,"test_set",0.000705901112474372,-4.34562383757318,-4.39866684800067,-4.29432241217156,-4.33866133938965,-4.69961069468464,-3.97608543507215,"95%","5",TRUE,6,0.192036013245399
"416",",
 ","ProxyRecord",5464.5125,-4.69249573,0.343535620780583,253.5125,0.171767810390292,126.75625,-3514.5125,5,"test_set",0.000707284577461387,-4.37116970759497,-4.42449040864504,-4.32018412323504,-4.37342148889504,-4.71572518057067,-4.01019623980333,"95%","5",TRUE,6,0.192036013245399
"417",",
 ","ProxyRecord",5935.9875,-5.329136603,0.345378910631829,224.1625,0.172689455315915,112.08125,-3985.9875,5,"test_set",0.000819063177437407,-5.08156798648363,-5.1299635791968,-5.03601739768138,-5.08627700426694,-5.45864368211669,-4.69761109219561,"95%","5",TRUE,6,0.192036013245399
"418",",
 ","ProxyRecord",6885,-6.764058341,0.342908309835436,39,0.171454154917718,19.5,-4935,5,"test_set",0.00147621851656066,-7.17249387376239,-7.21677331477992,-7.12922899128761,-7.16741690188992,-7.51877035435814,-6.81936847215755,"95%","5",FALSE,6,0.192036013245399
"419",",
 ","ProxyRecord",6888.5,-6.843862071,0.343214473416499,37.5,0.171607236708249,18.75,-4938.5,5,"test_set",0.00147932475547119,-7.18280028885326,-7.22714991008885,-7.13964486856111,-7.17873263572828,-7.55588857893217,-6.80036443353078,"95%","5",TRUE,6,0.192036013245399
"420",",
 ","ProxyRecord",6891.5,-6.923682426,0.34352457919312,37.5,0.17176228959656,18.75,-4941.5,5,"test_set",0.00148198546527922,-7.1916515745615,-7.23587749989796,-7.14867917746405,-7.18728384192301,-7.55266712130213,-6.8078350204285,"95%","5",TRUE,6,0.192036013245399
"421",",
 ","ProxyRecord",6895.5,-7.043428922,0.343994533991546,37.5,0.171997266995773,18.75,-4945.5,5,"test_set",0.00148553052139455,-7.20347799625101,-7.24749123041874,-7.16069053864657,-7.20580635452682,-7.57403122402343,-6.82755217702927,"95%","5",TRUE,6,0.192036013245399
"422",",
 ","ProxyRecord",6899.0125,-7.163221243,0.344471405296577,37.0124999999998,0.172235702648289,18.5062499999999,-4949.0125,5,"test_set",0.00148864111411129,-7.21388634570101,-7.2577652183421,-7.17127117156681,-7.2214219194708,-7.58309428247868,-6.88040885048147,"95%","5",TRUE,6,0.192036013245399
"423",",
 ","ProxyRecord",6904.9875,-7.322975101,0.345117061896691,36.0124999999998,0.172558530948346,18.0062499999999,-4954.9875,5,"test_set",0.00149392726607189,-7.2316416159428,-7.27564217443833,-7.18931229777903,-7.2336042183324,-7.58048978268504,-6.88034856129519,"95%","5",TRUE,6,0.192036013245399
"424",",
 ","ProxyRecord",6920.0125,-7.402860803,0.345444413830338,42.0124999999998,0.172722206915169,21.0062499999999,-4970.0125,5,"test_set",0.0015071912444764,-7.27656757849582,-7.32073691561512,-7.23465989259485,-7.27389444524757,-7.64917995312136,-6.92844026096724,"95%","5",TRUE,6,0.192036013245399
"425",",
 ","ProxyRecord",7084.4875,-8.122484742,0.348521892022329,48.5124999999998,0.174260946011165,24.2562499999999,-5134.4875,5,"test_set",0.00164969274147886,-7.79411970299651,-7.83552836048838,-7.75312008086194,-7.79525171918463,-8.15912511588247,-7.42734676627979,"95%","5",TRUE,6,0.192036013245399
"426",",
 ","ProxyRecord",7086,-8.162494078,0.348698973973306,48.0249999999996,0.174349486986653,24.0124999999998,-5136,5,"test_set",0.001650980248602,-7.79909618976499,-7.84051143433267,-7.75795602863419,-7.79938806093616,-8.16692385177824,-7.42350356532691,"95%","5",TRUE,6,0.192036013245399
"427",",
 ","ProxyRecord",7093.5,-8.322571807,0.34941530143365,49.5,0.174707650716825,24.75,-5143.5,5,"test_set",0.00165735840889081,-7.82383094203424,-7.865012182543,-7.78234340620448,-7.82357025851294,-8.19971731012245,-7.46802575235386,"95%","5",FALSE,6,0.192036013245399
"428",",
 ","ProxyRecord",7441.9875,-8.8030171,0.342601958233598,86.0124999999998,0.171300979116799,43.0062499999999,-5491.9875,5,"test_set",0.00194239085873349,-9.07762349828126,-9.12742075772675,-9.03058734027896,-9.08116937431488,-9.44162268333107,-8.73133090181265,"95%","5",TRUE,6,0.192036013245399
"429",",
 ","ProxyRecord",7488.5125,-9.003393483,0.343573632682052,98.5374999999994,0.171786816341026,49.2687499999997,-5538.5125,5,"test_set",0.00197876600553926,-9.26017760214931,-9.30940302136279,-9.21312806951028,-9.26354388188581,-9.60646533368132,-8.89610843336063,"95%","5",TRUE,6,0.192036013245399
"430",",
 ","ProxyRecord",7559,-9.364339993,0.345361636045189,86.0249999999996,0.172680818022594,43.0124999999998,-5609,5,"test_set",0.00203312282356372,-9.54339895465515,-9.59312918965254,-9.49594402904656,-9.53749598469662,-9.91989343777203,-9.17902760983815,"95%","5",TRUE,6,0.192036013245399
"431",",
 ","ProxyRecord",7569.9875,-9.444616361,0.345765475239243,79.0124999999998,0.172882737619621,39.5062499999999,-5619.9875,5,"test_set",0.00204151414453513,-9.58826334465222,-9.63785176709031,-9.54119595758156,-9.59274042702866,-9.94616524662674,-9.24046092497627,"95%","5",TRUE,6,0.192036013245399
"432",",
 ","ProxyRecord",7582,-9.565044647,0.346376353275751,73,0.173188176637876,36.5,-5632,5,"test_set",0.00205066304332924,-9.63753298556675,-9.68705459314707,-9.59086214514594,-9.63382760834944,-9.99451768783599,-9.26008875454038,"95%","5",TRUE,6,0.192036013245399
"433",",
 ","ProxyRecord",7610,-9.846253579,0.347821223350451,55.0249999999996,0.173910611675225,27.5124999999998,-5660,5,"test_set",0.00207188595089391,-9.75326532841447,-9.80219556529423,-9.7069343324904,-9.7600250171271,-10.1230007827724,-9.40204735491034,"95%","5",TRUE,6,0.192036013245399
"434",",
 ","ProxyRecord",7697,-10.28875477,0.350150107764999,55,0.175075053882499,27.5,-5747,5,"test_set",0.00213691491133261,-10.1207515949454,-10.1686053838996,-10.0747414215978,-10.1261368474785,-10.4803015798589,-9.76004880285577,"95%","5",TRUE,6,0.192036013245399
"435",",
 ","ProxyRecord",7774.025,-10.6033048,0.315739941823423,67.0250000000005,0.157869970911711,33.5125000000003,-5824.025,5,"test_set",0.00219333423969736,-10.4559632156395,-10.5007997116219,-10.409377915235,-10.4521084102534,-10.7894910935783,-10.1014340417782,"95%","5",TRUE,6,0.192036013245399
"436",",
 ","ProxyRecord",7865,-10.88571459,0.317420490766427,72,0.158710245383213,36,-5915,5,"test_set",0.00225857597477841,-10.863647179173,-10.9130995789668,-10.8104492876945,-10.8628725861847,-11.2098090453308,-10.5249614777027,"95%","5",TRUE,6,0.192036013245399
"437",",
 ","ProxyRecord",7928,-11.24970716,0.319618573,67,0.159809286,33.5,-5978,5,"test_set",0.00230286990983153,-11.1533377431916,-11.2170584203524,-11.090593303311,-11.1542444955693,-11.491072544048,-10.8170790637927,"95%","5",TRUE,6,0.192036013245399
"438",",
 ","ProxyRecord",386.4875,-0.420397887,0.319781865557516,238.5625,0.159890932778758,119.28125,1563.5125,6,"test_set",0.000348794092201732,-0.444209049936299,-0.548177654203299,-0.342169456579326,-0.446062695166963,-0.790902999281266,-0.100645315019378,"95%","6",TRUE,6,0.192036013245399
"439",",
 ","ProxyRecord",2620.5,-1.21467617,0.300531211877705,433.6,0.150265605938852,216.8,-670.5,6,"test_set",0.000256907273782359,-1.27269536577629,-1.35918107154632,-1.18754360781756,-1.27311580937051,-1.59736782993085,-0.961174563575022,"95%","6",TRUE,6,0.192036013245399
"440",",
 ","ProxyRecord",3136.4625,-1.530183704,0.300836598734054,537.5375,0.150418299367027,268.76875,-1186.4625,6,"test_set",0.000383419854643741,-1.60747602800252,-1.67632688074274,-1.53850523034789,-1.60841384763673,-1.93953704498213,-1.27111148375805,"95%","6",TRUE,6,0.192036013245399
"441",",
 ","ProxyRecord",3424,-1.824260224,0.288472039568732,537.05,0.144236019784366,268.525,-1474,6,"test_set",0.000449181889866645,-1.84800107906047,-1.9067747825074,-1.79076339446305,-1.845771197077,-2.16140522333484,-1.53613168657534,"95%","6",TRUE,6,0.192036013245399
"442",",
 ","ProxyRecord",3624.9875,-2.061371665,0.288804013330107,479.0375,0.144402006665054,239.51875,-1674.9875,6,"test_set",0.000493097599807424,-2.03772133075513,-2.09589080995793,-1.98087610812765,-2.03490813925635,-2.34715090548134,-1.72473449513524,"95%","6",TRUE,6,0.192036013245399
"443",",
 ","ProxyRecord",3721.4625,-2.219524348,0.289047480325488,448.5875,0.144523740162744,224.29375,-1771.4625,6,"test_set",0.000513577706351409,-2.13487176978039,-2.19562081019338,-2.07778845219086,-2.13955062713432,-2.46796350977,-1.82833404840143,"95%","6",TRUE,6,0.192036013245399
"444",",
 ","ProxyRecord",3752.4875,-2.298633897,0.289175402580346,439.5375,0.144587701290173,219.76875,-1802.4875,6,"test_set",0.00052008116382396,-2.16693494605016,-2.22782226395823,-2.10890533781494,-2.1645954110349,-2.47316472205151,-1.85211392590393,"95%","6",TRUE,6,0.192036013245399
"445",",
 ","ProxyRecord",3805.4375,-2.377754547,0.28930718893556,399.6625,0.14465359446778,199.83125,-1855.4375,6,"test_set",0.000531087626298721,-2.22256873061614,-2.2860998046544,-2.16268755638614,-2.22280026855267,-2.53529743315594,-1.90848739832332,"95%","6",TRUE,6,0.192036013245399
"446",",
 ","ProxyRecord",3909.325,-2.536051478,0.289584870766641,355.7,0.144792435383321,177.85,-1959.325,6,"test_set",0.000552341762627417,-2.33502195832554,-2.40082513655272,-2.27293980171679,-2.33613304439952,-2.63578151426229,-2.02686239050395,"95%","6",TRUE,6,0.192036013245399
"447",",
 ","ProxyRecord",5045.05,-3.381744875,0.339435742587645,182.075,0.169717871293823,91.0374999999999,-3095.05,6,"test_set",0.000696690300105995,-3.78701681407752,-3.83759217308694,-3.73529827872416,-3.78752734117412,-4.15917914408776,-3.43842777063224,"95%","6",FALSE,6,0.192036013245399
"448",",
 ","ProxyRecord",5223.5,-3.659498747,0.340023651799844,274.525,0.170011825899922,137.2625,-3273.5,6,"test_set",0.000701640471034714,-4.03673633771801,-4.09240445683798,-3.98386276314991,-4.03906017557735,-4.39964979974238,-3.68314253170351,"95%","6",FALSE,6,0.192036013245399
"449",",
 ","ProxyRecord",5253.5125,-3.738856111,0.341167013120535,287.5125,0.170583506560267,143.75625,-3303.5125,6,"test_set",0.000701997458940617,-4.07890656914161,-4.1345228129304,-4.02537625025846,-4.08031320819455,-4.43766849478885,-3.71323372622566,"95%","6",TRUE,6,0.192036013245399
"450",",
 ","ProxyRecord",5440.975,-4.533437045,0.343107092356876,264.049999999999,0.171553546178438,132.025,-3490.975,6,"test_set",0.000703018222902862,-4.34272911944427,-4.39823560895781,-4.28937046510063,-4.33820075822466,-4.7053880535314,-3.98289013241544,"95%","6",TRUE,6,0.192036013245399
"451",",
 ","ProxyRecord",5469.4875,-4.732269606,0.34364463779127,251.5125,0.171822318895635,125.75625,-3519.4875,6,"test_set",0.000704392880490623,-4.38297794233375,-4.43755833735696,-4.33010057103711,-4.39171079328213,-4.74520067929452,-4.04983727280138,"95%","6",TRUE,6,0.192036013245399
"452",",
 ","ProxyRecord",5482.5125,-4.772046295,0.343754642647718,243.5125,0.171877321323859,121.75625,-3532.5125,6,"test_set",0.000705212318163895,-4.40139692222114,-4.45535536806408,-4.34832329027902,-4.40714657934085,-4.74853204583909,-4.03989859468059,"95%","6",FALSE,6,0.192036013245399
"453",",
 ","ProxyRecord",5510,-4.851600007,0.343977162579867,236,0.171988581289933,118,-3560,6,"test_set",0.000707335731764402,-4.44035252355164,-4.49366957707414,-4.38733576779426,-4.44716370510359,-4.8232593704318,-4.10466923722279,"95%","6",FALSE,6,0.192036013245399
"454",",
 ","ProxyRecord",5832.025,-5.130111674,0.344781272868479,227.05,0.172390636434239,113.525,-3882.025,6,"test_set",0.000772044562635798,-4.91469178573356,-4.96298884896951,-4.865871409958,-4.91258682769686,-5.25431335114992,-4.54186796451582,"95%","6",TRUE,6,0.192036013245399
"455",",
 ","ProxyRecord",6086,-5.528218646,0.345997335052248,187.025,0.172998667526124,93.5124999999998,-4136,6,"test_set",0.000874851443022351,-5.33245003469738,-5.38146081189932,-5.28163201865691,-5.32310059197511,-5.69238841026417,-4.97148262182692,"95%","6",TRUE,6,0.192036013245399
"456",",
 ","ProxyRecord",6507.475,-6.125994293,0.340564026510113,104.525,0.170282013255057,52.2624999999998,-4557.475,6,"test_set",0.00114621170737017,-6.17600921356474,-6.22971381645989,-6.12113736228258,-6.18198276298531,-6.51713615258733,-5.84221157102859,"95%","6",TRUE,6,0.192036013245399
"457",",
 ","ProxyRecord",6724.5,-6.48481342,0.341857871416384,49.5249999999996,0.170928935708192,24.7624999999998,-4774.5,6,"test_set",0.00133498038346058,-6.71197430401958,-6.76262769033125,-6.66183705821778,-6.71109244764403,-7.06316665458647,-6.35689629175813,"95%","6",TRUE,6,0.192036013245399
"458",",
 ","ProxyRecord",6894,-7.003509672,0.343837082444669,37,0.171918541222335,18.5,-4944,6,"test_set",0.00149328084777522,-7.18959972989881,-7.23420969217496,-7.14701318177796,-7.18804782491257,-7.54414145349308,-6.83782580778691,"95%","6",TRUE,6,0.192036013245399
"459",",
 ","ProxyRecord",7071.0125,-7.762544206,0.346955222393991,50.0124999999998,0.173477611196996,25.0062499999999,-5121.0125,6,"test_set",0.00165035117154488,-7.74390407393729,-7.78297962466541,-7.70462462379706,-7.73923159179606,-8.09870723680299,-7.3662694722493,"95%","6",TRUE,6,0.192036013245399
"460",",
 ","ProxyRecord",7072,-7.802531821,0.347126117252899,50,0.173563058626449,25,-5122,6,"test_set",0.00165120361641513,-7.74715134260248,-7.78624531662904,-7.70778208422793,-7.7417087581806,-8.09200874683404,-7.37554031585975,"95%","6",TRUE,6,0.192036013245399
"461",",
 ","ProxyRecord",7082.9875,-8.082471263,0.348345391893485,49.0124999999998,0.174172695946742,24.5062499999999,-5132.9875,6,"test_set",0.00166067059601538,-7.78339667438164,-7.82256855080927,-7.74408259873093,-7.78590340225218,-8.14143591274558,-7.44652997174986,"95%","6",TRUE,6,0.192036013245399
"462",",
 ","ProxyRecord",7087,-8.202512229,0.348877000744633,48.0249999999996,0.174438500372316,24.0124999999998,-5137,6,"test_set",0.00166411966997515,-7.79668525826337,-7.83565108075212,-7.75740635927802,-7.79201109201508,-8.15247409008177,-7.40596941341113,"95%","6",FALSE,6,0.192036013245399
"463",",
 ","ProxyRecord",7468.025,-8.923237509,0.343182358880579,94.0250000000006,0.17159117944029,47.0125000000003,-5518.025,6,"test_set",0.0019717744876413,-9.18197809232979,-9.22711237436664,-9.1359338515843,-9.17892067922876,-9.54721907285084,-8.81956812632503,"95%","6",TRUE,6,0.192036013245399
"464",",
 ","ProxyRecord",7478.0375,-8.963317834,0.343377864874404,98.0374999999994,0.171688932437202,49.0187499999997,-5528.0375,6,"test_set",0.00197932877004092,-9.22157017082966,-9.26695987668253,-9.17538042437747,-9.22210288048225,-9.57420875000585,-8.84722666328736,"95%","6",TRUE,6,0.192036013245399
"465",",
 ","ProxyRecord",7845,-10.80497827,0.316937688842211,77,0.158468844421106,38.5,-5895,6,"test_set",0.00223746290917148,-10.7782837714963,-10.8262774830089,-10.7288143779967,-10.7766681430853,-11.1084714337443,-10.4323844795929,"95%","6",TRUE,6,0.192036013245399
"466",",
 ","ProxyRecord",7896.5,-11.04732685,0.318392066237282,76.5249999999996,0.159196033118641,38.2624999999998,-5946.5,6,"test_set",0.0022707713519754,-11.0125924310118,-11.0662374441966,-10.9562295452512,-11.0192082517894,-11.3593823904447,-10.6805896161509,"95%","6",TRUE,6,0.192036013245399
"467",",
 ","ProxyRecord",847.125,-0.695083187,0.319884878215016,253.125,0.159942439107508,126.5625,1102.875,7,"test_set",0.000217912019775945,-0.693549972705611,-0.800068014511683,-0.582346636360503,-0.697650500956765,-1.04087425640042,-0.350010682703368,"95%","7",TRUE,6,0.192036013245399
"468",",
 ","ProxyRecord",1516.4625,-0.879284769,0.286673489851659,291.5875,0.143336744925829,145.79375,433.5375,7,"test_set",0.000137195052105077,-0.897127113513203,-1.02199705355801,-0.77310919213363,-0.899884756670392,-1.23659328904106,-0.571417926443207,"95%","7",TRUE,6,0.192036013245399
"469",",
 ","ProxyRecord",2489.5125,-1.135875216,0.30046558039297,369.5125,0.150232790196485,184.75625,-539.5125,7,"test_set",0.000226182674445408,-1.2143758553019,-1.31100384015568,-1.11589149216194,-1.21467982525595,-1.58035921172298,-0.851880417494865,"95%","7",TRUE,6,0.192036013245399
"470",",
 ","ProxyRecord",2751.4125,-1.33293653,0.300637532720803,478.6125,0.150318766360402,239.30625,-801.4125,7,"test_set",0.000290130830793434,-1.35178162144685,-1.45175061507668,-1.24868451071121,-1.35182349602885,-1.6781230167193,-1.01109507961669,"95%","7",TRUE,6,0.192036013245399
"471",",
 ","ProxyRecord",2796.5125,-1.372378102,0.300675145598983,477.5125,0.150337572799491,238.75625,-846.5125,7,"test_set",0.000301536587976603,-1.37883601979857,-1.4778235910148,-1.27683128553719,-1.38549238448158,-1.71826789000389,-1.05071666352137,"95%","7",TRUE,6,0.192036013245399
"472",",
 ","ProxyRecord",2840.475,-1.411810407,0.30071411651296,479.525,0.15035705825648,239.7625,-890.475,7,"test_set",0.000312570449134686,-1.4061680843392,-1.50234067193701,-1.30586699893103,-1.40769849588936,-1.74001845864979,-1.06734296038557,"95%","7",TRUE,6,0.192036013245399
"473",",
 ","ProxyRecord",3303.5,-1.666295442,0.288272126175546,553.525,0.144136063087773,276.7625,-1353.5,7,"test_set",0.000423732489446271,-1.74987706474015,-1.81514734614961,-1.68174026156194,-1.74941672296137,-2.06249125943516,-1.43055573723854,"95%","7",TRUE,6,0.192036013245399
"474",",
 ","ProxyRecord",3878.425,-2.496469688,0.289513860602869,365.625,0.144756930301435,182.8125,-1928.425,7,"test_set",0.000548922888510273,-2.31004205570781,-2.36915360163039,-2.24941976821326,-2.30743377317361,-2.63948973564625,-1.98153664305766,"95%","7",TRUE,6,0.192036013245399
"475",",
 ","ProxyRecord",4537.4625,-3.104147077,0.338890106207929,242.5625,0.169445053103964,121.28125,-2587.4625,7,"test_set",0.000659022981519541,-3.11039761979448,-3.16751398792672,-3.05501249397865,-3.1057966577903,-3.46986990435047,-2.71669459635955,"95%","7",TRUE,6,0.192036013245399
"476",",
 ","ProxyRecord",4958.525,-3.342076191,0.339354657792045,177.575000000001,0.169677328896023,88.7875000000004,-3008.525,7,"test_set",0.000693854030597851,-3.68095476999449,-3.73147389757978,-3.63431901875841,-3.68390598977215,-4.04837579232964,-3.32225685812765,"95%","7",TRUE,6,0.192036013245399
"477",",
 ","ProxyRecord",5201,-3.619811057,0.339937131124243,263,0.169968565562121,131.5,-3251,7,"test_set",0.000701107432798942,-4.01987188485658,-4.07195667265228,-3.97005499422664,-4.02136531480011,-4.38714213386309,-3.66865370641124,"95%","7",FALSE,6,0.192036013245399
"478",",
 ","ProxyRecord",5692.025,-5.010731089,0.344431279151665,261.025000000001,0.172215639575833,130.5125,-3742.025,7,"test_set",0.000731488415950387,-4.71764778099507,-4.7646979063436,-4.67036169552634,-4.71326100004986,-5.07354069186643,-4.34475780502031,"95%","7",TRUE,6,0.192036013245399
"479",",
 ","ProxyRecord",6473.4875,-5.966574007,0.340009225945833,117.5125,0.170004612972917,58.7562499999999,-4523.4875,7,"test_set",0.00111752392315534,-6.11050075820784,-6.16374085751748,-6.0557939923673,-6.12003345383544,-6.48128810847399,-5.73771786489497,"95%","7",TRUE,6,0.192036013245399
"480",",
 ","ProxyRecord",6498,-6.086131553,0.340423833661309,108,0.170211916830655,54,-4548,7,"test_set",0.0011367619456859,-6.16570153664379,-6.21976231023245,-6.1112490759163,-6.16230772554161,-6.50218375436155,-5.79430672176111,"95%","7",TRUE,6,0.192036013245399
"481",",
 ","ProxyRecord",6892,-6.96359469,0.343680553311825,38,0.171840276655912,19,-4942,7,"test_set",0.00149272122791366,-7.1937781506465,-7.23769694850391,-7.14914015432664,-7.19153054393396,-7.54990499294823,-6.82437100632078,"95%","7",TRUE,6,0.192036013245399
"482",",
 ","ProxyRecord",7088.9875,-8.242522251,0.349055583,48.0124999999998,0.174527791574334,24.0062499999999,-5138.9875,7,"test_set",0.00166680012585463,-7.81279239077452,-7.85246558573773,-7.77202324902141,-7.81063676976613,-8.16678556578364,-7.45068671478021,"95%","7",FALSE,6,0.192036013245399
"483",",
 ","ProxyRecord",7303.5,-8.522639728,0.341268713146706,72.5249999999996,0.170634356573353,36.2624999999998,-5353.5,7,"test_set",0.00184231049602523,-8.56261359781126,-8.60939015585664,-8.51538072801432,-8.56399079220485,-8.91228322606134,-8.19916785906251,"95%","7",TRUE,6,0.192036013245399
"484",",
 ","ProxyRecord",7322,-8.562682971,0.341457053963497,65,0.170728526981748,32.5,-5372,7,"test_set",0.00185676047754768,-8.63083620479356,-8.67821899012227,-8.58317034650714,-8.6307511308899,-8.9883524322621,-8.26098717364942,"95%","7",TRUE,6,0.192036013245399
"485",",
 ","ProxyRecord",7355.5,-8.642775035,0.341836322185815,56.5,0.170918161092907,28.25,-5405.5,7,"test_set",0.00188264928340232,-8.7557760546194,-8.80460871764639,-8.70688000605892,-8.75040676279025,-9.12333996895752,-8.3905209634874,"95%","7",TRUE,6,0.192036013245399
"486",",
 ","ProxyRecord",7450.5,-8.843079696,0.342794840287658,91.5,0.171397420143829,45.75,-5500.5,7,"test_set",0.00195412150914009,-9.11976771311688,-9.17012321080083,-9.06783444530654,-9.12189567881307,-9.48109934156391,-8.76938908800777,"95%","7",TRUE,6,0.192036013245399
"487",",
 ","ProxyRecord",7496.0125,-9.043484911,0.343769106,99.0374999999994,0.171884553,49.5187499999997,-5546.0125,7,"test_set",0.00198734406509082,-9.2991365842887,-9.35057707444593,-9.24771826428686,-9.30974154112463,-9.68989243166665,-8.92814130555157,"95%","7",TRUE,6,0.192036013245399
"488",",
 ","ProxyRecord",7517.025,-9.163784268,0.344361290824923,96.0250000000006,0.172180645412462,48.0125000000003,-5567.025,7,"test_set",0.00200245988608572,-9.38302175888884,-9.43462731311312,-9.33171026171899,-9.38072033119839,-9.74479053650133,-9.01377238755127,"95%","7",TRUE,6,0.192036013245399
"489",",
 ","ProxyRecord",7520.9875,-9.203880679,0.344559865209497,97.0124999999998,0.172279932604749,48.5062499999999,-5570.9875,7,"test_set",0.00200529464300381,-9.39891610750285,-9.45052461664558,-9.34755825212594,-9.40183351479988,-9.77731403803265,-9.02488472511289,"95%","7",TRUE,6,0.192036013245399
"490",",
 ","ProxyRecord",7572.5,-9.484752232,0.345968667861325,78.5,0.172984333930663,39.25,-5622.5,7,"test_set",0.00204169145989752,-9.60770402458024,-9.65825781150078,-9.55689633156589,-9.60796044903958,-9.98073147276898,-9.23809927808548,"95%","7",TRUE,6,0.192036013245399
"491",",
 ","ProxyRecord",7615.5,-9.886457368,0.348029551077181,51.5,0.17401477553859,25.75,-5665.5,7,"test_set",0.00207142654748971,-9.78503265227604,-9.83452410760693,-9.73480285190749,-9.78978143527049,-10.1552843973682,-9.42336171104988,"95%","7",TRUE,6,0.192036013245399
"492",",
 ","ProxyRecord",7621.975,-9.92665478,0.348238250285579,48.0249999999996,0.17411912514279,24.0124999999998,-5671.975,7,"test_set",0.00207585308920066,-9.81197244352825,-9.86113659924015,-9.76182278871989,-9.81409515089857,-10.18351156311,-9.42247933368655,"95%","7",TRUE,6,0.192036013245399
"493",",
 ","ProxyRecord",7660,-10.08751181,0.349082609237231,50,0.174541304618615,25,-5710,7,"test_set",0.00210157890685458,-9.97142131615511,-10.0191787270453,-9.92291178249625,-9.96083772271021,-10.3127121585899,-9.60300126924864,"95%","7",TRUE,6,0.192036013245399
"494",",
 ","ProxyRecord",7755.0125,-10.52272384,0.315264165620434,64.0124999999998,0.157632082810217,32.0062499999999,-5805.0125,7,"test_set",0.0021638469301255,-10.3789810534138,-10.4273324670678,-10.3310085380972,-10.3816268732308,-10.7145329679396,-10.0429149407685,"95%","7",TRUE,6,0.192036013245399
"495",",
 ","ProxyRecord",7765.5125,-10.56300702,0.315501818036251,66.5124999999998,0.157750909018125,33.2562499999999,-5815.5125,7,"test_set",0.00217055187290427,-10.424810742922,-10.4734213665272,-10.3768142102809,-10.422753753507,-10.7678410346937,-10.071618313789,"95%","7",TRUE,6,0.192036013245399
"496",",
 ","ProxyRecord",583.5125,-0.616526198,0.31985027938865,235.5125,0.159925139694325,117.75625,1366.4875,8,"test_set",0.000287272395163574,-0.563718942224085,-0.679037585371184,-0.448385510191739,-0.563677939737656,-0.916015013727689,-0.218121588364551,"95%","8",TRUE,6,0.192036013245399
"497",",
 ","ProxyRecord",1074,-0.734375889,0.319903829030286,223,0.159951914515143,111.5,876,8,"test_set",0.000180016916684345,-0.775787146277716,-0.879623131045325,-0.670032886596202,-0.779763995001784,-1.14216690285872,-0.430227096604334,"95%","8",TRUE,6,0.192036013245399
"498",",
 ","ProxyRecord",3476.475,-1.903281447,0.288578229984398,525.55,0.144289114992199,262.775,-1526.475,8,"test_set",0.000472738702012032,-1.89747711801961,-1.9512470199097,-1.8424427879107,-1.89719826529464,-2.21158305134623,-1.56493660846373,"95%","8",TRUE,6,0.192036013245399
"499",",
 ","ProxyRecord",3547.35,-1.982305466,0.288688593716257,511.65,0.144344296858129,255.825,-1597.35,8,"test_set",0.000488734043846417,-1.96551989870805,-2.01816476477805,-1.90983088419139,-1.96434134990984,-2.28330919835162,-1.63531021359047,"95%","8",TRUE,6,0.192036013245399
"500",",
 ","ProxyRecord",3699.3875,-2.179977648,0.288984919316642,457.6375,0.144492459658321,228.81875,-1749.3875,8,"test_set",0.000521975922296303,-2.11887589115444,-2.17450231426202,-2.06160159501738,-2.12593108637827,-2.45517227390377,-1.81090194440825,"95%","8",TRUE,6,0.192036013245399
"501",",
 ","ProxyRecord",3737.95,-2.259077298,0.289110972963226,445.05,0.144555486481613,222.525,-1787.95,8,"test_set",0.000530175161439495,-2.15933941167102,-2.21604882996642,-2.10100415930061,-2.15649381075231,-2.46619846520962,-1.8356863978472,"95%","8",TRUE,6,0.192036013245399
"502",",
 ","ProxyRecord",4453,-2.985223345,0.338669928952243,277.1,0.169334964476122,138.55,-2503,8,"test_set",0.000655040699915066,-3.01217840808336,-3.07135192382333,-2.95172586316561,-3.00911743782048,-3.36738121302424,-2.65763504806599,"95%","8",TRUE,6,0.192036013245399
"503",",
 ","ProxyRecord",4484.975,-3.024857872,0.338742591363626,263.049999999999,0.169371295681813,131.525,-2534.975,8,"test_set",0.000658791441454643,-3.05407175460519,-3.11238298315742,-2.99456368111799,-3.04500245559904,-3.40078146240281,-2.67537088014827,"95%","8",TRUE,6,0.192036013245399
"504",",
 ","ProxyRecord",4566.475,-3.143788366,0.338965562775759,229.525,0.16948278138788,114.7625,-2616.475,8,"test_set",0.000667572442736297,-3.16190650225112,-3.2181759624428,-3.10286186749658,-3.16144510881589,-3.51464917792498,-2.7991974394792,"95%","8",TRUE,6,0.192036013245399
"505",",
 ","ProxyRecord",5074.9875,-3.421408449,0.339517185021476,194.0125,0.169758592510738,97.0062499999999,-3124.9875,8,"test_set",0.000697084147316396,-3.85887494649777,-3.9148002939557,-3.80539339350063,-3.85663781353639,-4.21895638936895,-3.5047017426747,"95%","8",FALSE,6,0.192036013245399
"506",",
 ","ProxyRecord",5119.9875,-3.500760109,0.339682621925716,216.0125,0.169841310962858,108.00625,-3169.9875,8,"test_set",0.000697597300136632,-3.92170384870986,-3.97840548522976,-3.86838608419637,-3.9199590359719,-4.27922393504605,-3.57226006959456,"95%","8",FALSE,6,0.192036013245399
"507",",
 ","ProxyRecord",5163.4875,-3.580127755,0.339851546253422,245.5125,0.169925773126711,122.75625,-3213.4875,8,"test_set",0.000697769016622107,-3.98249259942201,-4.0392720705055,-3.92867034749829,-3.98439149219329,-4.34949599613606,-3.62548884874542,"95%","8",FALSE,6,0.192036013245399
"508",",
 ","ProxyRecord",5296.5,-3.93739353,0.341620480675429,295.5,0.170810240337715,147.75,-3346.5,8,"test_set",0.000696316093740101,-4.16841983465133,-4.22604818863354,-4.11460362919717,-4.16941552093221,-4.53732760168343,-3.80482872129935,"95%","8",TRUE,6,0.192036013245399
"509",",
 ","ProxyRecord",5370.0125,-4.096279378,0.341998759939205,290.0125,0.170999379969603,145.00625,-3420.0125,8,"test_set",0.000694234044096298,-4.27100459700571,-4.32801033976749,-4.21777900853371,-4.27058262291038,-4.6307094876473,-3.8855232674636,"95%","8",TRUE,6,0.192036013245399
"510",",
 ","ProxyRecord",5381,-4.136006945,0.342095604,286,0.171047802,143,-3431,8,"test_set",0.000693863101774994,-4.28631601804298,-4.34319382302622,-4.23298610942584,-4.29056979438459,-4.64810049701084,-3.93163329499686,"95%","8",TRUE,6,0.192036013245399
"511",",
 ","ProxyRecord",5593,-4.970941183,0.344316526986243,255,0.172158263493122,127.5,-3643,8,"test_set",0.000704353635105903,-4.5830066824989,-4.63634385093362,-4.53013923758963,-4.5913978415011,-4.94730332288135,-4.20352696261767,"95%","8",FALSE,6,0.192036013245399
"512",",
 ","ProxyRecord",5811.9875,-5.090313648,0.344663343498686,232.0375,0.172331671749343,116.01875,-3861.9875,8,"test_set",0.000750810104221955,-4.90221209656527,-4.95073022424722,-4.85280982570294,-4.90465977811887,-5.28626426202558,-4.54821101570933,"95%","8",TRUE,6,0.192036013245399
"513",",
 ","ProxyRecord",6144,-5.607876288,0.346250177934013,172.05,0.173125088967007,86.0250000000001,-4194,8,"test_set",0.000890286672894369,-5.4450421384574,-5.49676844853781,-5.39434470685216,-5.4522440209519,-5.82017960819993,-5.09019880117246,"95%","8",TRUE,6,0.192036013245399
"514",",
 ","ProxyRecord",6224.4875,-5.687542718,0.34650676041386,175.5375,0.17325338020693,87.7687500000002,-4274.4875,8,"test_set",0.000936629398817779,-5.59245701319532,-5.64557256720492,-5.5398077479877,-5.59852204012123,-5.98701955284561,-5.23078763400883,"95%","8",TRUE,6,0.192036013245399
"515",",
 ","ProxyRecord",6541.4625,-6.3253188,0.341274634737221,92.5375000000004,0.17063731736861,46.2687500000002,-4591.4625,8,"test_set",0.00116668391689778,-6.25554728464611,-6.31225458838101,-6.1999218868361,-6.25636634808806,-6.63268391621634,-5.89881699703037,"95%","8",TRUE,6,0.192036013245399
"516",",
 ","ProxyRecord",6548.9875,-6.365185827,0.341419404877928,88.0124999999998,0.170709702438964,44.0062499999999,-4598.9875,8,"test_set",0.00117306700129216,-6.27313114452492,-6.3299130807802,-6.21735164458413,-6.27287670112313,-6.64379371463844,-5.90889361152071,"95%","8",TRUE,6,0.192036013245399
"517",",
 ","ProxyRecord",6606.975,-6.405062003,0.341564503947161,81.0499999999993,0.170782251973581,40.5249999999996,-4656.975,8,"test_set",0.00122368866251055,-6.41185369967479,-6.46731038724876,-6.35764814733005,-6.41234018604681,-6.75919908056672,-6.04918127593558,"95%","8",TRUE,6,0.192036013245399
"518",",
 ","ProxyRecord",6887.475,-6.80395828,0.343060954135525,37.5249999999996,0.171530477067762,18.7624999999998,-4937.475,8,"test_set",0.00149124625574704,-7.17023209884668,-7.2161059442208,-7.12505751942296,-7.16910262061424,-7.52966815989787,-6.78980218540437,"95%","8",TRUE,6,0.192036013245399
"519",",
 ","ProxyRecord",7050.4875,-7.562680895,0.346108904598418,49.5124999999998,0.173054452299209,24.7562499999999,-5100.4875,8,"test_set",0.00163839838513979,-7.67834539296438,-7.71917076125132,-7.63645970734367,-7.67581340697128,-8.03250722405076,-7.31177301201398,"95%","8",TRUE,6,0.192036013245399
"520",",
 ","ProxyRecord",7566,-9.404470798,0.345563160794744,81,0.172781580397372,40.5,-5616,8,"test_set",0.00203709310619971,-9.57890825636676,-9.62580211690079,-9.53314544904122,-9.58216753468323,-9.93634742682352,-9.23606217151162,"95%","8",TRUE,6,0.192036013245399
"521",",
 ","ProxyRecord",7601.5,-9.765890009,0.347405288437699,61.5,0.173702644218849,30.75,-5651.5,8,"test_set",0.002060820802674,-9.7247810537079,-9.77189640643511,-9.67980677397932,-9.72815005963901,-10.1006622230013,-9.35839113650137,"95%","8",TRUE,6,0.192036013245399
"522",",
 ","ProxyRecord",7689.4875,-10.24849435,0.349935022654488,53.5124999999998,0.174967511327244,26.7562499999999,-5739.4875,8,"test_set",0.00211755973755778,-10.0939467634047,-10.1393177616517,-10.0499845854856,-10.0955000464236,-10.4705724679326,-9.72517659753302,"95%","8",TRUE,6,0.192036013245399
"523",",
 ","ProxyRecord",7921.5,-11.20918651,0.31937371267617,69.5,0.159686856338085,34.75,-5971.5,8,"test_set",0.00225302448448872,-11.1167353400244,-11.1801219699469,-11.0516480003022,-11.1206266372306,-11.462376765407,-10.7574167648517,"95%","8",TRUE,6,0.192036013245399
"524",",
 ","ProxyRecord",7942.475,-11.33078558,0.3201107,60.5499999999993,0.16005535,30.2749999999996,-5992.475,8,"test_set",0.0022642598542344,-11.2125414261694,-11.2815386921207,-11.1439701270976,-11.2144770304821,-11.571555657415,-10.8463058483699,"95%","8",TRUE,6,0.192036013245399
"525",",
 ","ProxyRecord",261.05,-0.302951103,0.319753405,187.05,0.159876702302196,93.525,1688.95,9,"test_set",0.000406566420813048,-0.347994820443661,-0.441161485587537,-0.249055625417509,-0.349254147032894,-0.700528737948692,0.0176176196432511,"95%","9",TRUE,6,0.192036013245399
"526",",
 ","ProxyRecord",354.925,-0.381224695,0.319771362832019,224.125,0.15988568141601,112.0625,1595.075,9,"test_set",0.000368064223636721,-0.424160584720262,-0.524356838821091,-0.322067029425136,-0.423872235451137,-0.804397976953736,-0.0760666152354623,"95%","9",TRUE,6,0.192036013245399
"527",",
 ","ProxyRecord",1254.55,-0.800639634,0.286625488321054,213.575,0.143312744160527,106.7875,695.45,9,"test_set",0.000143968813415274,-0.82987058481166,-0.961361216344136,-0.699109589205329,-0.830859954937963,-1.18419802808977,-0.477622452879924,"95%","9",TRUE,6,0.192036013245399
"528",",
 ","ProxyRecord",1438.0125,-0.839957544,0.286648866939431,294.0125,0.143324433469715,147.00625,511.9875,9,"test_set",0.000129905225823568,-0.876180045891456,-1.01221451021834,-0.742242076411684,-0.875950912435484,-1.22865259087897,-0.530383018596096,"95%","9",TRUE,6,0.192036013245399
"529",",
 ","ProxyRecord",1831.4875,-1.036690097,0.286783231865505,286.5125,0.143391615932753,143.25625,118.5125,9,"test_set",0.000130677633045084,-0.974549459604613,-1.09976254319583,-0.855002170197884,-0.974540518292327,-1.32899036246632,-0.627441880337206,"95%","9",TRUE,6,0.192036013245399
"530",",
 ","ProxyRecord",2292.0375,-1.096484017,0.300434440477865,271.0375,0.150217220238933,135.51875,-342.0375,9,"test_set",0.000185058229695834,-1.12033302181717,-1.21678739218094,-1.02798431101213,-1.1185631956695,-1.47653592415201,-0.773192472490685,"95%","9",TRUE,6,0.192036013245399
"531",",
 ","ProxyRecord",2713.5,-1.293514541,0.300601118461603,468.525,0.150300559230802,234.2625,-763.5,9,"test_set",0.000284607655720581,-1.32018651875025,-1.41388328079248,-1.23058344355406,-1.32148517626363,-1.67438335455715,-0.992134624424626,"95%","9",TRUE,6,0.192036013245399
"532",",
 ","ProxyRecord",3448.3625,-1.86376971,0.288524667101224,531.6375,0.144262333550612,265.81875,-1498.3625,9,"test_set",0.000463181275711655,-1.87662550844916,-1.93328751373731,-1.82262811783052,-1.8675014759446,-2.20621564431792,-1.5262112869678,"95%","9",TRUE,6,0.192036013245399
"533",",
 ","ProxyRecord",3593.4875,-2.021836245,0.288745940919015,495.5625,0.144372970459508,247.78125,-1643.4875,9,"test_set",0.00049336859935245,-2.01504536756308,-2.07118717612678,-1.96040330568367,-2.01956324590072,-2.34086419180932,-1.68547614671489,"95%","9",TRUE,6,0.192036013245399
"534",",
 ","ProxyRecord",3828.4875,-2.417322012,0.289374959537354,387.5625,0.144687479768677,193.78125,-1878.4875,9,"test_set",0.000538698464480625,-2.25678402975307,-2.31915841597312,-2.19431288404486,-2.25071665695211,-2.55682496500097,-1.92736814879804,"95%","9",TRUE,6,0.192036013245399
"535",",
 ","ProxyRecord",4227.425,-2.734003631,0.28995434625047,334.6,0.144977173125235,167.3,-2277.425,9,"test_set",0.000605157953992297,-2.71223491185932,-2.77971879302682,-2.64323132544992,-2.70661856198553,-3.03426303095816,-2.39144109815705,"95%","9",TRUE,6,0.192036013245399
"536",",
 ","ProxyRecord",4645.975,-3.223096834,0.339118288230522,180.025,0.169559144115261,90.0124999999998,-2695.975,9,"test_set",0.00065853536223015,-3.24100204449193,-3.29678081807418,-3.18424562916023,-3.2443119766663,-3.63586991934953,-2.88778129515877,"95%","9",TRUE,6,0.192036013245399
"537",",
 ","ProxyRecord",5288.5,-3.897681316,0.341527995239457,294.5,0.170763997619729,147.25,-3338.5,9,"test_set",0.000707316485804021,-4.123961731315,-4.17945873804756,-4.07000735084554,-4.12880022274898,-4.50825066782142,-3.7520460364424,"95%","9",TRUE,6,0.192036013245399
"538",",
 ","ProxyRecord",5497.475,-4.811821559,0.343865587281485,239.525,0.171932793640742,119.7625,-3547.475,9,"test_set",0.000720776452345362,-4.42338045641429,-4.47536157109239,-4.37263241336184,-4.42056437713492,-4.80513829086454,-4.03367926300924,"95%","9",FALSE,6,0.192036013245399
"539",",
 ","ProxyRecord",6113.525,-5.568045569,0.346123576551459,181.525000000001,0.173061788275729,90.7625000000003,-4163.525,9,"test_set",0.000907374494385493,-5.40862155274945,-5.45946972588042,-5.358442891693,-5.40701626031531,-5.77411862532225,-5.03401481458805,"95%","9",TRUE,6,0.192036013245399
"540",",
 ","ProxyRecord",6315.5375,-5.727524105,0.339202350042406,166.5625,0.169601175021203,83.28125,-4365.5375,9,"test_set",0.00101822543538965,-5.79760490888758,-5.85546825364702,-5.74225240382303,-5.80002278922386,-6.17958475534509,-5.43754406041417,"95%","9",TRUE,6,0.192036013245399
"541",",
 ","ProxyRecord",6492,-6.046279297,0.340284880886553,110.025,0.170142440443276,55.0124999999998,-4542,9,"test_set",0.00113512652966108,-6.17680278131466,-6.23609238864457,-6.11908753818862,-6.1795754917562,-6.56823672347386,-5.80356683477646,"95%","9",TRUE,6,0.192036013245399
"542",",
 ","ProxyRecord",6534,-6.285451714,0.341130709960747,96,0.170565354980374,48,-4584,9,"test_set",0.00116570760375634,-6.2732127394429,-6.33175873413145,-6.21475571727727,-6.27734150481334,-6.64993523281817,-5.92111848278209,"95%","9",TRUE,6,0.192036013245399
"543",",
 ","ProxyRecord",6664.4875,-6.444935284,0.341711094596268,70.5124999999998,0.170855547298134,35.2562499999999,-4714.4875,9,"test_set",0.00126748206297211,-6.58935690176009,-6.64629719214597,-6.53347744653795,-6.59042863238642,-6.94289278676495,-6.19495958410049,"95%","9",TRUE,6,0.192036013245399
"544",",
 ","ProxyRecord",6753.4875,-6.524692068,0.342005575347281,36.5124999999998,0.17100278767364,18.2562499999999,-4803.4875,9,"test_set",0.00134248742047482,-6.82038219266022,-6.87412256256535,-6.76793002660173,-6.81974353850967,-7.17750456723497,-6.45374527491649,"95%","9",TRUE,6,0.192036013245399
"545",",
 ","ProxyRecord",6766.9875,-6.604468054,0.342303101619817,38.0124999999998,0.171151550809909,19.0062499999999,-4816.9875,9,"test_set",0.00135403461232197,-6.85657025549715,-6.90957483311629,-6.8049248211008,-6.85276186877018,-7.22142622547018,-6.49835986194518,"95%","9",TRUE,6,0.192036013245399
"546",",
 ","ProxyRecord",6880,-6.72415441,0.342755673935356,41,0.171377836967678,20.5,-4930,9,"test_set",0.00145104084163794,-7.17153102132386,-7.21909118020334,-7.1244671160138,-7.16988670320883,-7.53551259254269,-6.79883678610745,"95%","9",FALSE,6,0.192036013245399
"547",",
 ","ProxyRecord",6902.5,-7.243088214,0.344793575364147,36.5,0.172396787682073,18.25,-4952.5,9,"test_set",0.00147042688165566,-7.23682262594683,-7.2842264667444,-7.19049419387807,-7.2376725973771,-7.60332160466328,-6.87100387804123,"95%","9",TRUE,6,0.192036013245399
"548",",
 ","ProxyRecord",7077.5125,-7.962482349,0.3478192753668,49.5124999999998,0.1739096376834,24.7562499999999,-5127.5125,9,"test_set",0.00162204304139379,-7.77450573351012,-7.8179475150063,-7.73290369729582,-7.76930479976248,-8.14878739466672,-7.40489587147962,"95%","9",TRUE,6,0.192036013245399
"549",",
 ","ProxyRecord",7526.9875,-9.243994205,0.344758772676624,97.0124999999998,0.172379386338312,48.5062499999999,-5576.9875,9,"test_set",0.00201813028639641,-9.40630034510592,-9.45395964356482,-9.35665716790384,-9.40664196373044,-9.79613881741325,-9.03892349604798,"95%","9",TRUE,6,0.192036013245399
"550",",
 ","ProxyRecord",7535.5,-9.284107444,0.344958883798887,94.5,0.172479441899443,47.25,-5585.5,9,"test_set",0.00202572474390372,-9.44080777657451,-9.48842489946357,-9.39134410939482,-9.43471080946429,-9.80186117839003,-9.06282748458256,"95%","9",TRUE,6,0.192036013245399
"551",",
 ","ProxyRecord",7651.9875,-10.04729486,0.348870386384677,46.0124999999998,0.174435193192338,23.0062499999999,-5701.9875,9,"test_set",0.00212999703945726,-9.92687698005146,-9.97153415005274,-9.8800074227274,-9.92964324963422,-10.315736834141,-9.56760848034859,"95%","9",TRUE,6,0.192036013245399
"552",",
 ","ProxyRecord",7882.475,-10.96649002,0.317905458091809,75.5249999999996,0.158952729045904,37.7624999999998,-5932.475,9,"test_set",0.00233822384902993,-10.9661225533297,-11.0233521083667,-10.9113226391415,-10.9574444580279,-11.3070283417891,-10.6045527384505,"95%","9",TRUE,6,0.192036013245399
"553",",
 ","ProxyRecord",8096.0125,-11.61562273,0.321847961468769,116.037499999999,0.160923980734384,58.0187499999997,-6146.0125,9,"test_set",0.00253307631954414,-12.0233527651407,-12.1527163241285,-11.8914551708924,-12.0275590961633,-12.410642731304,-11.6527599448003,"95%","9",FALSE,6,0.192036013245399
"554",",
 ","ProxyRecord",314.525,-0.342078769,0.319761861512691,215.55,0.159880930756345,107.775,1635.475,10,"test_set",0.000367000779792626,-0.388280586076437,-0.494366490876798,-0.284029378405005,-0.381488726178811,-0.733012554111333,-0.0261277766570847,"95%","10",TRUE,6,0.192036013245399
"555",",
 ","ProxyRecord",424.5125,-0.459588663,0.319793408523136,253.6125,0.159896704261568,126.80625,1525.4875,10,"test_set",0.000328601895412117,-0.468904932877384,-0.588301646011184,-0.352258951017652,-0.466912470655231,-0.841253910415641,-0.111618590047646,"95%","10",TRUE,6,0.192036013245399
"556",",
 ","ProxyRecord",688.9375,-0.655797012,0.319867015494004,243.0875,0.159933507747002,121.54375,1261.0625,10,"test_set",0.000250745966179355,-0.620994260569206,-0.742988850185847,-0.496644792808684,-0.6198943206253,-0.982961348726002,-0.227155246429246,"95%","10",TRUE,6,0.192036013245399
"557",",
 ","ProxyRecord",3050.05,-1.490715379,0.300794773612641,534.075,0.15039738680632,267.0375,-1100.05,10,"test_set",0.0003645253284279,-1.55127150122227,-1.63355685478131,-1.47206076074685,-1.55471744512738,-1.90680787887503,-1.21352714753243,"95%","10",TRUE,6,0.192036013245399
"558",",
 ","ProxyRecord",3176.9625,-1.569650617,0.300879806101973,536.0875,0.150439903050987,268.04375,-1226.9625,10,"test_set",0.000394473699666387,-1.64758547292016,-1.72084219014223,-1.57468251582882,-1.65214762059255,-1.99283857590783,-1.32448616366912,"95%","10",TRUE,6,0.192036013245399
"559",",
 ","ProxyRecord",3241.4625,-1.609122975,0.300923926058793,549.5375,0.150461963029397,274.76875,-1291.4625,10,"test_set",0.000409473818141492,-1.69932940540218,-1.76806792656484,-1.63075293186528,-1.70612760970077,-2.04423986772169,-1.36710647251778,"95%","10",TRUE,6,0.192036013245399
"560",",
 ","ProxyRecord",3652.4375,-2.100903267,0.288863245235775,474.5875,0.144431622617888,237.29375,-1702.4375,10,"test_set",0.000501562279531242,-2.07243417459559,-2.13267253660459,-2.01297099452931,-2.07648929403896,-2.42034459654285,-1.735427611859,"95%","10",TRUE,6,0.192036013245399
"561",",
 ","ProxyRecord",3774.9125,-2.338190529,0.289240700413988,423.0875,0.144620350206994,211.54375,-1824.9125,10,"test_set",0.000527839475872316,-2.19786194915664,-2.260007254194,-2.1373328218158,-2.19433127790189,-2.52433682978461,-1.87864319284792,"95%","10",TRUE,6,0.192036013245399
"562",",
 ","ProxyRecord",4062.9625,-2.615220506,0.289729574654109,362.0625,0.144864787327055,181.03125,-2112.9625,10,"test_set",0.000587371769089629,-2.51793864643353,-2.58608323253415,-2.4507793837987,-2.51437054420756,-2.83873025850456,-2.19256747427442,"95%","10",TRUE,6,0.192036013245399
"563",",
 ","ProxyRecord",5139.95,-3.540440188,0.339766772285827,226.075,0.169883386142914,113.0375,-3189.95,10,"test_set",0.000700588435154081,-3.9408641451038,-3.99431836180282,-3.8854040227486,-3.93282380876743,-4.31318968464849,-3.56539872563624,"95%","10",FALSE,6,0.192036013245399
"564",",
 ","ProxyRecord",5240.525,-3.699188863,0.340110731013885,284.525000000001,0.170055365506943,142.2625,-3290.525,10,"test_set",0.000701211303333338,-4.08239415113672,-4.13625182816571,-4.02511913939864,-4.08267487429747,-4.43810543469352,-3.72196811637537,"95%","10",FALSE,6,0.192036013245399
"565",",
 ","ProxyRecord",5263.0125,-3.778548902,0.341256009309266,290.0125,0.170628004654633,145.00625,-3313.0125,10,"test_set",0.000701118075530083,-4.11405382843431,-4.16799822033668,-4.05622718695399,-4.10935626510347,-4.47755253341493,-3.74348069486026,"95%","10",TRUE,6,0.192036013245399
"566",",
 ","ProxyRecord",5305.5125,-3.977108146,0.341713889121346,297.5125,0.170856944560673,148.75625,-3355.5125,10,"test_set",0.000700709839729363,-4.17387797370863,-4.22746378252107,-4.11590574769966,-4.18068407859324,-4.54540102706421,-3.81946091213947,"95%","10",TRUE,6,0.192036013245399
"567",",
 ","ProxyRecord",5325.9875,-4.016826921,0.341808042,301.0375,0.17090402117789,150.51875,-3375.9875,10,"test_set",0.000700404838860358,-4.20268792991833,-4.25651621187393,-4.14462472933582,-4.21307388955351,-4.57532410419523,-3.86591475644338,"95%","10",TRUE,6,0.192036013245399
"568",",
 ","ProxyRecord",5403.975,-4.294945935,0.342490488566976,279.025,0.171245244283488,139.5125,-3453.975,10,"test_set",0.000698981695501644,-4.31230224120563,-4.36626104510028,-4.25469309306054,-4.307601050594,-4.67938884212529,-3.93720361656241,"95%","10",TRUE,6,0.192036013245399
"569",",
 ","ProxyRecord",5458.0125,-4.652727697,0.343427072137768,257.0125,0.171713536068884,128.50625,-3508.0125,10,"test_set",0.000699850776353372,-4.38823132763792,-4.44158793258022,-4.33036614868486,-4.38775556290298,-4.75022990759167,-4.01951046730231,"95%","10",TRUE,6,0.192036013245399
"570",",
 ","ProxyRecord",5876.425,-5.20971416,0.345018016928655,233.575,0.172509008464327,116.7875,-3926.425,10,"test_set",0.000778324701311561,-5.00066505149174,-5.04833875594032,-4.95178331021298,-5.00182837074918,-5.37666113386533,-4.6242328399447,"95%","10",TRUE,6,0.192036013245399
"571",",
 ","ProxyRecord",5959.5125,-5.368946419,0.345500796548822,219.537499999999,0.172750398274411,109.76875,-4009.5125,10,"test_set",0.000809030808590627,-5.13293513978597,-5.18072105753052,-5.084374352714,-5.13774879506291,-5.49476885497956,-4.75967857214819,"95%","10",TRUE,6,0.192036013245399
"572",",
 ","ProxyRecord",6007.0125,-5.44857656,0.345747603325205,207.0625,0.172873801662603,103.53125,-4057.0125,10,"test_set",0.000828836326838278,-5.21094537254538,-5.25894363915118,-5.16186321171234,-5.20816153941388,-5.56881792202859,-4.85808399575599,"95%","10",TRUE,6,0.192036013245399
"573",",
 ","ProxyRecord",6173.5,-5.647710547,0.346378582693799,166.5,0.1731892913469,83.25,-4223.5,10,"test_set",0.000911184680418841,-5.50062524541402,-5.55160114494134,-5.45071818903187,-5.49666552062319,-5.86915011273885,-5.12465842872644,"95%","10",TRUE,6,0.192036013245399
"574",",
 ","ProxyRecord",6376,-5.767361799,0.339334572475942,137.05,0.169667286237971,68.5250000000001,-4426,10,"test_set",0.00103846409764685,-5.89443143069112,-5.94847165865487,-5.8415671060859,-5.89110183006391,-6.27944021676094,-5.51465842811693,"95%","10",TRUE,6,0.192036013245399
"575",",
 ","ProxyRecord",7509.5125,-9.123676882,0.344163563135009,97.5124999999998,0.172081781567504,48.7562499999999,-5559.5125,10,"test_set",0.0020041289449324,-9.34003184779439,-9.3900555106971,-9.29052649453603,-9.34343688179447,-9.71580783029137,-8.9770709814076,"95%","10",TRUE,6,0.192036013245399
"576",",
 ","ProxyRecord",7626.475,-9.966857902,0.348448225001148,45.5249999999996,0.174224112500574,22.7624999999998,-5676.475,10,"test_set",0.00209110818594205,-9.82074438397512,-9.86874427435487,-9.7735079378172,-9.82689615291221,-10.2087833340455,-9.42107734993512,"95%","10",TRUE,6,0.192036013245399
"577",",
 ","ProxyRecord",7638.9875,-10.00707729,0.348658753653181,45.0124999999998,0.174329376826591,22.5062499999999,-5688.9875,10,"test_set",0.00210019984985266,-9.87344691074832,-9.92182181252145,-9.82667877171378,-9.8752195755038,-10.2388616512788,-9.51154288087728,"95%","10",TRUE,6,0.192036013245399
"578",",
 ","ProxyRecord",7668.0125,-10.12775327,0.349294603306728,51.0124999999998,0.174647301653364,25.5062499999999,-5718.0125,10,"test_set",0.00212113089488319,-9.99663813434105,-10.0442893514132,-9.95060313948608,-9.98161511412508,-10.3649451639832,-9.5944149120612,"95%","10",TRUE,6,0.192036013245399
"579",",
 ","ProxyRecord",7673.5125,-10.16799711,0.34950763406825,51.5124999999998,0.174753817034125,25.7562499999999,-5723.5125,10,"test_set",0.00212507215948676,-10.0201290829266,-10.0674869376094,-9.97415869895579,-10.0258763690662,-10.3928293996496,-9.63192226173885,"95%","10",TRUE,6,0.192036013245399
"580",",
 ","ProxyRecord",7785.5125,-10.64362138,0.315978194872758,70.5374999999995,0.157989097436379,35.2687499999997,-5835.5125,10,"test_set",0.00220359825537919,-10.5085745657083,-10.556458344513,-10.4607109337019,-10.5064907299489,-10.8775779677213,-10.1590951019603,"95%","10",TRUE,6,0.192036013245399
"581",",
 ","ProxyRecord",7901.9875,-11.08776593,0.318636706627967,76.0124999999998,0.159318353313984,38.0062499999999,-5951.9875,10,"test_set",0.00228175872223346,-11.0365452719407,-11.0985231713452,-10.9772857029897,-11.0336200979078,-11.3733021276192,-10.6958678455475,"95%","10",TRUE,6,0.192036013245399
"582",",
 ","ProxyRecord",8033.5,-11.49327452,0.321101327885253,79.5249999999996,0.160550663942626,39.7624999999998,-6083.5,10,"test_set",0.00236571684193443,-11.6564794937529,-11.7626804883001,-11.5532184231197,-11.6639135150333,-12.0257031708493,-11.3162497565342,"95%","10",TRUE,6,0.192036013245399
"583",",
 ","ProxyRecord",1641.5375,-0.957970181,0.286726175796548,296.5375,0.143363087898274,148.26875,308.4625,1,"test_set",3.2019159462715e-06,-0.907683851630406,-1.01394076656271,-0.806787536908004,-0.915877520777165,-1.2258138935145,-0.60223867670779,"95%","1",TRUE,7,0.18225695841171
"584",",
 ","ProxyRecord",2665.525,-1.254088565,0.300565543276673,450.55,0.150282771638337,225.275,-715.525,1,"test_set",0.000401086521789606,-1.23974185868454,-1.33634200545966,-1.13901905542135,-1.24270693296427,-1.55964358902952,-0.89771449587261,"95%","1",TRUE,7,0.18225695841171
"585",",
 ","ProxyRecord",2895,-1.451256277,0.300753825014529,485.025,0.150376912507265,242.5125,-945,1,"test_set",0.00046268649132597,-1.43864218676369,-1.51078620642126,-1.35595221617491,-1.44652378601211,-1.77694766146053,-1.12564733378742,"95%","1",TRUE,7,0.18225695841171
"586",",
 ","ProxyRecord",3340.9625,-1.705778615,0.288320523167636,558.0875,0.144160261583818,279.04375,-1390.9625,1,"test_set",0.000469421375559609,-1.8638024938228,-1.92546839619962,-1.80075898915119,-1.86364237745424,-2.20137221439479,-1.54746435397274,"95%","1",TRUE,7,0.18225695841171
"587",",
 ","ProxyRecord",4515.375,-3.064499745,0.338816014431289,249.625,0.169408007215644,124.8125,-2565.375,1,"test_set",0.000596448500767011,-2.94897742416228,-3.02204107284751,-2.87299314181246,-2.94583221630236,-3.28892349414335,-2.58814878993272,"95%","1",TRUE,7,0.18225695841171
"588",",
 ","ProxyRecord",4791.55,-3.302407786,0.339275250705151,158.55,0.169637625352575,79.2750000000001,-2841.55,1,"test_set",0.000730207782628778,-3.31610024523305,-3.3833885733569,-3.24578403449641,-3.3237141000238,-3.65441033999797,-2.96876593284699,"95%","1",TRUE,7,0.18225695841171
"589",",
 ","ProxyRecord",5436.4875,-4.493687003,0.343001634708074,263.5375,0.171500817354037,131.76875,-3486.4875,1,"test_set",0.000854913411418856,-4.36535477085392,-4.41685901857184,-4.31499941749703,-4.36563761210827,-4.71868809441523,-3.99019361260358,"95%","1",TRUE,7,0.18225695841171
"590",",
 ","ProxyRecord",5769.0125,-5.050516198,0.344546861642985,237.0125,0.172273430821493,118.50625,-3819.0125,1,"test_set",0.000810949289742346,-4.9238102900954,-4.98526625027197,-4.86473596372546,-4.9276889607467,-5.29435263654841,-4.55899829779012,"95%","1",TRUE,7,0.18225695841171
"591",",
 ","ProxyRecord",5894.5625,-5.249518632,0.345137240098874,229.6875,0.172568620049437,114.84375,-3944.5625,1,"test_set",0.000793110909191874,-5.12560464815984,-5.18655692700201,-5.06716328016263,-5.12484298553936,-5.48824904739216,-4.76619595625909,"95%","1",TRUE,7,0.18225695841171
"592",",
 ","ProxyRecord",5915.5375,-5.289326617,0.345257715571853,227.537499999999,0.172628857785926,113.76875,-3965.5375,1,"test_set",0.000792318396580782,-5.15903504301248,-5.22009221168965,-5.10132780638443,-5.16629828874489,-5.53325206033072,-4.8320440441924,"95%","1",TRUE,7,0.18225695841171
"593",",
 ","ProxyRecord",5982.9625,-5.408760694,0.345623638613531,213.0375,0.172811819306765,106.51875,-4032.9625,1,"test_set",0.000794013493088386,-5.26653892355169,-5.3265656784807,-5.2101472609442,-5.26987247931583,-5.61481371485561,-4.89316555244408,"95%","1",TRUE,7,0.18225695841171
"594",",
 ","ProxyRecord",6401.5125,-5.807199824,0.339467945253441,126.5125,0.169733972626721,63.2562499999999,-4451.5125,1,"test_set",0.000949321977850026,-5.98282124110483,-6.03324163326222,-5.93284789229591,-5.98402121149449,-6.33533417301817,-5.64312737753209,"95%","1",TRUE,7,0.18225695841171
"595",",
 ","ProxyRecord",6483.5,-6.006430847,0.340146513072739,115.525,0.17007325653637,57.7624999999998,-4533.5,1,"test_set",0.00100895571695236,-6.14375233018391,-6.19392484990315,-6.09377777706027,-6.14105091822766,-6.4946499249741,-5.79469740844283,"95%","1",TRUE,7,0.18225695841171
"596",",
 ","ProxyRecord",6757.9875,-6.564574788,0.342153890162499,35.0124999999998,0.171076945081249,17.5062499999999,-4807.9875,1,"test_set",0.00127825393949621,-6.76668063293594,-6.81875877498221,-6.71531236737415,-6.7662843613555,-7.12349752923315,-6.41463874390029,"95%","1",TRUE,7,0.18225695841171
"597",",
 ","ProxyRecord",7009,-7.482762399,0.34577545544023,63.0249999999996,0.172887727720115,31.5124999999998,-5059,1,"test_set",0.00160918052662939,-7.48626721250606,-7.53280266913854,-7.44222539878564,-7.48053122656609,-7.84075671297088,-7.10873488094757,"95%","1",TRUE,7,0.18225695841171
"598",",
 ","ProxyRecord",7056.5,-7.602653996,0.346276162220291,50.5,0.173138081110145,25.25,-5106.5,1,"test_set",0.00166926332374473,-7.64102956895239,-7.68548859950298,-7.59743803272258,-7.64444032484381,-8.01112422942652,-7.27497352952308,"95%","1",TRUE,7,0.18225695841171
"599",",
 ","ProxyRecord",7077,-7.922489889,0.34764481511105,49,0.173822407555525,24.5,-5127,1,"test_set",0.00169413794917084,-7.70953440660094,-7.7537453238387,-7.66608260901953,-7.70737664267668,-8.06185003893981,-7.34065441750461,"95%","1",TRUE,7,0.18225695841171
"600",",
 ","ProxyRecord",7079,-8.002475328,0.347993704941651,50,0.173996852470826,25,-5129,1,"test_set",0.0016965306579575,-7.71627166627191,-7.76024872497099,-7.67274331879476,-7.71574524563724,-8.07367130402248,-7.36060334909565,"95%","1",TRUE,7,0.18225695841171
"601",",
 ","ProxyRecord",7126.5125,-8.402640694,0.349777152545626,66.5374999999995,0.174888576272813,33.2687499999997,-5176.5125,1,"test_set",0.00175159064110808,-7.87906481633277,-7.92194398211883,-7.83829070777735,-7.87837895916001,-8.2507183301159,-7.49979404137468,"95%","1",FALSE,7,0.18225695841171
"602",",
 ","ProxyRecord",7586.9875,-9.605206156,0.34658136976361,69.0375000000004,0.173290684881805,34.5187500000002,-5636.9875,1,"test_set",0.00210804073108584,-9.675360606054,-9.72532421207046,-9.62680525362202,-9.6737441188103,-10.0309759833126,-9.31685822038008,"95%","1",TRUE,7,0.18225695841171
"603",",
 ","ProxyRecord",7704.9875,-10.32901506,0.350365765765407,55.0375000000004,0.175182882882703,27.5187500000002,-5754.9875,1,"test_set",0.00214768200930138,-10.1801102619444,-10.2284017675276,-10.1316234345436,-10.1812815443471,-10.5449326495977,-9.8232830893965,"95%","1",TRUE,7,0.18225695841171
"604",",
 ","ProxyRecord",7710.9875,-10.36928899,0.350581118951387,56.0124999999998,0.175290559475694,28.0062499999999,-5760.9875,1,"test_set",0.00214913414628981,-10.2060629816232,-10.254423610976,-10.1573399574421,-10.2004620260458,-10.5559214309058,-9.85460124878032,"95%","1",TRUE,7,0.18225695841171
"605",",
 ","ProxyRecord",7737.4875,-10.44985038,0.351013938377691,56.5124999999998,0.175506969188846,28.2562499999999,-5787.4875,1,"test_set",0.00215489542254588,-10.3209616065557,-10.3690080613425,-10.2728300385224,-10.3168579599973,-10.693354944194,-9.97405770143857,"95%","1",TRUE,7,0.18225695841171
"606",",
 ","ProxyRecord",7822.5,-10.76462635,0.31669658463322,75.5249999999996,0.15834829231661,37.7624999999998,-5872.5,1,"test_set",0.0021661973865772,-10.6920714901935,-10.7437094161257,-10.6425191335765,-10.689747296827,-11.0125654979978,-10.3714093878677,"95%","1",TRUE,7,0.18225695841171
"607",",
 ","ProxyRecord",7855.9875,-10.84533785,0.317178678190513,72.0124999999998,0.158589339095256,36.0062499999999,-5905.9875,1,"test_set",0.00216764372318323,-10.8390478003262,-10.8953278474715,-10.7847813443073,-10.8431657159664,-11.1760228814831,-10.5254219258713,"95%","1",TRUE,7,0.18225695841171
"608",",
 ","ProxyRecord",7874.5,-10.92610014,0.317662308928226,77.5,0.158831154464113,38.75,-5924.5,1,"test_set",0.00216771415297856,-10.9204312658309,-10.9794425383853,-10.8621629311796,-10.9190170063122,-11.26040751615,-10.5784349170665,"95%","1",TRUE,7,0.18225695841171
"609",",
 ","ProxyRecord",7909.475,-11.12823582,0.318881930258435,73.5499999999993,0.159440965129217,36.7749999999996,-5959.475,1,"test_set",0.00216643028689845,-11.0743695328774,-11.1385456017026,-11.0074319357872,-11.0769038595568,-11.3932433196945,-10.7387413248322,"95%","1",TRUE,7,0.18225695841171
"610",",
 ","ProxyRecord",7985.025,-11.45261046,0.320852569852097,48.0250000000006,0.160426284926048,24.0125000000003,-6035.025,1,"test_set",0.00215733239956606,-11.4072247284691,-11.4940624268912,-11.3185094033556,-11.4028093593051,-11.7369652036563,-11.0541205512285,"95%","1",TRUE,7,0.18225695841171
"611",",
 ","ProxyRecord",8079.5375,-11.57477541,0.32159807563747,108.537499999999,0.160799037818735,54.2687499999997,-6129.5375,1,"test_set",0.00213377695632566,-11.8227693199861,-11.9531024657519,-11.6914572867787,-11.819173887729,-12.1888875339053,-11.4548292336405,"95%","1",TRUE,7,0.18225695841171
"612",",
 ","ProxyRecord",86.5125,-0.185732135,0.320420612992673,115.5125,0.160210306496337,57.75625,1863.4875,2,"test_set",0.000394732580669826,-0.160429815626061,-0.275394948850434,-0.0487026718136236,-0.15355358852334,-0.508409266888861,0.209472786723929,"95%","2",TRUE,7,0.18225695841171
"613",",
 ","ProxyRecord",106.975,-0.224759024,0.320425871285962,117.05,0.160212935642981,58.525,1843.025,2,"test_set",0.000397258367831887,-0.17737563175349,-0.285923963278322,-0.0722143008207873,-0.17004604913333,-0.506395360301706,0.177870721520762,"95%","2",TRUE,7,0.18225695841171
"614",",
 ","ProxyRecord",455.475,-0.498793716,0.319806047515963,262.525,0.159903023757982,131.2625,1494.525,2,"test_set",0.000394902990985546,-0.465933120227991,-0.58081765182603,-0.348662086427533,-0.468212066995502,-0.80498819792651,-0.129862327194156,"95%","2",TRUE,7,0.18225695841171
"615",",
 ","ProxyRecord",489.9125,-0.538023586,0.319819761943323,257.1375,0.159909880971662,128.56875,1460.0875,2,"test_set",0.000390016880517929,-0.493276040620449,-0.609640718558094,-0.376876569177776,-0.492540769457061,-0.849737187002487,-0.138609626553332,"95%","2",TRUE,7,0.18225695841171
"616",",
 ","ProxyRecord",3669.4875,-2.14043883,0.28892352842253,466.6125,0.144461764211265,233.30625,-1719.4875,2,"test_set",0.000424495047934847,-2.14661568310774,-2.20542321653625,-2.0852508118579,-2.15236399388446,-2.4577237496323,-1.8267620878032,"95%","2",TRUE,7,0.18225695841171
"617",",
 ","ProxyRecord",4137.85,-2.654812297,0.289803103947138,343.15,0.144901551973569,171.575,-2187.85,2,"test_set",0.000469058668139954,-2.5534119287256,-2.60781364911941,-2.49606586486819,-2.55452305811764,-2.87077278901501,-2.25569203388637,"95%","2",TRUE,7,0.18225695841171
"618",",
 ","ProxyRecord",5282.9875,-3.857965428,0.341436546111018,293.0125,0.170718273055509,146.50625,-3332.9875,2,"test_set",0.00084220753513442,-4.10339262927727,-4.15262805897728,-4.05340233992565,-4.10868411432564,-4.47086480647545,-3.74438694525638,"95%","2",TRUE,7,0.18225695841171
"619",",
 ","ProxyRecord",5357.5,-4.056556677,0.341902928643201,296.525,0.1709514643216,148.2625,-3407.5,2,"test_set",0.000846263333875719,-4.22940450436585,-4.27939702177843,-4.17965250107645,-4.23153132783852,-4.57811210046565,-3.88239442529468,"95%","2",TRUE,7,0.18225695841171
"620",",
 ","ProxyRecord",5419.475,-4.374432822,0.342692479157206,270.525,0.171346239578603,135.2625,-3469.475,2,"test_set",0.000846968543055659,-4.33450090008488,-4.38493478877569,-4.28166644660976,-4.34640964856989,-4.72717095858655,-3.99507400447366,"95%","2",TRUE,7,0.18225695841171
"621",",
 ","ProxyRecord",5425.5,-4.414179642,0.342794652632266,267.5,0.171397326316133,133.75,-3475.5,2,"test_set",0.000846907869656022,-4.34471956049806,-4.39517717076991,-4.29197910326356,-4.35338016310769,-4.71681433870358,-4.00006273705683,"95%","2",TRUE,7,0.18225695841171
"622",",
 ","ProxyRecord",5450.5125,-4.612960677,0.343319504023197,259.5125,0.171659752011599,129.75625,-3500.5125,2,"test_set",0.00084641111079975,-4.38712946646511,-4.43758009414748,-4.33419698940089,-4.38756501097579,-4.74552994644179,-4.02120253020667,"95%","2",TRUE,7,0.18225695841171
"623",",
 ","ProxyRecord",5521,-4.89137323,0.344089636619946,235,0.172044818309973,117.5,-3571,2,"test_set",0.000842887867591457,-4.50639231568227,-4.55843674210491,-4.45168612680383,-4.51040441768847,-4.8539547868642,-4.150186588443,"95%","2",FALSE,7,0.18225695841171
"624",",
 ","ProxyRecord",5540.55,-4.931154704,0.344202398,232.6,0.172101199126866,116.3,-3590.55,2,"test_set",0.000841355451997039,-4.53936151997317,-4.59199855675313,-4.48360910712779,-4.53835286647842,-4.89344703375728,-4.19396726970579,"95%","2",FALSE,7,0.18225695841171
"625",",
 ","ProxyRecord",6898.4875,-7.123284212,0.344312050323254,37.5124999999998,0.172156025161627,18.7562499999999,-4948.4875,2,"test_set",0.00147552716307509,-7.14868391201491,-7.1961437049202,-7.10305579421124,-7.14211344953182,-7.4947262800205,-6.77820242442392,"95%","2",TRUE,7,0.18225695841171
"626",",
 ","ProxyRecord",6901,-7.203151788,0.344632076022813,37,0.172316038011406,18.5,-4951,2,"test_set",0.00147905776779478,-7.15609994647694,-7.20347001250684,-7.11047664377312,-7.163131856903,-7.51827644013736,-6.79042660600294,"95%","2",TRUE,7,0.18225695841171
"627",",
 ","ProxyRecord",6955.4875,-7.442811919,0.345609326054903,54.5124999999998,0.172804663027451,27.2562499999999,-5005.4875,2,"test_set",0.00155678792799208,-7.3213496381442,-7.36636285113531,-7.27647814247321,-7.32282964235597,-7.69112182250413,-6.9749311810041,"95%","2",TRUE,7,0.18225695841171
"628",",
 ","ProxyRecord",7069.4875,-7.722565125,0.346784271994654,50.5124999999998,0.173392135997327,25.2562499999999,-5119.4875,2,"test_set",0.00170515512449843,-7.69327847772055,-7.73543881938818,-7.65044936498739,-7.69136715248525,-8.07905377157771,-7.32715981871385,"95%","2",TRUE,7,0.18225695841171
"629",",
 ","ProxyRecord",7073,-7.842510552,0.347298114098866,50,0.173649057049433,25,-5123,2,"test_set",0.00170936054089132,-7.70526078772218,-7.7473790330747,-7.66245776436867,-7.7071558068181,-8.07454957585559,-7.35732950773422,"95%","2",TRUE,7,0.18225695841171
"630",",
 ","ProxyRecord",7199.5,-8.442668627,0.34995908964487,94.5,0.174979544822435,47.25,-5249.5,2,"test_set",0.00184623267220907,-8.15528695227843,-8.19623826493596,-8.11389446451081,-8.15073857675242,-8.52047562887887,-7.79697852744425,"95%","2",TRUE,7,0.18225695841171
"631",",
 ","ProxyRecord",7393,-8.682831134,0.342027151171328,58.0249999999996,0.171013575585664,29.0124999999998,-5443,2,"test_set",0.00200069560891691,-8.90164394259413,-8.94750306256816,-8.85580904597014,-8.90068377816343,-9.24668080766048,-8.55440838025903,"95%","2",TRUE,7,0.18225695841171
"632",",
 ","ProxyRecord",7501.9875,-9.083584591,0.343965959128801,99.0124999999998,0.171982979564401,49.5062499999999,-5551.9875,2,"test_set",0.00205846452629999,-9.34467055543912,-9.3930722374751,-9.29508534716554,-9.34637642712742,-9.70113050348091,-8.98157975599969,"95%","2",TRUE,7,0.18225695841171
"633",",
 ","ProxyRecord",7542.9875,-9.324212167,0.345159996659364,93.0124999999998,0.172579998329682,46.5062499999999,-5592.9875,2,"test_set",0.00207474403253194,-9.51432902968052,-9.56344687169076,-9.4637691828435,-9.51885145976446,-9.86473378429116,-9.16697901757705,"95%","2",TRUE,7,0.18225695841171
"634",",
 ","ProxyRecord",7590.4875,-9.645368042,0.346786157617497,67.5124999999998,0.173393078808748,33.7562499999999,-5640.4875,2,"test_set",0.00208987708840702,-9.71245022142037,-9.76074923542966,-9.6625195557016,-9.72027218391237,-10.1024722481961,-9.3671209296731,"95%","2",TRUE,7,0.18225695841171
"635",",
 ","ProxyRecord",7593,-9.685537385,0.346991817174247,66,0.173495908587123,33,-5643,2,"test_set",0.00209056613131864,-9.72296994069007,-9.77127523555629,-9.67299473305196,-9.71405892449772,-10.0781302163948,-9.34421321468431,"95%","2",TRUE,7,0.18225695841171
"636",",
 ","ProxyRecord",7680.5,-10.20824852,0.349720836991891,52.5249999999996,0.174860418495946,26.2624999999998,-5730.5,2,"test_set",0.00210757914071991,-10.0912153383287,-10.1364752608631,-10.043303155622,-10.0876365918842,-10.4504279550571,-9.71812895779779,"95%","2",TRUE,7,0.18225695841171
"637",",
 ","ProxyRecord",7719.5,-10.40956333,0.350797820037471,54.5,0.175398910018735,27.25,-5769.5,2,"test_set",0.00211078768543871,-10.256159562581,-10.301596678159,-10.2088605059699,-10.2489270833822,-10.5941209615715,-9.89435245655642,"95%","2",TRUE,7,0.18225695841171
"638",",
 ","ProxyRecord",7916,-11.16869893,0.319127252382136,72.0249999999996,0.159563626191068,36.0124999999998,-5966,2,"test_set",0.00208592239951955,-11.0861516830445,-11.14686651034,-11.0259550359929,-11.0880676114918,-11.4270481955641,-10.7569209009018,"95%","2",TRUE,7,0.18225695841171
"639",",
 ","ProxyRecord",7950.525,-11.37136039,0.320357822,56.5250000000006,0.160178911062888,28.2625000000003,-6000.525,2,"test_set",0.00207448135616239,-11.2305440677277,-11.299161906046,-11.1622837727449,-11.23516854548,-11.5742443961181,-10.9092550469859,"95%","2",TRUE,7,0.18225695841171
"640",",
 ","ProxyRecord",7962.5125,-11.41196737,0.320605004,50.5124999999998,0.160302502121402,25.2562499999999,-6012.5125,2,"test_set",0.00207001450629463,-11.2804996360422,-11.3529007571238,-11.2088488872746,-11.2729787006069,-11.5996506425364,-10.9388295109032,"95%","2",TRUE,7,0.18225695841171
"641",",
 ","ProxyRecord",43,-0.107832927,0.320413083395057,95,0.160206541697529,47.5,1907,3,"test_set",0.000395990478163632,-0.132519990655074,-0.265338788766536,0.00104209648846149,-0.132366890520993,-0.504110639510816,0.24111661109133,"95%","3",TRUE,7,0.18225695841171
"642",",
 ","ProxyRecord",143.5,-0.26382257,0.320432262211112,116.5,0.160216131105556,58.25,1806.5,3,"test_set",0.000406832183519334,-0.213951724650411,-0.315944311891763,-0.110776646624395,-0.211748764790172,-0.553221597049599,0.116115393436642,"95%","3",TRUE,7,0.18225695841171
"643",",
 ","ProxyRecord",540.0125,-0.577269311,0.319834502900122,240.0375,0.159917251450061,120.01875,1409.9875,3,"test_set",0.000381326024448403,-0.536117235331954,-0.643094277477858,-0.426405581445732,-0.533866431669739,-0.871332841289166,-0.187256642771878,"95%","3",TRUE,7,0.18225695841171
"644",",
 ","ProxyRecord",3370.9375,-1.745264165,0.288369911951494,556.1375,0.144184955975747,278.06875,-1420.9375,3,"test_set",0.000454080120654288,-1.88892688261399,-1.95377937122874,-1.82416031074077,-1.88437109645598,-2.19589256089606,-1.56253944644867,"95%","3",TRUE,7,0.18225695841171
"645",",
 ","ProxyRecord",3507.4875,-1.942789411,0.288632722,522.5125,0.144316361053702,261.25625,-1557.4875,3,"test_set",0.000424942664500882,-2.00910355262801,-2.07379958451418,-1.94386701444146,-2.00934984913199,-2.31381290330927,-1.68951029851359,"95%","3",TRUE,7,0.18225695841171
"646",",
 ","ProxyRecord",3856.425,-2.456892552,0.289443890618171,374.575,0.144721945309086,187.2875,-1906.425,3,"test_set",0.000403762279510555,-2.29369237194313,-2.35142350315641,-2.23560372240012,-2.29651063240603,-2.58769985393757,-2.00609052883958,"95%","3",TRUE,7,0.18225695841171
"647",",
 ","ProxyRecord",3964.9625,-2.575635346,0.289656809549025,351.0625,0.144828404774512,175.53125,-2014.9625,3,"test_set",0.00041477246457422,-2.38249455780354,-2.44052076978405,-2.32224456294278,-2.38519665111564,-2.70350323137217,-2.08654351974243,"95%","3",TRUE,7,0.18225695841171
"648",",
 ","ProxyRecord",4280.9125,-2.747481033,0.338253782539985,328.1875,0.169126891269993,164.09375,-2330.9125,3,"test_set",0.000494357309066551,-2.66621990823016,-2.73460961365191,-2.59138386877404,-2.66783698523043,-3.02719266519433,-2.28605930156863,"95%","3",TRUE,7,0.18225695841171
"649",",
 ","ProxyRecord",4408.3875,-2.905967107,0.338527465937458,283.6375,0.169263732968729,141.81875,-2458.3875,3,"test_set",0.000546501199882865,-2.79868378989063,-2.8743697818756,-2.71780060443749,-2.80490763004746,-3.15550815942833,-2.44877960497386,"95%","3",TRUE,7,0.18225695841171
"650",",
 ","ProxyRecord",4435,-2.945588849,0.33859826394738,280.025,0.16929913197369,140.0125,-2485,3,"test_set",0.000558840471087674,-2.828097552491,-2.90493133351425,-2.74644255750857,-2.82261778653281,-3.18261208170932,-2.46880379747674,"95%","3",TRUE,7,0.18225695841171
"651",",
 ","ProxyRecord",4599,-3.183441865,0.339041496327628,211.025,0.169520748163814,105.5125,-2649,3,"test_set",0.000645958469525088,-3.0251208795608,-3.10428317586667,-2.94272953031002,-3.02536717695363,-3.38451248451968,-2.66041719562989,"95%","3",TRUE,7,0.18225695841171
"652",",
 ","ProxyRecord",4690.4875,-3.262750604,0.339196208492697,164.5375,0.169598104246349,82.2687500000002,-2740.4875,3,"test_set",0.000696511982567482,-3.14797778858233,-3.22538578929823,-3.06857295529346,-3.15373288882107,-3.51103304519594,-2.79238131290274,"95%","3",TRUE,7,0.18225695841171
"653",",
 ","ProxyRecord",5395.5125,-4.255202499,0.342390587855401,282.5125,0.171195293927701,141.25625,-3445.5125,3,"test_set",0.000876868631172201,-4.30035072289825,-4.3478477674476,-4.2524161760335,-4.30582989383993,-4.66337144579672,-3.97128772664681,"95%","3",TRUE,7,0.18225695841171
"654",",
 ","ProxyRecord",5410.475,-4.33468808,0.34259086707063,276.525,0.171295433535315,138.2625,-3460.475,3,"test_set",0.000876682646855364,-4.32659553723055,-4.37410138970704,-4.27754333436618,-4.32422168204449,-4.68548717067476,-3.95645954505411,"95%","3",TRUE,7,0.18225695841171
"655",",
 ","ProxyRecord",6043.025,-5.488399286,0.34587172985261,202.025000000001,0.172935864926305,101.0125,-4093.025,3,"test_set",0.000803279948780044,-5.38355809743838,-5.44086437853762,-5.32906279999163,-5.3837773736126,-5.75703946459445,-5.02508271758952,"95%","3",TRUE,7,0.18225695841171
"656",",
 ","ProxyRecord",6417.9875,-5.847043877,0.339602210489672,123.0125,0.169801105244836,61.5062499999999,-4467.9875,3,"test_set",0.000957512108579195,-6.03215815261738,-6.0795431654078,-5.98588845364916,-6.03442583165169,-6.3601662245996,-5.6752503577504,"95%","3",TRUE,7,0.18225695841171
"657",",
 ","ProxyRecord",6439.475,-5.886892288,0.339737279826235,120.549999999999,0.169868639913118,60.2749999999996,-4489.475,3,"test_set",0.000972664164278214,-6.07367566963134,-6.121595824565,-6.02713258724706,-6.07529333074892,-6.42604958850402,-5.72899017907297,"95%","3",TRUE,7,0.18225695841171
"658",",
 ","ProxyRecord",6800.0125,-6.644358516,0.342452829835931,51.0124999999998,0.171226414917965,25.5062499999999,-4850.0125,3,"test_set",0.00132898174829421,-6.89156680544054,-6.94134897783918,-6.84264124369821,-6.89006072808665,-7.23051552231899,-6.51702181454675,"95%","3",TRUE,7,0.18225695841171
"659",",
 ","ProxyRecord",6848.9875,-6.684252516,0.34260380174792,53.0124999999998,0.17130190087396,26.5062499999999,-4898.9875,3,"test_set",0.00139224797885973,-7.02455126611933,-7.07379426302108,-6.97479437780641,-7.02944007662961,-7.37674278354658,-6.67797845014269,"95%","3",TRUE,7,0.18225695841171
"660",",
 ","ProxyRecord",6890.5,-6.883772216,0.343369408052847,37.5,0.171684704026423,18.75,-4940.5,3,"test_set",0.00144865813922479,-7.14219896166768,-7.19061930362247,-7.09395411120955,-7.14223881413578,-7.4987983249844,-6.77405982443968,"95%","3",TRUE,7,0.18225695841171
"661",",
 ","ProxyRecord",7044,-7.522722574,0.345941793605715,51,0.172970896802857,25.5,-5094,3,"test_set",0.00165896002277677,-7.6185390072743,-7.66268323669045,-7.57299375019762,-7.62293884167849,-7.99349379089753,-7.26592743968706,"95%","3",TRUE,7,0.18225695841171
"662",",
 ","ProxyRecord",7066.025,-7.682598569,0.346614444,51.0250000000006,0.173307222,25.5125000000003,-5116.025,3,"test_set",0.00168628635361934,-7.6919910773309,-7.73549395099466,-7.64737989785267,-7.69149655718242,-8.05764564048275,-7.33588441232654,"95%","3",TRUE,7,0.18225695841171
"663",",
 ","ProxyRecord",7074.0125,-7.882497373,0.34747131068946,49.0124999999998,0.17373565534473,24.5062499999999,-5124.0125,3,"test_set",0.00169599829438205,-7.71892287727291,-7.76159047615212,-7.67403881646475,-7.71864029260456,-8.07679522147497,-7.36497478455927,"95%","3",TRUE,7,0.18225695841171
"664",",
 ","ProxyRecord",7081,-8.042470852,0.348169049616767,49.0249999999996,0.174084524808384,24.5124999999998,-5131,3,"test_set",0.00170440786555481,-7.74260921258296,-7.78509886227404,-7.69743922388007,-7.73906444294454,-8.09333856278421,-7.3791061328844,"95%","3",TRUE,7,0.18225695841171
"665",",
 ","ProxyRecord",7430.5,-8.762952764,0.342409824875896,80.5,0.171204912437948,40.25,-5480.5,3,"test_set",0.00202206828734397,-9.05386939654917,-9.10240574866101,-9.00426126114355,-9.05255305655191,-9.39490114403005,-8.69238623932755,"95%","3",TRUE,7,0.18225695841171
"666",",
 ","ProxyRecord",7459.4875,-8.883161883,0.342987579214241,92.5375000000004,0.17149378960712,46.2687500000002,-5509.4875,3,"test_set",0.00203934776710213,-9.1715460074221,-9.22085336975058,-9.12144556415912,-9.17122994013017,-9.50006185163403,-8.8186604837014,"95%","3",TRUE,7,0.18225695841171
"667",",
 ","ProxyRecord",7576.0125,-9.524897074,0.34617240093023,76.0124999999998,0.173086200465115,38.0062499999999,-5626.0125,3,"test_set",0.00209479539607926,-9.65396693927949,-9.70375940216935,-9.60415016958433,-9.64942214798627,-10.0026915135983,-9.28965299691501,"95%","3",TRUE,7,0.18225695841171
"668",",
 ","ProxyRecord",7605,-9.806066862,0.347612659721494,59,0.173806329860747,29.5,-5655,3,"test_set",0.00210510292593113,-9.77592410274379,-9.82542955845086,-9.72759258905429,-9.77233897060743,-10.1148098113316,-9.43021809781545,"95%","3",TRUE,7,0.18225695841171
"669",",
 ","ProxyRecord",8060.5,-11.53399231,0.321349646637693,98.5,0.160674823318847,49.25,-6110.5,3,"test_set",0.00208468912390458,-11.7245548921483,-11.8371739835806,-11.6099733280587,-11.7298420013598,-12.0941319617273,-11.3742429848742,"95%","3",TRUE,7,0.18225695841171
"670",",
 ","ProxyRecord",-68,-0.030352389,0.320409272640452,1,0.160204636320226,0.5,2018,4,"test_set",0.028868421241483,-0.0383203632829209,-0.297953649650364,0.204203488196169,-0.0399347813385279,-0.434872550067283,0.35710420879275,"95%","4",TRUE,7,0.18225695841171
"671",",
 ","ProxyRecord",65.5,-0.14675457,0.320416356065089,107.525,0.160208178032545,53.7625,1884.5,4,"test_set",0.0295183291974477,-0.156238051991716,-0.299099917476402,-0.0149774025388107,-0.159043216935236,-0.517166831591887,0.19223785969581,"95%","4",TRUE,7,0.18225695841171
"672",",
 ","ProxyRecord",1706.475,-0.997324995,0.28675416817989,289.55,0.143377084089945,144.775,243.525,4,"test_set",7.27193624538991e-05,-0.903676615784626,-1.00332129352281,-0.799443182994238,-0.90282172390898,-1.20855787865177,-0.594921785347208,"95%","4",TRUE,7,0.18225695841171
"673",",
 ","ProxyRecord",2025.0375,-1.076058933,0.286813488023543,247.0625,0.143406744011772,123.53125,-75.0375,4,"test_set",0.00459469084749253,-0.92001019061427,-1.01906689998617,-0.816422648826448,-0.915590386096495,-1.22425679285275,-0.614784328759211,"95%","4",TRUE,7,0.18225695841171
"674",",
 ","ProxyRecord",4191.45,-2.694404099,0.289878253,339.575,0.144939126,169.7875,-2241.45,4,"test_set",0.0346720019489766,-2.60923885540439,-2.66555492591632,-2.54835591279498,-2.61167100416322,-2.90626679939751,-2.31855160770908,"95%","4",TRUE,7,0.18225695841171
"675",",
 ","ProxyRecord",4321.525,-2.787094202,0.338320892998089,312.55,0.169160446499044,156.275,-2371.525,4,"test_set",0.0376750787655533,-2.73655219596241,-2.79910602054924,-2.6693768147929,-2.73685646059601,-3.07908076508296,-2.40694683463385,"95%","4",TRUE,7,0.18225695841171
"676",",
 ","ProxyRecord",4354.4125,-2.826712448,0.338389052265366,300.612499999999,0.169194526132683,150.30625,-2404.4125,4,"test_set",0.0385764874639927,-2.77053025750484,-2.83440286414478,-2.70191606317044,-2.76825828319459,-3.11309757711971,-2.4187501570724,"95%","4",TRUE,7,0.18225695841171
"677",",
 ","ProxyRecord",5100.5125,-3.461085237,0.339599499341038,209.537499999999,0.169799749670519,104.76875,-3150.5125,4,"test_set",0.0623242580500172,-3.80933599518826,-3.86448990627959,-3.7530740916777,-3.80473055223486,-4.16605484065848,-3.43997370904746,"95%","4",TRUE,7,0.18225695841171
"678",",
 ","ProxyRecord",5272.5,-3.818256486,0.341346113413569,290.525,0.170673056706785,145.2625,-3322.5,4,"test_set",0.0642437709902133,-4.10354811913485,-4.15273370827754,-4.0518416158744,-4.10062923621949,-4.46477062577912,-3.74134605078161,"95%","4",TRUE,7,0.18225695841171
"679",",
 ","ProxyRecord",5429.025,-4.453935584,0.342897641735312,267.025000000001,0.171448820867656,133.5125,-3479.025,4,"test_set",0.0645127860702033,-4.37566024325917,-4.42552847595137,-4.3243486769993,-4.37586660695362,-4.72924339484213,-3.99955506588649,"95%","4",TRUE,7,0.18225695841171
"680",",
 ","ProxyRecord",5851.575,-5.169910325,0.344899204306193,229.599999999999,0.172449602153096,114.8,-3901.575,4,"test_set",0.058577389957648,-5.08369118315598,-5.14174022267866,-5.02324962359637,-5.0825386661217,-5.44817934151006,-4.72083652511767,"95%","4",TRUE,7,0.18225695841171
"681",",
 ","ProxyRecord",6463.5,-5.926729401,0.339872549353913,120.525,0.169936274676956,60.2624999999998,-4513.5,4,"test_set",0.0714658762253073,-6.09353379626464,-6.14729635042695,-6.0401315667721,-6.09887973153367,-6.44501109139398,-5.71512360008981,"95%","4",TRUE,7,0.18225695841171
"682",",
 ","ProxyRecord",6512.95,-6.165855616,0.34070486802075,104.05,0.170352434010375,52.0250000000001,-4562.95,4,"test_set",0.0744666978778952,-6.19092461870025,-6.24523084823324,-6.13715086757391,-6.18838178658166,-6.55617159199074,-5.83343601308935,"95%","4",TRUE,7,0.18225695841171
"683",",
 ","ProxyRecord",6521.0125,-6.20571608,0.340846172023142,100.0125,0.170423086011571,50.0062499999999,-4571.0125,4,"test_set",0.0749837413660081,-6.20719672760656,-6.26157753077847,-6.15298790956824,-6.20870727685214,-6.57855259090949,-5.8479812408761,"95%","4",TRUE,7,0.18225695841171
"684",",
 ","ProxyRecord",6526.9875,-6.245590152,0.340988382903296,98.0124999999998,0.170494191451648,49.0062499999999,-4576.9875,4,"test_set",0.0753719394154917,-6.21932977081442,-6.27402312868957,-6.1650177675798,-6.21947514963441,-6.59225471176962,-5.84207710844975,"95%","4",TRUE,7,0.18225695841171
"685",",
 ","ProxyRecord",6897.4875,-7.08335346,0.344153167249994,37.5124999999998,0.172076583624997,18.7562499999999,-4947.4875,4,"test_set",0.107799695804056,-7.12404719557521,-7.17908217974474,-7.06725603282857,-7.12647516499325,-7.52002736633695,-6.73304343654439,"95%","4",TRUE,7,0.18225695841171
"686",",
 ","ProxyRecord",6903,-7.283028277,0.344955116399451,36,0.172477558199726,18,-4953,4,"test_set",0.108406349319923,-7.14020430242289,-7.19523169615474,-7.08367042564178,-7.14176143651178,-7.56255649628991,-6.74023155735926,"95%","4",TRUE,7,0.18225695841171
"687",",
 ","ProxyRecord",6906.0125,-7.362912933,0.345280720801897,36.0124999999998,0.172640360400949,18.0062499999999,-4956.0125,4,"test_set",0.10873941505789,-7.14907264052738,-7.20407761480905,-7.09272266743176,-7.1559500060134,-7.55900491149766,-6.75017664441788,"95%","4",TRUE,7,0.18225695841171
"688",",
 ","ProxyRecord",7063.5,-7.642624088,0.346445405898564,50.5249999999996,0.173222702949282,25.2624999999998,-5113.5,4,"test_set",0.12567603649587,-7.65083405785528,-7.70028214650297,-7.59911431864298,-7.64184299643014,-8.07660008353862,-7.2210663874339,"95%","4",TRUE,7,0.18225695841171
"689",",
 ","ProxyRecord",7090,-8.282547459,0.349234831212595,48,0.174617415606297,24,-5140,4,"test_set",0.128195086363325,-7.74212299414665,-7.79136782691398,-7.69162091416017,-7.75344864875387,-8.19263256195136,-7.31847388743792,"95%","4",FALSE,7,0.18225695841171
"690",",
 ","ProxyRecord",7100.0375,-8.362604116,0.349595550011948,52.0374999999995,0.174797775005974,26.0187499999997,-5150.0375,4,"test_set",0.129122229641787,-7.77716806973093,-7.82570594092766,-7.72669503319624,-7.7819431683432,-8.20195021756879,-7.34277022472843,"95%","4",FALSE,7,0.18225695841171
"691",",
 ","ProxyRecord",7268.5,-8.482611111,0.341081271,87.5,0.170540635,43.75,-5318.5,4,"test_set",0.142468438898646,-8.39937283789459,-8.45085150726267,-8.34827909483285,-8.39417222800793,-8.82573560143123,-7.97390314054284,"95%","4",TRUE,7,0.18225695841171
"692",",
 ","ProxyRecord",7338,-8.602734373,0.341646440804731,60.0249999999996,0.170823220402366,30.0124999999998,-5388,4,"test_set",0.146756631470701,-8.67193732352067,-8.7273436315317,-8.61699491678343,-8.65725954181702,-9.10414020741319,-8.20837800454214,"95%","4",TRUE,7,0.18225695841171
"693",",
 ","ProxyRecord",7415.05,-8.722890214,0.342218516,71.0500000000002,0.171109258016306,35.5250000000001,-5465.05,4,"test_set",0.150679170643286,-8.98247885673191,-9.04163053026673,-8.92709390078617,-8.98794497448908,-9.44124328347485,-8.53846778841392,"95%","4",TRUE,7,0.18225695841171
"694",",
 ","ProxyRecord",7596.5,-9.725715756,0.34719796054297,63.5249999999996,0.173598980271485,31.7624999999998,-5646.5,4,"test_set",0.156462647484012,-9.73787460228142,-9.80092323220625,-9.67722907735573,-9.73602756286461,-10.2179019323443,-9.24678201427882,"95%","4",TRUE,7,0.18225695841171
"695",",
 ","ProxyRecord",7793.5,-10.68396094,0.316216789064177,73.5249999999996,0.158108394532089,36.7624999999998,-5843.5,4,"test_set",0.157251727758467,-10.5727169571881,-10.6340029342533,-10.5138376260435,-10.5808928272856,-11.0284608027961,-10.1436472649316,"95%","4",TRUE,7,0.18225695841171
"696",",
 ","ProxyRecord",7807.525,-10.72429601,0.316456439287178,75.5250000000005,0.158228219643589,37.7625000000003,-5857.525,4,"test_set",0.157089964675095,-10.6319296591071,-10.6928845275523,-10.5719253324591,-10.6449398903222,-11.0665640220948,-10.2185116053116,"95%","4",TRUE,7,0.18225695841171
"697",",
 ","ProxyRecord",7888,-11.0069002,0.318148605343717,77,0.159074302671859,38.5,-5938,4,"test_set",0.155601766970115,-10.9695810316598,-11.0425712462891,-10.8975145784444,-10.9736642881672,-11.4076215606549,-10.5302655581102,"95%","4",TRUE,7,0.18225695841171
"698",",
 ","ProxyRecord",7934.9875,-11.29023581,0.319864531495081,66.0124999999998,0.15993226574754,33.0062499999999,-5984.9875,4,"test_set",0.154291815844942,-11.1644787469538,-11.2514252836602,-11.0805936623395,-11.1704615992402,-11.6292089033603,-10.7167957167037,"95%","4",TRUE,7,0.18225695841171
"699",",
 ","ProxyRecord",14,-0.069005802,0.320410770700682,74,0.160205385350341,37,1936,5,"test_set",0.000384189912372088,-0.117613625158,-0.269408659032999,0.0375758964651785,-0.115840005114189,-0.46803569887397,0.239941285173748,"95%","5",TRUE,7,0.18225695841171
"700",",
 ","ProxyRecord",1574.9625,-0.918623073,0.286699283275371,295.0375,0.143349641637685,147.51875,375.0375,5,"test_set",9.882141938089e-07,-0.917716035273308,-1.02690837921297,-0.809377081150827,-0.919979266873363,-1.2345931859036,-0.60796914940905,"95%","5",TRUE,7,0.18225695841171
"701",",
 ","ProxyRecord",2566.0125,-1.175272669,0.30049796406866,410.0125,0.15024898203433,205.00625,-616.0125,5,"test_set",0.000358535985406361,-1.16481212999879,-1.2604920106949,-1.06450761878245,-1.16441295006208,-1.48824294747562,-0.835070340723661,"95%","5",TRUE,7,0.18225695841171
"702",",
 ","ProxyRecord",3395.5,-1.784757341,0.288420549773389,547.525,0.144210274886695,273.7625,-1445.5,5,"test_set",0.000458312243961645,-1.91541385431922,-1.97916548229941,-1.85531845728969,-1.91710026945674,-2.2229627190808,-1.6123087576422,"95%","5",TRUE,7,0.18225695841171
"703",",
 ","ProxyRecord",4383.425,-2.866337463,0.338457829204649,292.6,0.169228914602324,146.3,-2433.425,5,"test_set",0.000540849314578651,-2.79707574573778,-2.86521031467422,-2.7300728719579,-2.79658127716964,-3.15285020596719,-2.44272809923117,"95%","5",TRUE,7,0.18225695841171
"704",",
 ","ProxyRecord",5386.5125,-4.175739411,0.342193393629715,283.5125,0.171096696814857,141.75625,-3436.5125,5,"test_set",0.000853845530746078,-4.28626733322522,-4.33612048752559,-4.2401705859182,-4.28545754566307,-4.60925665708344,-3.93005998245871,"95%","5",TRUE,7,0.18225695841171
"705",",
 ","ProxyRecord",5391.975,-4.21547279,0.342291458284034,283.025,0.171145729142017,141.5125,-3441.975,5,"test_set",0.000853853849314134,-4.29562207207566,-4.34544654346164,-4.2492960747384,-4.30121293663272,-4.64437335178659,-3.964043703476,"95%","5",TRUE,7,0.18225695841171
"706",",
 ","ProxyRecord",5446.4875,-4.573196685,0.343212915147096,262.5125,0.171606457573548,131.25625,-3496.4875,5,"test_set",0.000852833142905851,-4.38893400586461,-4.44033382032457,-4.34227637893803,-4.38617767857551,-4.73803971589497,-4.04495229296897,"95%","5",TRUE,7,0.18225695841171
"707",",
 ","ProxyRecord",5464.5125,-4.69249573,0.343535620780583,253.5125,0.171767810390292,126.75625,-3514.5125,5,"test_set",0.000852054239608435,-4.41974788837683,-4.47205498019762,-4.37227760876508,-4.41807191871125,-4.7587354409764,-4.08457585202781,"95%","5",TRUE,7,0.18225695841171
"708",",
 ","ProxyRecord",5935.9875,-5.329136603,0.345378910631829,224.1625,0.172689455315915,112.08125,-3985.9875,5,"test_set",0.000785804558622871,-5.19356186759528,-5.25218732122488,-5.13777681856299,-5.19263912577195,-5.53086001821982,-4.85134000292603,"95%","5",TRUE,7,0.18225695841171
"709",",
 ","ProxyRecord",6885,-6.764058341,0.342908309835436,39,0.171454154917718,19.5,-4935,5,"test_set",0.00145432400602274,-7.10588745961102,-7.1538582477569,-7.05814886986877,-7.094479442379,-7.43572798368888,-6.74127193506373,"95%","5",TRUE,7,0.18225695841171
"710",",
 ","ProxyRecord",6888.5,-6.843862071,0.343214473416499,37.5,0.171607236708249,18.75,-4938.5,5,"test_set",0.00145925118673063,-7.11606523660076,-7.1638649736311,-7.06860931157102,-7.11441457521378,-7.4605273725246,-6.7583142608254,"95%","5",TRUE,7,0.18225695841171
"711",",
 ","ProxyRecord",6891.5,-6.923682426,0.34352457919312,37.5,0.17176228959656,18.75,-4941.5,5,"test_set",0.0014634888830356,-7.12481652360635,-7.17259713428443,-7.077605755923,-7.11995656766269,-7.44853691123821,-6.77705773728888,"95%","5",TRUE,7,0.18225695841171
"712",",
 ","ProxyRecord",6895.5,-7.043428922,0.343994533991546,37.5,0.171997266995773,18.75,-4945.5,5,"test_set",0.00146915981993345,-7.1365245072495,-7.18409780781283,-7.08964437330583,-7.1394436056998,-7.48888954733155,-6.79699809250265,"95%","5",TRUE,7,0.18225695841171
"713",",
 ","ProxyRecord",6899.0125,-7.163221243,0.344471405296577,37.0124999999998,0.172235702648289,18.5062499999999,-4949.0125,5,"test_set",0.00147415909583781,-7.1468430379425,-7.19427867095189,-7.10004636325822,-7.14729379752292,-7.49361392612125,-6.79491902330075,"95%","5",TRUE,7,0.18225695841171
"714",",
 ","ProxyRecord",6904.9875,-7.322975101,0.345117061896691,36.0124999999998,0.172558530948346,18.0062499999999,-4954.9875,5,"test_set",0.00148270506004078,-7.16447640277965,-7.21152176515293,-7.1177681793201,-7.16759810880539,-7.53457327329578,-6.82796130720493,"95%","5",TRUE,7,0.18225695841171
"715",",
 ","ProxyRecord",6920.0125,-7.402860803,0.345444413830338,42.0124999999998,0.172722206915169,21.0062499999999,-4970.0125,5,"test_set",0.00150442810231688,-7.20927185480037,-7.25604407486317,-7.1629591867815,-7.21186136701824,-7.57081543336203,-6.87800143803214,"95%","5",TRUE,7,0.18225695841171
"716",",
 ","ProxyRecord",7084.4875,-8.122484742,0.348521892022329,48.5124999999998,0.174260946011165,24.2562499999999,-5134.4875,5,"test_set",0.00172487656349141,-7.74080122068731,-7.7822282914591,-7.69905106158638,-7.73754454572021,-8.09522316980679,-7.38188639178954,"95%","5",FALSE,7,0.18225695841171
"717",",
 ","ProxyRecord",7086,-8.162494078,0.348698973973306,48.0249999999996,0.174349486986653,24.0124999999998,-5136,5,"test_set",0.00172668024098765,-7.74601396605983,-7.78746506512929,-7.70434356056441,-7.74356043922762,-8.1093234303298,-7.37769153572124,"95%","5",FALSE,7,0.18225695841171
"718",",
 ","ProxyRecord",7093.5,-8.322571807,0.34941530143365,49.5,0.174707650716825,24.75,-5143.5,5,"test_set",0.00173556352667248,-7.7719428826252,-7.81313138871911,-7.7304125838474,-7.76566860561324,-8.13586467293626,-7.41484730050782,"95%","5",FALSE,7,0.18225695841171
"719",",
 ","ProxyRecord",7441.9875,-8.8030171,0.342601958233598,86.0124999999998,0.171300979116799,43.0062499999999,-5491.9875,5,"test_set",0.00203715932274307,-9.09866422174092,-9.14850893188823,-9.05246761877338,-9.10017056763421,-9.44323171665539,-8.74020936444642,"95%","5",TRUE,7,0.18225695841171
"720",",
 ","ProxyRecord",7488.5125,-9.003393483,0.343573632682052,98.5374999999994,0.171786816341026,49.2687499999997,-5538.5125,5,"test_set",0.00206095576920085,-9.2895190189895,-9.3405923715156,-9.24143299823311,-9.28411774484458,-9.62717398233157,-8.94362895912807,"95%","5",TRUE,7,0.18225695841171
"721",",
 ","ProxyRecord",7559,-9.364339993,0.345361636045189,86.0249999999996,0.172680818022594,43.0124999999998,-5609,5,"test_set",0.00208961761778426,-9.58258571531222,-9.63384804049063,-9.53468121378032,-9.57996585380196,-9.92323877034171,-9.21811046585736,"95%","5",TRUE,7,0.18225695841171
"722",",
 ","ProxyRecord",7569.9875,-9.444616361,0.345765475239243,79.0124999999998,0.172882737619621,39.5062499999999,-5619.9875,5,"test_set",0.00209328320637248,-9.62862615055906,-9.67957208382345,-9.58109487107368,-9.62540686699451,-9.97944330506473,-9.28393304100708,"95%","5",TRUE,7,0.18225695841171
"723",",
 ","ProxyRecord",7582,-9.565044647,0.346376353275751,73,0.173188176637876,36.5,-5632,5,"test_set",0.0020970431719558,-9.67905682704506,-9.72979747256579,-9.63150906795373,-9.68211130237789,-10.0531685409658,-9.31596587613005,"95%","5",TRUE,7,0.18225695841171
"724",",
 ","ProxyRecord",7610,-9.846253579,0.347821223350451,55.0249999999996,0.173910611675225,27.5124999999998,-5660,5,"test_set",0.00210480336426677,-9.79695864332484,-9.84746238702586,-9.7504103704408,-9.79670190673503,-10.1543881452613,-9.44500226577273,"95%","5",TRUE,7,0.18225695841171
"725",",
 ","ProxyRecord",7697,-10.28875477,0.350150107764999,55,0.175075053882499,27.5,-5747,5,"test_set",0.00211995003782661,-10.1657015986187,-10.2121367169598,-10.1204222086074,-10.1562519074196,-10.5142521305556,-9.79005792014732,"95%","5",TRUE,7,0.18225695841171
"726",",
 ","ProxyRecord",7774.025,-10.6033048,0.315739941823423,67.0250000000005,0.157869970911711,33.5125000000003,-5824.025,5,"test_set",0.00212203887728357,-10.4937823005377,-10.5380702130371,-10.448726540809,-10.49037264095,-10.8192596853816,-10.1630464342302,"95%","5",TRUE,7,0.18225695841171
"727",",
 ","ProxyRecord",7865,-10.88571459,0.317420490766427,72,0.158710245383213,36,-5915,5,"test_set",0.00211081040806249,-10.8809536551103,-10.9315571532076,-10.8329268966434,-10.8867702080954,-11.1986898963318,-10.5579409840471,"95%","5",TRUE,7,0.18225695841171
"728",",
 ","ProxyRecord",7928,-11.24970716,0.319618573,67,0.159809286,33.5,-5978,5,"test_set",0.00209434228883865,-11.147548182178,-11.2093419784603,-11.0860642770273,-11.1439588770807,-11.4704807827877,-10.7912750987042,"95%","5",TRUE,7,0.18225695841171
"729",",
 ","ProxyRecord",386.4875,-0.420397887,0.319781865557516,238.5625,0.159890932778758,119.28125,1563.5125,6,"test_set",0.000395799178590228,-0.42378110448043,-0.524318619947755,-0.31575699526421,-0.430371049698124,-0.757192371257301,-0.085435267142521,"95%","6",TRUE,7,0.18225695841171
"730",",
 ","ProxyRecord",2620.5,-1.21467617,0.300531211877705,433.6,0.150265605938852,216.8,-670.5,6,"test_set",0.000365838899729631,-1.21605346491045,-1.31311754901148,-1.12453546616018,-1.21552600691439,-1.53101427843741,-0.8947663715659,"95%","6",TRUE,7,0.18225695841171
"731",",
 ","ProxyRecord",3136.4625,-1.530183704,0.300836598734054,537.5375,0.150418299367027,268.76875,-1186.4625,6,"test_set",0.000468363323413712,-1.66148507551521,-1.7265865843939,-1.59351778973189,-1.65505030756443,-1.96019959799969,-1.34157846096998,"95%","6",TRUE,7,0.18225695841171
"732",",
 ","ProxyRecord",3424,-1.824260224,0.288472039568732,537.05,0.144236019784366,268.525,-1474,6,"test_set",0.000450756124759088,-1.92813438354466,-1.99672195279462,-1.85962064042947,-1.92979350133311,-2.23383110808855,-1.62513801697491,"95%","6",TRUE,7,0.18225695841171
"733",",
 ","ProxyRecord",3624.9875,-2.061371665,0.288804013330107,479.0375,0.144402006665054,239.51875,-1674.9875,6,"test_set",0.000429387677725046,-2.10414741345209,-2.17003613479353,-2.03828926158866,-2.10734077839962,-2.43732130949062,-1.79839169727552,"95%","6",TRUE,7,0.18225695841171
"734",",
 ","ProxyRecord",3721.4625,-2.219524348,0.289047480325488,448.5875,0.144523740162744,224.29375,-1771.4625,6,"test_set",0.0004271223652208,-2.18663801891077,-2.24842471207618,-2.12388950421991,-2.18440612915551,-2.48280009868017,-1.87499712396217,"95%","6",TRUE,7,0.18225695841171
"735",",
 ","ProxyRecord",3752.4875,-2.298633897,0.289175402580346,439.5375,0.144587701290173,219.76875,-1802.4875,6,"test_set",0.000427497317934122,-2.21313220414237,-2.27423077349446,-2.15218291647829,-2.21669638901782,-2.51922299399499,-1.92629467747479,"95%","6",TRUE,7,0.18225695841171
"736",",
 ","ProxyRecord",3805.4375,-2.377754547,0.28930718893556,399.6625,0.14465359446778,199.83125,-1855.4375,6,"test_set",0.000429377596855573,-2.25846088617543,-2.31823116432051,-2.19947905658822,-2.26025766345914,-2.5640897715144,-1.95682222760341,"95%","6",TRUE,7,0.18225695841171
"737",",
 ","ProxyRecord",3909.325,-2.536051478,0.289584870766641,355.7,0.144792435383321,177.85,-1959.325,6,"test_set",0.000437611775105928,-2.34837259368023,-2.40407728548997,-2.29298754496345,-2.35810305621406,-2.65976752039384,-2.06223585161964,"95%","6",TRUE,7,0.18225695841171
"738",",
 ","ProxyRecord",5045.05,-3.381744875,0.339435742587645,182.075,0.169717871293823,91.0374999999999,-3095.05,6,"test_set",0.000803119169556776,-3.71912731348622,-3.77327924540851,-3.66402980440594,-3.722718219194,-4.05934253242457,-3.36567513086373,"95%","6",TRUE,7,0.18225695841171
"739",",
 ","ProxyRecord",5223.5,-3.659498747,0.340023651799844,274.525,0.170011825899922,137.2625,-3273.5,6,"test_set",0.000832362194835845,-4.0116371086075,-4.06060949168706,-3.96266042138913,-4.0131602921534,-4.34995486507,-3.65620705642258,"95%","6",TRUE,7,0.18225695841171
"740",",
 ","ProxyRecord",5253.5125,-3.738856111,0.341167013120535,287.5125,0.170583506560267,143.75625,-3303.5125,6,"test_set",0.000835369501661631,-4.06171434377522,-4.11075026254275,-4.01414194793061,-4.05709184355568,-4.40830375951121,-3.71141902629603,"95%","6",TRUE,7,0.18225695841171
"741",",
 ","ProxyRecord",5440.975,-4.533437045,0.343107092356876,264.049999999999,0.171553546178438,132.025,-3490.975,6,"test_set",0.000841701715370568,-4.37697396754414,-4.42856410282606,-4.32363468267738,-4.38363906897794,-4.72342304501366,-4.0498019194245,"95%","6",TRUE,7,0.18225695841171
"742",",
 ","ProxyRecord",5469.4875,-4.732269606,0.34364463779127,251.5125,0.171822318895635,125.75625,-3519.4875,6,"test_set",0.000840783996625127,-4.42498973290989,-4.47744692487092,-4.37054376674539,-4.42141003088177,-4.7651611495049,-4.07958831138538,"95%","6",TRUE,7,0.18225695841171
"743",",
 ","ProxyRecord",5482.5125,-4.772046295,0.343754642647718,243.5125,0.171877321323859,121.75625,-3532.5125,6,"test_set",0.000840199521734419,-4.4469047918377,-4.4997381532304,-4.39224423918147,-4.44100003471655,-4.77942992290713,-4.10434299932568,"95%","6",TRUE,7,0.18225695841171
"744",",
 ","ProxyRecord",5510,-4.851600007,0.343977162579867,236,0.171988581289933,118,-3560,6,"test_set",0.000838625944288296,-4.49309809673034,-4.54745785316178,-4.43722442207707,-4.50043209263122,-4.8417340231011,-4.16262539692714,"95%","6",FALSE,7,0.18225695841171
"745",",
 ","ProxyRecord",5832.025,-5.130111674,0.344781272868479,227.05,0.172390636434239,113.525,-3882.025,6,"test_set",0.000790620763457817,-5.02060052330095,-5.08051774554971,-4.96143501051345,-5.01803580619992,-5.36986687454128,-4.67809551894506,"95%","6",TRUE,7,0.18225695841171
"746",",
 ","ProxyRecord",6086,-5.528218646,0.345997335052248,187.025,0.172998667526124,93.5124999999998,-4136,6,"test_set",0.00080578775625284,-5.42296152929136,-5.47578800023411,-5.36628264593239,-5.42746484403557,-5.76676681539031,-5.07968742271496,"95%","6",TRUE,7,0.18225695841171
"747",",
 ","ProxyRecord",6507.475,-6.125994293,0.340564026510113,104.525,0.170282013255057,52.2624999999998,-4557.475,6,"test_set",0.00103487381175604,-6.18148410484604,-6.22794630920157,-6.13285773409746,-6.17983189354754,-6.53844920477439,-5.83363358850585,"95%","6",TRUE,7,0.18225695841171
"748",",
 ","ProxyRecord",6724.5,-6.48481342,0.341857871416384,49.5249999999996,0.170928935708192,24.7624999999998,-4774.5,6,"test_set",0.00125209045902519,-6.67474040283027,-6.7218444520509,-6.62475681994492,-6.67265150826926,-7.01475662412096,-6.33587110083775,"95%","6",TRUE,7,0.18225695841171
"749",",
 ","ProxyRecord",6894,-7.003509672,0.343837082444669,37,0.171918541222335,18.5,-4944,6,"test_set",0.00146866835446513,-7.13356178890737,-7.17915745962087,-7.0871469231458,-7.13587444149989,-7.46955290778807,-6.7948277710422,"95%","6",TRUE,7,0.18225695841171
"750",",
 ","ProxyRecord",7071.0125,-7.762544206,0.346955222393991,50.0124999999998,0.173477611196996,25.0062499999999,-5121.0125,6,"test_set",0.00170720886967235,-7.69507432316579,-7.73789720445992,-7.65327299000765,-7.68708914142308,-8.04612674056533,-7.34829041582329,"95%","6",TRUE,7,0.18225695841171
"751",",
 ","ProxyRecord",7072,-7.802531821,0.347126117252899,50,0.173563058626449,25,-5122,6,"test_set",0.00170839878341766,-7.69843526942843,-7.74133010877821,-7.65666943518416,-7.69754646178459,-8.07102414114197,-7.35840037874434,"95%","6",TRUE,7,0.18225695841171
"752",",
 ","ProxyRecord",7082.9875,-8.082471263,0.348345391893485,49.0124999999998,0.174172695946742,24.5062499999999,-5132.9875,6,"test_set",0.00172152460804487,-7.73598869264302,-7.77858388161358,-7.69471165324668,-7.73767269158883,-8.0796105647785,-7.38987682769341,"95%","6",FALSE,7,0.18225695841171
"753",",
 ","ProxyRecord",7087,-8.202512229,0.348877000744633,48.0249999999996,0.174438500372316,24.0124999999998,-5137,6,"test_set",0.00172626591929959,-7.74977429687824,-7.7925558801269,-7.70868343697225,-7.75043570831184,-8.08361799906969,-7.41277776902585,"95%","6",FALSE,7,0.18225695841171
"754",",
 ","ProxyRecord",7468.025,-8.923237509,0.343182358880579,94.0250000000006,0.17159117944029,47.0125000000003,-5518.025,6,"test_set",0.00204955520897165,-9.20146719646089,-9.25200638882153,-9.15559918058917,-9.20177679574592,-9.53580190261595,-8.85976850654822,"95%","6",TRUE,7,0.18225695841171
"755",",
 ","ProxyRecord",7478.0375,-8.963317834,0.343377864874404,98.0374999999994,0.171688932437202,49.0187499999997,-5528.0375,6,"test_set",0.0020546627698792,-9.242574040915,-9.2930921253629,-9.19637432350795,-9.25279666096928,-9.59628253854792,-8.90622857713396,"95%","6",TRUE,7,0.18225695841171
"756",",
 ","ProxyRecord",7845,-10.80497827,0.316937688842211,77,0.158468844421106,38.5,-5895,6,"test_set",0.00212215897272827,-10.7963337809738,-10.8424488920006,-10.7489613628398,-10.8036889672605,-11.1260918831636,-10.4717864878707,"95%","6",TRUE,7,0.18225695841171
"757",",
 ","ProxyRecord",7896.5,-11.04732685,0.318392066237282,76.5249999999996,0.159196033118641,38.2624999999998,-5946.5,6,"test_set",0.00211298413668182,-11.0166858210477,-11.0693452744377,-10.9628720074351,-11.0170668396225,-11.3439761187019,-10.69371733463,"95%","6",TRUE,7,0.18225695841171
"758",",
 ","ProxyRecord",847.125,-0.695083187,0.319884878215016,253.125,0.159942439107508,126.5625,1102.875,7,"test_set",0.000289312352078075,-0.758222982461355,-0.870878498556429,-0.643765654575134,-0.7564541001127,-1.10554832373167,-0.419049121144582,"95%","7",TRUE,7,0.18225695841171
"759",",
 ","ProxyRecord",1516.4625,-0.879284769,0.286673489851659,291.5875,0.143336744925829,145.79375,433.5375,7,"test_set",3.59230395152732e-06,-0.924289075200763,-1.05038102457215,-0.81229807170933,-0.927798507494399,-1.23937122355049,-0.593667801670536,"95%","7",TRUE,7,0.18225695841171
"760",",
 ","ProxyRecord",2489.5125,-1.135875216,0.30046558039297,369.5125,0.150232790196485,184.75625,-539.5125,7,"test_set",0.000317981467995443,-1.10917063844619,-1.22745673370808,-0.98799064006685,-1.11525084869223,-1.44352211836286,-0.786801752592255,"95%","7",TRUE,7,0.18225695841171
"761",",
 ","ProxyRecord",2751.4125,-1.33293653,0.300637532720803,478.6125,0.150318766360402,239.30625,-801.4125,7,"test_set",0.000420637148257352,-1.30504430382469,-1.40092662874768,-1.20302573624681,-1.30818371753936,-1.61872966104436,-0.976648343179956,"95%","7",TRUE,7,0.18225695841171
"762",",
 ","ProxyRecord",2796.5125,-1.372378102,0.300675145598983,477.5125,0.150337572799491,238.75625,-846.5125,7,"test_set",0.000433290994733548,-1.34362050624032,-1.43536771407981,-1.24755625226338,-1.34467785443051,-1.65467959901491,-1.036842481797,"95%","7",TRUE,7,0.18225695841171
"763",",
 ","ProxyRecord",2840.475,-1.411810407,0.30071411651296,479.525,0.15035705825648,239.7625,-890.475,7,"test_set",0.000444205019267674,-1.3822611857793,-1.46803994855853,-1.29025952455837,-1.38128528407615,-1.71312648562644,-1.06280776975665,"95%","7",TRUE,7,0.18225695841171
"764",",
 ","ProxyRecord",3303.5,-1.666295442,0.288272126175546,553.525,0.144136063087773,276.7625,-1353.5,7,"test_set",0.00047397841139718,-1.82002840597277,-1.88293656067248,-1.75744006511454,-1.81731485894567,-2.12437718347173,-1.50635008938092,"95%","7",TRUE,7,0.18225695841171
"765",",
 ","ProxyRecord",3878.425,-2.496469688,0.289513860602869,365.625,0.144756930301435,182.8125,-1928.425,7,"test_set",0.000428892502490896,-2.32556543537531,-2.37925791790574,-2.27174851650457,-2.32301637235265,-2.63233274959129,-2.0220646925989,"95%","7",TRUE,7,0.18225695841171
"766",",
 ","ProxyRecord",4537.4625,-3.104147077,0.338890106207929,242.5625,0.169445053103964,121.28125,-2587.4625,7,"test_set",0.000615569779682801,-2.98479786741322,-3.05642188289633,-2.91066733856703,-2.98206762730582,-3.3430746334731,-2.60845128434853,"95%","7",TRUE,7,0.18225695841171
"767",",
 ","ProxyRecord",4958.525,-3.342076191,0.339354657792045,177.575000000001,0.169677328896023,88.7875000000004,-3008.525,7,"test_set",0.000791607559935681,-3.58457654152745,-3.64382212608418,-3.52263956271517,-3.5862993504887,-3.93616450560472,-3.23090568025244,"95%","7",TRUE,7,0.18225695841171
"768",",
 ","ProxyRecord",5201,-3.619811057,0.339937131124243,263,0.169968565562121,131.5,-3251,7,"test_set",0.000841032526810448,-3.98191013769089,-4.03047633344469,-3.93206196233551,-3.97702474440316,-4.3457885994955,-3.63105755282325,"95%","7",FALSE,7,0.18225695841171
"769",",
 ","ProxyRecord",5692.025,-5.010731089,0.344431279151665,261.025000000001,0.172215639575833,130.5125,-3742.025,7,"test_set",0.000821892291558157,-4.8113550294485,-4.8652285619058,-4.75435204115489,-4.81289957568686,-5.18032062342712,-4.45218558817417,"95%","7",TRUE,7,0.18225695841171
"770",",
 ","ProxyRecord",6473.4875,-5.966574007,0.340009225945833,117.5125,0.170004612972917,58.7562499999999,-4523.4875,7,"test_set",0.001001534462719,-6.12265025683375,-6.17024630406655,-6.07497357827776,-6.12782928528339,-6.46494940346645,-5.78436282076695,"95%","7",TRUE,7,0.18225695841171
"771",",
 ","ProxyRecord",6498,-6.086131553,0.340423833661309,108,0.170211916830655,54,-4548,7,"test_set",0.00102159068191554,-6.17220127964961,-6.21971913782882,-6.1245943979414,-6.17387017704391,-6.52374554030325,-5.81381761882429,"95%","7",TRUE,7,0.18225695841171
"772",",
 ","ProxyRecord",6892,-6.96359469,0.343680553311825,38,0.171840276655912,19,-4942,7,"test_set",0.00146575598045651,-7.13592260378547,-7.18421208616371,-7.08754523627454,-7.14170193353867,-7.47874568935158,-6.79745348383774,"95%","7",TRUE,7,0.18225695841171
"773",",
 ","ProxyRecord",7088.9875,-8.242522251,0.349055583,48.0124999999998,0.174527791574334,24.0062499999999,-5138.9875,7,"test_set",0.00173177313815831,-7.7665999464076,-7.80780797573019,-7.72378157990783,-7.76656618233692,-8.11260970960721,-7.4034193942357,"95%","7",FALSE,7,0.18225695841171
"774",",
 ","ProxyRecord",7303.5,-8.522639728,0.341268713146706,72.5249999999996,0.170634356573353,36.2624999999998,-5353.5,7,"test_set",0.00194292361030968,-8.55682015628738,-8.60216637326351,-8.51181743711706,-8.54917985517392,-8.89879960637252,-8.20715261186078,"95%","7",TRUE,7,0.18225695841171
"775",",
 ","ProxyRecord",7322,-8.562682971,0.341457053963497,65,0.170728526981748,32.5,-5372,7,"test_set",0.00195717309448007,-8.62891696367904,-8.67537897415659,-8.58317887306915,-8.62917450717338,-8.9784572915525,-8.2714447680889,"95%","7",TRUE,7,0.18225695841171
"776",",
 ","ProxyRecord",7355.5,-8.642775035,0.341836322185815,56.5,0.170918161092907,28.25,-5405.5,7,"test_set",0.00198137571860713,-8.76078804484792,-8.80860913948084,-8.71376027975249,-8.76183680880938,-9.1066812923012,-8.4164543321186,"95%","7",TRUE,7,0.18225695841171
"777",",
 ","ProxyRecord",7450.5,-8.843079696,0.342794840287658,91.5,0.171397420143829,45.75,-5500.5,7,"test_set",0.00203879414923946,-9.14291044975402,-9.19160528991264,-9.09424181990873,-9.13935507563081,-9.48709074767598,-8.77193953562313,"95%","7",TRUE,7,0.18225695841171
"778",",
 ","ProxyRecord",7496.0125,-9.043484911,0.343769106,99.0374999999994,0.171884553,49.5187499999997,-5546.0125,7,"test_set",0.0020604265119406,-9.32958677146554,-9.38044815238025,-9.28014551307001,-9.32922911696336,-9.67326921009454,-8.98048913157871,"95%","7",TRUE,7,0.18225695841171
"779",",
 ","ProxyRecord",7517.025,-9.163784268,0.344361290824923,96.0250000000006,0.172180645412462,48.0125000000003,-5567.025,7,"test_set",0.00206912957079197,-9.41642673118404,-9.46787390740791,-9.36710533189098,-9.41212825655572,-9.77143732744031,-9.07810323405618,"95%","7",TRUE,7,0.18225695841171
"780",",
 ","ProxyRecord",7520.9875,-9.203880679,0.344559865209497,97.0124999999998,0.172279932604749,48.5062499999999,-5570.9875,7,"test_set",0.00207067985362741,-9.43284499268104,-9.48458147394642,-9.38352335037019,-9.43447676603886,-9.77829977288485,-9.10369064433661,"95%","7",TRUE,7,0.18225695841171
"781",",
 ","ProxyRecord",7572.5,-9.484752232,0.345968667861325,78.5,0.172984333930663,39.25,-5622.5,7,"test_set",0.0020882080040252,-9.64736848127436,-9.69869077657215,-9.59660294813937,-9.64882747616982,-9.99177017994762,-9.30856591306665,"95%","7",TRUE,7,0.18225695841171
"782",",
 ","ProxyRecord",7615.5,-9.886457368,0.348029551077181,51.5,0.17401477553859,25.75,-5665.5,7,"test_set",0.00209910569446414,-9.82774714349771,-9.87769012830207,-9.77692159041217,-9.82088413506406,-10.1856766390872,-9.46532179134521,"95%","7",TRUE,7,0.18225695841171
"783",",
 ","ProxyRecord",7621.975,-9.92665478,0.348238250285579,48.0249999999996,0.17411912514279,24.0124999999998,-5671.975,7,"test_set",0.00210045235564671,-9.85499238221921,-9.90454350489137,-9.80411064343201,-9.85229201734057,-10.1926764501195,-9.48649955854276,"95%","7",TRUE,7,0.18225695841171
"784",",
 ","ProxyRecord",7660,-10.08751181,0.349082609237231,50,0.174541304618615,25,-5710,7,"test_set",0.00210680607897196,-10.0153453450003,-10.0644597482045,-9.96462888340677,-10.0197863106232,-10.3719166516313,-9.65562060369827,"95%","7",TRUE,7,0.18225695841171
"785",",
 ","ProxyRecord",7755.0125,-10.52272384,0.315264165620434,64.0124999999998,0.157632082810217,32.0062499999999,-5805.0125,7,"test_set",0.0021110685816339,-10.4175994814769,-10.4654229845103,-10.369590058602,-10.4208614767599,-10.7427885419311,-10.0921517974282,"95%","7",TRUE,7,0.18225695841171
"786",",
 ","ProxyRecord",7765.5125,-10.56300702,0.315501818036251,66.5124999999998,0.157750909018125,33.2562499999999,-5815.5125,7,"test_set",0.00211052175109749,-10.4620969773016,-10.5102001752263,-10.4144669534394,-10.4610929828744,-10.7775641952605,-10.1578977904718,"95%","7",TRUE,7,0.18225695841171
"787",",
 ","ProxyRecord",583.5125,-0.616526198,0.31985027938865,235.5125,0.159925139694325,117.75625,1366.4875,8,"test_set",0.000377144912580563,-0.577010780674039,-0.681620403518384,-0.467718534802064,-0.575843020896721,-0.908478850108577,-0.242890861525743,"95%","8",TRUE,7,0.18225695841171
"788",",
 ","ProxyRecord",1074,-0.734375889,0.319903829030286,223,0.159951914515143,111.5,876,8,"test_set",0.000180842300606665,-0.861137982050715,-0.985645393893764,-0.735053946419609,-0.865413806928443,-1.22235217007793,-0.53018195974127,"95%","8",TRUE,7,0.18225695841171
"789",",
 ","ProxyRecord",3476.475,-1.903281447,0.288578229984398,525.55,0.144289114992199,262.775,-1526.475,8,"test_set",0.000451024488740126,-1.97855619897345,-2.04538205006639,-1.91305901493059,-1.97941749760032,-2.29307695380299,-1.68811937284184,"95%","8",TRUE,7,0.18225695841171
"790",",
 ","ProxyRecord",3547.35,-1.982305466,0.288688593716257,511.65,0.144344296858129,255.825,-1597.35,8,"test_set",0.000442373575559873,-2.04161503391986,-2.10976694270075,-1.97834857392348,-2.04097382584298,-2.34938726018655,-1.73902497832909,"95%","8",TRUE,7,0.18225695841171
"791",",
 ","ProxyRecord",3699.3875,-2.179977648,0.288984919316642,457.6375,0.144492459658321,228.81875,-1749.3875,8,"test_set",0.000433444852032672,-2.17387773713592,-2.23620376965889,-2.11196848507319,-2.17458029369418,-2.47817164357762,-1.8714855460633,"95%","8",TRUE,7,0.18225695841171
"792",",
 ","ProxyRecord",3737.95,-2.259077298,0.289110972963226,445.05,0.144555486481613,222.525,-1787.95,8,"test_set",0.00043326839832547,-2.20714083102624,-2.26757211781314,-2.1464534241649,-2.20316166027619,-2.50215163029153,-1.91312739610751,"95%","8",TRUE,7,0.18225695841171
"793",",
 ","ProxyRecord",4453,-2.985223345,0.338669928952243,277.1,0.169334964476122,138.55,-2503,8,"test_set",0.000583094907757875,-2.89671651840863,-2.9745931283457,-2.81723928895392,-2.90413000473725,-3.25876966384563,-2.53655141691153,"95%","8",TRUE,7,0.18225695841171
"794",",
 ","ProxyRecord",4484.975,-3.024857872,0.338742591363626,263.049999999999,0.169371295681813,131.525,-2534.975,8,"test_set",0.000596581004719265,-2.93437763316141,-3.01253393920538,-2.85361640037536,-2.93905272696829,-3.27985310861107,-2.59690210566348,"95%","8",TRUE,7,0.18225695841171
"795",",
 ","ProxyRecord",4566.475,-3.143788366,0.338965562775759,229.525,0.16948278138788,114.7625,-2616.475,8,"test_set",0.000633582770626084,-3.03448288093701,-3.11370066510651,-2.95203191749279,-3.03553163153288,-3.3957961864921,-2.68510187036275,"95%","8",TRUE,7,0.18225695841171
"796",",
 ","ProxyRecord",5074.9875,-3.421408449,0.339517185021476,194.0125,0.169758592510738,97.0062499999999,-3124.9875,8,"test_set",0.000813352060868855,-3.78436939993312,-3.84697572000937,-3.72608991194896,-3.78939410955478,-4.12928562025496,-3.44540760102749,"95%","8",FALSE,7,0.18225695841171
"797",",
 ","ProxyRecord",5119.9875,-3.500760109,0.339682621925716,216.0125,0.169841310962858,108.00625,-3169.9875,8,"test_set",0.000821513521054307,-3.85808534035616,-3.91797974209887,-3.80247764019246,-3.86199986536409,-4.21559903981302,-3.50483132341862,"95%","8",FALSE,7,0.18225695841171
"798",",
 ","ProxyRecord",5163.4875,-3.580127755,0.339851546253422,245.5125,0.169925773126711,122.75625,-3213.4875,8,"test_set",0.000828197893720794,-3.92999705417903,-3.98802967899996,-3.87637306688208,-3.93000046312311,-4.28997684258232,-3.60217644881187,"95%","8",FALSE,7,0.18225695841171
"799",",
 ","ProxyRecord",5296.5,-3.93739353,0.341620480675429,295.5,0.170810240337715,147.75,-3346.5,8,"test_set",0.000841287953634584,-4.15277252553186,-4.20637152427086,-4.1053801702405,-4.15413806415798,-4.50713247018869,-3.80193201483916,"95%","8",TRUE,7,0.18225695841171
"800",",
 ","ProxyRecord",5370.0125,-4.096279378,0.341998759939205,290.0125,0.170999379969603,145.00625,-3420.0125,8,"test_set",0.000843770201108818,-4.27696184494437,-4.32671010634583,-4.23048328779981,-4.27325624301836,-4.6449453353266,-3.92966516219389,"95%","8",TRUE,7,0.18225695841171
"801",",
 ","ProxyRecord",5381,-4.136006945,0.342095604,286,0.171047802,143,-3431,8,"test_set",0.000843850589649087,-4.29554644985372,-4.34495654901346,-4.24870484981614,-4.29520831168176,-4.64895854843687,-3.96983259844534,"95%","8",TRUE,7,0.18225695841171
"802",",
 ","ProxyRecord",5593,-4.970941183,0.344316526986243,255,0.172158263493122,127.5,-3643,8,"test_set",0.000830604276269575,-4.65233472049403,-4.70784509602906,-4.59865368132375,-4.64846209787778,-4.99832785503039,-4.28498622096522,"95%","8",TRUE,7,0.18225695841171
"803",",
 ","ProxyRecord",5811.9875,-5.090313648,0.344663343498686,232.0375,0.172331671749343,116.01875,-3861.9875,8,"test_set",0.000789833010461649,-5.00859167155437,-5.06794738015012,-4.95192845994488,-4.99910779230527,-5.36837952822944,-4.63830249043816,"95%","8",TRUE,7,0.18225695841171
"804",",
 ","ProxyRecord",6144,-5.607876288,0.346250177934013,172.05,0.173125088967007,86.0250000000001,-4194,8,"test_set",0.000815392134523307,-5.53342831895545,-5.58763910105106,-5.47956337830201,-5.5330036581756,-5.88282439073205,-5.17214606177693,"95%","8",TRUE,7,0.18225695841171
"805",",
 ","ProxyRecord",6224.4875,-5.687542718,0.34650676041386,175.5375,0.17325338020693,87.7687500000002,-4274.4875,8,"test_set",0.000845768759871745,-5.66708637362887,-5.71976869818753,-5.61433947768706,-5.66795914090314,-6.00225452998381,-5.29767794792554,"95%","8",TRUE,7,0.18225695841171
"806",",
 ","ProxyRecord",6541.4625,-6.3253188,0.341274634737221,92.5375000000004,0.17063731736861,46.2687500000002,-4591.4625,8,"test_set",0.00105715358051928,-6.26232002876857,-6.31333810402669,-6.21272234948821,-6.26540747067004,-6.62987500373523,-5.91368343083788,"95%","8",TRUE,7,0.18225695841171
"807",",
 ","ProxyRecord",6548.9875,-6.365185827,0.341419404877928,88.0124999999998,0.170709702438964,44.0062499999999,-4598.9875,8,"test_set",0.00106395028438566,-6.27826423830543,-6.32895294667499,-6.22876792186693,-6.27437742728373,-6.64938536232358,-5.89997376004964,"95%","8",TRUE,7,0.18225695841171
"808",",
 ","ProxyRecord",6606.975,-6.405062003,0.341564503947161,81.0499999999993,0.170782251973581,40.5249999999996,-4656.975,8,"test_set",0.00111909230910978,-6.40465433917958,-6.4554136656345,-6.35468143630033,-6.40294189906395,-6.74521518659298,-6.0496853691534,"95%","8",TRUE,7,0.18225695841171
"809",",
 ","ProxyRecord",6887.475,-6.80395828,0.343060954135525,37.5249999999996,0.171530477067762,18.7624999999998,-4937.475,8,"test_set",0.00145497744006295,-7.12001861544994,-7.16590404085695,-7.07260528285375,-7.11578012151109,-7.46945687869874,-6.76299309595253,"95%","8",TRUE,7,0.18225695841171
"810",",
 ","ProxyRecord",7050.4875,-7.562680895,0.346108904598418,49.5124999999998,0.173054452299209,24.7562499999999,-5100.4875,8,"test_set",0.00167916578055483,-7.63061006667559,-7.67079384973133,-7.58836285541027,-7.62629796090883,-7.97029602699541,-7.27145462006026,"95%","8",TRUE,7,0.18225695841171
"811",",
 ","ProxyRecord",7566,-9.404470798,0.345563160794744,81,0.172781580397372,40.5,-5616,8,"test_set",0.00208441861255793,-9.60979198611729,-9.65681667478269,-9.55964289204858,-9.60585196999645,-9.95258198701193,-9.24576525705871,"95%","8",TRUE,7,0.18225695841171
"812",",
 ","ProxyRecord",7601.5,-9.765890009,0.347405288437699,61.5,0.173702644218849,30.75,-5651.5,8,"test_set",0.00209482858113397,-9.75840453754387,-9.80532059172045,-9.70879959055272,-9.75361914181786,-10.1262169084866,-9.38098929281655,"95%","8",TRUE,7,0.18225695841171
"813",",
 ","ProxyRecord",7689.4875,-10.24849435,0.349935022654488,53.5124999999998,0.174967511327244,26.7562499999999,-5739.4875,8,"test_set",0.0021109109025641,-10.1295712974573,-10.1756603179943,-10.0842936989648,-10.1314375855888,-10.4679898445025,-9.78623260805864,"95%","8",TRUE,7,0.18225695841171
"814",",
 ","ProxyRecord",7921.5,-11.20918651,0.31937371267617,69.5,0.159686856338085,34.75,-5971.5,8,"test_set",0.00208690718155324,-11.1123489813898,-11.1748351453893,-11.0516974354042,-11.1123836196997,-11.4433983722506,-10.7823117335907,"95%","8",TRUE,7,0.18225695841171
"815",",
 ","ProxyRecord",7942.475,-11.33078558,0.3201107,60.5499999999993,0.16005535,30.2749999999996,-5992.475,8,"test_set",0.00207999057550978,-11.2004400423431,-11.2688105958678,-11.1355652915548,-11.1924388555479,-11.530768901879,-10.8648975416918,"95%","8",TRUE,7,0.18225695841171
"816",",
 ","ProxyRecord",261.05,-0.302951103,0.319753405,187.05,0.159876702302196,93.525,1688.95,9,"test_set",0.000421481279594404,-0.315364122552074,-0.419219729902199,-0.206311064066047,-0.316095692312448,-0.670250281504103,0.0297156779932173,"95%","9",TRUE,7,0.18225695841171
"817",",
 ","ProxyRecord",354.925,-0.381224695,0.319771362832019,224.125,0.15988568141601,112.0625,1595.075,9,"test_set",0.000421566058385336,-0.395585109641742,-0.510566017398019,-0.281979525279268,-0.396084198523062,-0.744069734836717,-0.0479627800491889,"95%","9",TRUE,7,0.18225695841171
"818",",
 ","ProxyRecord",1254.55,-0.800639634,0.286625488321054,213.575,0.143312744160527,106.7875,695.45,9,"test_set",6.85398945071691e-05,-0.920296133822075,-1.08007277630051,-0.774240496720675,-0.921921044975671,-1.26321335415897,-0.582128321024328,"95%","9",TRUE,7,0.18225695841171
"819",",
 ","ProxyRecord",1438.0125,-0.839957544,0.286648866939431,294.0125,0.143324433469715,147.00625,511.9875,9,"test_set",4.88355383909678e-07,-0.930329648448445,-1.07355016336181,-0.79703667447217,-0.930745012746261,-1.2530515955248,-0.607139346347543,"95%","9",TRUE,7,0.18225695841171
"820",",
 ","ProxyRecord",1831.4875,-1.036690097,0.286783231865505,286.5125,0.143391615932753,143.25625,118.5125,9,"test_set",1.07079696609613e-05,-0.91072473492121,-1.0171666707213,-0.796872857841895,-0.910650853207881,-1.23169360771883,-0.595691919753742,"95%","9",TRUE,7,0.18225695841171
"821",",
 ","ProxyRecord",2292.0375,-1.096484017,0.300434440477865,271.0375,0.150217220238933,135.51875,-342.0375,9,"test_set",0.000208624385314438,-0.980310075439699,-1.10139325465092,-0.855504367160208,-0.981206533860602,-1.32046885378766,-0.641870252358001,"95%","9",TRUE,7,0.18225695841171
"822",",
 ","ProxyRecord",2713.5,-1.293514541,0.300601118461603,468.525,0.150300559230802,234.2625,-763.5,9,"test_set",0.000425049212327,-1.25828276284563,-1.35446508942148,-1.15836723760845,-1.26905633474837,-1.59454583231726,-0.950661698721353,"95%","9",TRUE,7,0.18225695841171
"823",",
 ","ProxyRecord",3448.3625,-1.86376971,0.288524667101224,531.6375,0.144262333550612,265.81875,-1498.3625,9,"test_set",0.000452710796189359,-1.96085382168327,-2.02676347177919,-1.8945927131492,-1.96098077723711,-2.26455009227114,-1.64853404780663,"95%","9",TRUE,7,0.18225695841171
"824",",
 ","ProxyRecord",3593.4875,-2.021836245,0.288745940919015,495.5625,0.144372970459508,247.78125,-1643.4875,9,"test_set",0.000426713901291453,-2.08838642734072,-2.15132502622642,-2.02229097144109,-2.08535567363726,-2.39458150342517,-1.78195099619021,"95%","9",TRUE,7,0.18225695841171
"825",",
 ","ProxyRecord",3828.4875,-2.417322012,0.289374959537354,387.5625,0.144687479768677,193.78125,-1878.4875,9,"test_set",0.000415160220479382,-2.28475870715799,-2.34013981373038,-2.22371055400164,-2.28618982267723,-2.59986847867407,-1.97386109819265,"95%","9",TRUE,7,0.18225695841171
"826",",
 ","ProxyRecord",4227.425,-2.734003631,0.28995434625047,334.6,0.144977173125235,167.3,-2277.425,9,"test_set",0.000482017058855977,-2.6347884839901,-2.69511372450716,-2.57184119228079,-2.62946242233318,-2.94285904612183,-2.30016004435131,"95%","9",TRUE,7,0.18225695841171
"827",",
 ","ProxyRecord",4645.975,-3.223096834,0.339118288230522,180.025,0.169559144115261,90.0124999999998,-2695.975,9,"test_set",0.000666842658658684,-3.10742210420932,-3.18217704846147,-3.0341187086428,-3.11158762992367,-3.46440218585392,-2.75091908984216,"95%","9",TRUE,7,0.18225695841171
"828",",
 ","ProxyRecord",5288.5,-3.897681316,0.341527995239457,294.5,0.170763997619729,147.25,-3338.5,9,"test_set",0.00085551763746583,-4.11580244572966,-4.1612769638784,-4.07160669801069,-4.11668493663289,-4.46324058136223,-3.76627922354,"95%","9",TRUE,7,0.18225695841171
"829",",
 ","ProxyRecord",5497.475,-4.811821559,0.343865587281485,239.525,0.171932793640742,119.7625,-3547.475,9,"test_set",0.00085669324791926,-4.47518579739444,-4.52482949215235,-4.42592080744712,-4.47382919064249,-4.84203201078794,-4.12644717798317,"95%","9",TRUE,7,0.18225695841171
"830",",
 ","ProxyRecord",6113.525,-5.568045569,0.346123576551459,181.525000000001,0.173061788275729,90.7625000000003,-4163.525,9,"test_set",0.000823501289870521,-5.48863335512778,-5.5420849598125,-5.43577082155342,-5.48532750431904,-5.85559140143317,-5.14347690421238,"95%","9",TRUE,7,0.18225695841171
"831",",
 ","ProxyRecord",6315.5375,-5.727524105,0.339202350042406,166.5625,0.169601175021203,83.28125,-4365.5375,9,"test_set",0.000905543445317569,-5.83677237091186,-5.88605658730457,-5.79033959090265,-5.8432099940038,-6.19424995474179,-5.49626438608503,"95%","9",TRUE,7,0.18225695841171
"832",",
 ","ProxyRecord",6492,-6.046279297,0.340284880886553,110.025,0.170142440443276,55.0124999999998,-4542,9,"test_set",0.00102360924845168,-6.17622580169465,-6.22590561967202,-6.12890162185384,-6.18283148058081,-6.51375398718675,-5.83134584956343,"95%","9",TRUE,7,0.18225695841171
"833",",
 ","ProxyRecord",6534,-6.285451714,0.341130709960747,96,0.170565354980374,48,-4584,9,"test_set",0.00105808483761294,-6.26364371933566,-6.3132078016192,-6.21505519070595,-6.26803409959202,-6.61225060333813,-5.91884422365955,"95%","9",TRUE,7,0.18225695841171
"834",",
 ","ProxyRecord",6664.4875,-6.444935284,0.341711094596268,70.5124999999998,0.170855547298134,35.2562499999999,-4714.4875,9,"test_set",0.00118083225031373,-6.55508698478517,-6.60665688421881,-6.50369175279495,-6.55981565229164,-6.90053583572973,-6.20865313836385,"95%","9",TRUE,7,0.18225695841171
"835",",
 ","ProxyRecord",6753.4875,-6.524692068,0.342005575347281,36.5124999999998,0.17100278767364,18.2562499999999,-4803.4875,9,"test_set",0.00127812460899435,-6.7734366843273,-6.82533103004457,-6.72147568699687,-6.77511863163303,-7.12926080948277,-6.43216704920187,"95%","9",TRUE,7,0.18225695841171
"836",",
 ","ProxyRecord",6766.9875,-6.604468054,0.342303101619817,38.0124999999998,0.171151550809909,19.0062499999999,-4816.9875,9,"test_set",0.00129384380103126,-6.80809108499532,-6.85947322585912,-6.75641411438274,-6.811979969086,-7.17093859873753,-6.45523479786897,"95%","9",TRUE,7,0.18225695841171
"837",",
 ","ProxyRecord",6880,-6.72415441,0.342755673935356,41,0.171377836967678,20.5,-4930,9,"test_set",0.00143536702001956,-7.11545495541164,-7.16626700952492,-7.06562361373892,-7.11561261634266,-7.45606991703701,-6.76650982309665,"95%","9",FALSE,7,0.18225695841171
"838",",
 ","ProxyRecord",6902.5,-7.243088214,0.344793575364147,36.5,0.172396787682073,18.25,-4952.5,9,"test_set",0.00146566162415596,-7.18053835086363,-7.23122540673776,-7.13147666032834,-7.18779152303595,-7.55002754787663,-6.83017158883147,"95%","9",TRUE,7,0.18225695841171
"839",",
 ","ProxyRecord",7077.5125,-7.962482349,0.3478192753668,49.5124999999998,0.1739096376834,24.7562499999999,-5127.5125,9,"test_set",0.00168910231463926,-7.73202732965632,-7.77491342854774,-7.68950874172034,-7.73823709943,-8.08205339237654,-7.3596161384548,"95%","9",TRUE,7,0.18225695841171
"840",",
 ","ProxyRecord",7526.9875,-9.243994205,0.344758772676624,97.0124999999998,0.172379386338312,48.5062499999999,-5576.9875,9,"test_set",0.00207078586940135,-9.44031128478747,-9.48596310844454,-9.3944784568367,-9.44156576887945,-9.78847655757508,-9.07760828900757,"95%","9",TRUE,7,0.18225695841171
"841",",
 ","ProxyRecord",7535.5,-9.284107444,0.344958883798887,94.5,0.172479441899443,47.25,-5585.5,9,"test_set",0.00207533695104622,-9.47566041959221,-9.52152652047395,-9.42995927060341,-9.47369064848126,-9.83500756762566,-9.11462180931441,"95%","9",TRUE,7,0.18225695841171
"842",",
 ","ProxyRecord",7651.9875,-10.04729486,0.348870386384677,46.0124999999998,0.174435193192338,23.0062499999999,-5701.9875,9,"test_set",0.00212761495439473,-9.96699180550528,-10.0124244790051,-9.92114174211303,-9.96943147782688,-10.3414330225371,-9.61772237210558,"95%","9",TRUE,7,0.18225695841171
"843",",
 ","ProxyRecord",7882.475,-10.96649002,0.317905458091809,75.5249999999996,0.158952729045904,37.7624999999998,-5932.475,9,"test_set",0.00217612967099434,-10.9687318575639,-11.0224782893627,-10.9156838440626,-10.9636424369443,-11.3001994051855,-10.6300034157172,"95%","9",TRUE,7,0.18225695841171
"844",",
 ","ProxyRecord",8096.0125,-11.61562273,0.321847961468769,116.037499999999,0.160923980734384,58.0187499999997,-6146.0125,9,"test_set",0.00215596102592919,-11.9090608407755,-12.0419486244983,-11.7755221301507,-11.9168158181827,-12.2860043904103,-11.5521145091002,"95%","9",TRUE,7,0.18225695841171
"845",",
 ","ProxyRecord",314.525,-0.342078769,0.319761861512691,215.55,0.159880930756345,107.775,1635.475,10,"test_set",0.000401925565288175,-0.367026317741646,-0.479259040146158,-0.261266531556082,-0.359951558035693,-0.707490652915321,-0.0101814177400188,"95%","10",TRUE,7,0.18225695841171
"846",",
 ","ProxyRecord",424.5125,-0.459588663,0.319793408523136,253.6125,0.159896704261568,126.80625,1525.4875,10,"test_set",0.000388227949553455,-0.455724286910635,-0.575983017060686,-0.339859977503704,-0.460801531960885,-0.803951871017174,-0.116680783444698,"95%","10",TRUE,7,0.18225695841171
"847",",
 ","ProxyRecord",688.9375,-0.655797012,0.319867015494004,243.0875,0.159933507747002,121.54375,1261.0625,10,"test_set",0.000328570022806174,-0.646190750173522,-0.765531981638115,-0.531092763326766,-0.649869822018266,-0.994241621446122,-0.29233981745741,"95%","10",TRUE,7,0.18225695841171
"848",",
 ","ProxyRecord",3050.05,-1.490715379,0.300794773612641,534.075,0.15039738680632,267.0375,-1100.05,10,"test_set",0.000462460316791313,-1.5884869516741,-1.65545879727156,-1.51980365439817,-1.58492716743261,-1.91806754579878,-1.26952921993436,"95%","10",TRUE,7,0.18225695841171
"849",",
 ","ProxyRecord",3176.9625,-1.569650617,0.300879806101973,536.0875,0.150439903050987,268.04375,-1226.9625,10,"test_set",0.000468273790982243,-1.70703560887321,-1.77194061292666,-1.63737827668071,-1.70475023524505,-2.02495600548971,-1.39393143658674,"95%","10",TRUE,7,0.18225695841171
"850",",
 ","ProxyRecord",3241.4625,-1.609122975,0.300923926058793,549.5375,0.150461963029397,274.76875,-1291.4625,10,"test_set",0.000467321534236564,-1.7674696297366,-1.83211619647463,-1.69687658045594,-1.77421183188758,-2.0865602769365,-1.46900009803661,"95%","10",TRUE,7,0.18225695841171
"851",",
 ","ProxyRecord",3652.4375,-2.100903267,0.288863245235775,474.5875,0.144431622617888,237.29375,-1702.4375,10,"test_set",0.00042865469505049,-2.13479057829179,-2.19697499299596,-2.06965182719356,-2.13164195204899,-2.45250883299484,-1.82153440183547,"95%","10",TRUE,7,0.18225695841171
"852",",
 ","ProxyRecord",3774.9125,-2.338190529,0.289240700413988,423.0875,0.144620350206994,211.54375,-1824.9125,10,"test_set",0.000428996915624591,-2.23924427401979,-2.29936855518923,-2.17992539264033,-2.23637882046209,-2.55334816565409,-1.94502285234128,"95%","10",TRUE,7,0.18225695841171
"853",",
 ","ProxyRecord",4062.9625,-2.615220506,0.289729574654109,362.0625,0.144864787327055,181.03125,-2112.9625,10,"test_set",0.000462799550837722,-2.4927499872502,-2.55060133042798,-2.43543389508638,-2.49062744254356,-2.7895602224838,-2.1894371442052,"95%","10",TRUE,7,0.18225695841171
"854",",
 ","ProxyRecord",5139.95,-3.540440188,0.339766772285827,226.075,0.169883386142914,113.0375,-3189.95,10,"test_set",0.000825190227682349,-3.88801143309753,-3.94129834198395,-3.83506261647007,-3.88025576995005,-4.24211222350403,-3.52881305235742,"95%","10",TRUE,7,0.18225695841171
"855",",
 ","ProxyRecord",5240.525,-3.699188863,0.340110731013885,284.525000000001,0.170055365506943,142.2625,-3290.525,10,"test_set",0.00083780422421853,-4.055808908309,-4.10600902056641,-4.0041807136643,-4.05684065063202,-4.40884382943515,-3.69261590183358,"95%","10",TRUE,7,0.18225695841171
"856",",
 ","ProxyRecord",5263.0125,-3.778548902,0.341256009309266,290.0125,0.170628004654633,145.00625,-3313.0125,10,"test_set",0.000839760343063212,-4.09363729423582,-4.14385861271767,-4.04174340572174,-4.08862288728895,-4.44548947264558,-3.73200271607769,"95%","10",TRUE,7,0.18225695841171
"857",",
 ","ProxyRecord",5305.5125,-3.977108146,0.341713889121346,297.5125,0.170856944560673,148.75625,-3355.5125,10,"test_set",0.000842594737671121,-4.1653445003407,-4.21535919667059,-4.11492273418316,-4.16442710826952,-4.52682218673762,-3.80206073633378,"95%","10",TRUE,7,0.18225695841171
"858",",
 ","ProxyRecord",5325.9875,-4.016826921,0.341808042,301.0375,0.17090402117789,150.51875,-3375.9875,10,"test_set",0.00084355757103971,-4.19996716782212,-4.24997540814128,-4.14948262236252,-4.1999478171102,-4.55167141978249,-3.85092542951934,"95%","10",TRUE,7,0.18225695841171
"859",",
 ","ProxyRecord",5403.975,-4.294945935,0.342490488566976,279.025,0.171245244283488,139.5125,-3453.975,10,"test_set",0.000844826851453817,-4.33207081011313,-4.381948209346,-4.27982495989134,-4.33256297922903,-4.68664210053204,-3.96600521465062,"95%","10",TRUE,7,0.18225695841171
"860",",
 ","ProxyRecord",5458.0125,-4.652727697,0.343427072137768,257.0125,0.171713536068884,128.50625,-3508.0125,10,"test_set",0.000843478325140978,-4.42358919285969,-4.47558084427274,-4.37024124406969,-4.41957377366147,-4.77263748250368,-4.05628001630104,"95%","10",TRUE,7,0.18225695841171
"861",",
 ","ProxyRecord",5876.425,-5.20971416,0.345018016928655,233.575,0.172509008464327,116.7875,-3926.425,10,"test_set",0.000784468135051064,-5.10987328074039,-5.16900815830717,-5.05166391632737,-5.10356538342633,-5.46210612045205,-4.75008453029549,"95%","10",TRUE,7,0.18225695841171
"862",",
 ","ProxyRecord",5959.5125,-5.368946419,0.345500796548822,219.537499999999,0.172750398274411,109.76875,-4009.5125,10,"test_set",0.000783605641241358,-5.24035818634406,-5.29914682356166,-5.18268227769263,-5.23618335844422,-5.58818068018846,-4.88469886933689,"95%","10",TRUE,7,0.18225695841171
"863",",
 ","ProxyRecord",6007.0125,-5.44857656,0.345747603325205,207.0625,0.172873801662603,103.53125,-4057.0125,10,"test_set",0.000787572460181352,-5.31513661489237,-5.37277461908497,-5.25818769816739,-5.30685564419251,-5.67282875709505,-4.9278836989518,"95%","10",TRUE,7,0.18225695841171
"864",",
 ","ProxyRecord",6173.5,-5.647710547,0.346378582693799,166.5,0.1731892913469,83.25,-4223.5,10,"test_set",0.000827091460653406,-5.58332570317989,-5.63389087396707,-5.52922797808864,-5.58511956831983,-5.92648341086745,-5.21285749373484,"95%","10",TRUE,7,0.18225695841171
"865",",
 ","ProxyRecord",6376,-5.767361799,0.339334572475942,137.05,0.169667286237971,68.5250000000001,-4426,10,"test_set",0.000928882440587309,-5.93713607884265,-5.9855105290861,-5.88935857512367,-5.93136979321062,-6.26109931193189,-5.58880246390125,"95%","10",TRUE,7,0.18225695841171
"866",",
 ","ProxyRecord",7509.5125,-9.123676882,0.344163563135009,97.5124999999998,0.172081781567504,48.7562499999999,-5559.5125,10,"test_set",0.0020667512529382,-9.36594803811228,-9.41542503663097,-9.31752068552605,-9.37473901578688,-9.75427500219033,-9.0144232363997,"95%","10",TRUE,7,0.18225695841171
"867",",
 ","ProxyRecord",7626.475,-9.966857902,0.348448225001148,45.5249999999996,0.174224112500574,22.7624999999998,-5676.475,10,"test_set",0.00211175569408972,-9.8559416896458,-9.90463817424754,-9.80961309716986,-9.85618041128985,-10.2038102331047,-9.49700374169097,"95%","10",TRUE,7,0.18225695841171
"868",",
 ","ProxyRecord",7638.9875,-10.00707729,0.348658753653181,45.0124999999998,0.174329376826591,22.5062499999999,-5688.9875,10,"test_set",0.0021152252815515,-9.90898207939567,-9.95756573482427,-9.86347028145123,-9.90872883939721,-10.2685616603159,-9.54266095270291,"95%","10",TRUE,7,0.18225695841171
"869",",
 ","ProxyRecord",7668.0125,-10.12775327,0.349294603306728,51.0124999999998,0.174647301653364,25.5062499999999,-5718.0125,10,"test_set",0.00212227273452825,-10.0323802669161,-10.080677377474,-9.98702713171531,-10.0292320554811,-10.3734582263227,-9.65972812993003,"95%","10",TRUE,7,0.18225695841171
"870",",
 ","ProxyRecord",7673.5125,-10.16799711,0.34950763406825,51.5124999999998,0.174753817034125,25.7562499999999,-5723.5125,10,"test_set",0.00212345052914564,-10.0558154169072,-10.1043059342637,-10.0108846918384,-10.0516091872872,-10.4250863675401,-9.69802814879811,"95%","10",TRUE,7,0.18225695841171
"871",",
 ","ProxyRecord",7785.5125,-10.64362138,0.315978194872758,70.5374999999995,0.157989097436379,35.2687499999997,-5835.5125,10,"test_set",0.00213650960443346,-10.5356383509622,-10.5833615805793,-10.4909732985271,-10.5315788843982,-10.8461970119918,-10.2003808357736,"95%","10",TRUE,7,0.18225695841171
"872",",
 ","ProxyRecord",7901.9875,-11.08776593,0.318636706627967,76.0124999999998,0.159318353313984,38.0062499999999,-5951.9875,10,"test_set",0.0021279981429867,-11.0365933835273,-11.0949260048163,-10.9791579496189,-11.0289318842393,-11.3720396046199,-10.6792562092096,"95%","10",TRUE,7,0.18225695841171
"873",",
 ","ProxyRecord",8033.5,-11.49327452,0.321101327885253,79.5249999999996,0.160550663942626,39.7624999999998,-6083.5,10,"test_set",0.0020913129210598,-11.5984176090132,-11.7045556341119,-11.5006691711028,-11.5964195920131,-11.9451705534707,-11.2406038393558,"95%","10",TRUE,7,0.18225695841171
"874",",
 ","ProxyRecord",1641.5375,-0.957970181,0.286726175796548,296.5375,0.143363087898274,148.26875,308.4625,1,"test_set",0.000127806130206798,-0.950454107885991,-1.05522026187773,-0.846435766497001,-0.952149185919665,-1.26064218214924,-0.635844020228811,"95%","1",TRUE,8,0.181497722590411
"875",",
 ","ProxyRecord",2665.525,-1.254088565,0.300565543276673,450.55,0.150282771638337,225.275,-715.525,1,"test_set",0.000232828463597734,-1.23834997786049,-1.3210044216419,-1.15572833472497,-1.23765746246036,-1.5439325414949,-0.924670579834339,"95%","1",TRUE,8,0.181497722590411
"876",",
 ","ProxyRecord",2895,-1.451256277,0.300753825014529,485.025,0.150376912507265,242.5125,-945,1,"test_set",0.000339877321908766,-1.36322385091673,-1.44994323631583,-1.28127657689334,-1.36476822646496,-1.68023067996614,-1.061382675614,"95%","1",TRUE,8,0.181497722590411
"877",",
 ","ProxyRecord",3340.9625,-1.705778615,0.288320523167636,558.0875,0.144160261583818,279.04375,-1390.9625,1,"test_set",0.000548055986021589,-1.76874340676796,-1.84066592692986,-1.70000521598316,-1.77029301265341,-2.05634164662207,-1.45885719300771,"95%","1",TRUE,8,0.181497722590411
"878",",
 ","ProxyRecord",4515.375,-3.064499745,0.338816014431289,249.625,0.169408007215644,124.8125,-2565.375,1,"test_set",0.000483930873140803,-3.02620773087854,-3.0875393656035,-2.96616360760535,-3.02274591053076,-3.34614351584317,-2.67247777769029,"95%","1",TRUE,8,0.181497722590411
"879",",
 ","ProxyRecord",4791.55,-3.302407786,0.339275250705151,158.55,0.169637625352575,79.2750000000001,-2841.55,1,"test_set",0.00057774165733715,-3.31309071590849,-3.37577828884706,-3.2473081918226,-3.32028516642642,-3.67347392061928,-2.97762885060822,"95%","1",TRUE,8,0.181497722590411
"880",",
 ","ProxyRecord",5436.4875,-4.493687003,0.343001634708074,263.5375,0.171500817354037,131.76875,-3486.4875,1,"test_set",0.000935745995667148,-4.30920060117262,-4.356606678745,-4.26167309834552,-4.31430119683025,-4.66678621353192,-3.9655700596519,"95%","1",TRUE,8,0.181497722590411
"881",",
 ","ProxyRecord",5769.0125,-5.050516198,0.344546861642985,237.0125,0.172273430821493,118.50625,-3819.0125,1,"test_set",0.000965355334026086,-4.95081272739533,-5.01239357503479,-4.89265629372945,-4.95629044809625,-5.30345578161451,-4.61538214481921,"95%","1",TRUE,8,0.181497722590411
"882",",
 ","ProxyRecord",5894.5625,-5.249518632,0.345137240098874,229.6875,0.172568620049437,114.84375,-3944.5625,1,"test_set",0.000943080360182868,-5.19143208217514,-5.26001903061645,-5.12679270920981,-5.18839682397604,-5.5583520113607,-4.83799376772158,"95%","1",TRUE,8,0.181497722590411
"883",",
 ","ProxyRecord",5915.5375,-5.289326617,0.345257715571853,227.537499999999,0.172628857785926,113.76875,-3965.5375,1,"test_set",0.000937571213222021,-5.23095690672632,-5.30073869162182,-5.16602850000848,-5.23032311741302,-5.58700255418721,-4.87634909386202,"95%","1",TRUE,8,0.181497722590411
"884",",
 ","ProxyRecord",5982.9625,-5.408760694,0.345623638613531,213.0375,0.172811819306765,106.51875,-4032.9625,1,"test_set",0.000916394675121168,-5.3561950356831,-5.42728370337979,-5.2888335444815,-5.35975032563603,-5.72893351552036,-4.99475883690995,"95%","1",TRUE,8,0.181497722590411
"885",",
 ","ProxyRecord",6401.5125,-5.807199824,0.339467945253441,126.5125,0.169733972626721,63.2562499999999,-4451.5125,1,"test_set",0.000874753544244378,-6.07950565349036,-6.137506980135,-6.02128708531007,-6.0795691120366,-6.41106346080788,-5.73744341409078,"95%","1",TRUE,8,0.181497722590411
"886",",
 ","ProxyRecord",6483.5,-6.006430847,0.340146513072739,115.525,0.17007325653637,57.7624999999998,-4533.5,1,"test_set",0.0009121028557324,-6.22513929392707,-6.27967639458655,-6.1721557179566,-6.22836062722148,-6.56455096753598,-5.89159711794344,"95%","1",TRUE,8,0.181497722590411
"887",",
 ","ProxyRecord",6757.9875,-6.564574788,0.342153890162499,35.0124999999998,0.171076945081249,17.5062499999999,-4807.9875,1,"test_set",0.00114985002424017,-6.78093994886922,-6.82932743347966,-6.73136084252838,-6.7845039927364,-7.13674378897508,-6.42925210119912,"95%","1",TRUE,8,0.181497722590411
"888",",
 ","ProxyRecord",7009,-7.482762399,0.34577545544023,63.0249999999996,0.172887727720115,31.5124999999998,-5059,1,"test_set",0.00151919955693192,-7.44355526946881,-7.49051542340523,-7.39502967687833,-7.44678831341482,-7.79963834792737,-7.10933180358946,"95%","1",TRUE,8,0.181497722590411
"889",",
 ","ProxyRecord",7056.5,-7.602653996,0.346276162220291,50.5,0.173138081110145,25.25,-5106.5,1,"test_set",0.00160542516900453,-7.59185960495178,-7.63860932836878,-7.54487559977034,-7.59336056924636,-7.93167651503479,-7.24105730251305,"95%","1",TRUE,8,0.181497722590411
"890",",
 ","ProxyRecord",7077,-7.922489889,0.34764481511105,49,0.173822407555525,24.5,-5127,1,"test_set",0.0016442377469339,-7.65846358894335,-7.70483723135282,-7.61152541895097,-7.64916559047289,-8.01788269084222,-7.29397596386291,"95%","1",TRUE,8,0.181497722590411
"891",",
 ","ProxyRecord",7079,-8.002475328,0.347993704941651,50,0.173996852470826,25,-5129,1,"test_set",0.00164804876539026,-7.66504781427355,-7.71143407795354,-7.61806723301893,-7.66704242468381,-8.0232405527549,-7.3169965228979,"95%","1",TRUE,8,0.181497722590411
"892",",
 ","ProxyRecord",7126.5125,-8.402640694,0.349777152545626,66.5374999999995,0.174888576272813,33.2687499999997,-5176.5125,1,"test_set",0.00173467433868257,-7.82585709835647,-7.87115492863046,-7.78031402626679,-7.82526661512878,-8.16001768541237,-7.48340017963217,"95%","1",FALSE,8,0.181497722590411
"893",",
 ","ProxyRecord",7586.9875,-9.605206156,0.34658136976361,69.0375000000004,0.173290684881805,34.5187500000002,-5636.9875,1,"test_set",0.00218543834393792,-9.6880067608614,-9.73680541214268,-9.63937663092924,-9.68820848031137,-10.0366290978302,-9.33637625335681,"95%","1",TRUE,8,0.181497722590411
"894",",
 ","ProxyRecord",7704.9875,-10.32901506,0.350365765765407,55.0375000000004,0.175182882882703,27.5187500000002,-5754.9875,1,"test_set",0.00218749755203085,-10.2061088724094,-10.2550362031031,-10.1569332551533,-10.2070662727197,-10.5588506179613,-9.8473349289123,"95%","1",TRUE,8,0.181497722590411
"895",",
 ","ProxyRecord",7710.9875,-10.36928899,0.350581118951387,56.0124999999998,0.175290559475694,28.0062499999999,-5760.9875,1,"test_set",0.00218636568507513,-10.2324136122295,-10.2811985875379,-10.1831061762911,-10.2278400362695,-10.5677134816145,-9.89351145278551,"95%","1",TRUE,8,0.181497722590411
"896",",
 ","ProxyRecord",7737.4875,-10.44985038,0.351013938377691,56.5124999999998,0.175506969188846,28.2562499999999,-5787.4875,1,"test_set",0.00217993515723158,-10.3484025536696,-10.3969096229856,-10.299263087748,-10.3504020652419,-10.7280264109504,-9.98793407375593,"95%","1",TRUE,8,0.181497722590411
"897",",
 ","ProxyRecord",7822.5,-10.76462635,0.31669658463322,75.5249999999996,0.15834829231661,37.7624999999998,-5872.5,1,"test_set",0.00214354964840346,-10.7171588783493,-10.7692841470933,-10.6653252531532,-10.7199278543879,-11.0353537857972,-10.4041764984511,"95%","1",TRUE,8,0.181497722590411
"898",",
 ","ProxyRecord",7855.9875,-10.84533785,0.317178678190513,72.0124999999998,0.158589339095256,36.0062499999999,-5905.9875,1,"test_set",0.002122621436218,-10.8603769847307,-10.9162162737058,-10.8057673525771,-10.8579260893167,-11.1917387309891,-10.5217783242489,"95%","1",TRUE,8,0.181497722590411
"899",",
 ","ProxyRecord",7874.5,-10.92610014,0.317662308928226,77.5,0.158831154464113,38.75,-5924.5,1,"test_set",0.00210945195751044,-10.9389085460758,-10.9969457269749,-10.8822747679239,-10.9406051610253,-11.2761885929728,-10.6132312041058,"95%","1",TRUE,8,0.181497722590411
"900",",
 ","ProxyRecord",7909.475,-11.12823582,0.318881930258435,73.5499999999993,0.159440965129217,36.7749999999996,-5959.475,1,"test_set",0.00208146207807403,-11.0858461544866,-11.150334351274,-11.0217422585629,-11.0878441877812,-11.4104648965198,-10.7716589510636,"95%","1",TRUE,8,0.181497722590411
"901",",
 ","ProxyRecord",7985.025,-11.45261046,0.320852569852097,48.0250000000006,0.160426284926048,24.0125000000003,-6035.025,1,"test_set",0.00200712226643418,-11.3956659671702,-11.4835954116192,-11.3054042183864,-11.3963667829803,-11.7519600040007,-11.0534895779151,"95%","1",TRUE,8,0.181497722590411
"902",",
 ","ProxyRecord",8079.5375,-11.57477541,0.32159807563747,108.537499999999,0.160799037818735,54.2687499999997,-6129.5375,1,"test_set",0.00188740936408749,-11.764975025686,-11.9037957012881,-11.6236214885495,-11.7608394575222,-12.122345352628,-11.4210914724604,"95%","1",TRUE,8,0.181497722590411
"903",",
 ","ProxyRecord",86.5125,-0.185732135,0.320420612992673,115.5125,0.160210306496337,57.75625,1863.4875,2,"test_set",0.000428626260120385,-0.175408430432156,-0.286421435637073,-0.0581641632200695,-0.173762183802269,-0.501648825369305,0.170731281058793,"95%","2",TRUE,8,0.181497722590411
"904",",
 ","ProxyRecord",106.975,-0.224759024,0.320425871285962,117.05,0.160212935642981,58.525,1843.025,2,"test_set",0.000422045184684389,-0.197268933969069,-0.30329491484113,-0.0837342551428223,-0.199833957483597,-0.558584594675227,0.133354410765677,"95%","2",TRUE,8,0.181497722590411
"905",",
 ","ProxyRecord",455.475,-0.498793716,0.319806047515963,262.525,0.159903023757982,131.2625,1494.525,2,"test_set",0.000321876865209958,-0.479382236243883,-0.590755829032668,-0.364466344726022,-0.478408855778278,-0.817277932654819,-0.130236176906483,"95%","2",TRUE,8,0.181497722590411
"906",",
 ","ProxyRecord",489.9125,-0.538023586,0.319819761943323,257.1375,0.159909880971662,128.56875,1460.0875,2,"test_set",0.000313200588755724,-0.4997248431361,-0.608713609681134,-0.386592098791306,-0.499851429776516,-0.851474767838935,-0.157693449730006,"95%","2",TRUE,8,0.181497722590411
"907",",
 ","ProxyRecord",3669.4875,-2.14043883,0.28892352842253,466.6125,0.144461764211265,233.30625,-1719.4875,2,"test_set",0.000589822564456277,-2.15341051424152,-2.20969547810844,-2.09959434493228,-2.15689307562923,-2.44685380856252,-1.85993492529838,"95%","2",TRUE,8,0.181497722590411
"908",",
 ","ProxyRecord",4137.85,-2.654812297,0.289803103947138,343.15,0.144901551973569,171.575,-2187.85,2,"test_set",0.000487016699068921,-2.6724305215043,-2.74221347430432,-2.60307901296456,-2.66926532311804,-2.97403892996507,-2.36570432330693,"95%","2",TRUE,8,0.181497722590411
"909",",
 ","ProxyRecord",5282.9875,-3.857965428,0.341436546111018,293.0125,0.170718273055509,146.50625,-3332.9875,2,"test_set",0.000866702286317356,-4.01553425744577,-4.07152592944855,-3.9575471186475,-4.01307482804189,-4.34259432128423,-3.68416654280485,"95%","2",TRUE,8,0.181497722590411
"910",",
 ","ProxyRecord",5357.5,-4.056556677,0.341902928643201,296.525,0.1709514643216,148.2625,-3407.5,2,"test_set",0.000897952364198318,-4.14767469625814,-4.19994522742017,-4.09223887573761,-4.14770116299517,-4.50504669768313,-3.80350375449151,"95%","2",TRUE,8,0.181497722590411
"911",",
 ","ProxyRecord",5419.475,-4.374432822,0.342692479157206,270.525,0.171346239578603,135.2625,-3469.475,2,"test_set",0.00091922435097036,-4.26088015750192,-4.31130826563509,-4.20806829307525,-4.25808354376706,-4.59157632626727,-3.90168458045299,"95%","2",TRUE,8,0.181497722590411
"912",",
 ","ProxyRecord",5425.5,-4.414179642,0.342794652632266,267.5,0.171397326316133,133.75,-3475.5,2,"test_set",0.000921063732683969,-4.2720229134191,-4.3222657911613,-4.21979295886357,-4.27277444970898,-4.6268077664313,-3.92439790921312,"95%","2",TRUE,8,0.181497722590411
"913",",
 ","ProxyRecord",5450.5125,-4.612960677,0.343319504023197,259.5125,0.171659752011599,129.75625,-3500.5125,2,"test_set",0.000928266655431109,-4.31851389924339,-4.36835441626173,-4.2673262710208,-4.32358111326982,-4.66884614288024,-3.97477736621398,"95%","2",TRUE,8,0.181497722590411
"914",",
 ","ProxyRecord",5521,-4.89137323,0.344089636619946,235,0.172044818309973,117.5,-3571,2,"test_set",0.000944808998815105,-4.45128141909507,-4.50103147550864,-4.40194332119234,-4.45351397962721,-4.82352959379556,-4.09590883891112,"95%","2",FALSE,8,0.181497722590411
"915",",
 ","ProxyRecord",5540.55,-4.931154704,0.344202398,232.6,0.172101199126866,116.3,-3590.55,2,"test_set",0.000948414891888127,-4.4884851074703,-4.53800768450008,-4.43968869408568,-4.49216171137882,-4.84932388130266,-4.12059059883715,"95%","2",FALSE,8,0.181497722590411
"916",",
 ","ProxyRecord",6898.4875,-7.123284212,0.344312050323254,37.5124999999998,0.172156025161627,18.7562499999999,-4948.4875,2,"test_set",0.00136067159204334,-7.12743108483524,-7.17447100615555,-7.07945855960397,-7.12766291575586,-7.47410365758957,-6.77635861285619,"95%","2",TRUE,8,0.181497722590411
"917",",
 ","ProxyRecord",6901,-7.203151788,0.344632076022813,37,0.172316038011406,18.5,-4951,2,"test_set",0.00136448921039811,-7.13426477487988,-7.18152312477926,-7.0862331474126,-7.14168129723465,-7.47700801965862,-6.81432823138426,"95%","2",TRUE,8,0.181497722590411
"918",",
 ","ProxyRecord",6955.4875,-7.442811919,0.345609326054903,54.5124999999998,0.172804663027451,27.2562499999999,-5005.4875,2,"test_set",0.00145080990201496,-7.28736112356658,-7.33403987240651,-7.23869626424204,-7.28294134487842,-7.63569231987423,-6.93661462921091,"95%","2",TRUE,8,0.181497722590411
"919",",
 ","ProxyRecord",7069.4875,-7.722565125,0.346784271994654,50.5124999999998,0.173392135997327,25.2562499999999,-5119.4875,2,"test_set",0.00165324099548059,-7.64049147238341,-7.68443824966335,-7.59340144726935,-7.6430116660386,-7.97916365420766,-7.27750570634547,"95%","2",TRUE,8,0.181497722590411
"920",",
 ","ProxyRecord",7073,-7.842510552,0.347298114098866,50,0.173649057049433,25,-5123,2,"test_set",0.00165994727667762,-7.65213192392524,-7.69601049143294,-7.605009010018,-7.65540884793151,-8.01337261374539,-7.29440064781276,"95%","2",TRUE,8,0.181497722590411
"921",",
 ","ProxyRecord",7199.5,-8.442668627,0.34995908964487,94.5,0.174979544822435,47.25,-5249.5,2,"test_set",0.00187464748941935,-8.10090721623546,-8.14357900939871,-8.0572111563676,-8.10520040699006,-8.46264118606911,-7.7362057116922,"95%","2",TRUE,8,0.181497722590411
"922",",
 ","ProxyRecord",7393,-8.682831134,0.342027151171328,58.0249999999996,0.171013575585664,29.0124999999998,-5443,2,"test_set",0.0020901478263724,-8.8739526542121,-8.91767011338868,-8.83015322980457,-8.87737689185989,-9.24043830428221,-8.54232650415029,"95%","2",TRUE,8,0.181497722590411
"923",",
 ","ProxyRecord",7501.9875,-9.083584591,0.343965959128801,99.0124999999998,0.171982979564401,49.5062499999999,-5551.9875,2,"test_set",0.00215139382433449,-9.33799335044154,-9.38588129471421,-9.2909701233883,-9.33903337704548,-9.70314902939661,-8.9726270351869,"95%","2",TRUE,8,0.181497722590411
"924",",
 ","ProxyRecord",7542.9875,-9.324212167,0.345159996659364,93.0124999999998,0.172579998329682,46.5062499999999,-5592.9875,2,"test_set",0.00216321717920742,-9.51529198441273,-9.56393283138233,-9.46626982411246,-9.51519203923528,-9.86857290251159,-9.17347178920148,"95%","2",TRUE,8,0.181497722590411
"925",",
 ","ProxyRecord",7590.4875,-9.645368042,0.346786157617497,67.5124999999998,0.173393078808748,33.7562499999999,-5640.4875,2,"test_set",0.00216924725475742,-9.72154057953735,-9.77006620463866,-9.67256615884945,-9.72783498229216,-10.0659064743158,-9.37637354843557,"95%","2",TRUE,8,0.181497722590411
"926",",
 ","ProxyRecord",7593,-9.685537385,0.346991817174247,66,0.173495908587123,33,-5643,2,"test_set",0.00216933701451261,-9.73246107733496,-9.780959822273,-9.68352847624595,-9.7364186726288,-10.0867052870811,-9.38445818102027,"95%","2",TRUE,8,0.181497722590411
"927",",
 ","ProxyRecord",7680.5,-10.20824852,0.349720836991891,52.5249999999996,0.174860418495946,26.2624999999998,-5730.5,2,"test_set",0.00215809684376289,-10.1121307241949,-10.1607260246555,-10.0641734948519,-10.1121472398603,-10.4668436711492,-9.73920591993303,"95%","2",TRUE,8,0.181497722590411
"928",",
 ","ProxyRecord",7719.5,-10.40956333,0.350797820037471,54.5,0.175398910018735,27.25,-5769.5,2,"test_set",0.00214408814871447,-10.2801640015747,-10.3276330807363,-10.2312765238244,-10.280725210579,-10.6195990760477,-9.94137205913089,"95%","2",TRUE,8,0.181497722590411
"929",",
 ","ProxyRecord",7916,-11.16869893,0.319127252382136,72.0249999999996,0.159563626191068,36.0124999999998,-5966,2,"test_set",0.00198909809889791,-11.0971610829299,-11.1587325876709,-11.0337228826127,-11.0957152150738,-11.4145789623945,-10.7711372294549,"95%","2",TRUE,8,0.181497722590411
"930",",
 ","ProxyRecord",7950.525,-11.37136039,0.320357822,56.5250000000006,0.160178911062888,28.2625000000003,-6000.525,2,"test_set",0.00194731777094503,-11.2329396750116,-11.3033172417515,-11.1590082420575,-11.2285014914953,-11.5592850632729,-10.9072107836547,"95%","2",TRUE,8,0.181497722590411
"931",",
 ","ProxyRecord",7962.5125,-11.41196737,0.320605004,50.5124999999998,0.160302502121402,25.2562499999999,-6012.5125,2,"test_set",0.00193179411795974,-11.2793733091127,-11.3545600932516,-11.2016532099591,-11.2806218465115,-11.6094630778902,-10.9619752299658,"95%","2",TRUE,8,0.181497722590411
"932",",
 ","ProxyRecord",43,-0.107832927,0.320413083395057,95,0.160206541697529,47.5,1907,3,"test_set",0.000440799534977276,-0.134760171896025,-0.264365719548434,-0.00354194233866552,-0.134769812855113,-0.452400328608724,0.222565943929871,"95%","3",TRUE,8,0.181497722590411
"933",",
 ","ProxyRecord",143.5,-0.26382257,0.320432262211112,116.5,0.160216131105556,58.25,1806.5,3,"test_set",0.000408362091381537,-0.239396328348938,-0.348031905107564,-0.132660205061201,-0.232490425844838,-0.574597188257611,0.127968896679485,"95%","3",TRUE,8,0.181497722590411
"934",",
 ","ProxyRecord",540.0125,-0.577269311,0.319834502900122,240.0375,0.159917251450061,120.01875,1409.9875,3,"test_set",0.000298198240786252,-0.531406735114063,-0.637036272793535,-0.428607780088635,-0.536298538892051,-0.869680788476092,-0.20071906901884,"95%","3",TRUE,8,0.181497722590411
"935",",
 ","ProxyRecord",3370.9375,-1.745264165,0.288369911951494,556.1375,0.144184955975747,278.06875,-1420.9375,3,"test_set",0.000545444320748656,-1.8032429335809,-1.87008996035009,-1.73709664505491,-1.79859815361237,-2.09647102607167,-1.49803606076829,"95%","3",TRUE,8,0.181497722590411
"936",",
 ","ProxyRecord",3507.4875,-1.942789411,0.288632722,522.5125,0.144316361053702,261.25625,-1557.4875,3,"test_set",0.000570380318237751,-1.95762405564089,-2.01745574507334,-1.90048729177853,-1.96231938601366,-2.25101329495132,-1.6609753014813,"95%","3",TRUE,8,0.181497722590411
"937",",
 ","ProxyRecord",3856.425,-2.456892552,0.289443890618171,374.575,0.144721945309086,187.2875,-1906.425,3,"test_set",0.000560163778284828,-2.36306725931801,-2.43075820075485,-2.29482039541621,-2.37183433173886,-2.67390735402875,-2.0727926130595,"95%","3",TRUE,8,0.181497722590411
"938",",
 ","ProxyRecord",3964.9625,-2.575635346,0.289656809549025,351.0625,0.144828404774512,175.53125,-2014.9625,3,"test_set",0.000535314529104269,-2.483182376077,-2.55695617664464,-2.41038792173645,-2.48626935915965,-2.7992464335651,-2.1784661559592,"95%","3",TRUE,8,0.181497722590411
"939",",
 ","ProxyRecord",4280.9125,-2.747481033,0.338253782539985,328.1875,0.169126891269993,164.09375,-2330.9125,3,"test_set",0.000472299918763408,-2.79701044709708,-2.86624432735116,-2.72677837116297,-2.79911562446494,-3.14520312576723,-2.45695015261734,"95%","3",TRUE,8,0.181497722590411
"940",",
 ","ProxyRecord",4408.3875,-2.905967107,0.338527465937458,283.6375,0.169263732968729,141.81875,-2458.3875,3,"test_set",0.000475122486554014,-2.91665998625732,-2.98582349266846,-2.85022181527287,-2.92007700435778,-3.26531474072609,-2.56043268834222,"95%","3",TRUE,8,0.181497722590411
"941",",
 ","ProxyRecord",4435,-2.945588849,0.33859826394738,280.025,0.16929913197369,140.0125,-2485,3,"test_set",0.000477827969458389,-2.94182196391635,-3.01055846870088,-2.87677593910169,-2.94323583723236,-3.28860135507743,-2.58085693025393,"95%","3",TRUE,8,0.181497722590411
"942",",
 ","ProxyRecord",4599,-3.183441865,0.339041496327628,211.025,0.169520748163814,105.5125,-2649,3,"test_set",0.000510633145001105,-3.10184465311252,-3.16903294274438,-3.04208012316775,-3.10279139159548,-3.44483187780001,-2.75072951666544,"95%","3",TRUE,8,0.181497722590411
"943",",
 ","ProxyRecord",4690.4875,-3.262750604,0.339196208492697,164.5375,0.169598104246349,82.2687500000002,-2740.4875,3,"test_set",0.000540996114151149,-3.19718739424051,-3.26418126418091,-3.13615027216825,-3.20285573700043,-3.54803500235926,-2.8642540294597,"95%","3",TRUE,8,0.181497722590411
"944",",
 ","ProxyRecord",5395.5125,-4.255202499,0.342390587855401,282.5125,0.171195293927701,141.25625,-3445.5125,3,"test_set",0.000924049453798759,-4.23603769630902,-4.28287056946193,-4.18479786172028,-4.23886997657538,-4.57647482948424,-3.88465594382727,"95%","3",TRUE,8,0.181497722590411
"945",",
 ","ProxyRecord",5410.475,-4.33468808,0.34259086707063,276.525,0.171295433535315,138.2625,-3460.475,3,"test_set",0.000928817285994476,-4.26391435337286,-4.31044385678288,-4.2125614166161,-4.25928655931,-4.60822317679707,-3.91236170804303,"95%","3",TRUE,8,0.181497722590411
"946",",
 ","ProxyRecord",6043.025,-5.488399286,0.34587172985261,202.025000000001,0.172935864926305,101.0125,-4093.025,3,"test_set",0.00089944857410984,-5.47272567307733,-5.54380040354638,-5.40506737335755,-5.47183000983134,-5.83410535013887,-5.11916994000193,"95%","3",TRUE,8,0.181497722590411
"947",",
 ","ProxyRecord",6417.9875,-5.847043877,0.339602210489672,123.0125,0.169801105244836,61.5062499999999,-4467.9875,3,"test_set",0.000891877448205847,-6.12201055663989,-6.17975423872738,-6.06786601920598,-6.13298444648549,-6.4700655669304,-5.78027160196674,"95%","3",TRUE,8,0.181497722590411
"948",",
 ","ProxyRecord",6439.475,-5.886892288,0.339737279826235,120.549999999999,0.169868639913118,60.2749999999996,-4489.475,3,"test_set",0.000901034592137861,-6.16028520129409,-6.21708554860271,-6.10726453877099,-6.16118856350656,-6.50789594012853,-5.82563134137365,"95%","3",TRUE,8,0.181497722590411
"949",",
 ","ProxyRecord",6800.0125,-6.644358516,0.342452829835931,51.0124999999998,0.171226414917965,25.5062499999999,-4850.0125,3,"test_set",0.00120997849046844,-6.89971996152153,-6.95030559799183,-6.85219997991222,-6.8958047853897,-7.25334419883168,-6.54355706630843,"95%","3",TRUE,8,0.181497722590411
"950",",
 ","ProxyRecord",6848.9875,-6.684252516,0.34260380174792,53.0124999999998,0.17130190087396,26.5062499999999,-4898.9875,3,"test_set",0.00127455825571499,-7.02095211032908,-7.07283188321755,-6.9718788492791,-7.02052910662508,-7.36514811130367,-6.67567623912103,"95%","3",TRUE,8,0.181497722590411
"951",",
 ","ProxyRecord",6890.5,-6.883772216,0.343369408052847,37.5,0.171684704026423,18.75,-4940.5,3,"test_set",0.00133353309839102,-7.12890479425084,-7.18156387320628,-7.08026372680523,-7.1327120791265,-7.48881914835124,-6.76915181864107,"95%","3",TRUE,8,0.181497722590411
"952",",
 ","ProxyRecord",7044,-7.522722574,0.345941793605715,51,0.172970896802857,25.5,-5094,3,"test_set",0.0015853546076805,-7.57506585123343,-7.62435421895218,-7.52753582061644,-7.56808628823932,-7.92667663271297,-7.20119966559807,"95%","3",TRUE,8,0.181497722590411
"953",",
 ","ProxyRecord",7066.025,-7.682598569,0.346614444,51.0250000000006,0.173307222,25.5125000000003,-5116.025,3,"test_set",0.00162584618337291,-7.64579519873235,-7.69384041763738,-7.59874941112094,-7.63929737815501,-7.99743901277259,-7.26940412681011,"95%","3",TRUE,8,0.181497722590411
"954",",
 ","ProxyRecord",7074.0125,-7.882497373,0.34747131068946,49.0124999999998,0.17373565534473,24.5062499999999,-5124.0125,3,"test_set",0.00164080099116504,-7.67189556578388,-7.71978446962659,-7.62506352222222,-7.67961905509468,-8.02324205424853,-7.31531208626224,"95%","3",TRUE,8,0.181497722590411
"955",",
 ","ProxyRecord",7081,-8.042470852,0.348169049616767,49.0249999999996,0.174084524808384,24.5124999999998,-5131,3,"test_set",0.00165391738411458,-7.69492733168095,-7.74266520692991,-7.64816593233448,-7.69453346629971,-8.05103174559271,-7.32564318842835,"95%","3",TRUE,8,0.181497722590411
"956",",
 ","ProxyRecord",7430.5,-8.762952764,0.342409824875896,80.5,0.171204912437948,40.25,-5480.5,3,"test_set",0.00210291870526014,-9.03418372840562,-9.07757144021712,-8.99316022540447,-9.0342010722166,-9.39229957768585,-8.69515075820601,"95%","3",TRUE,8,0.181497722590411
"957",",
 ","ProxyRecord",7459.4875,-8.883161883,0.342987579214241,92.5375000000004,0.17149378960712,46.2687500000002,-5509.4875,3,"test_set",0.00212189847204058,-9.1569614542118,-9.20134242608953,-9.11402203519351,-9.16021270005136,-9.51332588475585,-8.80285624910836,"95%","3",TRUE,8,0.181497722590411
"958",",
 ","ProxyRecord",7576.0125,-9.524897074,0.34617240093023,76.0124999999998,0.173086200465115,38.0062499999999,-5626.0125,3,"test_set",0.00216997340398706,-9.6590840169437,-9.7065045799415,-9.61214851369379,-9.65743319510992,-10.0036514123898,-9.32312925202528,"95%","3",TRUE,8,0.181497722590411
"959",",
 ","ProxyRecord",7605,-9.806066862,0.347612659721494,59,0.173806329860747,29.5,-5655,3,"test_set",0.0021749124889503,-9.78529511740858,-9.83311256936694,-9.73818491101179,-9.77986218642324,-10.1295267208961,-9.42250528504094,"95%","3",TRUE,8,0.181497722590411
"960",",
 ","ProxyRecord",8060.5,-11.53399231,0.321349646637693,98.5,0.160674823318847,49.25,-6110.5,3,"test_set",0.00188522603559171,-11.6863358638883,-11.8054952394884,-11.5679725893935,-11.6865126939915,-12.0254098347552,-11.3434695903332,"95%","3",TRUE,8,0.181497722590411
"961",",
 ","ProxyRecord",-68,-0.030352389,0.320409272640452,1,0.160204636320226,0.5,2018,4,"test_set",0.0388130361193437,0.0300129856114799,-0.240025246250303,0.312675773655477,0.0302021824832403,-0.374232129774333,0.467571644600269,"95%","4",TRUE,8,0.181497722590411
"962",",
 ","ProxyRecord",65.5,-0.14675457,0.320416356065089,107.525,0.160208178032545,53.7625,1884.5,4,"test_set",0.03480570181629,-0.14534978509395,-0.28941770482787,0.00322236392399414,-0.143998676014379,-0.483885502627792,0.203174852297323,"95%","4",TRUE,8,0.181497722590411
"963",",
 ","ProxyRecord",1706.475,-0.997324995,0.28675416817989,289.55,0.143377084089945,144.775,243.525,4,"test_set",0.00897904870590937,-0.960383804169921,-1.07302942152943,-0.845601907519317,-0.965544022124246,-1.25673546345106,-0.667431939377125,"95%","4",TRUE,8,0.181497722590411
"964",",
 ","ProxyRecord",2025.0375,-1.076058933,0.286813488023543,247.0625,0.143406744011772,123.53125,-75.0375,4,"test_set",0.00898580255404013,-1.05223101081732,-1.19667399501942,-0.914727058336418,-1.04994729322728,-1.36435146095812,-0.739449018067568,"95%","4",TRUE,8,0.181497722590411
"965",",
 ","ProxyRecord",4191.45,-2.694404099,0.289878253,339.575,0.144939126,169.7875,-2241.45,4,"test_set",0.0369280925974991,-2.73424422269733,-2.80625560856064,-2.65748464432952,-2.74016094504911,-3.05069549328305,-2.43429494787897,"95%","4",TRUE,8,0.181497722590411
"966",",
 ","ProxyRecord",4321.525,-2.787094202,0.338320892998089,312.55,0.169160446499044,156.275,-2371.525,4,"test_set",0.0359191851297735,-2.8593560820272,-2.92879842630597,-2.78653355377579,-2.85555094370014,-3.21751337415554,-2.50519963178811,"95%","4",TRUE,8,0.181497722590411
"967",",
 ","ProxyRecord",4354.4125,-2.826712448,0.338389052265366,300.612499999999,0.169194526132683,150.30625,-2404.4125,4,"test_set",0.0358643227574173,-2.89043434317144,-2.95992115007947,-2.81922115362747,-2.89320902195895,-3.24270169090562,-2.54769670198456,"95%","4",TRUE,8,0.181497722590411
"968",",
 ","ProxyRecord",5100.5125,-3.461085237,0.339599499341038,209.537499999999,0.169799749670519,104.76875,-3150.5125,4,"test_set",0.0562347010525377,-3.73607825019217,-3.80190402264284,-3.66726002401233,-3.73714433037275,-4.09970519720088,-3.39299318070372,"95%","4",TRUE,8,0.181497722590411
"969",",
 ","ProxyRecord",5272.5,-3.818256486,0.341346113413569,290.525,0.170673056706785,145.2625,-3322.5,4,"test_set",0.0635526808564268,-4.01910941399576,-4.08025097227128,-3.95936084367599,-4.02023052547119,-4.37624242392415,-3.6497773653794,"95%","4",TRUE,8,0.181497722590411
"970",",
 ","ProxyRecord",5429.025,-4.453935584,0.342897641735312,267.025000000001,0.171448820867656,133.5125,-3479.025,4,"test_set",0.0680659069673073,-4.30348206193581,-4.35629634707302,-4.25105543852263,-4.29639609291372,-4.65960250156199,-3.93163235764291,"95%","4",TRUE,8,0.181497722590411
"971",",
 ","ProxyRecord",5851.575,-5.169910325,0.344899204306193,229.599999999999,0.172449602153096,114.8,-3901.575,4,"test_set",0.0700337996412337,-5.11973871173495,-5.18287483917848,-5.05265419032653,-5.11059803077967,-5.49142155725318,-4.73372555710473,"95%","4",TRUE,8,0.181497722590411
"972",",
 ","ProxyRecord",6463.5,-5.926729401,0.339872549353913,120.525,0.169936274676956,60.2624999999998,-4513.5,4,"test_set",0.0660761397742515,-6.18022451954029,-6.23544098131757,-6.12416086240071,-6.18357752203657,-6.56340220673404,-5.82254928271194,"95%","4",TRUE,8,0.181497722590411
"973",",
 ","ProxyRecord",6512.95,-6.165855616,0.34070486802075,104.05,0.170352434010375,52.0250000000001,-4562.95,4,"test_set",0.0681255507323453,-6.26739762681557,-6.32114213751137,-6.21279085782281,-6.27017337250379,-6.63679717109304,-5.91178112117043,"95%","4",TRUE,8,0.181497722590411
"974",",
 ","ProxyRecord",6521.0125,-6.20571608,0.340846172023142,100.0125,0.170423086011571,50.0062499999999,-4571.0125,4,"test_set",0.0685007739004817,-6.28188755241274,-6.33576215880124,-6.22740780054963,-6.28033482416979,-6.61702198772364,-5.92518104976902,"95%","4",TRUE,8,0.181497722590411
"975",",
 ","ProxyRecord",6526.9875,-6.245590152,0.340988382903296,98.0124999999998,0.170494191451648,49.0062499999999,-4576.9875,4,"test_set",0.0687862769182867,-6.29268059300414,-6.34590429001358,-6.2383950134324,-6.30087090314199,-6.67285883153338,-5.9509035696707,"95%","4",TRUE,8,0.181497722590411
"976",",
 ","ProxyRecord",6897.4875,-7.08335346,0.344153167249994,37.5124999999998,0.172076583624997,18.7562499999999,-4947.4875,4,"test_set",0.0988471541364166,-7.10016801596342,-7.15464440890217,-7.03779249444758,-7.09014279475626,-7.47960462289564,-6.691207675751,"95%","4",TRUE,8,0.181497722590411
"977",",
 ","ProxyRecord",6903,-7.283028277,0.344955116399451,36,0.172477558199726,18,-4953,4,"test_set",0.0994780489343317,-7.11493230512771,-7.16963412240015,-7.05225281363545,-7.1212578265256,-7.50208113577186,-6.71735855924761,"95%","4",TRUE,8,0.181497722590411
"978",",
 ","ProxyRecord",6906.0125,-7.362912933,0.345280720801897,36.0124999999998,0.172640360400949,18.0062499999999,-4956.0125,4,"test_set",0.0998250988462956,-7.12304340044951,-7.17786779347608,-7.06053419792407,-7.11790967891547,-7.52247542301811,-6.74369685557793,"95%","4",TRUE,8,0.181497722590411
"979",",
 ","ProxyRecord",7063.5,-7.642624088,0.346445405898564,50.5249999999996,0.173222702949282,25.2624999999998,-5113.5,4,"test_set",0.120207519013249,-7.59272061934549,-7.64933978765909,-7.53228082272074,-7.59561571425095,-8.01808376752199,-7.1744553338976,"95%","4",TRUE,8,0.181497722590411
"980",",
 ","ProxyRecord",7090,-8.282547459,0.349234831212595,48,0.174617415606297,24,-5140,4,"test_set",0.124065063789525,-7.68135775556972,-7.7383514689676,-7.62229438851101,-7.68292881121867,-8.10455053499059,-7.28914821511885,"95%","4",FALSE,8,0.181497722590411
"981",",
 ","ProxyRecord",7100.0375,-8.362604116,0.349595550011948,52.0374999999995,0.174797775005974,26.0187499999997,-5150.0375,4,"test_set",0.125517834979094,-7.71570961906872,-7.77265680411932,-7.65710338698563,-7.72048954639184,-8.16268644683614,-7.29007799423839,"95%","4",FALSE,8,0.181497722590411
"982",",
 ","ProxyRecord",7268.5,-8.482611111,0.341081271,87.5,0.170540635,43.75,-5318.5,4,"test_set",0.145702415276894,-8.34770190758323,-8.39955038434643,-8.29435550325011,-8.35268757278343,-8.81631504748901,-7.92241148422452,"95%","4",TRUE,8,0.181497722590411
"983",",
 ","ProxyRecord",7338,-8.602734373,0.341646440804731,60.0249999999996,0.170823220402366,30.0124999999998,-5388,4,"test_set",0.151720963787838,-8.63282078921814,-8.68394346012254,-8.58062998728027,-8.62975391497675,-9.05446968859187,-8.181249004602,"95%","4",TRUE,8,0.181497722590411
"984",",
 ","ProxyRecord",7415.05,-8.722890214,0.342218516,71.0500000000002,0.171109258016306,35.5250000000001,-5465.05,4,"test_set",0.156817051597624,-8.9602634637713,-9.01428672035092,-8.90470766114793,-8.9657264542096,-9.43689341348854,-8.50195635027136,"95%","4",TRUE,8,0.181497722590411
"985",",
 ","ProxyRecord",7596.5,-9.725715756,0.34719796054297,63.5249999999996,0.173598980271485,31.7624999999998,-5646.5,4,"test_set",0.162270425429867,-9.75560370285854,-9.81941574520432,-9.69337878282396,-9.76163532895507,-10.2344004321885,-9.30445269460055,"95%","4",TRUE,8,0.181497722590411
"986",",
 ","ProxyRecord",7793.5,-10.68396094,0.316216789064177,73.5249999999996,0.158108394532089,36.7624999999998,-5843.5,4,"test_set",0.157783606377926,-10.6070053659767,-10.6751950133192,-10.5462252407036,-10.615314416808,-11.0978857159671,-10.162166677689,"95%","4",TRUE,8,0.181497722590411
"987",",
 ","ProxyRecord",7807.525,-10.72429601,0.316456439287178,75.5250000000005,0.158228219643589,37.7625000000003,-5857.525,4,"test_set",0.157051024529764,-10.6654080087658,-10.7329051207738,-10.6058755989158,-10.6659360226764,-11.1054572925678,-10.2320753619644,"95%","4",TRUE,8,0.181497722590411
"988",",
 ","ProxyRecord",7888,-11.0069002,0.318148605343717,77,0.159074302671859,38.5,-5938,4,"test_set",0.151785880653055,-10.9915357270461,-11.0675564041956,-10.9236747658042,-10.9979021977147,-11.4161823393787,-10.5787423992211,"95%","4",TRUE,8,0.181497722590411
"989",",
 ","ProxyRecord",7934.9875,-11.29023581,0.319864531495081,66.0124999999998,0.15993226574754,33.0062499999999,-5984.9875,4,"test_set",0.147875623118665,-11.1736156619598,-11.2607659908297,-11.094490363587,-11.1791820719774,-11.6429563609947,-10.7387993440402,"95%","4",TRUE,8,0.181497722590411
"990",",
 ","ProxyRecord",14,-0.069005802,0.320410770700682,74,0.160205385350341,37,1936,5,"test_set",0.000458684208586024,-0.103081822649364,-0.247811399008004,0.0444521377258251,-0.102896331272923,-0.444109790927681,0.252319894028631,"95%","5",TRUE,8,0.181497722590411
"991",",
 ","ProxyRecord",1574.9625,-0.918623073,0.286699283275371,295.0375,0.143349641637685,147.51875,375.0375,5,"test_set",0.000138366109081467,-0.935332666255231,-1.03791401195327,-0.828857953491306,-0.934226371094715,-1.24459320158112,-0.623923058636518,"95%","5",TRUE,8,0.181497722590411
"992",",
 ","ProxyRecord",2566.0125,-1.175272669,0.30049796406866,410.0125,0.15024898203433,205.00625,-616.0125,5,"test_set",0.000193898751155164,-1.20788758557216,-1.2948614908307,-1.11664351208742,-1.20579629416428,-1.52412690011366,-0.892754799693542,"95%","5",TRUE,8,0.181497722590411
"993",",
 ","ProxyRecord",3395.5,-1.784757341,0.288420549773389,547.525,0.144210274886695,273.7625,-1445.5,5,"test_set",0.000561037443574941,-1.83273905210506,-1.89377819338841,-1.77078525110623,-1.83351765597783,-2.12538342304538,-1.52744448582296,"95%","5",TRUE,8,0.181497722590411
"994",",
 ","ProxyRecord",4383.425,-2.866337463,0.338457829204649,292.6,0.169228914602324,146.3,-2433.425,5,"test_set",0.000465364493940079,-2.90249132260625,-2.96185712711024,-2.84590660770151,-2.90736769291329,-3.25544424713716,-2.57848681150053,"95%","5",TRUE,8,0.181497722590411
"995",",
 ","ProxyRecord",5386.5125,-4.175739411,0.342193393629715,283.5125,0.171096696814857,141.75625,-3436.5125,5,"test_set",0.000917710696768381,-4.21095127498744,-4.25981602994646,-4.16398134707977,-4.20833274903784,-4.5586359914401,-3.86601647748005,"95%","5",TRUE,8,0.181497722590411
"996",",
 ","ProxyRecord",5391.975,-4.21547279,0.342291458284034,283.025,0.171145729142017,141.5125,-3441.975,5,"test_set",0.000919550820177584,-4.22103027682928,-4.27013333816826,-4.17399476538194,-4.22366696020446,-4.54783535228252,-3.87603134443798,"95%","5",TRUE,8,0.181497722590411
"997",",
 ","ProxyRecord",5446.4875,-4.573196685,0.343212915147096,262.5125,0.171606457573548,131.25625,-3496.4875,5,"test_set",0.000936000177675922,-4.32266073778455,-4.37158496678575,-4.277795448612,-4.32430504641663,-4.66381978574133,-3.98601488440006,"95%","5",TRUE,8,0.181497722590411
"998",",
 ","ProxyRecord",5464.5125,-4.69249573,0.343535620780583,253.5125,0.171767810390292,126.75625,-3514.5125,5,"test_set",0.000940673855254204,-4.35664371927897,-4.40484976296281,-4.31198647380615,-4.35392959722903,-4.70017160693411,-4.00560513106238,"95%","5",TRUE,8,0.181497722590411
"999",",
 ","ProxyRecord",5935.9875,-5.329136603,0.345378910631829,224.1625,0.172689455315915,112.08125,-3985.9875,5,"test_set",0.000927813583340153,-5.26168813064238,-5.32786874248904,-5.19635541741979,-5.25539250290825,-5.6134037916099,-4.92363330070005,"95%","5",TRUE,8,0.181497722590411
"1000",",
 ","ProxyRecord",6885,-6.764058341,0.342908309835436,39,0.171454154917718,19.5,-4935,5,"test_set",0.0013330544165413,-7.08599873003191,-7.13521988990137,-7.03381559207466,-7.09021842387931,-7.4373078858356,-6.74900571130087,"95%","5",TRUE,8,0.181497722590411
"1001",",
 ","ProxyRecord",6888.5,-6.843862071,0.343214473416499,37.5,0.171607236708249,18.75,-4938.5,5,"test_set",0.00133841032894377,-7.09533097878309,-7.14470421107252,-7.04302800275565,-7.10056257322991,-7.45558066299547,-6.76425346919932,"95%","5",TRUE,8,0.181497722590411
"1002",",
 ","ProxyRecord",6891.5,-6.923682426,0.34352457919312,37.5,0.17176228959656,18.75,-4941.5,5,"test_set",0.00134302423828725,-7.10336019337896,-7.15278005405144,-7.05088342290853,-7.0987835277782,-7.42725776956192,-6.77045387703497,"95%","5",TRUE,8,0.181497722590411
"1003",",
 ","ProxyRecord",6895.5,-7.043428922,0.343994533991546,37.5,0.171997266995773,18.75,-4945.5,5,"test_set",0.00134920932564064,-7.11410933286496,-7.16368123210487,-7.06172435641506,-7.12030348314,-7.47889875612502,-6.76670176019429,"95%","5",TRUE,8,0.181497722590411
"1004",",
 ","ProxyRecord",6899.0125,-7.163221243,0.344471405296577,37.0124999999998,0.172235702648289,18.5062499999999,-4949.0125,5,"test_set",0.00135467190149896,-7.12358965762341,-7.17322525903975,-7.07132786013848,-7.12677418598351,-7.47296292115379,-6.80389467481535,"95%","5",TRUE,8,0.181497722590411
"1005",",
 ","ProxyRecord",6904.9875,-7.322975101,0.345117061896691,36.0124999999998,0.172558530948346,18.0062499999999,-4954.9875,5,"test_set",0.00136403134483043,-7.13980553223085,-7.18928953725909,-7.08761174018808,-7.14016208912329,-7.49593585220194,-6.79326351616468,"95%","5",TRUE,8,0.181497722590411
"1006",",
 ","ProxyRecord",6920.0125,-7.402860803,0.345444413830338,42.0124999999998,0.172722206915169,21.0062499999999,-4970.0125,5,"test_set",0.00138794123225594,-7.18108539271644,-7.23099944858196,-7.1289052314859,-7.18615766167578,-7.53426111779641,-6.84741419942774,"95%","5",TRUE,8,0.181497722590411
"1007",",
 ","ProxyRecord",7084.4875,-8.122484742,0.348521892022329,48.5124999999998,0.174260946011165,24.2562499999999,-5134.4875,5,"test_set",0.00168444389174738,-7.68439708574398,-7.7335767500601,-7.63395049643404,-7.68539165517531,-8.06281232363061,-7.33347459992244,"95%","5",FALSE,8,0.181497722590411
"1008",",
 ","ProxyRecord",7086,-8.162494078,0.348698973973306,48.0249999999996,0.174349486986653,24.0124999999998,-5136,5,"test_set",0.00168737995027701,-7.68949846480549,-7.73862293655021,-7.63915309377973,-7.69612625086734,-8.03967924225575,-7.32098667986162,"95%","5",FALSE,8,0.181497722590411
"1009",",
 ","ProxyRecord",7093.5,-8.322571807,0.34941530143365,49.5,0.174707650716825,24.75,-5143.5,5,"test_set",0.00170181109646617,-7.71492628069445,-7.76391648578101,-7.66534867987016,-7.71284993575583,-8.07195488816155,-7.36041004502582,"95%","5",FALSE,8,0.181497722590411
"1010",",
 ","ProxyRecord",7441.9875,-8.8030171,0.342601958233598,86.0124999999998,0.171300979116799,43.0062499999999,-5491.9875,5,"test_set",0.00213775855568699,-9.081493758919,-9.12557314473412,-9.03658582957026,-9.08469721984761,-9.42814817745748,-8.74870468173725,"95%","5",TRUE,8,0.181497722590411
"1011",",
 ","ProxyRecord",7488.5125,-9.003393483,0.343573632682052,98.5374999999994,0.171786816341026,49.2687499999997,-5538.5125,5,"test_set",0.00216120669320752,-9.28189828687289,-9.32743691103213,-9.23514464808675,-9.27933142057864,-9.61068487511557,-8.92823746294089,"95%","5",TRUE,8,0.181497722590411
"1012",",
 ","ProxyRecord",7559,-9.364339993,0.345361636045189,86.0249999999996,0.172680818022594,43.0124999999998,-5609,5,"test_set",0.00218113463930081,-9.58867321295966,-9.63649606698135,-9.54064596995917,-9.59370803887478,-9.95060295942161,-9.24921505549507,"95%","5",TRUE,8,0.181497722590411
"1013",",
 ","ProxyRecord",7569.9875,-9.444616361,0.345765475239243,79.0124999999998,0.172882737619621,39.5062499999999,-5619.9875,5,"test_set",0.00218254812014429,-9.636688634067,-9.68488709948165,-9.58814381803605,-9.63479287236163,-9.98229621263647,-9.27520813496438,"95%","5",TRUE,8,0.181497722590411
"1014",",
 ","ProxyRecord",7582,-9.565044647,0.346376353275751,73,0.173188176637876,36.5,-5632,5,"test_set",0.00218357099379674,-9.68921070663406,-9.73777947724679,-9.64084823687036,-9.69278057932763,-10.0276751317625,-9.35605542895545,"95%","5",TRUE,8,0.181497722590411
"1015",",
 ","ProxyRecord",7610,-9.846253579,0.347821223350451,55.0249999999996,0.173910611675225,27.5124999999998,-5660,5,"test_set",0.00218383660106625,-9.81167274645038,-9.86092761357975,-9.76326433965039,-9.80872867130245,-10.1328248653327,-9.44829601322409,"95%","5",TRUE,8,0.181497722590411
"1016",",
 ","ProxyRecord",7697,-10.28875477,0.350150107764999,55,0.175075053882499,27.5,-5747,5,"test_set",0.00216574213616205,-10.1908954139532,-10.2384543182057,-10.1432998786641,-10.1956254039413,-10.5266094686213,-9.85003262531276,"95%","5",TRUE,8,0.181497722590411
"1017",",
 ","ProxyRecord",7774.025,-10.6033048,0.315739941823423,67.0250000000005,0.157869970911711,33.5125000000003,-5824.025,5,"test_set",0.002125830986488,-10.5219153748689,-10.5693878689174,-10.4755726562522,-10.5208297113014,-10.8429274522354,-10.2161068742345,"95%","5",TRUE,8,0.181497722590411
"1018",",
 ","ProxyRecord",7865,-10.88571459,0.317420490766427,72,0.158710245383213,36,-5915,5,"test_set",0.00204978941842349,-10.9021913348327,-10.9551838430788,-10.8527800706987,-10.9089195811303,-11.2282394861018,-10.6054372892892,"95%","5",TRUE,8,0.181497722590411
"1019",",
 ","ProxyRecord",7928,-11.24970716,0.319618573,67,0.159809286,33.5,-5978,5,"test_set",0.00197878700447518,-11.1558794617662,-11.2182687353911,-11.092258397842,-11.1548519579381,-11.4648496047786,-10.8372481217267,"95%","5",TRUE,8,0.181497722590411
"1020",",
 ","ProxyRecord",386.4875,-0.420397887,0.319781865557516,238.5625,0.159890932778758,119.28125,1563.5125,6,"test_set",0.000346018772393042,-0.447426730132448,-0.551754387722672,-0.34067134428601,-0.44394796681076,-0.782782113070565,-0.106362475258352,"95%","6",TRUE,8,0.181497722590411
"1021",",
 ","ProxyRecord",2620.5,-1.21467617,0.300531211877705,433.6,0.150265605938852,216.8,-670.5,6,"test_set",0.000220809057688287,-1.22895608180733,-1.31453917683827,-1.14128234168952,-1.23204131421164,-1.54675921030908,-0.91625654714462,"95%","6",TRUE,8,0.181497722590411
"1022",",
 ","ProxyRecord",3136.4625,-1.530183704,0.300836598734054,537.5375,0.150418299367027,268.76875,-1186.4625,6,"test_set",0.000462220802266433,-1.56318087454823,-1.64689678725699,-1.4860252139659,-1.57361660325282,-1.88111839241061,-1.26624675545431,"95%","6",TRUE,8,0.181497722590411
"1023",",
 ","ProxyRecord",3424,-1.824260224,0.288472039568732,537.05,0.144236019784366,268.525,-1474,6,"test_set",0.000554347704534441,-1.86173822406685,-1.92558577968991,-1.8008655251214,-1.85835091916269,-2.15266058922479,-1.5571364857741,"95%","6",TRUE,8,0.181497722590411
"1024",",
 ","ProxyRecord",3624.9875,-2.061371665,0.288804013330107,479.0375,0.144402006665054,239.51875,-1674.9875,6,"test_set",0.000577596651496481,-2.09429905716377,-2.14957510135347,-2.03534346239183,-2.08967610616044,-2.39260352640581,-1.80250592100378,"95%","6",TRUE,8,0.181497722590411
"1025",",
 ","ProxyRecord",3721.4625,-2.219524348,0.289047480325488,448.5875,0.144523740162744,224.29375,-1771.4625,6,"test_set",0.000576729928214448,-2.20769354956188,-2.26463593633606,-2.14764366076981,-2.20857897812984,-2.50863047793391,-1.90179807612924,"95%","6",TRUE,8,0.181497722590411
"1026",",
 ","ProxyRecord",3752.4875,-2.298633897,0.289175402580346,439.5375,0.144587701290173,219.76875,-1802.4875,6,"test_set",0.000574793493568482,-2.24399933497901,-2.30176214018716,-2.18366453302654,-2.24347789320299,-2.53306597249312,-1.92431283568195,"95%","6",TRUE,8,0.181497722590411
"1027",",
 ","ProxyRecord",3805.4375,-2.377754547,0.28930718893556,399.6625,0.14465359446778,199.83125,-1855.4375,6,"test_set",0.000569625220125936,-2.30553268781079,-2.36571469021121,-2.24413671722069,-2.30347076786776,-2.60726884507201,-2.00796531554793,"95%","6",TRUE,8,0.181497722590411
"1028",",
 ","ProxyRecord",3909.325,-2.536051478,0.289584870766641,355.7,0.144792435383321,177.85,-1959.325,6,"test_set",0.00055265701354168,-2.42373715275555,-2.48757265186319,-2.3563001931124,-2.42523523180257,-2.73333297391868,-2.1129429025336,"95%","6",TRUE,8,0.181497722590411
"1029",",
 ","ProxyRecord",5045.05,-3.381744875,0.339435742587645,182.075,0.169717871293823,91.0374999999999,-3095.05,6,"test_set",0.000729571212898516,-3.64775073091661,-3.71298597157837,-3.57690226321144,-3.64791314674852,-4.01113917740148,-3.30113528610004,"95%","6",TRUE,8,0.181497722590411
"1030",",
 ","ProxyRecord",5223.5,-3.659498747,0.340023651799844,274.525,0.170011825899922,137.2625,-3273.5,6,"test_set",0.000832577557674518,-3.92842547480638,-3.9864466490471,-3.86257010744325,-3.91798485515373,-4.25618999416094,-3.57077331411155,"95%","6",TRUE,8,0.181497722590411
"1031",",
 ","ProxyRecord",5253.5125,-3.738856111,0.341167013120535,287.5125,0.170583506560267,143.75625,-3303.5125,6,"test_set",0.000846715157920563,-3.97914337199842,-4.03559584077447,-3.91567086124745,-3.98101942267682,-4.31802280545224,-3.63523938364754,"95%","6",TRUE,8,0.181497722590411
"1032",",
 ","ProxyRecord",5440.975,-4.533437045,0.343107092356876,264.049999999999,0.171553546178438,132.025,-3490.975,6,"test_set",0.000914257142969887,-4.31298937321415,-4.36222113024363,-4.2598865152532,-4.31242963976361,-4.6608034201628,-3.97914631616602,"95%","6",TRUE,8,0.181497722590411
"1033",",
 ","ProxyRecord",5469.4875,-4.732269606,0.34364463779127,251.5125,0.171822318895635,125.75625,-3519.4875,6,"test_set",0.000921393788844149,-4.36579479503523,-4.41426961232619,-4.31369316144656,-4.37248165625378,-4.71212067077193,-4.00959714275637,"95%","6",FALSE,8,0.181497722590411
"1034",",
 ","ProxyRecord",5482.5125,-4.772046295,0.343754642647718,243.5125,0.171877321323859,121.75625,-3532.5125,6,"test_set",0.000924378384170588,-4.39005063978635,-4.43846674089633,-4.33842405392766,-4.38908139663557,-4.7472542524581,-4.04508969458472,"95%","6",FALSE,8,0.181497722590411
"1035",",
 ","ProxyRecord",5510,-4.851600007,0.343977162579867,236,0.171988581289933,118,-3560,6,"test_set",0.000930109813235269,-4.44148614704113,-4.49102582837333,-4.39010164028045,-4.44268589512049,-4.78082638614856,-4.09420611525511,"95%","6",FALSE,8,0.181497722590411
"1036",",
 ","ProxyRecord",5832.025,-5.130111674,0.344781272868479,227.05,0.172390636434239,113.525,-3882.025,6,"test_set",0.00093993220091626,-5.05426536757781,-5.11449237796733,-4.9928578735174,-5.05195162410857,-5.40485810727091,-4.71753986726839,"95%","6",TRUE,8,0.181497722590411
"1037",",
 ","ProxyRecord",6086,-5.528218646,0.345997335052248,187.025,0.172998667526124,93.5124999999998,-4136,6,"test_set",0.000874716309429146,-5.51892060014702,-5.58785798478069,-5.45204077722952,-5.51876001074549,-5.87041997473239,-5.16179462727777,"95%","6",TRUE,8,0.181497722590411
"1038",",
 ","ProxyRecord",6507.475,-6.125994293,0.340564026510113,104.525,0.170282013255057,52.2624999999998,-4557.475,6,"test_set",0.000946386346667438,-6.25436297080553,-6.30347084080205,-6.20733563575753,-6.25660139116634,-6.60002970377087,-5.92835246624783,"95%","6",TRUE,8,0.181497722590411
"1039",",
 ","ProxyRecord",6724.5,-6.48481342,0.341857871416384,49.5249999999996,0.170928935708192,24.7624999999998,-4774.5,6,"test_set",0.00113539843429322,-6.69905620855143,-6.74641938807474,-6.65271077837859,-6.69543217017131,-7.06167565689673,-6.33454671348214,"95%","6",TRUE,8,0.181497722590411
"1040",",
 ","ProxyRecord",6894,-7.003509672,0.343837082444669,37,0.171918541222335,18.5,-4944,6,"test_set",0.00135493637971607,-7.1175348753286,-7.16678239398288,-7.06869786879409,-7.11801614143507,-7.44940900294852,-6.78311032541148,"95%","6",TRUE,8,0.181497722590411
"1041",",
 ","ProxyRecord",7071.0125,-7.762544206,0.346955222393991,50.0124999999998,0.173477611196996,25.0062499999999,-5121.0125,6,"test_set",0.00165153386257888,-7.64728090422146,-7.69440804338582,-7.60021407209583,-7.64710132306342,-7.99827847709095,-7.31113599138672,"95%","6",TRUE,8,0.181497722590411
"1042",",
 ","ProxyRecord",7072,-7.802531821,0.347126117252899,50,0.173563058626449,25,-5122,6,"test_set",0.00165338143864879,-7.65054801803814,-7.69762503149532,-7.60353197154916,-7.65561838230425,-8.0084428931421,-7.31019913045927,"95%","6",TRUE,8,0.181497722590411
"1043",",
 ","ProxyRecord",7082.9875,-8.082471263,0.348345391893485,49.0124999999998,0.174172695946742,24.5062499999999,-5132.9875,6,"test_set",0.00167392630534557,-7.68715120113329,-7.73399279225803,-7.64032517269858,-7.69297904703206,-8.04554861243921,-7.31776616445695,"95%","6",FALSE,8,0.181497722590411
"1044",",
 ","ProxyRecord",7087,-8.202512229,0.348877000744633,48.0249999999996,0.174438500372316,24.0124999999998,-5137,6,"test_set",0.00168133893327926,-7.70063248745815,-7.74714668527564,-7.65410427502322,-7.70178162399763,-8.06334607398556,-7.36553750353836,"95%","6",FALSE,8,0.181497722590411
"1045",",
 ","ProxyRecord",7468.025,-8.923237509,0.343182358880579,94.0250000000006,0.17159117944029,47.0125000000003,-5518.025,6,"test_set",0.00213483159363648,-9.19085768803705,-9.23469448415545,-9.14573161704404,-9.18528153168995,-9.5543226189209,-8.82210147128546,"95%","6",TRUE,8,0.181497722590411
"1046",",
 ","ProxyRecord",7478.0375,-8.963317834,0.343377864874404,98.0374999999994,0.171688932437202,49.0187499999997,-5528.0375,6,"test_set",0.00214006570651293,-9.23379899929181,-9.27766059911133,-9.1884692014876,-9.23975825719206,-9.57560251515139,-8.89822991803001,"95%","6",TRUE,8,0.181497722590411
"1047",",
 ","ProxyRecord",7845,-10.80497827,0.316937688842211,77,0.158468844421106,38.5,-5895,6,"test_set",0.0020957830840107,-10.8175575623748,-10.8662742726594,-10.7709957688283,-10.8109375700467,-11.1386129178968,-10.4918535834347,"95%","6",TRUE,8,0.181497722590411
"1048",",
 ","ProxyRecord",7896.5,-11.04732685,0.318392066237282,76.5249999999996,0.159196033118641,38.2624999999998,-5946.5,6,"test_set",0.00205278487457328,-11.0304826074527,-11.0853916307976,-10.9755314272656,-11.0289133718933,-11.3624849788493,-10.7108500356936,"95%","6",TRUE,8,0.181497722590411
"1049",",
 ","ProxyRecord",847.125,-0.695083187,0.319884878215016,253.125,0.159942439107508,126.5625,1102.875,7,"test_set",0.000233942531277509,-0.673344653087103,-0.80972774078285,-0.528185013455257,-0.673481855733507,-1.01232946372057,-0.315411182482686,"95%","7",TRUE,8,0.181497722590411
"1050",",
 ","ProxyRecord",1516.4625,-0.879284769,0.286673489851659,291.5875,0.143336744925829,145.79375,433.5375,7,"test_set",0.000138625778026147,-0.914364499734001,-1.02164025934091,-0.802375456534558,-0.912202911432431,-1.21637003916245,-0.632625079065928,"95%","7",TRUE,8,0.181497722590411
"1051",",
 ","ProxyRecord",2489.5125,-1.135875216,0.30046558039297,369.5125,0.150232790196485,184.75625,-539.5125,7,"test_set",0.000170275697480848,-1.17364699553223,-1.27937674478285,-1.06576779284452,-1.16520448862615,-1.47665567240074,-0.844241476893421,"95%","7",TRUE,8,0.181497722590411
"1052",",
 ","ProxyRecord",2751.4125,-1.33293653,0.300637532720803,478.6125,0.150318766360402,239.30625,-801.4125,7,"test_set",0.000265039087671282,-1.27974258894867,-1.37336490001855,-1.19021626125832,-1.28364406840477,-1.60729649930747,-0.966746243515727,"95%","7",TRUE,8,0.181497722590411
"1053",",
 ","ProxyRecord",2796.5125,-1.372378102,0.300675145598983,477.5125,0.150337572799491,238.75625,-846.5125,7,"test_set",0.000285634235047683,-1.30358096281484,-1.39480534710792,-1.21539046869187,-1.30582794148213,-1.61377463573795,-0.993649070001221,"95%","7",TRUE,8,0.181497722590411
"1054",",
 ","ProxyRecord",2840.475,-1.411810407,0.30071411651296,479.525,0.15035705825648,239.7625,-890.475,7,"test_set",0.000306919310694154,-1.32872734866488,-1.42055002824731,-1.24062046077124,-1.32991944701012,-1.63920451281386,-1.02424304309753,"95%","7",TRUE,8,0.181497722590411
"1055",",
 ","ProxyRecord",3303.5,-1.666295442,0.288272126175546,553.525,0.144136063087773,276.7625,-1353.5,7,"test_set",0.000531338773485102,-1.7229166236431,-1.80032469361021,-1.65016871857331,-1.72064706427762,-2.02596465689789,-1.41593757658086,"95%","7",TRUE,8,0.181497722590411
"1056",",
 ","ProxyRecord",3878.425,-2.496469688,0.289513860602869,365.625,0.144756930301435,182.8125,-1928.425,7,"test_set",0.000567407669349596,-2.39006961002423,-2.45547733512364,-2.32763896047719,-2.38579237442641,-2.6873712905902,-2.08053028217682,"95%","7",TRUE,8,0.181497722590411
"1057",",
 ","ProxyRecord",4537.4625,-3.104147077,0.338890106207929,242.5625,0.169445053103964,121.28125,-2587.4625,7,"test_set",0.000504226044018008,-3.05798047848865,-3.11916108074034,-2.99470924861478,-3.05574283133721,-3.40874951795366,-2.71191221753337,"95%","7",TRUE,8,0.181497722590411
"1058",",
 ","ProxyRecord",4958.525,-3.342076191,0.339354657792045,177.575000000001,0.169677328896023,88.7875000000004,-3008.525,7,"test_set",0.000676023631318579,-3.53962924184139,-3.60244669008597,-3.47542870444501,-3.5402994636778,-3.87994114103256,-3.16405086541808,"95%","7",TRUE,8,0.181497722590411
"1059",",
 ","ProxyRecord",5201,-3.619811057,0.339937131124243,263,0.169968565562121,131.5,-3251,7,"test_set",0.000825773659218765,-3.90559654160221,-3.96255168984228,-3.84752907325002,-3.91702937633211,-4.2539307020988,-3.57602179004306,"95%","7",TRUE,8,0.181497722590411
"1060",",
 ","ProxyRecord",5692.025,-5.010731089,0.344431279151665,261.025000000001,0.172215639575833,130.5125,-3742.025,7,"test_set",0.000952230114004138,-4.80389213122865,-4.85604131436228,-4.74915426474593,-4.80124247440913,-5.14536173629293,-4.44972181419945,"95%","7",TRUE,8,0.181497722590411
"1061",",
 ","ProxyRecord",6473.4875,-5.966574007,0.340009225945833,117.5125,0.170004612972917,58.7562499999999,-4523.4875,7,"test_set",0.000920377827440255,-6.20427090322278,-6.25328550597471,-6.15364585316005,-6.19431390384316,-6.52951698904861,-5.84470248858683,"95%","7",TRUE,8,0.181497722590411
"1062",",
 ","ProxyRecord",6498,-6.086131553,0.340423833661309,108,0.170211916830655,54,-4548,7,"test_set",0.000934702656407715,-6.24943965871454,-6.29717047799851,-6.20046103812005,-6.24752397304849,-6.58986356333429,-5.91721492134566,"95%","7",TRUE,8,0.181497722590411
"1063",",
 ","ProxyRecord",6892,-6.96359469,0.343680553311825,38,0.171840276655912,19,-4942,7,"test_set",0.00134953155097595,-7.12256056538417,-7.17043098545957,-7.07679192022608,-7.11698421773791,-7.46835410203022,-6.74525823415488,"95%","7",TRUE,8,0.181497722590411
"1064",",
 ","ProxyRecord",7088.9875,-8.242522251,0.349055583,48.0124999999998,0.174527791574334,24.0062499999999,-5138.9875,7,"test_set",0.00168672064382314,-7.71756588223003,-7.7640429305979,-7.67159436196737,-7.72299096321983,-8.07253847434203,-7.37057608804505,"95%","7",FALSE,8,0.181497722590411
"1065",",
 ","ProxyRecord",7303.5,-8.522639728,0.341268713146706,72.5249999999996,0.170634356573353,36.2624999999998,-5353.5,7,"test_set",0.0020027735496253,-8.51640958450548,-8.5613679431511,-8.47319050029803,-8.51356662833214,-8.860172491597,-8.16341451237044,"95%","7",TRUE,8,0.181497722590411
"1066",",
 ","ProxyRecord",7322,-8.562682971,0.341457053963497,65,0.170728526981748,32.5,-5372,7,"test_set",0.00202232932422497,-8.59106568084125,-8.636169240969,-8.54685652224484,-8.59095052978961,-8.92013481574632,-8.23287739638347,"95%","7",TRUE,8,0.181497722590411
"1067",",
 ","ProxyRecord",7355.5,-8.642775035,0.341836322185815,56.5,0.170918161092907,28.25,-5405.5,7,"test_set",0.00205462898574815,-8.72801672707579,-8.77517898755134,-8.68126612456882,-8.72729567792015,-9.05571759755377,-8.39187053108855,"95%","7",TRUE,8,0.181497722590411
"1068",",
 ","ProxyRecord",7450.5,-8.843079696,0.342794840287658,91.5,0.171397420143829,45.75,-5500.5,7,"test_set",0.00212441589524381,-9.12655386241524,-9.1768322290976,-9.07786411628779,-9.12390716741761,-9.48035413477424,-8.77393704191971,"95%","7",TRUE,8,0.181497722590411
"1069",",
 ","ProxyRecord",7496.0125,-9.043484911,0.343769106,99.0374999999994,0.171884553,49.5187499999997,-5546.0125,7,"test_set",0.002146424298477,-9.32145591003829,-9.3725888857426,-9.27187395595272,-9.31448954730971,-9.65791338030363,-8.96744248980614,"95%","7",TRUE,8,0.181497722590411
"1070",",
 ","ProxyRecord",7517.025,-9.163784268,0.344361290824923,96.0250000000006,0.172180645412462,48.0125000000003,-5567.025,7,"test_set",0.00215408795596339,-9.41203253287836,-9.46306940885124,-9.36245469592077,-9.40846542123871,-9.74763578563782,-9.05821787185124,"95%","7",TRUE,8,0.181497722590411
"1071",",
 ","ProxyRecord",7520.9875,-9.203880679,0.344559865209497,97.0124999999998,0.172279932604749,48.5062499999999,-5570.9875,7,"test_set",0.00215535635312847,-9.42914679712961,-9.48026183419694,-9.37956182330245,-9.42522559643191,-9.76960730202897,-9.0791826943245,"95%","7",TRUE,8,0.181497722590411
"1072",",
 ","ProxyRecord",7572.5,-9.484752232,0.345968667861325,78.5,0.172984333930663,39.25,-5622.5,7,"test_set",0.00216674020898644,-9.65233288595785,-9.70547461020937,-9.60113159873567,-9.65656787903983,-9.99639869713073,-9.30347632764009,"95%","7",TRUE,8,0.181497722590411
"1073",",
 ","ProxyRecord",7615.5,-9.886457368,0.348029551077181,51.5,0.17401477553859,25.75,-5665.5,7,"test_set",0.00216898231792939,-9.83914613361704,-9.89236259336146,-9.78733569780233,-9.83819426663008,-10.204402411346,-9.47380818210987,"95%","7",TRUE,8,0.181497722590411
"1074",",
 ","ProxyRecord",7621.975,-9.92665478,0.348238250285579,48.0249999999996,0.17411912514279,24.0124999999998,-5671.975,7,"test_set",0.00216874761962416,-9.86727743907774,-9.92046905206059,-9.81559459488726,-9.86565391325809,-10.2164977628478,-9.5079576715488,"95%","7",TRUE,8,0.181497722590411
"1075",",
 ","ProxyRecord",7660,-10.08751181,0.349082609237231,50,0.174541304618615,25,-5710,7,"test_set",0.0021643463130161,-10.0323043397739,-10.0851364136577,-9.982192746888,-10.0335029541321,-10.3841548682335,-9.68703216702291,"95%","7",TRUE,8,0.181497722590411
"1076",",
 ","ProxyRecord",7755.0125,-10.52272384,0.315264165620434,64.0124999999998,0.157632082810217,32.0062499999999,-5805.0125,7,"test_set",0.00213076660839917,-10.4411868977451,-10.4920737190915,-10.3912901441633,-10.4441856009571,-10.7730807843167,-10.1187051703037,"95%","7",TRUE,8,0.181497722590411
"1077",",
 ","ProxyRecord",7765.5125,-10.56300702,0.315501818036251,66.5124999999998,0.157750909018125,33.2562499999999,-5815.5125,7,"test_set",0.00212507638526205,-10.4858755829605,-10.5364251783339,-10.4363999812278,-10.4915128805253,-10.8113177932773,-10.1660661802349,"95%","7",TRUE,8,0.181497722590411
"1078",",
 ","ProxyRecord",583.5125,-0.616526198,0.31985027938865,235.5125,0.159925139694325,117.75625,1366.4875,8,"test_set",0.000304176113116728,-0.553136623550056,-0.658986511568769,-0.445123668056342,-0.547046224804584,-0.879193300983842,-0.200531225005072,"95%","8",TRUE,8,0.181497722590411
"1079",",
 ","ProxyRecord",1074,-0.734375889,0.319903829030286,223,0.159951914515143,111.5,876,8,"test_set",0.000188952925711527,-0.760973613709827,-0.91345675497362,-0.607232643703707,-0.752019496320144,-1.1080920243577,-0.380985738795664,"95%","8",TRUE,8,0.181497722590411
"1080",",
 ","ProxyRecord",3476.475,-1.903281447,0.288578229984398,525.55,0.144289114992199,262.775,-1526.475,8,"test_set",0.000558147848533919,-1.91987216654462,-1.97820035262457,-1.85944554136155,-1.9223277381504,-2.22620073394642,-1.61099727746898,"95%","8",TRUE,8,0.181497722590411
"1081",",
 ","ProxyRecord",3547.35,-1.982305466,0.288688593716257,511.65,0.144344296858129,255.825,-1597.35,8,"test_set",0.000567804177409315,-2.00092575454623,-2.05831878079995,-1.94185996552087,-1.9992355844073,-2.31914712221083,-1.70123264354633,"95%","8",TRUE,8,0.181497722590411
"1082",",
 ","ProxyRecord",3699.3875,-2.179977648,0.288984919316642,457.6375,0.144492459658321,228.81875,-1749.3875,8,"test_set",0.000575769387700653,-2.1780463446976,-2.23866180910328,-2.11973737066271,-2.18277830131685,-2.49630377609144,-1.88015484925223,"95%","8",TRUE,8,0.181497722590411
"1083",",
 ","ProxyRecord",3737.95,-2.259077298,0.289110972963226,445.05,0.144555486481613,222.525,-1787.95,8,"test_set",0.000575024757154541,-2.22313889020555,-2.28494461689596,-2.16408741576771,-2.22866336609048,-2.54413165699136,-1.92435932624275,"95%","8",TRUE,8,0.181497722590411
"1084",",
 ","ProxyRecord",4453,-2.985223345,0.338669928952243,277.1,0.169334964476122,138.55,-2503,8,"test_set",0.000510960482413836,-2.98381087078994,-3.04820669970612,-2.92162386983724,-2.97908481517337,-3.32376214923199,-2.61286431983997,"95%","8",TRUE,8,0.181497722590411
"1085",",
 ","ProxyRecord",4484.975,-3.024857872,0.338742591363626,263.049999999999,0.169371295681813,131.525,-2534.975,8,"test_set",0.000515310398307989,-3.01630588398528,-3.07995498061227,-2.95468213574602,-3.01317258437593,-3.37358935548541,-2.66694149111362,"95%","8",TRUE,8,0.181497722590411
"1086",",
 ","ProxyRecord",4566.475,-3.143788366,0.338965562775759,229.525,0.16948278138788,114.7625,-2616.475,8,"test_set",0.000530234898976634,-3.10058369954397,-3.16468911480208,-3.03792102300745,-3.09499665235728,-3.44666841656507,-2.74594472882537,"95%","8",TRUE,8,0.181497722590411
"1087",",
 ","ProxyRecord",5074.9875,-3.421408449,0.339517185021476,194.0125,0.169758592510738,97.0062499999999,-3124.9875,8,"test_set",0.000746433968457083,-3.72829195204708,-3.79884631404174,-3.66133951441551,-3.72477385468486,-4.0674142624656,-3.36716595459942,"95%","8",TRUE,8,0.181497722590411
"1088",",
 ","ProxyRecord",5119.9875,-3.500760109,0.339682621925716,216.0125,0.169841310962858,108.00625,-3169.9875,8,"test_set",0.000771164626667264,-3.79661105099519,-3.86495525880465,-3.73109874660502,-3.80317254869107,-4.12844716116202,-3.4647993623575,"95%","8",TRUE,8,0.181497722590411
"1089",",
 ","ProxyRecord",5163.4875,-3.580127755,0.339851546253422,245.5125,0.169925773126711,122.75625,-3213.4875,8,"test_set",0.000793367096363351,-3.86476223377135,-3.93082983682965,-3.80233383604265,-3.86393961712089,-4.21330325165884,-3.52078451571744,"95%","8",TRUE,8,0.181497722590411
"1090",",
 ","ProxyRecord",5296.5,-3.93739353,0.341620480675429,295.5,0.170810240337715,147.75,-3346.5,8,"test_set",0.000850865766643949,-4.08441371659735,-4.14325523560126,-4.02654921619517,-4.07239627514905,-4.41312795988626,-3.70644405333484,"95%","8",TRUE,8,0.181497722590411
"1091",",
 ","ProxyRecord",5370.0125,-4.096279378,0.341998759939205,290.0125,0.170999379969603,145.00625,-3420.0125,8,"test_set",0.000875924397614192,-4.2119216789986,-4.26584514283998,-4.15698424184546,-4.21358785117707,-4.55676491842079,-3.87919498737792,"95%","8",TRUE,8,0.181497722590411
"1092",",
 ","ProxyRecord",5381,-4.136006945,0.342095604,286,0.171047802,143,-3431,8,"test_set",0.000879258857056087,-4.23129113161787,-4.28402477284148,-4.17761566289152,-4.22848643798457,-4.58459231106465,-3.8742297149155,"95%","8",TRUE,8,0.181497722590411
"1093",",
 ","ProxyRecord",5593,-4.970941183,0.344316526986243,255,0.172158263493122,127.5,-3643,8,"test_set",0.000922673721537315,-4.61656150988187,-4.66684403392851,-4.56724250723855,-4.61734719703014,-4.96361096634904,-4.24870226341908,"95%","8",FALSE,8,0.181497722590411
"1094",",
 ","ProxyRecord",5811.9875,-5.090313648,0.344663343498686,232.0375,0.172331671749343,116.01875,-3861.9875,8,"test_set",0.000925748181490604,-5.02472083717118,-5.08853737330191,-4.96371243472408,-5.0202420122517,-5.35936672825215,-4.67133230540928,"95%","8",TRUE,8,0.181497722590411
"1095",",
 ","ProxyRecord",6144,-5.607876288,0.346250177934013,172.05,0.173125088967007,86.0250000000001,-4194,8,"test_set",0.000861144815655912,-5.62098732898919,-5.69026670062593,-5.54961954308304,-5.62380067813037,-5.96439467962642,-5.25290316701074,"95%","8",TRUE,8,0.181497722590411
"1096",",
 ","ProxyRecord",6224.4875,-5.687542718,0.34650676041386,175.5375,0.17325338020693,87.7687500000002,-4274.4875,8,"test_set",0.000858690256322347,-5.75888631492822,-5.82440100533416,-5.68913633624195,-5.75772292543133,-6.11346271129503,-5.39322437690733,"95%","8",TRUE,8,0.181497722590411
"1097",",
 ","ProxyRecord",6541.4625,-6.3253188,0.341274634737221,92.5375000000004,0.17063731736861,46.2687500000002,-4591.4625,8,"test_set",0.000979411102797201,-6.32793142633232,-6.37724934687817,-6.27785464757896,-6.32972148497385,-6.6679775991247,-5.9679082352189,"95%","8",TRUE,8,0.181497722590411
"1098",",
 ","ProxyRecord",6548.9875,-6.365185827,0.341419404877928,88.0124999999998,0.170709702438964,44.0062499999999,-4598.9875,8,"test_set",0.000984804197101674,-6.34263856314129,-6.39166453413788,-6.29313372976443,-6.34851148964326,-6.69390144451902,-6.0143636082011,"95%","8",TRUE,8,0.181497722590411
"1099",",
 ","ProxyRecord",6606.975,-6.405062003,0.341564503947161,81.0499999999993,0.170782251973581,40.5249999999996,-4656.975,8,"test_set",0.00103029490721163,-6.45885576017346,-6.50628829219654,-6.41072026603789,-6.45577561281557,-6.80966925868179,-6.11464728452174,"95%","8",TRUE,8,0.181497722590411
"1100",",
 ","ProxyRecord",6887.475,-6.80395828,0.343060954135525,37.5249999999996,0.171530477067762,18.7624999999998,-4937.475,8,"test_set",0.00134860777682988,-7.11618827661183,-7.16338297458367,-7.06768101216342,-7.12326423659622,-7.4932097738467,-6.77655719410918,"95%","8",TRUE,8,0.181497722590411
"1101",",
 ","ProxyRecord",7050.4875,-7.562680895,0.346108904598418,49.5124999999998,0.173054452299209,24.7562499999999,-5100.4875,8,"test_set",0.00160841924881083,-7.5961244441378,-7.64102144424816,-7.54975033477005,-7.5942434712968,-7.93216224188275,-7.23911690508644,"95%","8",TRUE,8,0.181497722590411
"1102",",
 ","ProxyRecord",7566,-9.404470798,0.345563160794744,81,0.172781580397372,40.5,-5616,8,"test_set",0.00215220638875024,-9.61106620974251,-9.65883424557987,-9.56341669783837,-9.61854527999221,-9.95078270564941,-9.26190325373243,"95%","8",TRUE,8,0.181497722590411
"1103",",
 ","ProxyRecord",7601.5,-9.765890009,0.347405288437699,61.5,0.173702644218849,30.75,-5651.5,8,"test_set",0.00215798765617059,-9.76442403765906,-9.81338226937478,-9.71609432534926,-9.76531562084879,-10.1066810731881,-9.42129918985322,"95%","8",TRUE,8,0.181497722590411
"1104",",
 ","ProxyRecord",7689.4875,-10.24849435,0.349935022654488,53.5124999999998,0.174967511327244,26.7562499999999,-5739.4875,8,"test_set",0.00215466379267504,-10.1450269927841,-10.1950025020443,-10.0964524414096,-10.1430392294739,-10.5020522199931,-9.78717164978362,"95%","8",TRUE,8,0.181497722590411
"1105",",
 ","ProxyRecord",7921.5,-11.20918651,0.31937371267617,69.5,0.159686856338085,34.75,-5971.5,8,"test_set",0.00202527553332388,-11.1231362742183,-11.1868291414912,-11.0616174130894,-11.1185271405,-11.4466893563814,-10.8048883577045,"95%","8",TRUE,8,0.181497722590411
"1106",",
 ","ProxyRecord",7942.475,-11.33078558,0.3201107,60.5499999999993,0.16005535,30.2749999999996,-5992.475,8,"test_set",0.00200495695175107,-11.2077566004961,-11.2768717773947,-11.1407175208874,-11.2066184774514,-11.5232962010718,-10.875722961279,"95%","8",TRUE,8,0.181497722590411
"1107",",
 ","ProxyRecord",261.05,-0.302951103,0.319753405,187.05,0.159876702302196,93.525,1688.95,9,"test_set",0.000390825884398482,-0.356180651154213,-0.465319301639703,-0.244270875225974,-0.356741672661364,-0.692312093518575,-0.0211082090350597,"95%","9",TRUE,8,0.181497722590411
"1108",",
 ","ProxyRecord",354.925,-0.381224695,0.319771362832019,224.125,0.15988568141601,112.0625,1595.075,9,"test_set",0.000363363532249195,-0.429239387024015,-0.541799078872546,-0.315559213251727,-0.42822327583493,-0.768843531181777,-0.0535785675703165,"95%","9",TRUE,8,0.181497722590411
"1109",",
 ","ProxyRecord",1254.55,-0.800639634,0.286625488321054,213.575,0.143312744160527,106.7875,695.45,9,"test_set",0.000160832521919896,-0.82880416361807,-0.990212045307539,-0.661189290305418,-0.828786120821009,-1.16822644536481,-0.477335348448562,"95%","9",TRUE,8,0.181497722590411
"1110",",
 ","ProxyRecord",1438.0125,-0.839957544,0.286648866939431,294.0125,0.143324433469715,147.00625,511.9875,9,"test_set",0.000136386579172032,-0.893772243028668,-1.03102797305787,-0.758057389273128,-0.901352552656783,-1.21554080553027,-0.576698323525336,"95%","9",TRUE,8,0.181497722590411
"1111",",
 ","ProxyRecord",1831.4875,-1.036690097,0.286783231865505,286.5125,0.143391615932753,143.25625,118.5125,9,"test_set",0.000105848775427964,-1.01736064422848,-1.14904830892569,-0.877211931838325,-1.0169942089585,-1.34804886953039,-0.7005271712582,"95%","9",TRUE,8,0.181497722590411
"1112",",
 ","ProxyRecord",2292.0375,-1.096484017,0.300434440477865,271.0375,0.150217220238933,135.51875,-342.0375,9,"test_set",0.000128836626256401,-1.12554983687088,-1.26312477799547,-0.991349955817543,-1.12410286118793,-1.43779365402472,-0.799739054320141,"95%","9",TRUE,8,0.181497722590411
"1113",",
 ","ProxyRecord",2713.5,-1.293514541,0.300601118461603,468.525,0.150300559230802,234.2625,-763.5,9,"test_set",0.000256327842007575,-1.26420006813896,-1.34764271192365,-1.1811028840881,-1.27023982916872,-1.59800017457145,-0.942437964260828,"95%","9",TRUE,8,0.181497722590411
"1114",",
 ","ProxyRecord",3448.3625,-1.86376971,0.288524667101224,531.6375,0.144262333550612,265.81875,-1498.3625,9,"test_set",0.000569519977611233,-1.89111149366326,-1.95466935157462,-1.83028267623812,-1.88826286463323,-2.1847629525785,-1.60094701709389,"95%","9",TRUE,8,0.181497722590411
"1115",",
 ","ProxyRecord",3593.4875,-2.021836245,0.288745940919015,495.5625,0.144372970459508,247.78125,-1643.4875,9,"test_set",0.000583975216550403,-2.06165206493731,-2.12018946191168,-2.0044772692365,-2.05882409845852,-2.34640092830735,-1.77226985342522,"95%","9",TRUE,8,0.181497722590411
"1116",",
 ","ProxyRecord",3828.4875,-2.417322012,0.289374959537354,387.5625,0.144687479768677,193.78125,-1878.4875,9,"test_set",0.00056641825073589,-2.33850522833291,-2.40131644256647,-2.27632064548239,-2.3342146234702,-2.63929832468357,-2.0344227612021,"95%","9",TRUE,8,0.181497722590411
"1117",",
 ","ProxyRecord",4227.425,-2.734003631,0.28995434625047,334.6,0.144977173125235,167.3,-2277.425,9,"test_set",0.000469696413496479,-2.75165234196027,-2.81964274246964,-2.68463890089705,-2.7506851003045,-3.06672473144442,-2.44140299877169,"95%","9",TRUE,8,0.181497722590411
"1118",",
 ","ProxyRecord",4645.975,-3.223096834,0.339118288230522,180.025,0.169559144115261,90.0124999999998,-2695.975,9,"test_set",0.000520032662520986,-3.14811341227146,-3.21202368006698,-3.08328187144986,-3.14736709197843,-3.49251084552035,-2.80683007830727,"95%","9",TRUE,8,0.181497722590411
"1119",",
 ","ProxyRecord",5288.5,-3.897681316,0.341527995239457,294.5,0.170763997619729,147.25,-3338.5,9,"test_set",0.000887142480832104,-4.03782767024834,-4.09081519569316,-3.98370471434515,-4.04212790402008,-4.38547059397176,-3.69932494979357,"95%","9",TRUE,8,0.181497722590411
"1120",",
 ","ProxyRecord",5497.475,-4.811821559,0.343865587281485,239.525,0.171932793640742,119.7625,-3547.475,9,"test_set",0.000955379641309761,-4.42641576246023,-4.47294282163759,-4.37878145591359,-4.42425103640865,-4.77643310576555,-4.07103963524826,"95%","9",FALSE,8,0.181497722590411
"1121",",
 ","ProxyRecord",6113.525,-5.568045569,0.346123576551459,181.525000000001,0.173061788275729,90.7625000000003,-4163.525,9,"test_set",0.000870033698618933,-5.59578809479326,-5.67136031539184,-5.52404446337799,-5.59657180214036,-5.94601366484322,-5.2395387051221,"95%","9",TRUE,8,0.181497722590411
"1122",",
 ","ProxyRecord",6315.5375,-5.727524105,0.339202350042406,166.5625,0.169601175021203,83.28125,-4365.5375,9,"test_set",0.000861278081720762,-5.94175602531356,-6.00768846250288,-5.87975196888502,-5.94608624515245,-6.28618386452655,-5.5777459921726,"95%","9",TRUE,8,0.181497722590411
"1123",",
 ","ProxyRecord",6492,-6.046279297,0.340284880886553,110.025,0.170142440443276,55.0124999999998,-4542,9,"test_set",0.000928308205083716,-6.25421966444206,-6.30606366067675,-6.20024681221564,-6.26198559806025,-6.60108129363278,-5.91290573054477,"95%","9",TRUE,8,0.181497722590411
"1124",",
 ","ProxyRecord",6534,-6.285451714,0.341130709960747,96,0.170565354980374,48,-4584,9,"test_set",0.000954521726082014,-6.33291779784018,-6.3841151489095,-6.28066043265381,-6.33071898019724,-6.69352141985133,-5.97053850710897,"95%","9",TRUE,8,0.181497722590411
"1125",",
 ","ProxyRecord",6664.4875,-6.444935284,0.341711094596268,70.5124999999998,0.170855547298134,35.2562499999999,-4714.4875,9,"test_set",0.00106113009057385,-6.59398228029432,-6.63958554119484,-6.54462040955977,-6.59398494099559,-6.94778694645861,-6.24531224505727,"95%","9",TRUE,8,0.181497722590411
"1126",",
 ","ProxyRecord",6753.4875,-6.524692068,0.342005575347281,36.5124999999998,0.17100278767364,18.2562499999999,-4803.4875,9,"test_set",0.00115568577185865,-6.79028300060892,-6.83736592985374,-6.74067458667886,-6.79912961540001,-7.16713864124306,-6.445248275283,"95%","9",TRUE,8,0.181497722590411
"1127",",
 ","ProxyRecord",6766.9875,-6.604468054,0.342303101619817,38.0124999999998,0.171151550809909,19.0062499999999,-4816.9875,9,"test_set",0.00117157574555105,-6.82159498371597,-6.86873403371197,-6.77234031567904,-6.81599064956848,-7.17876715903084,-6.46678120634451,"95%","9",TRUE,8,0.181497722590411
"1128",",
 ","ProxyRecord",6880,-6.72415441,0.342755673935356,41,0.171377836967678,20.5,-4930,9,"test_set",0.00132058235200461,-7.10191975354583,-7.15075269511248,-7.05136399011168,-7.10298754894447,-7.46571011114769,-6.76457405915037,"95%","9",FALSE,8,0.181497722590411
"1129",",
 ","ProxyRecord",6902.5,-7.243088214,0.344793575364147,36.5,0.172396787682073,18.25,-4952.5,9,"test_set",0.00135365784121877,-7.16195619118846,-7.21067763128636,-7.11095929232453,-7.16447591061123,-7.49940765124564,-6.84097715238677,"95%","9",TRUE,8,0.181497722590411
"1130",",
 ","ProxyRecord",7077.5125,-7.962482349,0.3478192753668,49.5124999999998,0.1739096376834,24.7562499999999,-5127.5125,9,"test_set",0.00164886863112113,-7.68496285545949,-7.73074763672514,-7.63576864501,-7.68428312295446,-8.03603228738599,-7.33981110530267,"95%","9",TRUE,8,0.181497722590411
"1131",",
 ","ProxyRecord",7526.9875,-9.243994205,0.344758772676624,97.0124999999998,0.172379386338312,48.5062499999999,-5576.9875,9,"test_set",0.002149161740439,-9.44062071549576,-9.48786717709557,-9.39080497424861,-9.4333871459006,-9.78847703344479,-9.06525079065371,"95%","9",TRUE,8,0.181497722590411
"1132",",
 ","ProxyRecord",7535.5,-9.284107444,0.344958883798887,94.5,0.172479441899443,47.25,-5585.5,9,"test_set",0.00215268102650157,-9.47732755720598,-9.52484435209636,-9.42732426457761,-9.47155014111008,-9.8290558406507,-9.12034776438862,"95%","9",TRUE,8,0.181497722590411
"1133",",
 ","ProxyRecord",7651.9875,-10.04729486,0.348870386384677,46.0124999999998,0.174435193192338,23.0062499999999,-5701.9875,9,"test_set",0.00217859622693162,-9.98398662600078,-10.0313646809947,-9.93468146246081,-9.98407425890957,-10.3526971905736,-9.61616710101243,"95%","9",TRUE,8,0.181497722590411
"1134",",
 ","ProxyRecord",7882.475,-10.96649002,0.317905458091809,75.5249999999996,0.158952729045904,37.7624999999998,-5932.475,9,"test_set",0.00210770347761624,-10.9812995429227,-11.0336521834754,-10.9303235169737,-10.9794019434822,-11.3117005818762,-10.6509051230237,"95%","9",TRUE,8,0.181497722590411
"1135",",
 ","ProxyRecord",8096.0125,-11.61562273,0.321847961468769,116.037499999999,0.160923980734384,58.0187499999997,-6146.0125,9,"test_set",0.00189759424675806,-11.8447377198903,-11.988307606822,-11.7044442024362,-11.8478250430752,-12.2028299035802,-11.473389892305,"95%","9",TRUE,8,0.181497722590411
"1136",",
 ","ProxyRecord",314.525,-0.342078769,0.319761861512691,215.55,0.159880930756345,107.775,1635.475,10,"test_set",0.00036621745352905,-0.392770298908496,-0.508038235359515,-0.278620334809143,-0.390478173900526,-0.722075369161497,-0.0455083460826853,"95%","10",TRUE,8,0.181497722590411
"1137",",
 ","ProxyRecord",424.5125,-0.459588663,0.319793408523136,253.6125,0.159896704261568,126.80625,1525.4875,10,"test_set",0.000332721396559266,-0.470622564029982,-0.585708873543867,-0.353384854350696,-0.463323531954012,-0.824239536577997,-0.126090276247999,"95%","10",TRUE,8,0.181497722590411
"1138",",
 ","ProxyRecord",688.9375,-0.655797012,0.319867015494004,243.0875,0.159933507747002,121.54375,1261.0625,10,"test_set",0.000263100321559739,-0.612090462310101,-0.73008151316648,-0.498275010797213,-0.608301175535098,-0.949077594870995,-0.275964535294584,"95%","10",TRUE,8,0.181497722590411
"1139",",
 ","ProxyRecord",3050.05,-1.490715379,0.300794773612641,534.075,0.15039738680632,267.0375,-1100.05,10,"test_set",0.000419118452027467,-1.494696461708,-1.58182075021154,-1.41038137397057,-1.49070902455577,-1.79923490332172,-1.18576767607267,"95%","10",TRUE,8,0.181497722590411
"1140",",
 ","ProxyRecord",3176.9625,-1.569650617,0.300879806101973,536.0875,0.150439903050987,268.04375,-1226.9625,10,"test_set",0.000475857905946064,-1.60782413154489,-1.69126678078676,-1.52709247219154,-1.60037306878347,-1.91316625799649,-1.29620626099599,"95%","10",TRUE,8,0.181497722590411
"1141",",
 ","ProxyRecord",3241.4625,-1.609122975,0.300923926058793,549.5375,0.150461963029397,274.76875,-1291.4625,10,"test_set",0.00049985285213161,-1.67072122303283,-1.74925423250156,-1.59511114815816,-1.67132318072868,-2.00847160749425,-1.34614800543483,"95%","10",TRUE,8,0.181497722590411
"1142",",
 ","ProxyRecord",3652.4375,-2.100903267,0.288863245235775,474.5875,0.144431622617888,237.29375,-1702.4375,10,"test_set",0.000576113940020662,-2.12434812265452,-2.18535482514433,-2.06660620340318,-2.12267843548425,-2.41523539387036,-1.82851345386981,"95%","10",TRUE,8,0.181497722590411
"1143",",
 ","ProxyRecord",3774.9125,-2.338190529,0.289240700413988,423.0875,0.144620350206994,211.54375,-1824.9125,10,"test_set",0.000573220310018385,-2.26637348742885,-2.32919322980233,-2.20404368608827,-2.26633588078758,-2.57793538056334,-1.94782591307569,"95%","10",TRUE,8,0.181497722590411
"1144",",
 ","ProxyRecord",4062.9625,-2.615220506,0.289729574654109,362.0625,0.144864787327055,181.03125,-2112.9625,10,"test_set",0.000522031894767405,-2.58590733086001,-2.65414167102794,-2.5143128953683,-2.58783211506931,-2.91098870717968,-2.28326964269867,"95%","10",TRUE,8,0.181497722590411
"1145",",
 ","ProxyRecord",5139.95,-3.540440188,0.339766772285827,226.075,0.169883386142914,113.0375,-3189.95,10,"test_set",0.000786436216659858,-3.81937321666852,-3.88476500079394,-3.75383051218786,-3.81249511809498,-4.17097409039583,-3.45967131573695,"95%","10",TRUE,8,0.181497722590411
"1146",",
 ","ProxyRecord",5240.525,-3.699188863,0.340110731013885,284.525000000001,0.170055365506943,142.2625,-3290.525,10,"test_set",0.000835406285693008,-3.98315211752589,-4.0422545317711,-3.92228597554646,-3.98075782610838,-4.36089550088684,-3.63503040124699,"95%","10",TRUE,8,0.181497722590411
"1147",",
 ","ProxyRecord",5263.0125,-3.778548902,0.341256009309266,290.0125,0.170628004654633,145.00625,-3313.0125,10,"test_set",0.00084504987318823,-4.02108298097131,-4.07871719458081,-3.96061666149341,-4.01899090916986,-4.37849609653358,-3.64832579333441,"95%","10",TRUE,8,0.181497722590411
"1148",",
 ","ProxyRecord",5305.5125,-3.977108146,0.341713889121346,297.5125,0.170856944560673,148.75625,-3355.5125,10,"test_set",0.000861972612398176,-4.0939305525657,-4.14946437102487,-4.03525623595721,-4.09510501029832,-4.45127849603367,-3.73396839056798,"95%","10",TRUE,8,0.181497722590411
"1149",",
 ","ProxyRecord",5325.9875,-4.016826921,0.341808042,301.0375,0.17090402117789,150.51875,-3375.9875,10,"test_set",0.000869517066881542,-4.12953195119709,-4.18370864065097,-4.07213372566507,-4.1293638120638,-4.4885980145598,-3.75832056207495,"95%","10",TRUE,8,0.181497722590411
"1150",",
 ","ProxyRecord",5403.975,-4.294945935,0.342490488566976,279.025,0.171245244283488,139.5125,-3453.975,10,"test_set",0.000894630486891756,-4.26779645620503,-4.31874214974199,-4.2130064615406,-4.26250915327667,-4.60754478318968,-3.9056664683913,"95%","10",TRUE,8,0.181497722590411
"1151",",
 ","ProxyRecord",5458.0125,-4.652727697,0.343427072137768,257.0125,0.171713536068884,128.50625,-3508.0125,10,"test_set",0.000908665716736756,-4.36571958165261,-4.41654688019493,-4.31502996452107,-4.36608016165243,-4.73494830712462,-4.00829088775587,"95%","10",TRUE,8,0.181497722590411
"1152",",
 ","ProxyRecord",5876.425,-5.20971416,0.345018016928655,233.575,0.172509008464327,116.7875,-3926.425,10,"test_set",0.000924078828479224,-5.14733044616187,-5.21316235974358,-5.07971266316741,-5.15004734336988,-5.5090387593337,-4.77687391079289,"95%","10",TRUE,8,0.181497722590411
"1153",",
 ","ProxyRecord",5959.5125,-5.368946419,0.345500796548822,219.537499999999,0.172750398274411,109.76875,-4009.5125,10,"test_set",0.000907481072598415,-5.29995319825759,-5.3677524584819,-5.2286047283479,-5.2953955296167,-5.6389220083494,-4.95952354874114,"95%","10",TRUE,8,0.181497722590411
"1154",",
 ","ProxyRecord",6007.0125,-5.44857656,0.345747603325205,207.0625,0.172873801662603,103.53125,-4057.0125,10,"test_set",0.00089506593052846,-5.38571422754064,-5.45418108545131,-5.31318586172951,-5.38421542221512,-5.7162011414992,-5.02019976636205,"95%","10",TRUE,8,0.181497722590411
"1155",",
 ","ProxyRecord",6173.5,-5.647710547,0.346378582693799,166.5,0.1731892913469,83.25,-4223.5,10,"test_set",0.000856252771574972,-5.67603706760574,-5.74264133929385,-5.60647153599985,-5.67767533111615,-6.0364363072011,-5.32728090050749,"95%","10",TRUE,8,0.181497722590411
"1156",",
 ","ProxyRecord",6376,-5.767361799,0.339334572475942,137.05,0.169667286237971,68.5250000000001,-4426,10,"test_set",0.00088397309756516,-6.02449712891839,-6.0801645677777,-5.96489142018868,-6.02733619648272,-6.37479186688047,-5.67731266646096,"95%","10",TRUE,8,0.181497722590411
"1157",",
 ","ProxyRecord",7509.5125,-9.123676882,0.344163563135009,97.5124999999998,0.172081781567504,48.7562499999999,-5559.5125,10,"test_set",0.00214276043615236,-9.36234948860023,-9.41156904781798,-9.3150672041573,-9.35765694858571,-9.72293754169741,-8.98699160965768,"95%","10",TRUE,8,0.181497722590411
"1158",",
 ","ProxyRecord",7626.475,-9.966857902,0.348448225001148,45.5249999999996,0.174224112500574,22.7624999999998,-5676.475,10,"test_set",0.00217247976785906,-9.86856721468049,-9.92001425989677,-9.81829221639803,-9.87238879209401,-10.2579003029087,-9.4928076611571,"95%","10",TRUE,8,0.181497722590411
"1159",",
 ","ProxyRecord",7638.9875,-10.00707729,0.348658753653181,45.0124999999998,0.174329376826591,22.5062499999999,-5688.9875,10,"test_set",0.00217305901135667,-9.923000504305,-9.97461000583649,-9.87198679235242,-9.92653859193183,-10.2824244327752,-9.58325218623413,"95%","10",TRUE,8,0.181497722590411
"1160",",
 ","ProxyRecord",7668.0125,-10.12775327,0.349294603306728,51.0124999999998,0.174647301653364,25.5062499999999,-5718.0125,10,"test_set",0.00217246771363477,-10.0492686299681,-10.101200928645,-9.99743220990914,-10.0521626987065,-10.4161559951728,-9.69319937358579,"95%","10",TRUE,8,0.181497722590411
"1161",",
 ","ProxyRecord",7673.5125,-10.16799711,0.34950763406825,51.5124999999998,0.174753817034125,25.7562499999999,-5723.5125,10,"test_set",0.0021720509093992,-10.0731857704375,-10.1250527056418,-10.020973375682,-10.0743865537944,-10.4381152094274,-9.74208374444463,"95%","10",TRUE,8,0.181497722590411
"1162",",
 ","ProxyRecord",7785.5125,-10.64362138,0.315978194872758,70.5374999999995,0.157989097436379,35.2687499999997,-5835.5125,10,"test_set",0.00214244224738813,-10.5574675462079,-10.6086572015557,-10.506832968547,-10.5642531270986,-10.8791004959613,-10.2284158521755,"95%","10",TRUE,8,0.181497722590411
"1163",",
 ","ProxyRecord",7901.9875,-11.08776593,0.318636706627967,76.0124999999998,0.159318353313984,38.0062499999999,-5951.9875,10,"test_set",0.00206894049235018,-11.0487716782053,-11.1071273467472,-10.9898169903486,-11.0481924150979,-11.3824348917416,-10.7213087604819,"95%","10",TRUE,8,0.181497722590411
"1164",",
 ","ProxyRecord",8033.5,-11.49327452,0.321101327885253,79.5249999999996,0.160550663942626,39.7624999999998,-6083.5,10,"test_set",0.0019336066489295,-11.5756708040577,-11.6773426451052,-11.469459830167,-11.5743880230264,-11.9097405125955,-11.2407396471655,"95%","10",TRUE,8,0.181497722590411
"1165",",
 ","ProxyRecord",1641.5375,-0.957970181,0.286726175796548,296.5375,0.143363087898274,148.26875,308.4625,1,"test_set",9.75168954364669e-05,-0.976910504193209,-1.10266621077731,-0.853378007191494,-0.975410928713532,-1.2844645703801,-0.642573324315486,"95%","1",TRUE,9,0.186527621340047
"1166",",
 ","ProxyRecord",2665.525,-1.254088565,0.300565543276673,450.55,0.150282771638337,225.275,-715.525,1,"test_set",0.000311749998382904,-1.19273718653563,-1.29652707233599,-1.08748959752963,-1.19775190720764,-1.53641933051603,-0.877791504218913,"95%","1",TRUE,9,0.186527621340047
"1167",",
 ","ProxyRecord",2895,-1.451256277,0.300753825014529,485.025,0.150376912507265,242.5125,-945,1,"test_set",0.000448996036733762,-1.36682329234269,-1.45929032984057,-1.27396058550088,-1.36724763231246,-1.71264555864664,-1.02527157404474,"95%","1",TRUE,9,0.186527621340047
"1168",",
 ","ProxyRecord",3340.9625,-1.705778615,0.288320523167636,558.0875,0.144160261583818,279.04375,-1390.9625,1,"test_set",0.000539420475770269,-1.8297685699238,-1.89543742904016,-1.76658512192316,-1.82893817322515,-2.15274920331482,-1.51703589499365,"95%","1",TRUE,9,0.186527621340047
"1169",",
 ","ProxyRecord",4515.375,-3.064499745,0.338816014431289,249.625,0.169408007215644,124.8125,-2565.375,1,"test_set",0.000590690621327106,-2.97752838077186,-3.06155340594688,-2.89289096079412,-2.9706097611999,-3.33033997612546,-2.60489179243856,"95%","1",TRUE,9,0.186527621340047
"1170",",
 ","ProxyRecord",4791.55,-3.302407786,0.339275250705151,158.55,0.169637625352575,79.2750000000001,-2841.55,1,"test_set",0.000698056470560537,-3.33589583185948,-3.40474336727779,-3.26559694142733,-3.34075339857371,-3.70831962638271,-2.98291837942829,"95%","1",TRUE,9,0.186527621340047
"1171",",
 ","ProxyRecord",5436.4875,-4.493687003,0.343001634708074,263.5375,0.171500817354037,131.76875,-3486.4875,1,"test_set",0.000819862958612028,-4.33582565465156,-4.39082679110977,-4.28093536344097,-4.33186905730603,-4.70530779835314,-3.99119562289262,"95%","1",TRUE,9,0.186527621340047
"1172",",
 ","ProxyRecord",5769.0125,-5.050516198,0.344546861642985,237.0125,0.172273430821493,118.50625,-3819.0125,1,"test_set",0.000853813496681788,-4.88980321787518,-4.94494302129212,-4.8329651429968,-4.89229521229072,-5.25838074397523,-4.51713459975631,"95%","1",TRUE,9,0.186527621340047
"1173",",
 ","ProxyRecord",5894.5625,-5.249518632,0.345137240098874,229.6875,0.172568620049437,114.84375,-3944.5625,1,"test_set",0.000870286547294263,-5.10539391245981,-5.16638490909174,-5.04365896872438,-5.10443084994514,-5.48249917906702,-4.74298869157359,"95%","1",TRUE,9,0.186527621340047
"1174",",
 ","ProxyRecord",5915.5375,-5.289326617,0.345257715571853,227.537499999999,0.172628857785926,113.76875,-3965.5375,1,"test_set",0.000873233909648441,-5.14183465171424,-5.20427276158414,-5.07880395765291,-5.14504119061596,-5.52350435960308,-4.77509717282607,"95%","1",TRUE,9,0.186527621340047
"1175",",
 ","ProxyRecord",5982.9625,-5.408760694,0.345623638613531,213.0375,0.172811819306765,106.51875,-4032.9625,1,"test_set",0.00088308707228979,-5.25986439382809,-5.32704676752191,-5.19377397006411,-5.2593493419448,-5.61398656217146,-4.89961012288258,"95%","1",TRUE,9,0.186527621340047
"1176",",
 ","ProxyRecord",6401.5125,-5.807199824,0.339467945253441,126.5125,0.169733972626721,63.2562499999999,-4451.5125,1,"test_set",0.000968090308428593,-6.02930065190126,-6.09716366115924,-5.96182913125998,-6.03166490315632,-6.38383412273132,-5.6811720329992,"95%","1",TRUE,9,0.186527621340047
"1177",",
 ","ProxyRecord",6483.5,-6.006430847,0.340146513072739,115.525,0.17007325653637,57.7624999999998,-4533.5,1,"test_set",0.00100527556905483,-6.19147321094849,-6.25455558945443,-6.12953268753779,-6.18874587881255,-6.55201511640943,-5.82595215638261,"95%","1",TRUE,9,0.186527621340047
"1178",",
 ","ProxyRecord",6757.9875,-6.564574788,0.342153890162499,35.0124999999998,0.171076945081249,17.5062499999999,-4807.9875,1,"test_set",0.0012104828019277,-6.79611693589269,-6.84335212508221,-6.74929941990334,-6.8042343251842,-7.16042587746435,-6.44207462970955,"95%","1",TRUE,9,0.186527621340047
"1179",",
 ","ProxyRecord",7009,-7.482762399,0.34577545544023,63.0249999999996,0.172887727720115,31.5124999999998,-5059,1,"test_set",0.00150694920582062,-7.47487414065076,-7.52876102132764,-7.42423772164027,-7.47356500463548,-7.8389262070436,-7.10527925138613,"95%","1",TRUE,9,0.186527621340047
"1180",",
 ","ProxyRecord",7056.5,-7.602653996,0.346276162220291,50.5,0.173138081110145,25.25,-5106.5,1,"test_set",0.00157474704209903,-7.62116703133049,-7.67437997786638,-7.57004921138285,-7.62117066861164,-7.98017730002854,-7.27136458307558,"95%","1",TRUE,9,0.186527621340047
"1181",",
 ","ProxyRecord",7077,-7.922489889,0.34764481511105,49,0.173822407555525,24.5,-5127,1,"test_set",0.00160515706060238,-7.68629541218824,-7.73986795009366,-7.63453291532476,-7.68703999475456,-8.05759099127209,-7.31259040535368,"95%","1",TRUE,9,0.186527621340047
"1182",",
 ","ProxyRecord",7079,-8.002475328,0.347993704941651,50,0.173996852470826,25,-5129,1,"test_set",0.00160816101180128,-7.6927153632657,-7.74622719027642,-7.64085279357833,-7.68360721648676,-8.0387021676798,-7.31719688647815,"95%","1",TRUE,9,0.186527621340047
"1183",",
 ","ProxyRecord",7126.5125,-8.402640694,0.349777152545626,66.5374999999995,0.174888576272813,33.2687499999997,-5176.5125,1,"test_set",0.00168146415631121,-7.84876530351214,-7.90277744164592,-7.79654276704938,-7.84784715840953,-8.20662397008443,-7.47847598308696,"95%","1",FALSE,9,0.186527621340047
"1184",",
 ","ProxyRecord",7586.9875,-9.605206156,0.34658136976361,69.0375000000004,0.173290684881805,34.5187500000002,-5636.9875,1,"test_set",0.00218479329499033,-9.67522756637481,-9.72683065668705,-9.62290736142285,-9.67017477281376,-10.0244106179178,-9.30671944269428,"95%","1",TRUE,9,0.186527621340047
"1185",",
 ","ProxyRecord",7704.9875,-10.32901506,0.350365765765407,55.0375000000004,0.175182882882703,27.5187500000002,-5754.9875,1,"test_set",0.00220028253838933,-10.193950257104,-10.2466874555632,-10.1406626328588,-10.1924044027849,-10.5660929637688,-9.82465756296128,"95%","1",TRUE,9,0.186527621340047
"1186",",
 ","ProxyRecord",7710.9875,-10.36928899,0.350581118951387,56.0124999999998,0.175290559475694,28.0062499999999,-5760.9875,1,"test_set",0.00219980567335298,-10.2204146553055,-10.2733655534211,-10.1671985568326,-10.2219197893649,-10.5754071874048,-9.86437742780932,"95%","1",TRUE,9,0.186527621340047
"1187",",
 ","ProxyRecord",7737.4875,-10.44985038,0.351013938377691,56.5124999999998,0.175506969188846,28.2562499999999,-5787.4875,1,"test_set",0.0021962357955374,-10.3372631797124,-10.3907845606486,-10.2833110781858,-10.3445578219892,-10.7060266536549,-9.98137531265327,"95%","1",TRUE,9,0.186527621340047
"1188",",
 ","ProxyRecord",7822.5,-10.76462635,0.31669658463322,75.5249999999996,0.15834829231661,37.7624999999998,-5872.5,1,"test_set",0.00216867204732019,-10.7105295645934,-10.7645243390009,-10.655511270464,-10.7126202702331,-11.0460383172653,-10.3634578332682,"95%","1",TRUE,9,0.186527621340047
"1189",",
 ","ProxyRecord",7855.9875,-10.84533785,0.317178678190513,72.0124999999998,0.158589339095256,36.0062499999999,-5905.9875,1,"test_set",0.00215107012837557,-10.8562850571164,-10.9130181986081,-10.7999759607763,-10.8507192929621,-11.1818618732649,-10.5202145147545,"95%","1",TRUE,9,0.186527621340047
"1190",",
 ","ProxyRecord",7874.5,-10.92610014,0.317662308928226,77.5,0.158831154464113,38.75,-5924.5,1,"test_set",0.00213970341009784,-10.9364101368065,-10.9951076235219,-10.8770860422456,-10.9365726055048,-11.2740724752924,-10.6034493887875,"95%","1",TRUE,9,0.186527621340047
"1191",",
 ","ProxyRecord",7909.475,-11.12823582,0.318881930258435,73.5499999999993,0.159440965129217,36.7749999999996,-5959.475,1,"test_set",0.00211504931613149,-11.0867368139758,-11.1498169274453,-11.0214895290508,-11.0901581336814,-11.4455173786177,-10.7377933338112,"95%","1",TRUE,9,0.186527621340047
"1192",",
 ","ProxyRecord",7985.025,-11.45261046,0.320852569852097,48.0250000000006,0.160426284926048,24.0125000000003,-6035.025,1,"test_set",0.00204760226245604,-11.4056178223005,-11.4976612579281,-11.3153803001705,-11.4035802238957,-11.7681530687315,-11.0589547107973,"95%","1",TRUE,9,0.186527621340047
"1193",",
 ","ProxyRecord",8079.5375,-11.57477541,0.32159807563747,108.537499999999,0.160799037818735,54.2687499999997,-6129.5375,1,"test_set",0.00193590981716341,-11.7897684023537,-11.9422191342476,-11.6439743398268,-11.7960184232361,-12.1623863276826,-11.4181916787811,"95%","1",TRUE,9,0.186527621340047
"1194",",
 ","ProxyRecord",86.5125,-0.185732135,0.320420612992673,115.5125,0.160210306496337,57.75625,1863.4875,2,"test_set",0.00042061788989578,-0.181714612318598,-0.301355598467733,-0.0613593896359278,-0.183455806297339,-0.546762842839348,0.177959848902986,"95%","2",TRUE,9,0.186527621340047
"1195",",
 ","ProxyRecord",106.975,-0.224759024,0.320425871285962,117.05,0.160212935642981,58.525,1843.025,2,"test_set",0.000415070028525477,-0.204145028158488,-0.321729643773061,-0.0881930011458259,-0.202634809703177,-0.572411541467742,0.166126092177061,"95%","2",TRUE,9,0.186527621340047
"1196",",
 ","ProxyRecord",455.475,-0.498793716,0.319806047515963,262.525,0.159903023757982,131.2625,1494.525,2,"test_set",0.000329292135387016,-0.476384486544762,-0.590532348780986,-0.366155827093511,-0.478075887527192,-0.819591885803327,-0.139243345756013,"95%","2",TRUE,9,0.186527621340047
"1197",",
 ","ProxyRecord",489.9125,-0.538023586,0.319819761943323,257.1375,0.159909880971662,128.56875,1460.0875,2,"test_set",0.000321709022475802,-0.49483819477043,-0.608728286540395,-0.383190900623869,-0.499202910295759,-0.853792666365332,-0.157303443483036,"95%","2",TRUE,9,0.186527621340047
"1198",",
 ","ProxyRecord",3669.4875,-2.14043883,0.28892352842253,466.6125,0.144461764211265,233.30625,-1719.4875,2,"test_set",0.000471602389895409,-2.16479245722977,-2.23117314980417,-2.09984612446465,-2.16338301129706,-2.46574206191643,-1.85937072645741,"95%","2",TRUE,9,0.186527621340047
"1199",",
 ","ProxyRecord",4137.85,-2.654812297,0.289803103947138,343.15,0.144901551973569,171.575,-2187.85,2,"test_set",0.000469798679236799,-2.58874206824723,-2.65264625271882,-2.52526252443217,-2.58534452871256,-2.88466691431155,-2.28212907625113,"95%","2",TRUE,9,0.186527621340047
"1200",",
 ","ProxyRecord",5282.9875,-3.857965428,0.341436546111018,293.0125,0.170718273055509,146.50625,-3332.9875,2,"test_set",0.000798581143479637,-4.07937091946445,-4.13978426649066,-4.02048945517672,-4.07690901453315,-4.43774298384215,-3.70363813899648,"95%","2",TRUE,9,0.186527621340047
"1201",",
 ","ProxyRecord",5357.5,-4.056556677,0.341902928643201,296.525,0.1709514643216,148.2625,-3407.5,2,"test_set",0.000806262201336061,-4.1992311397461,-4.25951490697956,-4.13951588142734,-4.19248491987485,-4.54956302686326,-3.84102211189326,"95%","2",TRUE,9,0.186527621340047
"1202",",
 ","ProxyRecord",5419.475,-4.374432822,0.342692479157206,270.525,0.171346239578603,135.2625,-3469.475,2,"test_set",0.000811518535281941,-4.29963205923927,-4.35953474892335,-4.24004650886896,-4.29785959791374,-4.65817081843013,-3.93869828307146,"95%","2",TRUE,9,0.186527621340047
"1203",",
 ","ProxyRecord",5425.5,-4.414179642,0.342794652632266,267.5,0.171397326316133,133.75,-3475.5,2,"test_set",0.000812049900456024,-4.30942420800156,-4.3690375222295,-4.24976352713945,-4.30954805541033,-4.67315857876956,-3.92743728174913,"95%","2",TRUE,9,0.186527621340047
"1204",",
 ","ProxyRecord",5450.5125,-4.612960677,0.343319504023197,259.5125,0.171659752011599,129.75625,-3500.5125,2,"test_set",0.000814308819951925,-4.35013906200831,-4.40901653934401,-4.29061693759896,-4.3575709463303,-4.72055017970868,-3.99461072802017,"95%","2",TRUE,9,0.186527621340047
"1205",",
 ","ProxyRecord",5521,-4.89137323,0.344089636619946,235,0.172044818309973,117.5,-3571,2,"test_set",0.000821134072936935,-4.46546025971362,-4.52129412332794,-4.40793232071086,-4.47228147798728,-4.82335549239434,-4.1093958713862,"95%","2",FALSE,9,0.186527621340047
"1206",",
 ","ProxyRecord",5540.55,-4.931154704,0.344202398,232.6,0.172101199126866,116.3,-3590.55,2,"test_set",0.000823147216788556,-4.49760786802497,-4.55336832819835,-4.44104299474013,-4.50071942583867,-4.86776766807076,-4.14880802270268,"95%","2",FALSE,9,0.186527621340047
"1207",",
 ","ProxyRecord",6898.4875,-7.123284212,0.344312050323254,37.5124999999998,0.172156025161627,18.7562499999999,-4948.4875,2,"test_set",0.00137711066827695,-7.15725222973957,-7.20438611642373,-7.10945214852826,-7.15777551131148,-7.51491219732145,-6.81444799250331,"95%","2",TRUE,9,0.186527621340047
"1208",",
 ","ProxyRecord",6901,-7.203151788,0.344632076022813,37,0.172316038011406,18.5,-4951,2,"test_set",0.00138017785140665,-7.16418558952546,-7.21129405060822,-7.11645963939974,-7.16937344581983,-7.5157201367155,-6.80070153095762,"95%","2",TRUE,9,0.186527621340047
"1209",",
 ","ProxyRecord",6955.4875,-7.442811919,0.345609326054903,54.5124999999998,0.172804663027451,27.2562499999999,-5005.4875,2,"test_set",0.00144924588876272,-7.3184246755732,-7.36753915396582,-7.26864425519613,-7.31724604343971,-7.67546085718173,-6.96714755678159,"95%","2",TRUE,9,0.186527621340047
"1210",",
 ","ProxyRecord",7069.4875,-7.722565125,0.346784271994654,50.5124999999998,0.173392135997327,25.2562499999999,-5119.4875,2,"test_set",0.00160953039243239,-7.66689630506192,-7.71945869369278,-7.61551412476882,-7.66942078452453,-8.03592867355672,-7.31399660090157,"95%","2",TRUE,9,0.186527621340047
"1211",",
 ","ProxyRecord",7073,-7.842510552,0.347298114098866,50,0.173649057049433,25,-5123,2,"test_set",0.00161480806204484,-7.67822552974479,-7.73051785393025,-7.62683611356097,-7.6766057717277,-8.03274184693477,-7.31680306532967,"95%","2",TRUE,9,0.186527621340047
"1212",",
 ","ProxyRecord",7199.5,-8.442668627,0.34995908964487,94.5,0.174979544822435,47.25,-5249.5,2,"test_set",0.0018180817692226,-8.11201758808795,-8.16233295420262,-8.0625572859109,-8.11904584544808,-8.47870527651958,-7.75211145933457,"95%","2",TRUE,9,0.186527621340047
"1213",",
 ","ProxyRecord",7393,-8.682831134,0.342027151171328,58.0249999999996,0.171013575585664,29.0124999999998,-5443,2,"test_set",0.00206641096549554,-8.86812576353075,-8.91178898342432,-8.82231180652277,-8.86754664626014,-9.21854668153522,-8.52663206346482,"95%","2",TRUE,9,0.186527621340047
"1214",",
 ","ProxyRecord",7501.9875,-9.083584591,0.343965959128801,99.0124999999998,0.171982979564401,49.5062499999999,-5551.9875,2,"test_set",0.00214294238118917,-9.32765987396127,-9.37550922348462,-9.2821864161806,-9.32424673268175,-9.65707007412925,-8.97379240116297,"95%","2",TRUE,9,0.186527621340047
"1215",",
 ","ProxyRecord",7542.9875,-9.324212167,0.345159996659364,93.0124999999998,0.172579998329682,46.5062499999999,-5592.9875,2,"test_set",0.00215991808110161,-9.5041353835762,-9.55127815267098,-9.45697216286143,-9.50451653044228,-9.87409095889799,-9.15073631802703,"95%","2",TRUE,9,0.186527621340047
"1216",",
 ","ProxyRecord",7590.4875,-9.645368042,0.346786157617497,67.5124999999998,0.173393078808748,33.7562499999999,-5640.4875,2,"test_set",0.0021715086332641,-9.71000039938021,-9.76010149134771,-9.660127984705,-9.70617713316664,-10.0714165462691,-9.36461099641939,"95%","2",TRUE,9,0.186527621340047
"1217",",
 ","ProxyRecord",7593,-9.685537385,0.346991817174247,66,0.173495908587123,33,-5643,2,"test_set",0.00217188029631998,-9.72091728635902,-9.77093833404006,-9.67088289118526,-9.72666218873895,-10.0808899918287,-9.3848557697994,"95%","2",TRUE,9,0.186527621340047
"1218",",
 ","ProxyRecord",7680.5,-10.20824852,0.349720836991891,52.5249999999996,0.174860418495946,26.2624999999998,-5730.5,2,"test_set",0.00216969190738325,-10.1014724112917,-10.1515416123676,-10.0507531467091,-10.1024060804337,-10.4523529418849,-9.73181945400198,"95%","2",TRUE,9,0.186527621340047
"1219",",
 ","ProxyRecord",7719.5,-10.40956333,0.350797820037471,54.5,0.175398910018735,27.25,-5769.5,2,"test_set",0.00215923806843321,-10.2705136979391,-10.3201161455027,-10.219902113632,-10.2669674605379,-10.6212866043281,-9.89175491497706,"95%","2",TRUE,9,0.186527621340047
"1220",",
 ","ProxyRecord",7916,-11.16869893,0.319127252382136,72.0249999999996,0.159563626191068,36.0124999999998,-5966,2,"test_set",0.00201765993033121,-11.097871024268,-11.1584312366367,-11.0324607455483,-11.087411575456,-11.4203212127603,-10.7577283072174,"95%","2",TRUE,9,0.186527621340047
"1221",",
 ","ProxyRecord",7950.525,-11.37136039,0.320357822,56.5250000000006,0.160178911062888,28.2625000000003,-6000.525,2,"test_set",0.0019774606033085,-11.2363122631106,-11.3077977974665,-11.1639777883983,-11.2372218826198,-11.5734851771544,-10.896880184492,"95%","2",TRUE,9,0.186527621340047
"1222",",
 ","ProxyRecord",7962.5125,-11.41196737,0.320605004,50.5124999999998,0.160302502121402,25.2562499999999,-6012.5125,2,"test_set",0.00196243168413268,-11.2837250096166,-11.3590754086218,-11.2080370139164,-11.280989531677,-11.6236373471387,-10.9291646317893,"95%","2",TRUE,9,0.186527621340047
"1223",",
 ","ProxyRecord",43,-0.107832927,0.320413083395057,95,0.160206541697529,47.5,1907,3,"test_set",0.000431744116753674,-0.135142624971144,-0.275529063353253,0.00927713870766794,-0.134578791904618,-0.505865816789771,0.224739099967302,"95%","3",TRUE,9,0.186527621340047
"1224",",
 ","ProxyRecord",143.5,-0.26382257,0.320432262211112,116.5,0.160216131105556,58.25,1806.5,3,"test_set",0.000401686178295307,-0.245158881682139,-0.354718709055636,-0.127425003450617,-0.249079902996576,-0.610773864722144,0.125752257131741,"95%","3",TRUE,9,0.186527621340047
"1225",",
 ","ProxyRecord",540.0125,-0.577269311,0.319834502900122,240.0375,0.159917251450061,120.01875,1409.9875,3,"test_set",0.000302928810103076,-0.520729952918736,-0.633217274110193,-0.414566590686242,-0.522706986642858,-0.873314940830547,-0.182563324620884,"95%","3",TRUE,9,0.186527621340047
"1226",",
 ","ProxyRecord",3370.9375,-1.745264165,0.288369911951494,556.1375,0.144184955975747,278.06875,-1420.9375,3,"test_set",0.000524409313584773,-1.86953470425075,-1.93594593825774,-1.79908463506084,-1.86837146141424,-2.16842947841001,-1.54512261031485,"95%","3",TRUE,9,0.186527621340047
"1227",",
 ","ProxyRecord",3507.4875,-1.942789411,0.288632722,522.5125,0.144316361053702,261.25625,-1557.4875,3,"test_set",0.000496678727712751,-2.01143946120095,-2.08156410152677,-1.93638114065895,-2.00984531008474,-2.32649343400982,-1.71430800773833,"95%","3",TRUE,9,0.186527621340047
"1228",",
 ","ProxyRecord",3856.425,-2.456892552,0.289443890618171,374.575,0.144721945309086,187.2875,-1906.425,3,"test_set",0.000420941272627484,-2.32571702950622,-2.38924915115844,-2.261282410052,-2.32233991197661,-2.63947578546856,-2.01707969204115,"95%","3",TRUE,9,0.186527621340047
"1229",",
 ","ProxyRecord",3964.9625,-2.575635346,0.289656809549025,351.0625,0.144828404774512,175.53125,-2014.9625,3,"test_set",0.000421221384239168,-2.41587248323407,-2.48021316633216,-2.35253185922018,-2.41735593765392,-2.72835690945577,-2.09991665998014,"95%","3",TRUE,9,0.186527621340047
"1230",",
 ","ProxyRecord",4280.9125,-2.747481033,0.338253782539985,328.1875,0.169126891269993,164.09375,-2330.9125,3,"test_set",0.000489003201187277,-2.69437240437578,-2.78065811634688,-2.6084778202528,-2.69581159788626,-3.05223901948972,-2.32349055296189,"95%","3",TRUE,9,0.186527621340047
"1231",",
 ","ProxyRecord",4408.3875,-2.905967107,0.338527465937458,283.6375,0.169263732968729,141.81875,-2458.3875,3,"test_set",0.000544574870708914,-2.82454157931361,-2.91684699238197,-2.73077044867183,-2.82690007201104,-3.17279421765468,-2.4643581919999,"95%","3",TRUE,9,0.186527621340047
"1232",",
 ","ProxyRecord",4435,-2.945588849,0.33859826394738,280.025,0.16929913197369,140.0125,-2485,3,"test_set",0.000558223883539988,-2.85368986691302,-2.94662967168098,-2.7584750671914,-2.85278883374565,-3.21340500182964,-2.49015452508386,"95%","3",TRUE,9,0.186527621340047
"1233",",
 ","ProxyRecord",4599,-3.183441865,0.339041496327628,211.025,0.169520748163814,105.5125,-2649,3,"test_set",0.000643981006120953,-3.05058123912164,-3.14249927316837,-2.95670395175532,-3.04527407776996,-3.41426661181278,-2.68136584942859,"95%","3",TRUE,9,0.186527621340047
"1234",",
 ","ProxyRecord",4690.4875,-3.262750604,0.339196208492697,164.5375,0.169598104246349,82.2687500000002,-2740.4875,3,"test_set",0.000685076699502574,-3.17232394657979,-3.25832317348889,-3.08446977409528,-3.17288951941866,-3.53251500671368,-2.8107895574841,"95%","3",TRUE,9,0.186527621340047
"1235",",
 ","ProxyRecord",5395.5125,-4.255202499,0.342390587855401,282.5125,0.171195293927701,141.25625,-3445.5125,3,"test_set",0.000828450886669607,-4.2798067584958,-4.33399054437832,-4.22454176818448,-4.27780066049602,-4.65034425785394,-3.90825836717879,"95%","3",TRUE,9,0.186527621340047
"1236",",
 ","ProxyRecord",5410.475,-4.33468808,0.34259086707063,276.525,0.171295433535315,138.2625,-3460.475,3,"test_set",0.000828535736019375,-4.30467303211325,-4.35926193313891,-4.24917903255506,-4.3037705614076,-4.66785982679872,-3.92813545386922,"95%","3",TRUE,9,0.186527621340047
"1237",",
 ","ProxyRecord",6043.025,-5.488399286,0.34587172985261,202.025000000001,0.172935864926305,101.0125,-4093.025,3,"test_set",0.000886683353717998,-5.37905375986786,-5.44709714132708,-5.3100183317057,-5.37608758004712,-5.74387853969908,-5.01397455742991,"95%","3",TRUE,9,0.186527621340047
"1238",",
 ","ProxyRecord",6417.9875,-5.847043877,0.339602210489672,123.0125,0.169801105244836,61.5062499999999,-4467.9875,3,"test_set",0.000983170685664447,-6.07413315917563,-6.14165504823231,-6.00581527191879,-6.07683358156712,-6.41926429815443,-5.72552438111681,"95%","3",TRUE,9,0.186527621340047
"1239",",
 ","ProxyRecord",6439.475,-5.886892288,0.339737279826235,120.549999999999,0.169868639913118,60.2749999999996,-4489.475,3,"test_set",0.000993145672034679,-6.1165846178816,-6.18205146335467,-6.04977058202285,-6.11376889305037,-6.47202932090002,-5.76598384516105,"95%","3",TRUE,9,0.186527621340047
"1240",",
 ","ProxyRecord",6800.0125,-6.644358516,0.342452829835931,51.0124999999998,0.171226414917965,25.5062499999999,-4850.0125,3,"test_set",0.00126569485718875,-6.91886093017866,-6.96940569401569,-6.87052149172256,-6.92845633061237,-7.2719951940569,-6.56930488912501,"95%","3",TRUE,9,0.186527621340047
"1241",",
 ","ProxyRecord",6848.9875,-6.684252516,0.34260380174792,53.0124999999998,0.17130190087396,26.5062499999999,-4898.9875,3,"test_set",0.00131803309735279,-7.04532655922635,-7.09611501503748,-6.99760736790991,-7.04652919087778,-7.42478749088862,-6.69268758446906,"95%","3",FALSE,9,0.186527621340047
"1242",",
 ","ProxyRecord",6890.5,-6.883772216,0.343369408052847,37.5,0.171684704026423,18.75,-4940.5,3,"test_set",0.00136526487755084,-7.15665598050865,-7.20846523398445,-7.10840568077494,-7.15604070251766,-7.51199939665834,-6.77410899452044,"95%","3",TRUE,9,0.186527621340047
"1243",",
 ","ProxyRecord",7044,-7.522722574,0.345941793605715,51,0.172970896802857,25.5,-5094,3,"test_set",0.00156277207858935,-7.60496180512699,-7.65941552322705,-7.5529485822226,-7.60622926916748,-7.95938803093611,-7.25420724855777,"95%","3",TRUE,9,0.186527621340047
"1244",",
 ","ProxyRecord",7066.025,-7.682598569,0.346614444,51.0250000000006,0.173307222,25.5125000000003,-5116.025,3,"test_set",0.00159406365256576,-7.67444509264109,-7.72910020079503,-7.62125886130137,-7.68052075418014,-8.04235394887683,-7.3189608596677,"95%","3",TRUE,9,0.186527621340047
"1245",",
 ","ProxyRecord",7074.0125,-7.882497373,0.34747131068946,49.0124999999998,0.17373565534473,24.5062499999999,-5124.0125,3,"test_set",0.00160559479540634,-7.6999857747916,-7.75426592316668,-7.64679988710775,-7.70145789970594,-8.0510872586146,-7.35350849744288,"95%","3",TRUE,9,0.186527621340047
"1246",",
 ","ProxyRecord",7081,-8.042470852,0.348169049616767,49.0249999999996,0.174084524808384,24.5124999999998,-5131,3,"test_set",0.00161576219535053,-7.72248018197487,-7.77691309345721,-7.66971086574343,-7.71606816302241,-8.09039713023312,-7.35302771836397,"95%","3",TRUE,9,0.186527621340047
"1247",",
 ","ProxyRecord",7430.5,-8.762952764,0.342409824875896,80.5,0.171204912437948,40.25,-5480.5,3,"test_set",0.00207790485919901,-9.02836085322317,-9.07666635950152,-8.98134882765482,-9.03395149989486,-9.39231727812284,-8.67107886089133,"95%","3",TRUE,9,0.186527621340047
"1248",",
 ","ProxyRecord",7459.4875,-8.883161883,0.342987579214241,92.5375000000004,0.17149378960712,46.2687500000002,-5509.4875,3,"test_set",0.00210034836083395,-9.14948756409912,-9.19766065514102,-9.10257995428247,-9.14580649084635,-9.50082961142336,-8.76885210096746,"95%","3",TRUE,9,0.186527621340047
"1249",",
 ","ProxyRecord",7576.0125,-9.524897074,0.34617240093023,76.0124999999998,0.173086200465115,38.0062499999999,-5626.0125,3,"test_set",0.00216239653516581,-9.64736990629496,-9.69756331015449,-9.59577486989176,-9.65277253578069,-10.0098774312227,-9.30723296739836,"95%","3",TRUE,9,0.186527621340047
"1250",",
 ","ProxyRecord",7605,-9.806066862,0.347612659721494,59,0.173806329860747,29.5,-5655,3,"test_set",0.00217082403044522,-9.77315867951468,-9.82303876076386,-9.72053748498142,-9.77009704528455,-10.140128783214,-9.42024393547761,"95%","3",TRUE,9,0.186527621340047
"1251",",
 ","ProxyRecord",8060.5,-11.53399231,0.321349646637693,98.5,0.160674823318847,49.25,-6110.5,3,"test_set",0.00193659880389774,-11.7071970475175,-11.8366652863939,-11.579199113233,-11.7080203220307,-12.083491468878,-11.3529311287327,"95%","3",TRUE,9,0.186527621340047
"1252",",
 ","ProxyRecord",-68,-0.030352389,0.320409272640452,1,0.160204636320226,0.5,2018,4,"test_set",0.0396981889401144,0.0646538672444487,-0.235618373372102,0.360422897077042,0.0631677560716112,-0.360440430721163,0.48689840176535,"95%","4",TRUE,9,0.186527621340047
"1253",",
 ","ProxyRecord",65.5,-0.14675457,0.320416356065089,107.525,0.160208178032545,53.7625,1884.5,4,"test_set",0.0348155378466372,-0.141920044566088,-0.294692682537738,0.00393623276766523,-0.140006371852115,-0.486642568954048,0.225187757751374,"95%","4",TRUE,9,0.186527621340047
"1254",",
 ","ProxyRecord",1706.475,-0.997324995,0.28675416817989,289.55,0.143377084089945,144.775,243.525,4,"test_set",0.00783974813513,-0.990928287375246,-1.13295050858032,-0.857786845658309,-0.991186373693311,-1.30652125130282,-0.672274580809788,"95%","4",TRUE,9,0.186527621340047
"1255",",
 ","ProxyRecord",2025.0375,-1.076058933,0.286813488023543,247.0625,0.143406744011772,123.53125,-75.0375,4,"test_set",0.00426103363527774,-1.05051941284992,-1.20617084908544,-0.903950473141033,-1.04193464283459,-1.36675984923922,-0.715946814086586,"95%","4",TRUE,9,0.186527621340047
"1256",",
 ","ProxyRecord",4191.45,-2.694404099,0.289878253,339.575,0.144939126,169.7875,-2241.45,4,"test_set",0.0339340542418354,-2.6376290539341,-2.70443335848983,-2.57061766294432,-2.63810084945592,-2.94116048978991,-2.32921805175445,"95%","4",TRUE,9,0.186527621340047
"1257",",
 ","ProxyRecord",4321.525,-2.787094202,0.338320892998089,312.55,0.169160446499044,156.275,-2371.525,4,"test_set",0.036965789074106,-2.76142980041161,-2.83781097232443,-2.68318831992764,-2.76334708723012,-3.11348443825302,-2.42145268609054,"95%","4",TRUE,9,0.186527621340047
"1258",",
 ","ProxyRecord",4354.4125,-2.826712448,0.338389052265366,300.612499999999,0.169194526132683,150.30625,-2404.4125,4,"test_set",0.0379418283536603,-2.79455083582538,-2.87349579300153,-2.71307209432111,-2.79703716989422,-3.1507946387201,-2.45730819049474,"95%","4",TRUE,9,0.186527621340047
"1259",",
 ","ProxyRecord",5100.5125,-3.461085237,0.339599499341038,209.537499999999,0.169799749670519,104.76875,-3150.5125,4,"test_set",0.0597495999819619,-3.80893062628658,-3.86498439769203,-3.75132258946814,-3.80532797457321,-4.14750522955093,-3.45286515054488,"95%","4",TRUE,9,0.186527621340047
"1260",",
 ","ProxyRecord",5272.5,-3.818256486,0.341346113413569,290.525,0.170673056706785,145.2625,-3322.5,4,"test_set",0.061052312461074,-4.08984103214676,-4.14966906770118,-4.03244663393806,-4.09053862094862,-4.43745133644806,-3.71916501199791,"95%","4",TRUE,9,0.186527621340047
"1261",",
 ","ProxyRecord",5429.025,-4.453935584,0.342897641735312,267.025000000001,0.171448820867656,133.5125,-3479.025,4,"test_set",0.0609443689203015,-4.34880456855981,-4.41121562134349,-4.28888898416018,-4.34739211011404,-4.71821582595638,-3.97552568290651,"95%","4",TRUE,9,0.186527621340047
"1262",",
 ","ProxyRecord",5851.575,-5.169910325,0.344899204306193,229.599999999999,0.172449602153096,114.8,-3901.575,4,"test_set",0.062053487292113,-5.05143767697275,-5.11108404719482,-4.99197698359333,-5.05069608877734,-5.42491591111641,-4.67921880964305,"95%","4",TRUE,9,0.186527621340047
"1263",",
 ","ProxyRecord",6463.5,-5.926729401,0.339872549353913,120.525,0.169936274676956,60.2624999999998,-4513.5,4,"test_set",0.0730585072276302,-6.14463992932338,-6.21099637763238,-6.08043975457397,-6.15131403545531,-6.51239045385561,-5.76945796932368,"95%","4",TRUE,9,0.186527621340047
"1264",",
 ","ProxyRecord",6512.95,-6.165855616,0.34070486802075,104.05,0.170352434010375,52.0250000000001,-4562.95,4,"test_set",0.0751430999240465,-6.24247683175429,-6.30629861708484,-6.1793643575381,-6.23837398508958,-6.59260691673485,-5.87344597709016,"95%","4",TRUE,9,0.186527621340047
"1265",",
 ","ProxyRecord",6521.0125,-6.20571608,0.340846172023142,100.0125,0.170423086011571,50.0062499999999,-4571.0125,4,"test_set",0.0755107734024207,-6.25869441750567,-6.32243612767356,-6.19648099681365,-6.25902284512461,-6.64203940668423,-5.89177293164221,"95%","4",TRUE,9,0.186527621340047
"1266",",
 ","ProxyRecord",6526.9875,-6.245590152,0.340988382903296,98.0124999999998,0.170494191451648,49.0062499999999,-4576.9875,4,"test_set",0.0757882782808306,-6.27076426380148,-6.33371832500674,-6.20862008764139,-6.27022957356658,-6.63175405932686,-5.88234096257108,"95%","4",TRUE,9,0.186527621340047
"1267",",
 ","ProxyRecord",6897.4875,-7.08335346,0.344153167249994,37.5124999999998,0.172076583624997,18.7562499999999,-4947.4875,4,"test_set",0.101356688519294,-7.13595129427872,-7.19411771546436,-7.0768533120443,-7.13172497148449,-7.520571832803,-6.73734072588026,"95%","4",TRUE,9,0.186527621340047
"1268",",
 ","ProxyRecord",6903,-7.283028277,0.344955116399451,36,0.172477558199726,18,-4953,4,"test_set",0.101861352678556,-7.15102484488476,-7.20945225881669,-7.09167843323944,-7.14825808193972,-7.53348011398987,-6.7468254756369,"95%","4",TRUE,9,0.186527621340047
"1269",",
 ","ProxyRecord",6906.0125,-7.362912933,0.345280720801897,36.0124999999998,0.172640360400949,18.0062499999999,-4956.0125,4,"test_set",0.102138683579067,-7.1592953129559,-7.2180015633786,-7.09982155892845,-7.14972453777859,-7.54028043419844,-6.75083342431678,"95%","4",TRUE,9,0.186527621340047
"1270",",
 ","ProxyRecord",7063.5,-7.642624088,0.346445405898564,50.5249999999996,0.173222702949282,25.2624999999998,-5113.5,4,"test_set",0.118152099534319,-7.62660236523124,-7.69112273429611,-7.56204341466094,-7.63112372060402,-8.04646589165172,-7.22929930936068,"95%","4",TRUE,9,0.186527621340047
"1271",",
 ","ProxyRecord",7090,-8.282547459,0.349234831212595,48,0.174617415606297,24,-5140,4,"test_set",0.121138885780114,-7.71251156170249,-7.77675909851086,-7.64756582165975,-7.70789504914859,-8.16308973437903,-7.28623989020661,"95%","4",FALSE,9,0.186527621340047
"1272",",
 ","ProxyRecord",7100.0375,-8.362604116,0.349595550011948,52.0374999999995,0.174797775005974,26.0187499999997,-5150.0375,4,"test_set",0.122292184523332,-7.74564090775001,-7.8096809662626,-7.68039027984077,-7.74289428302309,-8.16982944516033,-7.29947402447521,"95%","4",FALSE,9,0.186527621340047
"1273",",
 ","ProxyRecord",7268.5,-8.482611111,0.341081271,87.5,0.170540635,43.75,-5318.5,4,"test_set",0.142436013662195,-8.35288196779278,-8.41291198857535,-8.29131767196237,-8.35079767296544,-8.79779567058808,-7.91097301755421,"95%","4",TRUE,9,0.186527621340047
"1274",",
 ","ProxyRecord",7338,-8.602734373,0.341646440804731,60.0249999999996,0.170823220402366,30.0124999999998,-5388,4,"test_set",0.149168782614506,-8.62977679728819,-8.68583107700613,-8.5712306967546,-8.6334223478291,-9.08581607393605,-8.20381286296728,"95%","4",TRUE,9,0.186527621340047
"1275",",
 ","ProxyRecord",7415.05,-8.722890214,0.342218516,71.0500000000002,0.171109258016306,35.5250000000001,-5465.05,4,"test_set",0.155003586514102,-8.9501118914837,-9.00437699199971,-8.89308102930589,-8.95384237664996,-9.41975498557214,-8.47077286660302,"95%","4",TRUE,9,0.186527621340047
"1276",",
 ","ProxyRecord",7596.5,-9.725715756,0.34719796054297,63.5249999999996,0.173598980271485,31.7624999999998,-5646.5,4,"test_set",0.161976068637326,-9.73754219652465,-9.80165341484992,-9.67249673411684,-9.73173786458497,-10.2075241774867,-9.2562927477629,"95%","4",TRUE,9,0.186527621340047
"1277",",
 ","ProxyRecord",7793.5,-10.68396094,0.316216789064177,73.5249999999996,0.158108394532089,36.7624999999998,-5843.5,4,"test_set",0.158787994829623,-10.5954462599867,-10.6617539083903,-10.5289801360339,-10.6020606179245,-11.0281960906683,-10.1473750672632,"95%","4",TRUE,9,0.186527621340047
"1278",",
 ","ProxyRecord",7807.525,-10.72429601,0.316456439287178,75.5250000000005,0.158228219643589,37.7625000000003,-5857.525,4,"test_set",0.158133958555773,-10.6549470559825,-10.7203473087855,-10.5877802411754,-10.6550627686654,-11.0854433877486,-10.2053772902434,"95%","4",TRUE,9,0.186527621340047
"1279",",
 ","ProxyRecord",7888,-11.0069002,0.318148605343717,77,0.159074302671859,38.5,-5938,4,"test_set",0.153283749246569,-10.989077250307,-11.0623940746738,-10.916588879832,-10.9926242822221,-11.4041078242478,-10.5358600630721,"95%","4",TRUE,9,0.186527621340047
"1280",",
 ","ProxyRecord",7934.9875,-11.29023581,0.319864531495081,66.0124999999998,0.15993226574754,33.0062499999999,-5984.9875,4,"test_set",0.149587602106749,-11.1771958917334,-11.2620289572459,-11.0914268524347,-11.1784240575045,-11.6227429456026,-10.7741199966606,"95%","4",TRUE,9,0.186527621340047
"1281",",
 ","ProxyRecord",14,-0.069005802,0.320410770700682,74,0.160205385350341,37,1936,5,"test_set",0.000441766894872936,-0.103199060981798,-0.247446081084457,0.0460486302148491,-0.0973607841191743,-0.445426943992384,0.246832123305526,"95%","5",TRUE,9,0.186527621340047
"1282",",
 ","ProxyRecord",1574.9625,-0.918623073,0.286699283275371,295.0375,0.143349641637685,147.51875,375.0375,5,"test_set",0.000114429586817177,-0.958639471522481,-1.07401107129517,-0.851167423426091,-0.96180674588817,-1.27889873088749,-0.62093255700777,"95%","5",TRUE,9,0.186527621340047
"1283",",
 ","ProxyRecord",2566.0125,-1.175272669,0.30049796406866,410.0125,0.15024898203433,205.00625,-616.0125,5,"test_set",0.000240919393218464,-1.14809785698682,-1.24061238357871,-1.0489878291614,-1.14708029861037,-1.46871787082146,-0.818038084466993,"95%","5",TRUE,9,0.186527621340047
"1284",",
 ","ProxyRecord",3395.5,-1.784757341,0.288420549773389,547.525,0.144210274886695,273.7625,-1445.5,5,"test_set",0.000529736835935823,-1.89119593401715,-1.95273906512864,-1.83040108925033,-1.8945115254341,-2.20559019341084,-1.57943110076316,"95%","5",TRUE,9,0.186527621340047
"1285",",
 ","ProxyRecord",4383.425,-2.866337463,0.338457829204649,292.6,0.169228914602324,146.3,-2433.425,5,"test_set",0.000534607302160595,-2.82942041460453,-2.91010664764624,-2.75211908952081,-2.83415396760996,-3.18669496403174,-2.47662203841864,"95%","5",TRUE,9,0.186527621340047
"1286",",
 ","ProxyRecord",5386.5125,-4.175739411,0.342193393629715,283.5125,0.171096696814857,141.75625,-3436.5125,5,"test_set",0.000814237777868598,-4.25411935949761,-4.31182280846916,-4.19964531682551,-4.25551422576909,-4.61354152745602,-3.89726091173245,"95%","5",TRUE,9,0.186527621340047
"1287",",
 ","ProxyRecord",5391.975,-4.21547279,0.342291458284034,283.025,0.171145729142017,141.5125,-3441.975,5,"test_set",0.000814601567844519,-4.26304306209061,-4.32066371056246,-4.20874275431749,-4.25702104106882,-4.62151713838425,-3.92578156385804,"95%","5",TRUE,9,0.186527621340047
"1288",",
 ","ProxyRecord",5446.4875,-4.573196685,0.343212915147096,262.5125,0.171606457573548,131.25625,-3496.4875,5,"test_set",0.000818467969554426,-4.3523224328161,-4.40902018390285,-4.29779077480232,-4.34833140163362,-4.69172439422566,-4.00672147752329,"95%","5",TRUE,9,0.186527621340047
"1289",",
 ","ProxyRecord",5464.5125,-4.69249573,0.343535620780583,253.5125,0.171767810390292,126.75625,-3514.5125,5,"test_set",0.000819840805288408,-4.38193832970615,-4.43800064914937,-4.32731924600411,-4.38397029050405,-4.74956879548455,-4.04291494278755,"95%","5",TRUE,9,0.186527621340047
"1290",",
 ","ProxyRecord",5935.9875,-5.329136603,0.345378910631829,224.1625,0.172689455315915,112.08125,-3985.9875,5,"test_set",0.00087240862414184,-5.17891302427378,-5.23847729318417,-5.12162396061839,-5.19082163967381,-5.54685353711467,-4.85373156382227,"95%","5",TRUE,9,0.186527621340047
"1291",",
 ","ProxyRecord",6885,-6.764058341,0.342908309835436,39,0.171454154917718,19.5,-4935,5,"test_set",0.00135671829464279,-7.11579096088982,-7.16405087213711,-7.06710989294073,-7.11731425748539,-7.45072498360186,-6.77455648565548,"95%","5",FALSE,9,0.186527621340047
"1292",",
 ","ProxyRecord",6888.5,-6.843862071,0.343214473416499,37.5,0.171607236708249,18.75,-4938.5,5,"test_set",0.00136098060501411,-7.12528832472049,-7.17372201994108,-7.07601802192465,-7.1255050004889,-7.49040324551639,-6.76746450026584,"95%","5",TRUE,9,0.186527621340047
"1293",",
 ","ProxyRecord",6891.5,-6.923682426,0.34352457919312,37.5,0.17176228959656,18.75,-4941.5,5,"test_set",0.00136465049087597,-7.13345292740348,-7.18209104567008,-7.08387686871757,-7.13314851030191,-7.50484735820441,-6.76745113820316,"95%","5",TRUE,9,0.186527621340047
"1294",",
 ","ProxyRecord",6895.5,-7.043428922,0.343994533991546,37.5,0.171997266995773,18.75,-4945.5,5,"test_set",0.00136956733121085,-7.14437370216944,-7.19315217284297,-7.09484816551563,-7.14416119713429,-7.4816894620309,-6.81016705147568,"95%","5",TRUE,9,0.186527621340047
"1295",",
 ","ProxyRecord",6899.0125,-7.163221243,0.344471405296577,37.0124999999998,0.172235702648289,18.5062499999999,-4949.0125,5,"test_set",0.00137390722845243,-7.15399631022336,-7.20306828110386,-7.10464909629607,-7.15385166833609,-7.49528161303624,-6.81915720424549,"95%","5",TRUE,9,0.186527621340047
"1296",",
 ","ProxyRecord",6904.9875,-7.322975101,0.345117061896691,36.0124999999998,0.172558530948346,18.0062499999999,-4954.9875,5,"test_set",0.00138133758658121,-7.17043592568191,-7.21983859031833,-7.12152298760351,-7.16347730098277,-7.5080978628402,-6.79489323306547,"95%","5",TRUE,9,0.186527621340047
"1297",",
 ","ProxyRecord",6920.0125,-7.402860803,0.345444413830338,42.0124999999998,0.172722206915169,21.0062499999999,-4970.0125,5,"test_set",0.00140028890451838,-7.21217483467551,-7.26209111359047,-7.16389770095947,-7.21528973972956,-7.558448476141,-6.87864046617509,"95%","5",TRUE,9,0.186527621340047
"1298",",
 ","ProxyRecord",7084.4875,-8.122484742,0.348521892022329,48.5124999999998,0.174260946011165,24.2562499999999,-5134.4875,5,"test_set",0.00163269065924787,-7.7095730487344,-7.76289044638315,-7.65822419738644,-7.71857839573607,-8.07123938025239,-7.36519824025921,"95%","5",FALSE,9,0.186527621340047
"1299",",
 ","ProxyRecord",7086,-8.162494078,0.348698973973306,48.0249999999996,0.174349486986653,24.0124999999998,-5136,5,"test_set",0.00163503994385916,-7.71451754042935,-7.76772889902919,-7.66320285432055,-7.71890659751965,-8.06522326034689,-7.36826074423428,"95%","5",FALSE,9,0.186527621340047
"1300",",
 ","ProxyRecord",7093.5,-8.322571807,0.34941530143365,49.5,0.174707650716825,24.75,-5143.5,5,"test_set",0.00164674640412699,-7.73914216110928,-7.79213650921976,-7.68742058423727,-7.74023108779905,-8.10109145083766,-7.40129745552946,"95%","5",FALSE,9,0.186527621340047
"1301",",
 ","ProxyRecord",7441.9875,-8.8030171,0.342601958233598,86.0124999999998,0.171300979116799,43.0062499999999,-5491.9875,5,"test_set",0.00211621246992699,-9.07341116793634,-9.11773574929352,-9.02688322244581,-9.0686647717279,-9.41345808757292,-8.72143074200437,"95%","5",TRUE,9,0.186527621340047
"1302",",
 ","ProxyRecord",7488.5125,-9.003393483,0.343573632682052,98.5374999999994,0.171786816341026,49.2687499999997,-5538.5125,5,"test_set",0.00214637484186042,-9.27231797858508,-9.31881219427819,-9.22376475453392,-9.27241995238431,-9.61686589456892,-8.92418837201721,"95%","5",TRUE,9,0.186527621340047
"1303",",
 ","ProxyRecord",7559,-9.364339993,0.345361636045189,86.0249999999996,0.172680818022594,43.0124999999998,-5609,5,"test_set",0.00217595370863854,-9.57799811304803,-9.6268787233218,-9.52871557823184,-9.58262340226048,-9.91576599230811,-9.2391711731287,"95%","5",TRUE,9,0.186527621340047
"1304",",
 ","ProxyRecord",7569.9875,-9.444616361,0.345765475239243,79.0124999999998,0.172882737619621,39.5062499999999,-5619.9875,5,"test_set",0.00217881496560324,-9.62596473600331,-9.67480265493746,-9.5763143355957,-9.62898804304317,-9.98153355830462,-9.28348607690779,"95%","5",TRUE,9,0.186527621340047
"1305",",
 ","ProxyRecord",7582,-9.565044647,0.346376353275751,73,0.173188176637876,36.5,-5632,5,"test_set",0.00218140320784599,-9.67846980422064,-9.72711467243209,-9.62850090285297,-9.67840788687556,-10.0403866371074,-9.31489639142416,"95%","5",TRUE,9,0.186527621340047
"1306",",
 ","ProxyRecord",7610,-9.846253579,0.347821223350451,55.0249999999996,0.173910611675225,27.5124999999998,-5660,5,"test_set",0.00218524671025122,-9.80103679960163,-9.85105146400395,-9.7501517458192,-9.79958093204335,-10.1471058141906,-9.45177354219357,"95%","5",TRUE,9,0.186527621340047
"1307",",
 ","ProxyRecord",7697,-10.28875477,0.350150107764999,55,0.175075053882499,27.5,-5747,5,"test_set",0.00217763673862059,-10.1818147004725,-10.2338342482802,-10.1286513697985,-10.1873513669929,-10.5365032274759,-9.83477915312331,"95%","5",TRUE,9,0.186527621340047
"1308",",
 ","ProxyRecord",7774.025,-10.6033048,0.315739941823423,67.0250000000005,0.157869970911711,33.5125000000003,-5824.025,5,"test_set",0.00214620923100206,-10.5156450974414,-10.5676250317285,-10.4642721601465,-10.5174221830372,-10.84623313003,-10.1869253403293,"95%","5",TRUE,9,0.186527621340047
"1309",",
 ","ProxyRecord",7865,-10.88571459,0.317420490766427,72,0.158710245383213,36,-5915,5,"test_set",0.00207922150332607,-10.9007841698254,-10.9526435446776,-10.8497098288143,-10.9026045485668,-11.225091821658,-10.5741668183397,"95%","5",TRUE,9,0.186527621340047
"1310",",
 ","ProxyRecord",7928,-11.24970716,0.319618573,67,0.159809286,33.5,-5978,5,"test_set",0.00201387557372534,-11.1587102179876,-11.2205026241272,-11.0990820774667,-11.1562736568305,-11.4722197436914,-10.8247178598606,"95%","5",TRUE,9,0.186527621340047
"1311",",
 ","ProxyRecord",386.4875,-0.420397887,0.319781865557516,238.5625,0.159890932778758,119.28125,1563.5125,6,"test_set",0.00034462108714356,-0.445825798343394,-0.556460951666208,-0.335602687245046,-0.448553950551222,-0.78438460341357,-0.0895607147676827,"95%","6",TRUE,9,0.186527621340047
"1312",",
 ","ProxyRecord",2620.5,-1.21467617,0.300531211877705,433.6,0.150265605938852,216.8,-670.5,6,"test_set",0.000275649313302706,-1.18750852453936,-1.28953412816274,-1.08384734228793,-1.18217133842451,-1.50837382344305,-0.84197126683202,"95%","6",TRUE,9,0.186527621340047
"1313",",
 ","ProxyRecord",3136.4625,-1.530183704,0.300836598734054,537.5375,0.150418299367027,268.76875,-1186.4625,6,"test_set",0.00050082053544287,-1.61051354306715,-1.68113100155529,-1.53872409339614,-1.60830351754269,-1.92314011635821,-1.30782380958997,"95%","6",TRUE,9,0.186527621340047
"1314",",
 ","ProxyRecord",3424,-1.824260224,0.288472039568732,537.05,0.144236019784366,268.525,-1474,6,"test_set",0.000515565040010157,-1.91158073383921,-1.97650457821196,-1.84260518124883,-1.91001686933626,-2.20665469164266,-1.602365230177,"95%","6",TRUE,9,0.186527621340047
"1315",",
 ","ProxyRecord",3624.9875,-2.061371665,0.288804013330107,479.0375,0.144402006665054,239.51875,-1674.9875,6,"test_set",0.000482011995883713,-2.11482288295443,-2.18342156681477,-2.04278687786672,-2.10706181596457,-2.39738011876168,-1.80293324374332,"95%","6",TRUE,9,0.186527621340047
"1316",",
 ","ProxyRecord",3721.4625,-2.219524348,0.289047480325488,448.5875,0.144523740162744,224.29375,-1771.4625,6,"test_set",0.000468424327959571,-2.2065327228624,-2.27403816637222,-2.13789158763135,-2.2026492680489,-2.50296210535365,-1.89682220398243,"95%","6",TRUE,9,0.186527621340047
"1317",",
 ","ProxyRecord",3752.4875,-2.298633897,0.289175402580346,439.5375,0.144587701290173,219.76875,-1802.4875,6,"test_set",0.000465420671857952,-2.23544127573433,-2.30246602911965,-2.16757082347175,-2.24099093661491,-2.54683503590431,-1.93954306567761,"95%","6",TRUE,9,0.186527621340047
"1318",",
 ","ProxyRecord",3805.4375,-2.377754547,0.28930718893556,399.6625,0.14465359446778,199.83125,-1855.4375,6,"test_set",0.000461829789188961,-2.28432255870936,-2.34743182330732,-2.22099475190839,-2.28768730922451,-2.5941915680757,-1.98847553346879,"95%","6",TRUE,9,0.186527621340047
"1319",",
 ","ProxyRecord",3909.325,-2.536051478,0.289584870766641,355.7,0.144792435383321,177.85,-1959.325,6,"test_set",0.000460410830371849,-2.3793167094384,-2.43935603343413,-2.3186738819551,-2.3772368898382,-2.67261522575121,-2.06521319033355,"95%","6",TRUE,9,0.186527621340047
"1320",",
 ","ProxyRecord",5045.05,-3.381744875,0.339435742587645,182.075,0.169717871293823,91.0374999999999,-3095.05,6,"test_set",0.000755484556169694,-3.71945654384418,-3.77517129824378,-3.66434015608756,-3.71841255334269,-4.07991588354349,-3.38633997999883,"95%","6",FALSE,9,0.186527621340047
"1321",",
 ","ProxyRecord",5223.5,-3.659498747,0.340023651799844,274.525,0.170011825899922,137.2625,-3273.5,6,"test_set",0.000785146983073304,-3.99596798384486,-4.05157560973756,-3.94190358524371,-3.99520299494875,-4.33430892143802,-3.65896761602128,"95%","6",TRUE,9,0.186527621340047
"1322",",
 ","ProxyRecord",5253.5125,-3.738856111,0.341167013120535,287.5125,0.170583506560267,143.75625,-3303.5125,6,"test_set",0.000789002497003643,-4.04341402290246,-4.10010015353615,-3.98950504280457,-4.0479295041805,-4.39863438115786,-3.70500339263926,"95%","6",TRUE,9,0.186527621340047
"1323",",
 ","ProxyRecord",5440.975,-4.533437045,0.343107092356876,264.049999999999,0.171553546178438,132.025,-3490.975,6,"test_set",0.000806831273325592,-4.34385377704151,-4.40202051822894,-4.2903034626411,-4.34994571654837,-4.68565880266959,-4.00396460169734,"95%","6",TRUE,9,0.186527621340047
"1324",",
 ","ProxyRecord",5469.4875,-4.732269606,0.34364463779127,251.5125,0.171822318895635,125.75625,-3519.4875,6,"test_set",0.000809437587112605,-4.39005598425213,-4.44768624465183,-4.3364139648353,-4.38628703060631,-4.74310837926253,-4.0374363248993,"95%","6",TRUE,9,0.186527621340047
"1325",",
 ","ProxyRecord",5482.5125,-4.772046295,0.343754642647718,243.5125,0.171877321323859,121.75625,-3532.5125,6,"test_set",0.000810669415174381,-4.41120859479683,-4.46818566476268,-4.35740983903345,-4.41080981423799,-4.76477784653999,-4.06278467181714,"95%","6",FALSE,9,0.186527621340047
"1326",",
 ","ProxyRecord",5510,-4.851600007,0.343977162579867,236,0.171988581289933,118,-3560,6,"test_set",0.000813353862350041,-4.4559483776653,-4.5116054360973,-4.40202379804747,-4.44825900987066,-4.8075542029212,-4.09648920194496,"95%","6",FALSE,9,0.186527621340047
"1327",",
 ","ProxyRecord",5832.025,-5.130111674,0.344781272868479,227.05,0.172390636434239,113.525,-3882.025,6,"test_set",0.000853378009790795,-4.99235004102835,-5.04787839441734,-4.93827299526003,-4.99215865875435,-5.33979383231551,-4.63140543709354,"95%","6",TRUE,9,0.186527621340047
"1328",",
 ","ProxyRecord",6086,-5.528218646,0.345997335052248,187.025,0.172998667526124,93.5124999999998,-4136,6,"test_set",0.000896089653035226,-5.43598144703124,-5.50421191599826,-5.37067525553873,-5.43218741120408,-5.77435174436972,-5.09483765962957,"95%","6",TRUE,9,0.186527621340047
"1329",",
 ","ProxyRecord",6507.475,-6.125994293,0.340564026510113,104.525,0.170282013255057,52.2624999999998,-4557.475,6,"test_set",0.00102612584342854,-6.23283599838041,-6.29228392284792,-6.17706069288665,-6.22170922640082,-6.57453726817791,-5.86335989370908,"95%","6",TRUE,9,0.186527621340047
"1330",",
 ","ProxyRecord",6724.5,-6.48481342,0.341857871416384,49.5249999999996,0.170928935708192,24.7624999999998,-4774.5,6,"test_set",0.00119105092044602,-6.7104917134312,-6.75645434018498,-6.66530207188851,-6.69889464044498,-7.03377310886406,-6.33118456580612,"95%","6",TRUE,9,0.186527621340047
"1331",",
 ","ProxyRecord",6894,-7.003509672,0.343837082444669,37,0.171918541222335,18.5,-4944,6,"test_set",0.00137304333844845,-7.14327569022154,-7.19040320777117,-7.09685457814212,-7.14827904835427,-7.50297372675039,-6.81099325312824,"95%","6",TRUE,9,0.186527621340047
"1332",",
 ","ProxyRecord",7071.0125,-7.762544206,0.346955222393991,50.0124999999998,0.173477611196996,25.0062499999999,-5121.0125,6,"test_set",0.00161289293021394,-7.66995482656693,-7.72000515248927,-7.62008770387067,-7.67125726595708,-8.03999410254281,-7.29753873665884,"95%","6",TRUE,9,0.186527621340047
"1333",",
 ","ProxyRecord",7072,-7.802531821,0.347126117252899,50,0.173563058626449,25,-5122,6,"test_set",0.00161437366679174,-7.67314033561085,-7.72327642151058,-7.62333113270333,-7.67509248674102,-8.02823564233046,-7.3298023556933,"95%","6",TRUE,9,0.186527621340047
"1334",",
 ","ProxyRecord",7082.9875,-8.082471263,0.348345391893485,49.0124999999998,0.174172695946742,24.5062499999999,-5132.9875,6,"test_set",0.00163095601226626,-7.70878281783905,-7.75895130566946,-7.65935766688499,-7.71343442077573,-8.08456609640018,-7.34460575813452,"95%","6",TRUE,9,0.186527621340047
"1335",",
 ","ProxyRecord",7087,-8.202512229,0.348877000744633,48.0249999999996,0.174438500372316,24.0124999999998,-5137,6,"test_set",0.00163706053895041,-7.72189040937048,-7.77204524608931,-7.67273654618931,-7.72140601462605,-8.07515522704204,-7.35135215233657,"95%","6",FALSE,9,0.186527621340047
"1336",",
 ","ProxyRecord",7468.025,-8.923237509,0.343182358880579,94.0250000000006,0.17159117944029,47.0125000000003,-5518.025,6,"test_set",0.00212802675179091,-9.1822608771164,-9.22456993216865,-9.14085742717899,-9.18731909783756,-9.53298810933518,-8.84723807188618,"95%","6",TRUE,9,0.186527621340047
"1337",",
 ","ProxyRecord",7478.0375,-8.963317834,0.343377864874404,98.0374999999994,0.171688932437202,49.0187499999997,-5528.0375,6,"test_set",0.00213439124263637,-9.22496763703724,-9.26700542253387,-9.18355691811755,-9.22849290323769,-9.58915484155916,-8.86731823562418,"95%","6",TRUE,9,0.186527621340047
"1338",",
 ","ProxyRecord",7845,-10.80497827,0.316937688842211,77,0.158468844421106,38.5,-5895,6,"test_set",0.0021109693371546,-10.8154343796789,-10.8647000742299,-10.7665542272582,-10.8088441001983,-11.1113758339656,-10.4870318410554,"95%","6",TRUE,9,0.186527621340047
"1339",",
 ","ProxyRecord",7896.5,-11.04732685,0.318392066237282,76.5249999999996,0.159196033118641,38.2624999999998,-5946.5,6,"test_set",0.0020676945132525,-11.031167756669,-11.0849066551082,-10.9786044954697,-11.0384685688635,-11.3721494886839,-10.6970794432048,"95%","6",TRUE,9,0.186527621340047
"1340",",
 ","ProxyRecord",847.125,-0.695083187,0.319884878215016,253.125,0.159942439107508,126.5625,1102.875,7,"test_set",0.000253282877685224,-0.645753711004619,-0.816322123131308,-0.468472330226861,-0.644300642606553,-1.04064672328986,-0.272077381779363,"95%","7",TRUE,9,0.186527621340047
"1341",",
 ","ProxyRecord",1516.4625,-0.879284769,0.286673489851659,291.5875,0.143336744925829,145.79375,433.5375,7,"test_set",0.000124523823757938,-0.945742516063686,-1.06465189404284,-0.830821912953991,-0.946665662139606,-1.26550969478432,-0.618018318547909,"95%","7",TRUE,9,0.186527621340047
"1342",",
 ","ProxyRecord",2489.5125,-1.135875216,0.30046558039297,369.5125,0.150232790196485,184.75625,-539.5125,7,"test_set",0.000185752373504933,-1.09802293940514,-1.21396336683446,-0.981005731497229,-1.09377992253748,-1.44433761536882,-0.765681540665388,"95%","7",TRUE,9,0.186527621340047
"1343",",
 ","ProxyRecord",2751.4125,-1.33293653,0.300637532720803,478.6125,0.150318766360402,239.30625,-801.4125,7,"test_set",0.000368598928129904,-1.23244541762861,-1.34845260816526,-1.11544586857202,-1.23824348173622,-1.56444388413303,-0.896871611663122,"95%","7",TRUE,9,0.186527621340047
"1344",",
 ","ProxyRecord",2796.5125,-1.372378102,0.300675145598983,477.5125,0.150337572799491,238.75625,-846.5125,7,"test_set",0.000397117739164843,-1.26653291135417,-1.37988809336132,-1.15134814447556,-1.26889683458355,-1.61437693164312,-0.932048423352922,"95%","7",TRUE,9,0.186527621340047
"1345",",
 ","ProxyRecord",2840.475,-1.411810407,0.30071411651296,479.525,0.15035705825648,239.7625,-890.475,7,"test_set",0.000422523227749938,-1.30242522151125,-1.41143693346441,-1.19033465072839,-1.30329835720059,-1.64014071766769,-0.976677405340093,"95%","7",TRUE,9,0.186527621340047
"1346",",
 ","ProxyRecord",3303.5,-1.666295442,0.288272126175546,553.525,0.144136063087773,276.7625,-1353.5,7,"test_set",0.000546567072079451,-1.78046458691893,-1.84994714634153,-1.71300705542214,-1.78614959243934,-2.09777466052236,-1.48073700965897,"95%","7",TRUE,9,0.186527621340047
"1347",",
 ","ProxyRecord",3878.425,-2.496469688,0.289513860602869,365.625,0.144756930301435,182.8125,-1928.425,7,"test_set",0.000443850483577979,-2.35613227233417,-2.41463085411315,-2.29310901920719,-2.35560192228006,-2.66274898054907,-2.06118597936267,"95%","7",TRUE,9,0.186527621340047
"1348",",
 ","ProxyRecord",4537.4625,-3.104147077,0.338890106207929,242.5625,0.169445053103964,121.28125,-2587.4625,7,"test_set",0.000614082593375365,-3.00485502451812,-3.08771345586515,-2.92319078494501,-3.001080778606,-3.34715492968513,-2.63405996949663,"95%","7",TRUE,9,0.186527621340047
"1349",",
 ","ProxyRecord",4958.525,-3.342076191,0.339354657792045,177.575000000001,0.169677328896023,88.7875000000004,-3008.525,7,"test_set",0.000760661221310688,-3.59192317490723,-3.6533829243561,-3.52987751423547,-3.59053711868611,-3.95746990159993,-3.24646986303146,"95%","7",TRUE,9,0.186527621340047
"1350",",
 ","ProxyRecord",5201,-3.619811057,0.339937131124243,263,0.169968565562121,131.5,-3251,7,"test_set",0.000801052936816315,-3.97379271562825,-4.03078935860695,-3.91536904036593,-3.96720722180861,-4.32213777896861,-3.62307846824123,"95%","7",FALSE,9,0.186527621340047
"1351",",
 ","ProxyRecord",5692.025,-5.010731089,0.344431279151665,261.025000000001,0.172215639575833,130.5125,-3742.025,7,"test_set",0.000826148425314699,-4.77330235743116,-4.8255103180534,-4.72291467497576,-4.77090355100846,-5.11907531580643,-4.41350098517911,"95%","7",TRUE,9,0.186527621340047
"1352",",
 ","ProxyRecord",6473.4875,-5.966574007,0.340009225945833,117.5125,0.170004612972917,58.7562499999999,-4523.4875,7,"test_set",0.0010100815615699,-6.16921094722813,-6.23225859319096,-6.10627799079571,-6.17060142663594,-6.5245230426344,-5.81375806948524,"95%","7",TRUE,9,0.186527621340047
"1353",",
 ","ProxyRecord",6498,-6.086131553,0.340423833661309,108,0.170211916830655,54,-4548,7,"test_set",0.00102416571332586,-6.21908408478644,-6.28050728474456,-6.15813813967536,-6.21836892571274,-6.56754625461385,-5.87693775626754,"95%","7",TRUE,9,0.186527621340047
"1354",",
 ","ProxyRecord",6892,-6.96359469,0.343680553311825,38,0.171840276655912,19,-4942,7,"test_set",0.00137668788484646,-7.14970231571688,-7.19588706208796,-7.10449187304583,-7.15439861434447,-7.51392042895342,-6.79578300892984,"95%","7",TRUE,9,0.186527621340047
"1355",",
 ","ProxyRecord",7088.9875,-8.242522251,0.349055583,48.0124999999998,0.174527791574334,24.0062499999999,-5138.9875,7,"test_set",0.00164199525698461,-7.74220558627994,-7.79511110049106,-7.68977566240819,-7.74008995652795,-8.09341807970185,-7.38596146855622,"95%","7",FALSE,9,0.186527621340047
"1356",",
 ","ProxyRecord",7303.5,-8.522639728,0.341268713146706,72.5249999999996,0.170634356573353,36.2624999999998,-5353.5,7,"test_set",0.00196432118806378,-8.51721300478361,-8.56572439928825,-8.4688228943214,-8.51001707821435,-8.86237959650305,-8.16713069150913,"95%","7",TRUE,9,0.186527621340047
"1357",",
 ","ProxyRecord",7322,-8.562682971,0.341457053963497,65,0.170728526981748,32.5,-5372,7,"test_set",0.00198645653872731,-8.59022287730056,-8.63815149896448,-8.54288232384065,-8.58980321819644,-8.95834584611382,-8.21929856616787,"95%","7",TRUE,9,0.186527621340047
"1358",",
 ","ProxyRecord",7355.5,-8.642775035,0.341836322185815,56.5,0.170918161092907,28.25,-5405.5,7,"test_set",0.00202334751175925,-8.72442953220221,-8.77222557554998,-8.67758651519976,-8.72493180168939,-9.09245672181101,-8.36924419387415,"95%","7",TRUE,9,0.186527621340047
"1359",",
 ","ProxyRecord",7450.5,-8.843079696,0.342794840287658,91.5,0.171397420143829,45.75,-5500.5,7,"test_set",0.00210559525237741,-9.11688918793696,-9.16511619206122,-9.06868557934375,-9.11533938615428,-9.4772669043055,-8.761644374442,"95%","7",TRUE,9,0.186527621340047
"1360",",
 ","ProxyRecord",7496.0125,-9.043484911,0.343769106,99.0374999999994,0.171884553,49.5187499999997,-5546.0125,7,"test_set",0.00213328037692584,-9.3098020603057,-9.35983636040249,-9.26074874080797,-9.3029351180558,-9.63010547289316,-8.96728347789816,"95%","7",TRUE,9,0.186527621340047
"1361",",
 ","ProxyRecord",7517.025,-9.163784268,0.344361290824923,96.0250000000006,0.172180645412462,48.0125000000003,-5567.025,7,"test_set",0.00214350085405712,-9.39966785041045,-9.44958414753205,-9.34914791119195,-9.39722467518843,-9.75943741095294,-9.0446088668575,"95%","7",TRUE,9,0.186527621340047
"1362",",
 ","ProxyRecord",7520.9875,-9.203880679,0.344559865209497,97.0124999999998,0.172279932604749,48.5062499999999,-5570.9875,7,"test_set",0.0021452468776495,-9.41666294318184,-9.46668889972062,-9.36579825873651,-9.41941941955414,-9.7699128288095,-9.07666785438795,"95%","7",TRUE,9,0.186527621340047
"1363",",
 ","ProxyRecord",7572.5,-9.484752232,0.345968667861325,78.5,0.172984333930663,39.25,-5622.5,7,"test_set",0.00216270894806136,-9.6387350913787,-9.69180564527552,-9.58512051260479,-9.63799764472131,-9.99127680267756,-9.26864332151456,"95%","7",TRUE,9,0.186527621340047
"1364",",
 ","ProxyRecord",7615.5,-9.886457368,0.348029551077181,51.5,0.17401477553859,25.75,-5665.5,7,"test_set",0.00216983863912112,-9.82524801577903,-9.87967295356355,-9.77089465970663,-9.82175577418333,-10.1985132568128,-9.46802037611003,"95%","7",TRUE,9,0.186527621340047
"1365",",
 ","ProxyRecord",7621.975,-9.92665478,0.348238250285579,48.0249999999996,0.17411912514279,24.0124999999998,-5671.975,7,"test_set",0.00217032524245653,-9.85338456971883,-9.90733515776867,-9.79915735894322,-9.85119781261298,-10.1825344303753,-9.51169863698213,"95%","7",TRUE,9,0.186527621340047
"1366",",
 ","ProxyRecord",7660,-10.08751181,0.349082609237231,50,0.174541304618615,25,-5710,7,"test_set",0.00217008231504501,-10.0187127669059,-10.0720023231151,-9.96402891249735,-10.0201169693233,-10.3996852535023,-9.669405444353,"95%","7",TRUE,9,0.186527621340047
"1367",",
 ","ProxyRecord",7755.0125,-10.52272384,0.315264165620434,64.0124999999998,0.157632082810217,32.0062499999999,-5805.0125,7,"test_set",0.0021463139584732,-10.4304148522992,-10.4829482075263,-10.3776118586562,-10.4289895044121,-10.7590665741319,-10.100909470647,"95%","7",TRUE,9,0.186527621340047
"1368",",
 ","ProxyRecord",7765.5125,-10.56300702,0.315501818036251,66.5124999999998,0.157750909018125,33.2562499999999,-5815.5125,7,"test_set",0.00214165724550242,-10.4756004351194,-10.5271314984795,-10.4225483413847,-10.4742177733923,-10.8105143690316,-10.1250450900727,"95%","7",TRUE,9,0.186527621340047
"1369",",
 ","ProxyRecord",583.5125,-0.616526198,0.31985027938865,235.5125,0.159925139694325,117.75625,1366.4875,8,"test_set",0.000293664509704028,-0.538125969160122,-0.653017244589564,-0.417908445130271,-0.52993524054996,-0.886634603862194,-0.19867443259585,"95%","8",TRUE,9,0.186527621340047
"1370",",
 ","ProxyRecord",1074,-0.734375889,0.319903829030286,223,0.159951914515143,111.5,876,8,"test_set",0.000213645246649463,-0.749737957246978,-0.936429728368471,-0.560760660915673,-0.749525813594663,-1.12938422742588,-0.372960943974558,"95%","8",TRUE,9,0.186527621340047
"1371",",
 ","ProxyRecord",3476.475,-1.903281447,0.288578229984398,525.55,0.144289114992199,262.775,-1526.475,8,"test_set",0.000514859265265954,-1.98158135439164,-2.05460514956823,-1.90883880656434,-1.9845897765176,-2.31050316387648,-1.66173276143103,"95%","8",TRUE,9,0.186527621340047
"1372",",
 ","ProxyRecord",3547.35,-1.982305466,0.288688593716257,511.65,0.144344296858129,255.825,-1597.35,8,"test_set",0.000495900323771448,-2.05380931662737,-2.12788661796257,-1.98037415166459,-2.05604324227562,-2.37004827509441,-1.72902448233219,"95%","8",TRUE,9,0.186527621340047
"1373",",
 ","ProxyRecord",3699.3875,-2.179977648,0.288984919316642,457.6375,0.144492459658321,228.81875,-1749.3875,8,"test_set",0.00045590424219144,-2.1981693395011,-2.26788247762653,-2.12668156897685,-2.19171679095837,-2.50153592467332,-1.88365410096903,"95%","8",TRUE,9,0.186527621340047
"1374",",
 ","ProxyRecord",3737.95,-2.259077298,0.289110972963226,445.05,0.144555486481613,222.525,-1787.95,8,"test_set",0.000449233796451232,-2.23293130699978,-2.30102413407636,-2.16252047639381,-2.22965370516419,-2.53719297786069,-1.91416251184503,"95%","8",TRUE,9,0.186527621340047
"1375",",
 ","ProxyRecord",4453,-2.985223345,0.338669928952243,277.1,0.169334964476122,138.55,-2503,8,"test_set",0.000583654609465079,-2.90658556100831,-2.9930987991812,-2.81909464091572,-2.90945273801279,-3.26029073621109,-2.5479807871994,"95%","8",TRUE,9,0.186527621340047
"1376",",
 ","ProxyRecord",4484.975,-3.024857872,0.338742591363626,263.049999999999,0.169371295681813,131.525,-2534.975,8,"test_set",0.00060085510275032,-2.94433863283276,-3.03090072338086,-2.85607930745251,-2.93847730103915,-3.30601716827067,-2.5761833749456,"95%","8",TRUE,9,0.186527621340047
"1377",",
 ","ProxyRecord",4566.475,-3.143788366,0.338965562775759,229.525,0.16948278138788,114.7625,-2616.475,8,"test_set",0.000641906290754779,-3.04555711449948,-3.13014529730479,-2.95961250125386,-3.0468122531695,-3.39853676872884,-2.68018181590776,"95%","8",TRUE,9,0.186527621340047
"1378",",
 ","ProxyRecord",5074.9875,-3.421408449,0.339517185021476,194.0125,0.169758592510738,97.0062499999999,-3124.9875,8,"test_set",0.000792970282770255,-3.79323515263629,-3.85578349779337,-3.7336074062208,-3.79775958158129,-4.14545279928824,-3.44826880620734,"95%","8",FALSE,9,0.186527621340047
"1379",",
 ","ProxyRecord",5119.9875,-3.500760109,0.339682621925716,216.0125,0.169841310962858,108.00625,-3169.9875,8,"test_set",0.000797615526493267,-3.86514803628899,-3.92639699446059,-3.80599172527823,-3.87037864444467,-4.23033238534742,-3.5283152839072,"95%","8",FALSE,9,0.186527621340047
"1380",",
 ","ProxyRecord",5163.4875,-3.580127755,0.339851546253422,245.5125,0.169925773126711,122.75625,-3213.4875,8,"test_set",0.000800757727903445,-3.934986586588,-3.99604129179892,-3.87542672333114,-3.93764863127177,-4.2945169782767,-3.57587811908736,"95%","8",TRUE,9,0.186527621340047
"1381",",
 ","ProxyRecord",5296.5,-3.93739353,0.341620480675429,295.5,0.170810240337715,147.75,-3346.5,8,"test_set",0.000802143584310855,-4.14922439198543,-4.20786090661175,-4.08817398805777,-4.15138175176854,-4.50530772241632,-3.79639656204665,"95%","8",TRUE,9,0.186527621340047
"1382",",
 ","ProxyRecord",5370.0125,-4.096279378,0.341998759939205,290.0125,0.170999379969603,145.00625,-3420.0125,8,"test_set",0.000797592642443057,-4.26713882950305,-4.32591747948773,-4.20534786745948,-4.26992092283599,-4.6256615862769,-3.92513141759573,"95%","8",TRUE,9,0.186527621340047
"1383",",
 ","ProxyRecord",5381,-4.136006945,0.342095604,286,0.171047802,143,-3431,8,"test_set",0.000796611870867991,-4.28468332852323,-4.34319972967444,-4.22296513101039,-4.27782943433535,-4.63532311959064,-3.91733418076989,"95%","8",TRUE,9,0.186527621340047
"1384",",
 ","ProxyRecord",5593,-4.970941183,0.344316526986243,255,0.172158263493122,127.5,-3643,8,"test_set",0.000789917690502406,-4.62018076846918,-4.67812973360613,-4.56324007034788,-4.619061275981,-4.96769273157531,-4.27419942172478,"95%","8",FALSE,9,0.186527621340047
"1385",",
 ","ProxyRecord",5811.9875,-5.090313648,0.344663343498686,232.0375,0.172331671749343,116.01875,-3861.9875,8,"test_set",0.000807933375646108,-4.96843420364337,-5.03082999747753,-4.91088803934149,-4.96981215967896,-5.34399713442221,-4.622745314614,"95%","8",TRUE,9,0.186527621340047
"1386",",
 ","ProxyRecord",6144,-5.607876288,0.346250177934013,172.05,0.173125088967007,86.0250000000001,-4194,8,"test_set",0.000883570326037919,-5.52556821287101,-5.59943964914412,-5.45117545499169,-5.52124227028022,-5.87451045859197,-5.17187596095124,"95%","8",TRUE,9,0.186527621340047
"1387",",
 ","ProxyRecord",6224.4875,-5.687542718,0.34650676041386,175.5375,0.17325338020693,87.7687500000002,-4274.4875,8,"test_set",0.00091067646756926,-5.66980091770863,-5.74428980983745,-5.59602917947116,-5.67242052838662,-6.03919496086805,-5.31253010295857,"95%","8",TRUE,9,0.186527621340047
"1388",",
 ","ProxyRecord",6541.4625,-6.3253188,0.341274634737221,92.5375000000004,0.17063731736861,46.2687500000002,-4591.4625,8,"test_set",0.00107430849698442,-6.2933983607028,-6.35144958517495,-6.23442622889425,-6.29413385927117,-6.6529740671062,-5.90388507219949,"95%","8",TRUE,9,0.186527621340047
"1389",",
 ","ProxyRecord",6548.9875,-6.365185827,0.341419404877928,88.0124999999998,0.170709702438964,44.0062499999999,-4598.9875,8,"test_set",0.00107966562368222,-6.30963753487682,-6.36728506189289,-6.25140297236258,-6.31240544267081,-6.66439440052542,-5.96156986557941,"95%","8",TRUE,9,0.186527621340047
"1390",",
 ","ProxyRecord",6606.975,-6.405062003,0.341564503947161,81.0499999999993,0.170782251973581,40.5249999999996,-4656.975,8,"test_set",0.00112328080446034,-6.4375886836994,-6.49024808017256,-6.38385993286013,-6.44091301803495,-6.80264595990376,-6.10542734399085,"95%","8",TRUE,9,0.186527621340047
"1391",",
 ","ProxyRecord",6887.475,-6.80395828,0.343060954135525,37.5249999999996,0.171530477067762,18.7624999999998,-4937.475,8,"test_set",0.00139257351974287,-7.13995746715045,-7.18642582288594,-7.09437873741292,-7.14132046779203,-7.48107730888094,-6.79361733889814,"95%","8",TRUE,9,0.186527621340047
"1392",",
 ","ProxyRecord",7050.4875,-7.562680895,0.346108904598418,49.5124999999998,0.173054452299209,24.7562499999999,-5100.4875,8,"test_set",0.00159347803456722,-7.62618342260216,-7.67633406677714,-7.57652725796171,-7.62735113856993,-7.97406720673645,-7.26215169145443,"95%","8",TRUE,9,0.186527621340047
"1393",",
 ","ProxyRecord",7566,-9.404470798,0.345563160794744,81,0.172781580397372,40.5,-5616,8,"test_set",0.00213721810404799,-9.60101873545344,-9.65275284931681,-9.55286208725743,-9.60726208791228,-9.97020918905404,-9.24854709813981,"95%","8",TRUE,9,0.186527621340047
"1394",",
 ","ProxyRecord",7601.5,-9.765890009,0.347405288437699,61.5,0.173702644218849,30.75,-5651.5,8,"test_set",0.00214736668087134,-9.7532372082979,-9.8066958708261,-9.70339440809294,-9.74755519215316,-10.1061487519854,-9.38054489869691,"95%","8",TRUE,9,0.186527621340047
"1395",",
 ","ProxyRecord",7689.4875,-10.24849435,0.349935022654488,53.5124999999998,0.174967511327244,26.7562499999999,-5739.4875,8,"test_set",0.00215577949789214,-10.1327809691737,-10.1861505936166,-10.0806923413077,-10.1375382893752,-10.5111339796476,-9.78819384283901,"95%","8",TRUE,9,0.186527621340047
"1396",",
 ","ProxyRecord",7921.5,-11.20918651,0.31937371267617,69.5,0.159686856338085,34.75,-5971.5,8,"test_set",0.00206357269241231,-11.1229056544787,-11.1814644755416,-11.0606290636205,-11.1241621457762,-11.4735828112264,-10.7808293263793,"95%","8",TRUE,9,0.186527621340047
"1397",",
 ","ProxyRecord",7942.475,-11.33078558,0.3201107,60.5499999999993,0.16005535,30.2749999999996,-5992.475,8,"test_set",0.0020470609912504,-11.2098591316213,-11.2748304345276,-11.1421283644787,-11.2007575252723,-11.5447320956478,-10.8672089310515,"95%","8",TRUE,9,0.186527621340047
"1398",",
 ","ProxyRecord",261.05,-0.302951103,0.319753405,187.05,0.159876702302196,93.525,1688.95,9,"test_set",0.000392977976691744,-0.359873719919105,-0.487192553802202,-0.229517153274088,-0.357507895629057,-0.7027558865837,0.00470606227603126,"95%","9",TRUE,9,0.186527621340047
"1399",",
 ","ProxyRecord",354.925,-0.381224695,0.319771362832019,224.125,0.15988568141601,112.0625,1595.075,9,"test_set",0.000369326750791765,-0.430544330707585,-0.556457186458311,-0.302923878862874,-0.430467553094903,-0.79554499896188,-0.0579150399784683,"95%","9",TRUE,9,0.186527621340047
"1400",",
 ","ProxyRecord",1254.55,-0.800639634,0.286625488321054,213.575,0.143312744160527,106.7875,695.45,9,"test_set",0.00016244449848879,-0.850455720725505,-1.00574935733789,-0.692923853196911,-0.849207165592469,-1.18079158860348,-0.522156254372163,"95%","9",TRUE,9,0.186527621340047
"1401",",
 ","ProxyRecord",1438.0125,-0.839957544,0.286648866939431,294.0125,0.143324433469715,147.00625,511.9875,9,"test_set",0.000123559009845842,-0.921174336731699,-1.05831793513113,-0.79206517984317,-0.922695259669011,-1.25077504698212,-0.593414397242699,"95%","9",TRUE,9,0.186527621340047
"1402",",
 ","ProxyRecord",1831.4875,-1.036690097,0.286783231865505,286.5125,0.143391615932753,143.25625,118.5125,9,"test_set",4.73818985824437e-05,-1.0171912686116,-1.17127383541454,-0.872731470740566,-1.01424945788908,-1.36859926264631,-0.666004544858854,"95%","9",TRUE,9,0.186527621340047
"1403",",
 ","ProxyRecord",2292.0375,-1.096484017,0.300434440477865,271.0375,0.150217220238933,135.51875,-342.0375,9,"test_set",0.000106877685968065,-1.06229283202986,-1.18133918840589,-0.940882158692111,-1.06856172254509,-1.4014174641105,-0.724040761528548,"95%","9",TRUE,9,0.186527621340047
"1404",",
 ","ProxyRecord",2713.5,-1.293514541,0.300601118461603,468.525,0.150300559230802,234.2625,-763.5,9,"test_set",0.0003486517184903,-1.22618263459532,-1.33255087345033,-1.11995365087757,-1.21844294095641,-1.53566198973032,-0.896900657225005,"95%","9",TRUE,9,0.186527621340047
"1405",",
 ","ProxyRecord",3448.3625,-1.86376971,0.288524667101224,531.6375,0.144262333550612,265.81875,-1498.3625,9,"test_set",0.000522075178566173,-1.94784361407169,-2.01619701982247,-1.8805932132373,-1.94832906676576,-2.26612760466734,-1.6211433978037,"95%","9",TRUE,9,0.186527621340047
"1406",",
 ","ProxyRecord",3593.4875,-2.021836245,0.288745940919015,495.5625,0.144372970459508,247.78125,-1643.4875,9,"test_set",0.00048442877079724,-2.09531934912057,-2.16358028440316,-2.02665042927915,-2.10067250578399,-2.41479035080827,-1.77678780796317,"95%","9",TRUE,9,0.186527621340047
"1407",",
 ","ProxyRecord",3828.4875,-2.417322012,0.289374959537354,387.5625,0.144687479768677,193.78125,-1878.4875,9,"test_set",0.000443939251559833,-2.31041128109079,-2.37245952464362,-2.24605162107262,-2.3107526597943,-2.63089398429142,-1.99838306593713,"95%","9",TRUE,9,0.186527621340047
"1408",",
 ","ProxyRecord",4227.425,-2.734003631,0.28995434625047,334.6,0.144977173125235,167.3,-2277.425,9,"test_set",0.000483722481781079,-2.66570475340556,-2.73763846577775,-2.59042194014597,-2.66519864085932,-2.98927685731966,-2.35155161559001,"95%","9",TRUE,9,0.186527621340047
"1409",",
 ","ProxyRecord",4645.975,-3.223096834,0.339118288230522,180.025,0.169559144115261,90.0124999999998,-2695.975,9,"test_set",0.000649711233691175,-3.13384893263566,-3.21567986883889,-3.05634163825027,-3.13354465828388,-3.48267879464813,-2.77114112415495,"95%","9",TRUE,9,0.186527621340047
"1410",",
 ","ProxyRecord",5288.5,-3.897681316,0.341527995239457,294.5,0.170763997619729,147.25,-3338.5,9,"test_set",0.000812247674542021,-4.09701929852444,-4.1539082147065,-4.04008820398525,-4.10272044274217,-4.47348357571446,-3.72269624940511,"95%","9",TRUE,9,0.186527621340047
"1411",",
 ","ProxyRecord",5497.475,-4.811821559,0.343865587281485,239.525,0.171932793640742,119.7625,-3547.475,9,"test_set",0.000831962815972531,-4.44094379940875,-4.49568846010151,-4.3851763006976,-4.4412795904983,-4.77796589234359,-4.09568678933584,"95%","9",FALSE,9,0.186527621340047
"1412",",
 ","ProxyRecord",6113.525,-5.568045569,0.346123576551459,181.525000000001,0.173061788275729,90.7625000000003,-4163.525,9,"test_set",0.000909831532025507,-5.50735749088061,-5.57669921119901,-5.43551727578439,-5.5090806854199,-5.88332198343524,-5.14476666589899,"95%","9",TRUE,9,0.186527621340047
"1413",",
 ","ProxyRecord",6315.5375,-5.727524105,0.339202350042406,166.5625,0.169601175021203,83.28125,-4365.5375,9,"test_set",0.000944862839391547,-5.88212246928888,-5.95185408602064,-5.81147423574576,-5.88401222254951,-6.23970414389278,-5.53565127546965,"95%","9",TRUE,9,0.186527621340047
"1414",",
 ","ProxyRecord",6492,-6.046279297,0.340284880886553,110.025,0.170142440443276,55.0124999999998,-4542,9,"test_set",0.00101375961361061,-6.22789986064811,-6.2888336082033,-6.16757686754674,-6.22793363263751,-6.58824908933842,-5.87004517981023,"95%","9",TRUE,9,0.186527621340047
"1415",",
 ","ProxyRecord",6534,-6.285451714,0.341130709960747,96,0.170565354980374,48,-4584,9,"test_set",0.00103764943795159,-6.31452238167209,-6.37083117727917,-6.25766007497054,-6.31454839016992,-6.67634063233183,-5.95983649290239,"95%","9",TRUE,9,0.186527621340047
"1416",",
 ","ProxyRecord",6664.4875,-6.444935284,0.341711094596268,70.5124999999998,0.170855547298134,35.2562499999999,-4714.4875,9,"test_set",0.0011302485373399,-6.59833809954568,-6.64997925053056,-6.54932825389728,-6.60315225697296,-6.94993633986233,-6.24156424421838,"95%","9",TRUE,9,0.186527621340047
"1417",",
 ","ProxyRecord",6753.4875,-6.524692068,0.342005575347281,36.5124999999998,0.17100278767364,18.2562499999999,-4803.4875,9,"test_set",0.00120935609035921,-6.80732682099162,-6.85736677557813,-6.75980611981743,-6.81021048810274,-7.16443877329027,-6.4550555621877,"95%","9",TRUE,9,0.186527621340047
"1418",",
 ","ProxyRecord",6766.9875,-6.604468054,0.342303101619817,38.0124999999998,0.171151550809909,19.0062499999999,-4816.9875,9,"test_set",0.00122248536829073,-6.84028670932771,-6.89016861901527,-6.79274552096537,-6.84164832806361,-7.21174793088283,-6.49869756915776,"95%","9",TRUE,9,0.186527621340047
"1419",",
 ","ProxyRecord",6880,-6.72415441,0.342755673935356,41,0.171377836967678,20.5,-4930,9,"test_set",0.00134406820162525,-7.1308191916264,-7.18052401666589,-7.08128446956383,-7.13940412871474,-7.50530668787485,-6.78686803413553,"95%","9",FALSE,9,0.186527621340047
"1420",",
 ","ProxyRecord",6902.5,-7.243088214,0.344793575364147,36.5,0.172396787682073,18.25,-4952.5,9,"test_set",0.00137076399797653,-7.19201544249911,-7.24170997650235,-7.14243602663379,-7.19009795896722,-7.55425245779378,-6.82994951592037,"95%","9",TRUE,9,0.186527621340047
"1421",",
 ","ProxyRecord",7077.5125,-7.962482349,0.3478192753668,49.5124999999998,0.1739096376834,24.7562499999999,-5127.5125,9,"test_set",0.00160663652906123,-7.7116218806854,-7.76455793202158,-7.65876628386552,-7.70846913286124,-8.0609741442431,-7.32940199086333,"95%","9",TRUE,9,0.186527621340047
"1422",",
 ","ProxyRecord",7526.9875,-9.243994205,0.344758772676624,97.0124999999998,0.172379386338312,48.5062499999999,-5576.9875,9,"test_set",0.00214292661646631,-9.42925325811138,-9.47896934409931,-9.37976194030145,-9.43456549774542,-9.79597839921803,-9.07034509892626,"95%","9",TRUE,9,0.186527621340047
"1423",",
 ","ProxyRecord",7535.5,-9.284107444,0.344958883798887,94.5,0.172479441899443,47.25,-5585.5,9,"test_set",0.0021473333179145,-9.46568603619126,-9.51540512468682,-9.4152787965225,-9.4667430327575,-9.83695813059927,-9.1077384061896,"95%","9",TRUE,9,0.186527621340047
"1424",",
 ","ProxyRecord",7651.9875,-10.04729486,0.348870386384677,46.0124999999998,0.174435193192338,23.0062499999999,-5701.9875,9,"test_set",0.00218457117378001,-9.9708035688451,-10.0247384163716,-9.91834618713222,-9.97695705007383,-10.3417929247695,-9.60305950901767,"95%","9",TRUE,9,0.186527621340047
"1425",",
 ","ProxyRecord",7882.475,-10.96649002,0.317905458091809,75.5249999999996,0.158952729045904,37.7624999999998,-5932.475,9,"test_set",0.00213157278921017,-10.9787178909927,-11.035994419293,-10.9221712818704,-10.9821360409787,-11.3121848925177,-10.6354794720526,"95%","9",TRUE,9,0.186527621340047
"1426",",
 ","ProxyRecord",8096.0125,-11.61562273,0.321847961468769,116.037499999999,0.160923980734384,58.0187499999997,-6146.0125,9,"test_set",0.00193266401944392,-11.8709986043173,-12.0260309153942,-11.7172147984552,-11.8712978399422,-12.244343323328,-11.4999202523069,"95%","9",TRUE,9,0.186527621340047
"1427",",
 ","ProxyRecord",314.525,-0.342078769,0.319761861512691,215.55,0.159880930756345,107.775,1635.475,10,"test_set",0.0003572580594427,-0.401523074316315,-0.522044913327661,-0.280710032939247,-0.404382288187546,-0.753484421811545,-0.0496050310927293,"95%","10",TRUE,9,0.186527621340047
"1428",",
 ","ProxyRecord",424.5125,-0.459588663,0.319793408523136,253.6125,0.159896704261568,126.80625,1525.4875,10,"test_set",0.0003283912994409,-0.470244942691592,-0.588114444751524,-0.350800978064123,-0.468898803965446,-0.824251898200227,-0.0998176094409621,"95%","10",TRUE,9,0.186527621340047
"1429",",
 ","ProxyRecord",688.9375,-0.655797012,0.319867015494004,243.0875,0.159933507747002,121.54375,1261.0625,10,"test_set",0.000270721113626582,-0.586512909741522,-0.725095447877332,-0.446697578354118,-0.585618638377744,-0.942861696352905,-0.23198428172791,"95%","10",TRUE,9,0.186527621340047
"1430",",
 ","ProxyRecord",3050.05,-1.490715379,0.300794773612641,534.075,0.15039738680632,267.0375,-1100.05,10,"test_set",0.000492058147655294,-1.53134551226861,-1.61392843491705,-1.45430749984693,-1.53389687944999,-1.85387827807629,-1.21643621350061,"95%","10",TRUE,9,0.186527621340047
"1431",",
 ","ProxyRecord",3176.9625,-1.569650617,0.300879806101973,536.0875,0.150439903050987,268.04375,-1226.9625,10,"test_set",0.000516343311857126,-1.66236692504493,-1.73453401739461,-1.59278954663519,-1.66659238957053,-1.99507509905887,-1.3446035598852,"95%","10",TRUE,9,0.186527621340047
"1432",",
 ","ProxyRecord",3241.4625,-1.609122975,0.300923926058793,549.5375,0.150461963029397,274.76875,-1291.4625,10,"test_set",0.000522032952876561,-1.73094572099203,-1.80098031676697,-1.66426962196117,-1.72941742474916,-2.03881617382325,-1.41009951248224,"95%","10",TRUE,9,0.186527621340047
"1433",",
 ","ProxyRecord",3652.4375,-2.100903267,0.288863245235775,474.5875,0.144431622617888,237.29375,-1702.4375,10,"test_set",0.000461369325588379,-2.15231144150852,-2.21863507436867,-2.08385106440048,-2.15219013450445,-2.45828291100324,-1.82747679788129,"95%","10",TRUE,9,0.186527621340047
"1434",",
 ","ProxyRecord",3774.9125,-2.338190529,0.289240700413988,423.0875,0.144620350206994,211.54375,-1824.9125,10,"test_set",0.000442753969065457,-2.26310074571798,-2.32767409743274,-2.19744265973669,-2.26693921920528,-2.56352253727085,-1.9509457987799,"95%","10",TRUE,9,0.186527621340047
"1435",",
 ","ProxyRecord",4062.9625,-2.615220506,0.289729574654109,362.0625,0.144864787327055,181.03125,-2112.9625,10,"test_set",0.000452347573443035,-2.51552713991423,-2.57911100490343,-2.44901875138956,-2.51111734440834,-2.80763683921396,-2.19924872220374,"95%","10",TRUE,9,0.186527621340047
"1436",",
 ","ProxyRecord",5139.95,-3.540440188,0.339766772285827,226.075,0.169883386142914,113.0375,-3189.95,10,"test_set",0.0007980570424726,-3.89470694104518,-3.95227253632693,-3.83549248628933,-3.89620223595548,-4.23926469051462,-3.53692734366791,"95%","10",TRUE,9,0.186527621340047
"1437",",
 ","ProxyRecord",5240.525,-3.699188863,0.340110731013885,284.525000000001,0.170055365506943,142.2625,-3290.525,10,"test_set",0.000803096089674326,-4.05615629498634,-4.11404647263182,-3.99811141316384,-4.05197194498878,-4.40925673589456,-3.6801460276862,"95%","10",TRUE,9,0.186527621340047
"1438",",
 ","ProxyRecord",5263.0125,-3.778548902,0.341256009309266,290.0125,0.170628004654633,145.00625,-3313.0125,10,"test_set",0.00080330665856998,-4.09232069037022,-4.15045772405268,-4.03394235412844,-4.08843408137182,-4.45324054335853,-3.73545564241323,"95%","10",TRUE,9,0.186527621340047
"1439",",
 ","ProxyRecord",5305.5125,-3.977108146,0.341713889121346,297.5125,0.170856944560673,148.75625,-3355.5125,10,"test_set",0.000802790299792022,-4.16062804416434,-4.21864527038163,-4.10097302957983,-4.16238062623545,-4.56057793005437,-3.78760123288092,"95%","10",TRUE,9,0.186527621340047
"1440",",
 ","ProxyRecord",5325.9875,-4.016826921,0.341808042,301.0375,0.17090402117789,150.51875,-3375.9875,10,"test_set",0.000802114689513189,-4.1934911118496,-4.2519638226286,-4.13339273464205,-4.19936464970084,-4.55592969289123,-3.82536915801023,"95%","10",TRUE,9,0.186527621340047
"1441",",
 ","ProxyRecord",5403.975,-4.294945935,0.342490488566976,279.025,0.171245244283488,139.5125,-3453.975,10,"test_set",0.000797489348314251,-4.31815252578062,-4.37666891349961,-4.25824797944452,-4.31656173798514,-4.67688966706243,-3.96766449067343,"95%","10",TRUE,9,0.186527621340047
"1442",",
 ","ProxyRecord",5458.0125,-4.652727697,0.343427072137768,257.0125,0.171713536068884,128.50625,-3508.0125,10,"test_set",0.000795057278279998,-4.40400982067,-4.46120594455097,-4.34566411020873,-4.40342392657535,-4.77513557374182,-4.05151378648124,"95%","10",TRUE,9,0.186527621340047
"1443",",
 ","ProxyRecord",5876.425,-5.20971416,0.345018016928655,233.575,0.172509008464327,116.7875,-3926.425,10,"test_set",0.00082361567377287,-5.07236404313609,-5.13174609414143,-5.01131919485866,-5.06765389278258,-5.44775647859875,-4.70875855933286,"95%","10",TRUE,9,0.186527621340047
"1444",",
 ","ProxyRecord",5959.5125,-5.368946419,0.345500796548822,219.537499999999,0.172750398274411,109.76875,-4009.5125,10,"test_set",0.000839275973651965,-5.2098532163818,-5.27338475189164,-5.14568758076313,-5.21804866372635,-5.59186964027598,-4.86679762081072,"95%","10",TRUE,9,0.186527621340047
"1445",",
 ","ProxyRecord",6007.0125,-5.44857656,0.345747603325205,207.0625,0.172873801662603,103.53125,-4057.0125,10,"test_set",0.000849715788575622,-5.28975492832245,-5.3567437980566,-5.22359632072568,-5.28823778213738,-5.64493627101364,-4.92615187794014,"95%","10",TRUE,9,0.186527621340047
"1446",",
 ","ProxyRecord",6173.5,-5.647710547,0.346378582693799,166.5,0.1731892913469,83.25,-4223.5,10,"test_set",0.000894848080079669,-5.57911989335832,-5.65265366602389,-5.50861844300704,-5.58035941040544,-5.93665490809672,-5.22719088785566,"95%","10",TRUE,9,0.186527621340047
"1447",",
 ","ProxyRecord",6376,-5.767361799,0.339334572475942,137.05,0.169667286237971,68.5250000000001,-4426,10,"test_set",0.000971197324783901,-5.95619828831767,-6.0255609164355,-5.88855984156128,-5.9490686777321,-6.29961740925281,-5.57925665054687,"95%","10",TRUE,9,0.186527621340047
"1448",",
 ","ProxyRecord",7509.5125,-9.123676882,0.344163563135009,97.5124999999998,0.172081781567504,48.7562499999999,-5559.5125,10,"test_set",0.00211848531210812,-9.35243445148515,-9.39932115371591,-9.30288678757016,-9.34643318712755,-9.70050758912193,-8.97401159069398,"95%","10",TRUE,9,0.186527621340047
"1449",",
 ","ProxyRecord",7626.475,-9.966857902,0.348448225001148,45.5249999999996,0.174224112500574,22.7624999999998,-5676.475,10,"test_set",0.00216227310447792,-9.85377893912899,-9.90344616525812,-9.80139882410216,-9.85518987599201,-10.2179001406503,-9.49194977740783,"95%","10",TRUE,9,0.186527621340047
"1450",",
 ","ProxyRecord",7638.9875,-10.00707729,0.348658753653181,45.0124999999998,0.174329376826591,22.5062499999999,-5688.9875,10,"test_set",0.00216450577674721,-9.90799034654688,-9.95784785937765,-9.85557820821857,-9.90468671940411,-10.2682876718878,-9.53635581384793,"95%","10",TRUE,9,0.186527621340047
"1451",",
 ","ProxyRecord",7668.0125,-10.12775327,0.349294603306728,51.0124999999998,0.174647301653364,25.5062499999999,-5718.0125,10,"test_set",0.0021678603444375,-10.0339946078672,-10.084136558888,-9.98009354373024,-10.0371305706121,-10.3911923394211,-9.67021550989277,"95%","10",TRUE,9,0.186527621340047
"1452",",
 ","ProxyRecord",7673.5125,-10.16799711,0.34950763406825,51.5124999999998,0.174753817034125,25.7562499999999,-5723.5125,10,"test_set",0.00216820864382683,-10.0579025624474,-10.108033492861,-10.0040720198676,-10.0535220592416,-10.4475763619932,-9.69925622248895,"95%","10",TRUE,9,0.186527621340047
"1453",",
 ","ProxyRecord",7785.5125,-10.64362138,0.315978194872758,70.5374999999995,0.157989097436379,35.2687499999997,-5835.5125,10,"test_set",0.00215538577315044,-10.5451082584717,-10.5943667274046,-10.4936863845572,-10.5423337636791,-10.883952936025,-10.2067280421008,"95%","10",TRUE,9,0.186527621340047
"1454",",
 ","ProxyRecord",7901.9875,-11.08776593,0.318636706627967,76.0124999999998,0.159318353313984,38.0062499999999,-5951.9875,10,"test_set",0.00210177820743063,-11.04665584911,-11.103931236526,-10.986325902476,-11.0418799137996,-11.399876879545,-10.6982610548947,"95%","10",TRUE,9,0.186527621340047
"1455",",
 ","ProxyRecord",8033.5,-11.49327452,0.321101327885253,79.5249999999996,0.160550663942626,39.7624999999998,-6083.5,10,"test_set",0.00199189449521242,-11.5956673805489,-11.7030008885913,-11.4848111738931,-11.5964937624511,-11.9409920185725,-11.2451078271845,"95%","10",TRUE,9,0.186527621340047
"1456",",
 ","ProxyRecord",1641.5375,-0.957970181,0.286726175796548,296.5375,0.143363087898274,148.26875,308.4625,1,"test_set",0.000179905873171071,-0.919359709571965,-1.04799662250235,-0.793080889988047,-0.920362118494507,-1.23644042791141,-0.605378627961617,"95%","1",TRUE,10,0.164232816529954
"1457",",
 ","ProxyRecord",2665.525,-1.254088565,0.300565543276673,450.55,0.150282771638337,225.275,-715.525,1,"test_set",8.47759089817046e-05,-1.26593747552288,-1.36514918927226,-1.16808023347379,-1.27069816606968,-1.58722964570313,-0.973141718067383,"95%","1",TRUE,10,0.164232816529954
"1458",",
 ","ProxyRecord",2895,-1.451256277,0.300753825014529,485.025,0.150376912507265,242.5125,-945,1,"test_set",0.00019046840467607,-1.31945868314256,-1.40360333749845,-1.24133048787592,-1.32431880879796,-1.64563893422138,-1.01029837123284,"95%","1",TRUE,10,0.164232816529954
"1459",",
 ","ProxyRecord",3340.9625,-1.705778615,0.288320523167636,558.0875,0.144160261583818,279.04375,-1390.9625,1,"test_set",0.000682107898913875,-1.69461287474131,-1.77610554853885,-1.61541351676085,-1.69356363400085,-2.00622757229236,-1.39485430483621,"95%","1",TRUE,10,0.164232816529954
"1460",",
 ","ProxyRecord",4515.375,-3.064499745,0.338816014431289,249.625,0.169408007215644,124.8125,-2565.375,1,"test_set",0.000213398661375042,-2.86308519104913,-2.93687403511921,-2.78850721853131,-2.86805823080642,-3.19534392215173,-2.53216292904429,"95%","1",TRUE,10,0.164232816529954
"1461",",
 ","ProxyRecord",4791.55,-3.302407786,0.339275250705151,158.55,0.169637625352575,79.2750000000001,-2841.55,1,"test_set",0.0005903118147077,-3.06330173479182,-3.15259250268486,-2.97438431727939,-3.0622676597118,-3.4123729976145,-2.71453076735029,"95%","1",TRUE,10,0.164232816529954
"1462",",
 ","ProxyRecord",5436.4875,-4.493687003,0.343001634708074,263.5375,0.171500817354037,131.76875,-3486.4875,1,"test_set",0.00116448309510631,-4.40943788227967,-4.46463083958396,-4.35686204528228,-4.40933157145907,-4.76474155937869,-4.05818775777647,"95%","1",TRUE,10,0.164232816529954
"1463",",
 ","ProxyRecord",5769.0125,-5.050516198,0.344546861642985,237.0125,0.172273430821493,118.50625,-3819.0125,1,"test_set",0.000787238731891904,-5.07273517098294,-5.14085719897349,-5.00684411614406,-5.06925619972422,-5.41358239760096,-4.72824634443056,"95%","1",TRUE,10,0.164232816529954
"1464",",
 ","ProxyRecord",5894.5625,-5.249518632,0.345137240098874,229.6875,0.172568620049437,114.84375,-3944.5625,1,"test_set",0.000682520156902733,-5.25320861256442,-5.31804975471212,-5.19023194945808,-5.25924525160942,-5.60359378354265,-4.91648305086557,"95%","1",TRUE,10,0.164232816529954
"1465",",
 ","ProxyRecord",5915.5375,-5.289326617,0.345257715571853,227.537499999999,0.172628857785926,113.76875,-3965.5375,1,"test_set",0.000670723490392433,-5.28100139361672,-5.344820553555,-5.21763081176992,-5.28381176668617,-5.61992804328581,-4.94712435360424,"95%","1",TRUE,10,0.164232816529954
"1466",",
 ","ProxyRecord",5982.9625,-5.408760694,0.345623638613531,213.0375,0.172811819306765,106.51875,-4032.9625,1,"test_set",0.000643853380011272,-5.36743469211065,-5.43037048939643,-5.30530944544559,-5.37353401002034,-5.72732449392555,-5.01844086386692,"95%","1",TRUE,10,0.164232816529954
"1467",",
 ","ProxyRecord",6401.5125,-5.807199824,0.339467945253441,126.5125,0.169733972626721,63.2562499999999,-4451.5125,1,"test_set",0.000854173986808426,-5.93940808690093,-6.00512643574676,-5.87165186370057,-5.94005160115141,-6.26604968481874,-5.60597336663594,"95%","1",TRUE,10,0.164232816529954
"1468",",
 ","ProxyRecord",6483.5,-6.006430847,0.340146513072739,115.525,0.17007325653637,57.7624999999998,-4533.5,1,"test_set",0.000970526368893054,-6.08901969824936,-6.15289102477712,-6.02360880569869,-6.08743984950358,-6.42520875402657,-5.73987333583149,"95%","1",TRUE,10,0.164232816529954
"1469",",
 ","ProxyRecord",6757.9875,-6.564574788,0.342153890162499,35.0124999999998,0.171076945081249,17.5062499999999,-4807.9875,1,"test_set",0.00134883361644356,-6.73578543900253,-6.78301318983596,-6.68918103925158,-6.74018303431248,-7.08224036073749,-6.4167916481422,"95%","1",TRUE,10,0.164232816529954
"1470",",
 ","ProxyRecord",7009,-7.482762399,0.34577545544023,63.0249999999996,0.172887727720115,31.5124999999998,-5059,1,"test_set",0.00164075669535357,-7.49632543389117,-7.54477280646235,-7.44765518009172,-7.49848800558691,-7.83501525406356,-7.15052721167233,"95%","1",TRUE,10,0.164232816529954
"1471",",
 ","ProxyRecord",7056.5,-7.602653996,0.346276162220291,50.5,0.173138081110145,25.25,-5106.5,1,"test_set",0.0016901903790778,-7.65544631771353,-7.70617537754373,-7.60618255343213,-7.66074459138088,-7.99346828784515,-7.3374859740714,"95%","1",TRUE,10,0.164232816529954
"1472",",
 ","ProxyRecord",7077,-7.922489889,0.34764481511105,49,0.173822407555525,24.5,-5127,1,"test_set",0.0017109539226734,-7.72545116865734,-7.77709296213656,-7.67525335790103,-7.71846441709178,-8.07308848802496,-7.35929141173493,"95%","1",TRUE,10,0.164232816529954
"1473",",
 ","ProxyRecord",7079,-8.002475328,0.347993704941651,50,0.173996852470826,25,-5129,1,"test_set",0.0017129612018385,-7.73232274336887,-7.78370480275544,-7.6819749187705,-7.72913450102416,-8.08082691878762,-7.38106021597599,"95%","1",TRUE,10,0.164232816529954
"1474",",
 ","ProxyRecord",7126.5125,-8.402640694,0.349777152545626,66.5374999999995,0.174888576272813,33.2687499999997,-5176.5125,1,"test_set",0.00175968304116925,-7.8976921938108,-7.95079806550327,-7.84558584076963,-7.89362360704053,-8.24568998201853,-7.53520010507018,"95%","1",FALSE,10,0.164232816529954
"1475",",
 ","ProxyRecord",7586.9875,-9.605206156,0.34658136976361,69.0375000000004,0.173290684881805,34.5187500000002,-5636.9875,1,"test_set",0.00209455632460553,-9.67475893876902,-9.72457123019138,-9.62358655326568,-9.6787586131465,-10.0423349130902,-9.32420033195733,"95%","1",TRUE,10,0.164232816529954
"1476",",
 ","ProxyRecord",7704.9875,-10.32901506,0.350365765765407,55.0375000000004,0.175182882882703,27.5187500000002,-5754.9875,1,"test_set",0.00213783167564152,-10.1726391278502,-10.2263827401959,-10.1186074216559,-10.1784189597609,-10.5399866098141,-9.83247210141426,"95%","1",TRUE,10,0.164232816529954
"1477",",
 ","ProxyRecord",7710.9875,-10.36928899,0.350581118951387,56.0124999999998,0.175290559475694,28.0062499999999,-5760.9875,1,"test_set",0.00213955314007919,-10.1983553372344,-10.2518865290884,-10.1440397069743,-10.2024585384446,-10.565484597907,-9.86089220829057,"95%","1",TRUE,10,0.164232816529954
"1478",",
 ","ProxyRecord",7737.4875,-10.44985038,0.351013938377691,56.5124999999998,0.175506969188846,28.2562499999999,-5787.4875,1,"test_set",0.00214660181341308,-10.3123805385825,-10.3659621495971,-10.2571956348197,-10.3119849979012,-10.6423118193519,-9.96391908577017,"95%","1",TRUE,10,0.164232816529954
"1479",",
 ","ProxyRecord",7822.5,-10.76462635,0.31669658463322,75.5249999999996,0.15834829231661,37.7624999999998,-5872.5,1,"test_set",0.00216311102225752,-10.682921476023,-10.7367195800841,-10.6273345178065,-10.6870432002318,-11.0191165126203,-10.3545455462411,"95%","1",TRUE,10,0.164232816529954
"1480",",
 ","ProxyRecord",7855.9875,-10.84533785,0.317178678190513,72.0124999999998,0.158589339095256,36.0062499999999,-5905.9875,1,"test_set",0.00216705949069862,-10.8307886526496,-10.8854526350413,-10.7736095124479,-10.8321573870252,-11.1592954812641,-10.5084291376254,"95%","1",TRUE,10,0.164232816529954
"1481",",
 ","ProxyRecord",7874.5,-10.92610014,0.317662308928226,77.5,0.158831154464113,38.75,-5924.5,1,"test_set",0.00216862253497041,-10.9129764033288,-10.9683408238463,-10.8530186722852,-10.9077839482954,-11.2208265863991,-10.5857868918744,"95%","1",TRUE,10,0.164232816529954
"1482",",
 ","ProxyRecord",7909.475,-11.12823582,0.318881930258435,73.5499999999993,0.159440965129217,36.7749999999996,-5959.475,1,"test_set",0.00217037119032426,-11.0690910669028,-11.1311680536165,-11.0030756820028,-11.0677580557506,-11.3687247341655,-10.7494529316998,"95%","1",TRUE,10,0.164232816529954
"1483",",
 ","ProxyRecord",7985.025,-11.45261046,0.320852569852097,48.0250000000006,0.160426284926048,24.0125000000003,-6035.025,1,"test_set",0.00216877276320027,-11.4099171551835,-11.4996680972941,-11.3208054180509,-11.4069206605284,-11.7373850060032,-11.0939923818826,"95%","1",TRUE,10,0.164232816529954
"1484",",
 ","ProxyRecord",8079.5375,-11.57477541,0.32159807563747,108.537499999999,0.160799037818735,54.2687499999997,-6129.5375,1,"test_set",0.00215642554106665,-11.8427592891939,-12.0004996821176,-11.6974140313476,-11.8422527151303,-12.1924596796045,-11.4996855733756,"95%","1",TRUE,10,0.164232816529954
"1485",",
 ","ProxyRecord",86.5125,-0.185732135,0.320420612992673,115.5125,0.160210306496337,57.75625,1863.4875,2,"test_set",0.000424976920004177,-0.163659096199458,-0.279026664877931,-0.0382967792244282,-0.164684394646245,-0.509841242973787,0.178921126954466,"95%","2",TRUE,10,0.164232816529954
"1486",",
 ","ProxyRecord",106.975,-0.224759024,0.320425871285962,117.05,0.160212935642981,58.525,1843.025,2,"test_set",0.000427160776778068,-0.182951081416005,-0.297671877206493,-0.0590471038965168,-0.186187326125055,-0.540351036691692,0.137394875250179,"95%","2",TRUE,10,0.164232816529954
"1487",",
 ","ProxyRecord",455.475,-0.498793716,0.319806047515963,262.525,0.159903023757982,131.2625,1494.525,2,"test_set",0.000392578485904071,-0.481323264894375,-0.592013363993962,-0.370412181783753,-0.483787267016719,-0.835857718019594,-0.167009278624955,"95%","2",TRUE,10,0.164232816529954
"1488",",
 ","ProxyRecord",489.9125,-0.538023586,0.319819761943323,257.1375,0.159909880971662,128.56875,1460.0875,2,"test_set",0.000381799913828917,-0.506687853783962,-0.612004466584581,-0.396539952302928,-0.503751336185787,-0.834307240281727,-0.177531724311234,"95%","2",TRUE,10,0.164232816529954
"1489",",
 ","ProxyRecord",3669.4875,-2.14043883,0.28892352842253,466.6125,0.144461764211265,233.30625,-1719.4875,2,"test_set",0.000768589364563699,-2.20440958103321,-2.25865217833403,-2.1476820551416,-2.20586056059032,-2.49549161074301,-1.90637537769072,"95%","2",TRUE,10,0.164232816529954
"1490",",
 ","ProxyRecord",4137.85,-2.654812297,0.289803103947138,343.15,0.144901551973569,171.575,-2187.85,2,"test_set",0.000294295430325331,-2.74129673495472,-2.8150788194511,-2.66901321784699,-2.73999360840443,-3.04200638660619,-2.46362247015404,"95%","2",TRUE,10,0.164232816529954
"1491",",
 ","ProxyRecord",5282.9875,-3.857965428,0.341436546111018,293.0125,0.170718273055509,146.50625,-3332.9875,2,"test_set",0.00115736737991146,-4.04340345011102,-4.09529706040027,-3.9907737926921,-4.0447673192965,-4.40126432864324,-3.7099400698567,"95%","2",TRUE,10,0.164232816529954
"1492",",
 ","ProxyRecord",5357.5,-4.056556677,0.341902928643201,296.525,0.1709514643216,148.2625,-3407.5,2,"test_set",0.00115528684598853,-4.21805750234789,-4.27179845359696,-4.1658846084492,-4.21637249211517,-4.58145195283418,-3.8712318304041,"95%","2",TRUE,10,0.164232816529954
"1493",",
 ","ProxyRecord",5419.475,-4.374432822,0.342692479157206,270.525,0.171346239578603,135.2625,-3469.475,2,"test_set",0.00113555534737575,-4.36176444293893,-4.41796230753868,-4.30660505094406,-4.36432930987376,-4.7169366358784,-4.01806321634434,"95%","2",TRUE,10,0.164232816529954
"1494",",
 ","ProxyRecord",5425.5,-4.414179642,0.342794652632266,267.5,0.171397326316133,133.75,-3475.5,2,"test_set",0.00113276524316142,-4.37557372538869,-4.43180930879508,-4.32035736545644,-4.37882686857603,-4.70185810104588,-4.04387697687701,"95%","2",TRUE,10,0.164232816529954
"1495",",
 ","ProxyRecord",5450.5125,-4.612960677,0.343319504023197,259.5125,0.171659752011599,129.75625,-3500.5125,2,"test_set",0.00111953017529753,-4.43249023171996,-4.49030809613258,-4.3750714270774,-4.43065228626328,-4.78210451714413,-4.1013106296132,"95%","2",TRUE,10,0.164232816529954
"1496",",
 ","ProxyRecord",5521,-4.89137323,0.344089636619946,235,0.172044818309973,117.5,-3571,2,"test_set",0.00106790725564743,-4.58830788485717,-4.65156339812027,-4.52735151685567,-4.58391213155958,-4.93190203410683,-4.23783150883479,"95%","2",TRUE,10,0.164232816529954
"1497",",
 ","ProxyRecord",5540.55,-4.931154704,0.344202398,232.6,0.172101199126866,116.3,-3590.55,2,"test_set",0.0010498435070394,-4.63002954182465,-4.69391706070283,-4.56745518088149,-4.63050221497963,-4.98252274450573,-4.27795714929299,"95%","2",TRUE,10,0.164232816529954
"1498",",
 ","ProxyRecord",6898.4875,-7.123284212,0.344312050323254,37.5124999999998,0.172156025161627,18.7562499999999,-4948.4875,2,"test_set",0.00153536729823323,-7.14679736479576,-7.19207728956216,-7.10163706517462,-7.14765424257291,-7.48621007968437,-6.81098038442915,"95%","2",TRUE,10,0.164232816529954
"1499",",
 ","ProxyRecord",6901,-7.203151788,0.344632076022813,37,0.172316038011406,18.5,-4951,2,"test_set",0.00153824441153638,-7.15456976522457,-7.20006774154544,-7.10929307590147,-7.15785217248503,-7.49311153280467,-6.81200984569136,"95%","2",TRUE,10,0.164232816529954
"1500",",
 ","ProxyRecord",6955.4875,-7.442811919,0.345609326054903,54.5124999999998,0.172804663027451,27.2562499999999,-5005.4875,2,"test_set",0.00159936130552651,-7.32655936417692,-7.37201697205802,-7.27964453253787,-7.32677458646667,-7.68470575886225,-6.97610613913326,"95%","2",TRUE,10,0.164232816529954
"1501",",
 ","ProxyRecord",7069.4875,-7.722565125,0.346784271994654,50.5124999999998,0.173392135997327,25.2562499999999,-5119.4875,2,"test_set",0.00171932888006765,-7.70652607226333,-7.75869676167378,-7.65590086938551,-7.71050169364872,-8.0568702532608,-7.36789095574845,"95%","2",TRUE,10,0.164232816529954
"1502",",
 ","ProxyRecord",7073,-7.842510552,0.347298114098866,50,0.173649057049433,25,-5123,2,"test_set",0.0017228554259896,-7.71864200615476,-7.77094465774369,-7.66754925860725,-7.72095179274347,-8.05591563913542,-7.38020525863046,"95%","2",TRUE,10,0.164232816529954
"1503",",
 ","ProxyRecord",7199.5,-8.442668627,0.34995908964487,94.5,0.174979544822435,47.25,-5249.5,2,"test_set",0.00184309464206223,-8.16992025125514,-8.22532778178531,-8.11416949990052,-8.16841990634074,-8.53344124501689,-7.81709890313352,"95%","2",TRUE,10,0.164232816529954
"1504",",
 ","ProxyRecord",7393,-8.682831134,0.342027151171328,58.0249999999996,0.171013575585664,29.0124999999998,-5443,2,"test_set",0.00199506818652217,-8.90958416345386,-8.95837099806121,-8.86097890137908,-8.91840240187779,-9.26336361958207,-8.58760179001279,"95%","2",TRUE,10,0.164232816529954
"1505",",
 ","ProxyRecord",7501.9875,-9.083584591,0.343965959128801,99.0124999999998,0.171982979564401,49.5062499999999,-5551.9875,2,"test_set",0.00205232256744736,-9.34710807377115,-9.39254993925691,-9.30016734979819,-9.34324043486541,-9.67100877482559,-9.01349549055708,"95%","2",TRUE,10,0.164232816529954
"1506",",
 ","ProxyRecord",7542.9875,-9.324212167,0.345159996659364,93.0124999999998,0.172579998329682,46.5062499999999,-5592.9875,2,"test_set",0.0020682345591716,-9.51473139782144,-9.56118875322984,-9.46719861514431,-9.50798066959341,-9.84631085474161,-9.16490390906579,"95%","2",TRUE,10,0.164232816529954
"1507",",
 ","ProxyRecord",7590.4875,-9.645368042,0.346786157617497,67.5124999999998,0.173393078808748,33.7562499999999,-5640.4875,2,"test_set",0.00208282292413209,-9.71065777724573,-9.76001033788731,-9.66114536438283,-9.70918587742613,-10.0443670043701,-9.35833641469004,"95%","2",TRUE,10,0.164232816529954
"1508",",
 ","ProxyRecord",7593,-9.685537385,0.346991817174247,66,0.173495908587123,33,-5643,2,"test_set",0.002083479601378,-9.72106819075837,-9.77048734347859,-9.67133106200509,-9.72372285766864,-10.0693460944234,-9.36618228427744,"95%","2",TRUE,10,0.164232816529954
"1509",",
 ","ProxyRecord",7680.5,-10.20824852,0.349720836991891,52.5249999999996,0.174860418495946,26.2624999999998,-5730.5,2,"test_set",0.00209914265432154,-10.0861138997047,-10.1381862748251,-10.0339877919178,-10.0829083402353,-10.4203629514497,-9.73515490956598,"95%","2",TRUE,10,0.164232816529954
"1510",",
 ","ProxyRecord",7719.5,-10.40956333,0.350797820037471,54.5,0.175398910018735,27.25,-5769.5,2,"test_set",0.00210160994975617,-10.250118840945,-10.3030716780377,-10.1968240299569,-10.2506314995265,-10.5929573515034,-9.89644329739698,"95%","2",TRUE,10,0.164232816529954
"1511",",
 ","ProxyRecord",7916,-11.16869893,0.319127252382136,72.0249999999996,0.159563626191068,36.0124999999998,-5966,2,"test_set",0.00207170090193998,-11.0824499090999,-11.1424135866993,-11.0226197552891,-11.0809505472017,-11.4158893255684,-10.752710140918,"95%","2",TRUE,10,0.164232816529954
"1512",",
 ","ProxyRecord",7950.525,-11.37136039,0.320357822,56.5250000000006,0.160178911062888,28.2625000000003,-6000.525,2,"test_set",0.00205914804922713,-11.2288330112199,-11.2989863270654,-11.1604337323685,-11.2336199579412,-11.5644074051289,-10.9097239747195,"95%","2",TRUE,10,0.164232816529954
"1513",",
 ","ProxyRecord",7962.5125,-11.41196737,0.320605004,50.5124999999998,0.160302502121402,25.2562499999999,-6012.5125,2,"test_set",0.00205427939357072,-11.2796129193959,-11.3538447599312,-11.2072153443304,-11.2829311013565,-11.611831377485,-10.9532553763743,"95%","2",TRUE,10,0.164232816529954
"1514",",
 ","ProxyRecord",43,-0.107832927,0.320413083395057,95,0.160206541697529,47.5,1907,3,"test_set",0.000426761009626048,-0.129612464069659,-0.256842714581112,-0.00475948267810802,-0.124620665557154,-0.501346780843387,0.223874597861047,"95%","3",TRUE,10,0.164232816529954
"1515",",
 ","ProxyRecord",143.5,-0.26382257,0.320432262211112,116.5,0.160216131105556,58.25,1806.5,3,"test_set",0.000429565831625706,-0.221678722308199,-0.338977131329315,-0.111606082002184,-0.220077544384035,-0.554219403536631,0.113225734464185,"95%","3",TRUE,10,0.164232816529954
"1516",",
 ","ProxyRecord",540.0125,-0.577269311,0.319834502900122,240.0375,0.159917251450061,120.01875,1409.9875,3,"test_set",0.000350670984092249,-0.542577943840324,-0.644921487256857,-0.433931340906657,-0.547695155465961,-0.893008651749546,-0.22011789295953,"95%","3",TRUE,10,0.164232816529954
"1517",",
 ","ProxyRecord",3370.9375,-1.745264165,0.288369911951494,556.1375,0.144184955975747,278.06875,-1420.9375,3,"test_set",0.000701633973476667,-1.74432180398398,-1.8216810743393,-1.66822357838296,-1.7402052725355,-2.0387059369505,-1.44984987363252,"95%","3",TRUE,10,0.164232816529954
"1518",",
 ","ProxyRecord",3507.4875,-1.942789411,0.288632722,522.5125,0.144316361053702,261.25625,-1557.4875,3,"test_set",0.000770550662343439,-1.94975526217272,-2.01393942601179,-1.88287423133475,-1.9468051301794,-2.25295895908898,-1.64386694773757,"95%","3",TRUE,10,0.164232816529954
"1519",",
 ","ProxyRecord",3856.425,-2.456892552,0.289443890618171,374.575,0.144721945309086,187.2875,-1906.425,3,"test_set",0.000632861638671933,-2.47279942442633,-2.54696122954883,-2.39967562262414,-2.47187116964067,-2.77585403031512,-2.17499048917942,"95%","3",TRUE,10,0.164232816529954
"1520",",
 ","ProxyRecord",3964.9625,-2.575635346,0.289656809549025,351.0625,0.144828404774512,175.53125,-2014.9625,3,"test_set",0.000498058017484038,-2.5971666869725,-2.67849552675132,-2.51899081477611,-2.60001033645454,-2.92867301647219,-2.29300167117863,"95%","3",TRUE,10,0.164232816529954
"1521",",
 ","ProxyRecord",4280.9125,-2.747481033,0.338253782539985,328.1875,0.169126891269993,164.09375,-2330.9125,3,"test_set",0.000158530402383228,-2.77831852280288,-2.85814703476366,-2.70156248689421,-2.78572929619235,-3.12945555968498,-2.43938204255572,"95%","3",TRUE,10,0.164232816529954
"1522",",
 ","ProxyRecord",4408.3875,-2.905967107,0.338527465937458,283.6375,0.169263732968729,141.81875,-2458.3875,3,"test_set",0.000151814815430029,-2.8129253092338,-2.890359303302,-2.73755159207686,-2.81291454190693,-3.15317568790819,-2.46701417274243,"95%","3",TRUE,10,0.164232816529954
"1523",",
 ","ProxyRecord",4435,-2.945588849,0.33859826394738,280.025,0.16929913197369,140.0125,-2485,3,"test_set",0.000160161202023001,-2.82050192078993,-2.89830113369527,-2.74400938981603,-2.82069059502735,-3.14965359586154,-2.48310937631804,"95%","3",TRUE,10,0.164232816529954
"1524",",
 ","ProxyRecord",4599,-3.183441865,0.339041496327628,211.025,0.169520748163814,105.5125,-2649,3,"test_set",0.000285910599351347,-2.88614449963803,-2.97042446389604,-2.80100502519374,-2.88470819102573,-3.23841325865648,-2.55387878333094,"95%","3",TRUE,10,0.164232816529954
"1525",",
 ","ProxyRecord",4690.4875,-3.262750604,0.339196208492697,164.5375,0.169598104246349,82.2687500000002,-2740.4875,3,"test_set",0.000411626163365764,-2.94772202748371,-3.03892975416768,-2.85631563277942,-2.94595964215539,-3.30077762146623,-2.59824451459927,"95%","3",TRUE,10,0.164232816529954
"1526",",
 ","ProxyRecord",5395.5125,-4.255202499,0.342390587855401,282.5125,0.171195293927701,141.25625,-3445.5125,3,"test_set",0.00120222433686035,-4.31512096053151,-4.3644399897955,-4.26256234575332,-4.31210786432954,-4.6609761770689,-3.97635820008569,"95%","3",TRUE,10,0.164232816529954
"1527",",
 ","ProxyRecord",5410.475,-4.33468808,0.34259086707063,276.525,0.171295433535315,138.2625,-3460.475,3,"test_set",0.00119553559760899,-4.35132460345105,-4.4018508902246,-4.29901332731963,-4.36157485644411,-4.71940065122358,-3.98894109125345,"95%","3",TRUE,10,0.164232816529954
"1528",",
 ","ProxyRecord",6043.025,-5.488399286,0.34587172985261,202.025000000001,0.172935864926305,101.0125,-4093.025,3,"test_set",0.000623381250197674,-5.44600384624505,-5.5069593312197,-5.38567835343768,-5.44075928014556,-5.77852759147117,-5.09918758579443,"95%","3",TRUE,10,0.164232816529954
"1529",",
 ","ProxyRecord",6417.9875,-5.847043877,0.339602210489672,123.0125,0.169801105244836,61.5062499999999,-4467.9875,3,"test_set",0.000880143982806558,-5.96903238771662,-6.03661284162775,-5.90077661564856,-5.9709852176287,-6.31787309054829,-5.63825460546084,"95%","3",TRUE,10,0.164232816529954
"1530",",
 ","ProxyRecord",6439.475,-5.886892288,0.339737279826235,120.549999999999,0.169868639913118,60.2749999999996,-4489.475,3,"test_set",0.000911518670387856,-6.00762155651127,-6.07442720763879,-5.93957732371056,-6.00763564870907,-6.34672676231118,-5.67056473115382,"95%","3",TRUE,10,0.164232816529954
"1531",",
 ","ProxyRecord",6800.0125,-6.644358516,0.342452829835931,51.0124999999998,0.171226414917965,25.5062499999999,-4850.0125,3,"test_set",0.00142540310652528,-6.86778595547743,-6.91679531757008,-6.82076257179745,-6.86809990938382,-7.19196376443394,-6.53821998642286,"95%","3",TRUE,10,0.164232816529954
"1532",",
 ","ProxyRecord",6848.9875,-6.684252516,0.34260380174792,53.0124999999998,0.17130190087396,26.5062499999999,-4898.9875,3,"test_set",0.00148477784807088,-7.01210748613972,-7.05930989510087,-6.96587658036078,-7.01628196551182,-7.36499034888152,-6.67018179393355,"95%","3",TRUE,10,0.164232816529954
"1533",",
 ","ProxyRecord",6890.5,-6.883772216,0.343369408052847,37.5,0.171684704026423,18.75,-4940.5,3,"test_set",0.0015331161990817,-7.13883379882777,-7.18540698201729,-7.0920881855844,-7.13675448686575,-7.45905778679029,-6.80018697573256,"95%","3",TRUE,10,0.164232816529954
"1534",",
 ","ProxyRecord",7044,-7.522722574,0.345941793605715,51,0.172970896802857,25.5,-5094,3,"test_set",0.00169600375445889,-7.63921610137087,-7.69149179840213,-7.58578037443871,-7.64095925025933,-8.00008108761187,-7.30325415016483,"95%","3",TRUE,10,0.164232816529954
"1535",",
 ","ProxyRecord",7066.025,-7.682598569,0.346614444,51.0250000000006,0.173307222,25.5125000000003,-5116.025,3,"test_set",0.00171732845946071,-7.71474687997831,-7.76853882576645,-7.66020151878693,-7.72069863980086,-8.06782040452035,-7.35478395680938,"95%","3",TRUE,10,0.164232816529954
"1536",",
 ","ProxyRecord",7074.0125,-7.882497373,0.34747131068946,49.0124999999998,0.17373565534473,24.5062499999999,-5124.0125,3,"test_set",0.00172493504295712,-7.74235055936461,-7.79637160204084,-7.68713569536249,-7.74506357144805,-8.09330642387138,-7.39906762862374,"95%","3",TRUE,10,0.164232816529954
"1537",",
 ","ProxyRecord",7081,-8.042470852,0.348169049616767,49.0249999999996,0.174084524808384,24.5124999999998,-5131,3,"test_set",0.00173153390290448,-7.76658919087774,-7.82081206895676,-7.71080545242966,-7.76917063145508,-8.11787686971457,-7.42993262812989,"95%","3",TRUE,10,0.164232816529954
"1538",",
 ","ProxyRecord",7430.5,-8.762952764,0.342409824875896,80.5,0.171204912437948,40.25,-5480.5,3,"test_set",0.00199574039143613,-9.06821749952467,-9.11370175525354,-9.02175192133073,-9.0599582510889,-9.41456907892046,-8.72185612124707,"95%","3",TRUE,10,0.164232816529954
"1539",",
 ","ProxyRecord",7459.4875,-8.883161883,0.342987579214241,92.5375000000004,0.17149378960712,46.2687500000002,-5509.4875,3,"test_set",0.00201188597563906,-9.18282629013729,-9.22728128145182,-9.13625188912608,-9.17798951493945,-9.52390926031035,-8.83851282038642,"95%","3",TRUE,10,0.164232816529954
"1540",",
 ","ProxyRecord",7576.0125,-9.524897074,0.34617240093023,76.0124999999998,0.173086200465115,38.0062499999999,-5626.0125,3,"test_set",0.00206790272470059,-9.65283597769765,-9.69774347975341,-9.6073257726411,-9.66576583633791,-10.0080641595134,-9.32058529148048,"95%","3",TRUE,10,0.164232816529954
"1541",",
 ","ProxyRecord",7605,-9.806066862,0.347612659721494,59,0.173806329860747,29.5,-5655,3,"test_set",0.00207962730600642,-9.77201923237979,-9.81823283512765,-9.72601760304854,-9.77721723564242,-10.1123984827354,-9.43894195597218,"95%","3",TRUE,10,0.164232816529954
"1542",",
 ","ProxyRecord",8060.5,-11.53399231,0.321349646637693,98.5,0.160674823318847,49.25,-6110.5,3,"test_set",0.00214821215216432,-11.7535230385194,-11.8807743025525,-11.6279567702617,-11.7546938791194,-12.0984054588029,-11.4115032980745,"95%","3",TRUE,10,0.164232816529954
"1543",",
 ","ProxyRecord",-68,-0.030352389,0.320409272640452,1,0.160204636320226,0.5,2018,4,"test_set",0.0318076424098663,0.00111600026614494,-0.317482691527152,0.32375608615321,0.00204632406699852,-0.43467281693259,0.458242389646205,"95%","4",TRUE,10,0.164232816529954
"1544",",
 ","ProxyRecord",65.5,-0.14675457,0.320416356065089,107.525,0.160208178032545,53.7625,1884.5,4,"test_set",0.0320294566939841,-0.148563048810593,-0.294926864493751,-0.0036907997559172,-0.145537124792581,-0.496522205505445,0.198033401418768,"95%","4",TRUE,10,0.164232816529954
"1545",",
 ","ProxyRecord",1706.475,-0.997324995,0.28675416817989,289.55,0.143377084089945,144.775,243.525,4,"test_set",0.0127650137070501,-0.938458166016798,-1.0652405619127,-0.808114015634131,-0.945075370878883,-1.24727610033904,-0.637049450713128,"95%","4",TRUE,10,0.164232816529954
"1546",",
 ","ProxyRecord",2025.0375,-1.076058933,0.286813488023543,247.0625,0.143406744011772,123.53125,-75.0375,4,"test_set",0.0160452904818698,-1.06709572328076,-1.18963658072008,-0.948748000812032,-1.06247152105744,-1.35883401697968,-0.774884581435541,"95%","4",TRUE,10,0.164232816529954
"1547",",
 ","ProxyRecord",4191.45,-2.694404099,0.289878253,339.575,0.144939126,169.7875,-2241.45,4,"test_set",0.0195457574884594,-2.79120622970659,-2.86934082958091,-2.71044963350852,-2.78891138621555,-3.09561086387827,-2.488384894904,"95%","4",TRUE,10,0.164232816529954
"1548",",
 ","ProxyRecord",4321.525,-2.787094202,0.338320892998089,312.55,0.169160446499044,156.275,-2371.525,4,"test_set",0.0134291162439126,-2.8484885565543,-2.92068444448016,-2.77487325638142,-2.84872616909665,-3.19815302472361,-2.52616462868669,"95%","4",TRUE,10,0.164232816529954
"1549",",
 ","ProxyRecord",4354.4125,-2.826712448,0.338389052265366,300.612499999999,0.169194526132683,150.30625,-2404.4125,4,"test_set",0.0128141447147678,-2.860391038369,-2.9322231089487,-2.78807198308725,-2.86661549171984,-3.20932134989722,-2.51961649494775,"95%","4",TRUE,10,0.164232816529954
"1550",",
 ","ProxyRecord",5100.5125,-3.461085237,0.339599499341038,209.537499999999,0.169799749670519,104.76875,-3150.5125,4,"test_set",0.0801684182775375,-3.63224334209026,-3.70659321536777,-3.55551307227987,-3.63136184674636,-3.99524787983082,-3.25984858513922,"95%","4",TRUE,10,0.164232816529954
"1551",",
 ","ProxyRecord",5272.5,-3.818256486,0.341346113413569,290.525,0.170673056706785,145.2625,-3322.5,4,"test_set",0.0887534928192934,-4.02780599851778,-4.08433304525682,-3.96847503721541,-4.033229889913,-4.40936575698725,-3.63328332543063,"95%","4",TRUE,10,0.164232816529954
"1552",",
 ","ProxyRecord",5429.025,-4.453935584,0.342897641735312,267.025000000001,0.171448820867656,133.5125,-3479.025,4,"test_set",0.0875034136521347,-4.40185175101749,-4.45949765635964,-4.34201181613249,-4.40205152640561,-4.77407031699223,-4.01367844675097,"95%","4",TRUE,10,0.164232816529954
"1553",",
 ","ProxyRecord",5851.575,-5.169910325,0.344899204306193,229.599999999999,0.172449602153096,114.8,-3901.575,4,"test_set",0.051642758753756,-5.20334600262137,-5.26952200431867,-5.1329743322231,-5.20342631805998,-5.56270321268904,-4.84964611878661,"95%","4",TRUE,10,0.164232816529954
"1554",",
 ","ProxyRecord",6463.5,-5.926729401,0.339872549353913,120.525,0.169936274676956,60.2624999999998,-4513.5,4,"test_set",0.0677864538805028,-6.0261358464031,-6.10217252823555,-5.94776856666136,-6.03030338127496,-6.39836610200791,-5.67775112728778,"95%","4",TRUE,10,0.164232816529954
"1555",",
 ","ProxyRecord",6512.95,-6.165855616,0.34070486802075,104.05,0.170352434010375,52.0250000000001,-4562.95,4,"test_set",0.0738343899848281,-6.1217191561554,-6.19503882765004,-6.04453224784958,-6.12200235782394,-6.50787611648237,-5.74621713855763,"95%","4",TRUE,10,0.164232816529954
"1556",",
 ","ProxyRecord",6521.0125,-6.20571608,0.340846172023142,100.0125,0.170423086011571,50.0062499999999,-4571.0125,4,"test_set",0.0748092698890535,-6.13810119588427,-6.21110514822637,-6.06132458801126,-6.13740058064878,-6.51568132521108,-5.76871881043858,"95%","4",TRUE,10,0.164232816529954
"1557",",
 ","ProxyRecord",6526.9875,-6.245590152,0.340988382903296,98.0124999999998,0.170494191451648,49.0062499999999,-4576.9875,4,"test_set",0.0755282334357066,-6.15038379715011,-6.22340817161006,-6.07393417132752,-6.14554052905078,-6.51710036683999,-5.75667121095285,"95%","4",TRUE,10,0.164232816529954
"1558",",
 ","ProxyRecord",6897.4875,-7.08335346,0.344153167249994,37.5124999999998,0.172076583624997,18.7562499999999,-4947.4875,4,"test_set",0.114280134052036,-7.12391667064285,-7.17606590386028,-7.06931456566192,-7.12749041636619,-7.54420127852814,-6.72962812640675,"95%","4",TRUE,10,0.164232816529954
"1559",",
 ","ProxyRecord",6903,-7.283028277,0.344955116399451,36,0.172477558199726,18,-4953,4,"test_set",0.114770072655368,-7.14118985189133,-7.19358986756351,-7.08655087691532,-7.14106107028342,-7.54433608048533,-6.72738634177944,"95%","4",TRUE,10,0.164232816529954
"1560",",
 ","ProxyRecord",6906.0125,-7.362912933,0.345280720801897,36.0124999999998,0.172640360400949,18.0062499999999,-4956.0125,4,"test_set",0.115036743496466,-7.15065950639864,-7.2030589910028,-7.09578519709652,-7.14958213648552,-7.57169803949365,-6.73679468598115,"95%","4",TRUE,10,0.164232816529954
"1561",",
 ","ProxyRecord",7063.5,-7.642624088,0.346445405898564,50.5249999999996,0.173222702949282,25.2624999999998,-5113.5,4,"test_set",0.127921300310563,-7.67344395494804,-7.73342341655484,-7.61131377685592,-7.67234046895986,-8.0923284179518,-7.26154837250573,"95%","4",TRUE,10,0.164232816529954
"1562",",
 ","ProxyRecord",7090,-8.282547459,0.349234831212595,48,0.174617415606297,24,-5140,4,"test_set",0.129885567337462,-7.76634510086182,-7.82832180768356,-7.70256400721235,-7.76952687409665,-8.20116428731328,-7.32775449753512,"95%","4",FALSE,10,0.164232816529954
"1563",",
 ","ProxyRecord",7100.0375,-8.362604116,0.349595550011948,52.0374999999995,0.174797775005974,26.0187499999997,-5150.0375,4,"test_set",0.130614251360672,-7.80187229737151,-7.86413107501435,-7.73826138457204,-7.80544358571233,-8.24366325849436,-7.36357061851629,"95%","4",FALSE,10,0.164232816529954
"1564",",
 ","ProxyRecord",7268.5,-8.482611111,0.341081271,87.5,0.170540635,43.75,-5318.5,4,"test_set",0.141587157853529,-8.42309966728169,-8.48566865764608,-8.35786270485479,-8.43432971888622,-8.8767684665471,-7.98253040633429,"95%","4",TRUE,10,0.164232816529954
"1565",",
 ","ProxyRecord",7338,-8.602734373,0.341646440804731,60.0249999999996,0.170823220402366,30.0124999999998,-5388,4,"test_set",0.145383406285049,-8.69126745161486,-8.75135773042334,-8.6295931220091,-8.68583155030698,-9.13619978206388,-8.24825875257765,"95%","4",TRUE,10,0.164232816529954
"1566",",
 ","ProxyRecord",7415.05,-8.722890214,0.342218516,71.0500000000002,0.171109258016306,35.5250000000001,-5465.05,4,"test_set",0.14894978374036,-8.99527176018236,-9.05055595132144,-8.93810519037778,-9.0002505208919,-9.44504668661578,-8.54712251320364,"95%","4",TRUE,10,0.164232816529954
"1567",",
 ","ProxyRecord",7596.5,-9.725715756,0.34719796054297,63.5249999999996,0.173598980271485,31.7624999999998,-5646.5,4,"test_set",0.154653645269942,-9.73396983935509,-9.79332288117094,-9.67307961334386,-9.72712757432077,-10.2044270928853,-9.28159344653179,"95%","4",TRUE,10,0.164232816529954
"1568",",
 ","ProxyRecord",7793.5,-10.68396094,0.316216789064177,73.5249999999996,0.158108394532089,36.7624999999998,-5843.5,4,"test_set",0.156562919697389,-10.5609939132895,-10.6318417769571,-10.4925075482282,-10.5468977996383,-11.0285884534729,-10.1266501702829,"95%","4",TRUE,10,0.164232816529954
"1569",",
 ","ProxyRecord",7807.525,-10.72429601,0.316456439287178,75.5250000000005,0.158228219643589,37.7625000000003,-5857.525,4,"test_set",0.156528806647582,-10.62048279269,-10.6910133491895,-10.5513819489498,-10.6215235720252,-11.0714031620873,-10.1963908763818,"95%","4",TRUE,10,0.164232816529954
"1570",",
 ","ProxyRecord",7888,-11.0069002,0.318148605343717,77,0.159074302671859,38.5,-5938,4,"test_set",0.155896142287304,-10.9626669481713,-11.0374615702831,-10.8902416865612,-10.9697253349658,-11.4079440119952,-10.5286714144805,"95%","4",TRUE,10,0.164232816529954
"1571",",
 ","ProxyRecord",7934.9875,-11.29023581,0.319864531495081,66.0124999999998,0.15993226574754,33.0062499999999,-5984.9875,4,"test_set",0.155182648904706,-11.1628419245754,-11.2455213711647,-11.0771541634999,-11.171518325701,-11.6104257345034,-10.7438267137721,"95%","4",TRUE,10,0.164232816529954
"1572",",
 ","ProxyRecord",14,-0.069005802,0.320410770700682,74,0.160205385350341,37,1936,5,"test_set",0.000415375064454979,-0.109014836491721,-0.255601814206942,0.0325169961108733,-0.105315764908017,-0.450884249441595,0.237112435334778,"95%","5",TRUE,10,0.164232816529954
"1573",",
 ","ProxyRecord",1574.9625,-0.918623073,0.286699283275371,295.0375,0.143349641637685,147.51875,375.0375,5,"test_set",0.00016596103964428,-0.89586058543968,-1.02062257513355,-0.774721375331591,-0.900965933851546,-1.20925189085888,-0.601220778954198,"95%","5",TRUE,10,0.164232816529954
"1574",",
 ","ProxyRecord",2566.0125,-1.175272669,0.30049796406866,410.0125,0.15024898203433,205.00625,-616.0125,5,"test_set",7.69202043005013e-05,-1.26751425635246,-1.38242092994476,-1.15318074764651,-1.2667215380138,-1.5910183691376,-0.947580287117873,"95%","5",TRUE,10,0.164232816529954
"1575",",
 ","ProxyRecord",3395.5,-1.784757341,0.288420549773389,547.525,0.144210274886695,273.7625,-1445.5,5,"test_set",0.000713715455019637,-1.77616112103613,-1.84775042805123,-1.7032680866876,-1.78231089597724,-2.07717929300982,-1.48000622780539,"95%","5",TRUE,10,0.164232816529954
"1576",",
 ","ProxyRecord",4383.425,-2.866337463,0.338457829204649,292.6,0.169228914602324,146.3,-2433.425,5,"test_set",0.000179329224270219,-2.83432476421732,-2.90223069174597,-2.76661482780223,-2.83545325376553,-3.17090736101796,-2.50561917907106,"95%","5",TRUE,10,0.164232816529954
"1577",",
 ","ProxyRecord",5386.5125,-4.175739411,0.342193393629715,283.5125,0.171096696814857,141.75625,-3436.5125,5,"test_set",0.00116011037474273,-4.29041761067999,-4.34338963793792,-4.23819116008337,-4.29015070643127,-4.60987804844161,-3.96500280208087,"95%","5",TRUE,10,0.164232816529954
"1578",",
 ","ProxyRecord",5391.975,-4.21547279,0.342291458284034,283.025,0.171145729142017,141.5125,-3441.975,5,"test_set",0.00115829855757976,-4.30319837022481,-4.35636492350639,-4.25035113437075,-4.30281772218913,-4.65358829051181,-3.95572938616596,"95%","5",TRUE,10,0.164232816529954
"1579",",
 ","ProxyRecord",5446.4875,-4.573196685,0.343212915147096,262.5125,0.171606457573548,131.25625,-3496.4875,5,"test_set",0.00113313424530137,-4.4293163054773,-4.48628799706726,-4.37359403908591,-4.42915038330037,-4.75254789381726,-4.08226469917981,"95%","5",TRUE,10,0.164232816529954
"1580",",
 ","ProxyRecord",5464.5125,-4.69249573,0.343535620780583,253.5125,0.171767810390292,126.75625,-3514.5125,5,"test_set",0.00112198065678193,-4.47029585011077,-4.52810711551661,-4.41404473044446,-4.46623708935878,-4.8211670922727,-4.12367889476313,"95%","5",TRUE,10,0.164232816529954
"1581",",
 ","ProxyRecord",5935.9875,-5.329136603,0.345378910631829,224.1625,0.172689455315915,112.08125,-3985.9875,5,"test_set",0.000661904510224076,-5.29378428858821,-5.35866118127016,-5.2281679153595,-5.29555524705969,-5.63993903528083,-4.95517588497673,"95%","5",TRUE,10,0.164232816529954
"1582",",
 ","ProxyRecord",6885,-6.764058341,0.342908309835436,39,0.171454154917718,19.5,-4935,5,"test_set",0.00151157674979085,-7.10089133161123,-7.14728003163866,-7.05357346719593,-7.10617179715599,-7.43932015072397,-6.75176103864409,"95%","5",TRUE,10,0.164232816529954
"1583",",
 ","ProxyRecord",6888.5,-6.843862071,0.343214473416499,37.5,0.171607236708249,18.75,-4938.5,5,"test_set",0.00151571201536527,-7.11155514051185,-7.15806852218656,-7.06405694367787,-7.10624346063725,-7.44706004957061,-6.74967715194983,"95%","5",TRUE,10,0.164232816529954
"1584",",
 ","ProxyRecord",6891.5,-6.923682426,0.34352457919312,37.5,0.17176228959656,18.75,-4941.5,5,"test_set",0.00151924940463566,-7.12071821216669,-7.16705779884525,-7.07352591358703,-7.12956754633565,-7.46336518240683,-6.78443764211075,"95%","5",TRUE,10,0.164232816529954
"1585",",
 ","ProxyRecord",6895.5,-7.043428922,0.343994533991546,37.5,0.171997266995773,18.75,-4945.5,5,"test_set",0.00152395569448238,-7.13296809565052,-7.17915280677603,-7.0861737738902,-7.13831526420011,-7.46346333394697,-6.80885178396091,"95%","5",TRUE,10,0.164232816529954
"1586",",
 ","ProxyRecord",6899.0125,-7.163221243,0.344471405296577,37.0124999999998,0.172235702648289,18.5062499999999,-4949.0125,5,"test_set",0.00152807876498962,-7.14375552673588,-7.18983492113172,-7.097319152448,-7.14410105354548,-7.50878568986479,-6.79286046826249,"95%","5",TRUE,10,0.164232816529954
"1587",",
 ","ProxyRecord",6904.9875,-7.322975101,0.345117061896691,36.0124999999998,0.172558530948346,18.0062499999999,-4954.9875,5,"test_set",0.00153507167692801,-7.16217097284194,-7.20828955187934,-7.11575771970585,-7.16562067917151,-7.4993442907678,-6.81434683947547,"95%","5",TRUE,10,0.164232816529954
"1588",",
 ","ProxyRecord",6920.0125,-7.402860803,0.345444413830338,42.0124999999998,0.172722206915169,21.0062499999999,-4970.0125,5,"test_set",0.00155254109222014,-7.20884038007223,-7.25500358557496,-7.1615544242369,-7.20595733556854,-7.55996928278968,-6.87196231877855,"95%","5",TRUE,10,0.164232816529954
"1589",",
 ","ProxyRecord",7084.4875,-8.122484742,0.348521892022329,48.5124999999998,0.174260946011165,24.2562499999999,-5134.4875,5,"test_set",0.00173298873380467,-7.75185722497729,-7.80336138439348,-7.69702332534561,-7.74900411251781,-8.09071609041704,-7.3999235829971,"95%","5",FALSE,10,0.164232816529954
"1590",",
 ","ProxyRecord",7086,-8.162494078,0.348698973973306,48.0249999999996,0.174349486986653,24.0124999999998,-5136,5,"test_set",0.00173455639829179,-7.75711036509841,-7.80857072513458,-7.70217937530695,-7.75343509183041,-8.10157474396021,-7.38513975536386,"95%","5",FALSE,10,0.164232816529954
"1591",",
 ","ProxyRecord",7093.5,-8.322571807,0.34941530143365,49.5,0.174707650716825,24.75,-5143.5,5,"test_set",0.00174230524756513,-7.78322535294232,-7.83463699456862,-7.72812117307613,-7.78349234325972,-8.12463616495904,-7.42973858228897,"95%","5",FALSE,10,0.164232816529954
"1592",",
 ","ProxyRecord",7441.9875,-8.8030171,0.342601958233598,86.0124999999998,0.171300979116799,43.0062499999999,-5491.9875,5,"test_set",0.0020395296457032,-9.10421171066323,-9.14932333357935,-9.05784873313726,-9.10642111859164,-9.45231415195557,-8.77893665526618,"95%","5",TRUE,10,0.164232816529954
"1593",",
 ","ProxyRecord",7488.5125,-9.003393483,0.343573632682052,98.5374999999994,0.171786816341026,49.2687499999997,-5538.5125,5,"test_set",0.00206336590515832,-9.29353551629939,-9.34005739646542,-9.24596041074737,-9.29088109168416,-9.63311002898399,-8.95262188705142,"95%","5",TRUE,10,0.164232816529954
"1594",",
 ","ProxyRecord",7559,-9.364339993,0.345361636045189,86.0249999999996,0.172680818022594,43.0124999999998,-5609,5,"test_set",0.00209099007459912,-9.58432822525756,-9.63282384811601,-9.53526600247806,-9.58525018156271,-9.94124622245672,-9.23437049699282,"95%","5",TRUE,10,0.164232816529954
"1595",",
 ","ProxyRecord",7569.9875,-9.444616361,0.345765475239243,79.0124999999998,0.172882737619621,39.5062499999999,-5619.9875,5,"test_set",0.00209437473754903,-9.63002840006466,-9.67900758608807,-9.58082563186577,-9.62401095682464,-9.97997001130093,-9.25942077735661,"95%","5",TRUE,10,0.164232816529954
"1596",",
 ","ProxyRecord",7582,-9.565044647,0.346376353275751,73,0.173188176637876,36.5,-5632,5,"test_set",0.00209779078987893,-9.68009354640815,-9.72944786595759,-9.62963866457496,-9.68377196697182,-10.0379344336856,-9.34472366628913,"95%","5",TRUE,10,0.164232816529954
"1597",",
 ","ProxyRecord",7610,-9.846253579,0.347821223350451,55.0249999999996,0.173910611675225,27.5124999999998,-5660,5,"test_set",0.00210460020739767,-9.79717421164342,-9.8472528982619,-9.7452042009483,-9.80222346780549,-10.1577899633511,-9.46121228979036,"95%","5",TRUE,10,0.164232816529954
"1598",",
 ","ProxyRecord",7697,-10.28875477,0.350150107764999,55,0.175075053882499,27.5,-5747,5,"test_set",0.00211546077988345,-10.1637440985401,-10.2168473094458,-10.1112499550845,-10.1615596002481,-10.5307247854891,-9.80578515713747,"95%","5",TRUE,10,0.164232816529954
"1599",",
 ","ProxyRecord",7774.025,-10.6033048,0.315739941823423,67.0250000000005,0.157869970911711,33.5125000000003,-5824.025,5,"test_set",0.00211207304734451,-10.4905748037183,-10.545664784528,-10.436631800048,-10.4930851071656,-10.8081675844777,-10.1700458083133,"95%","5",TRUE,10,0.164232816529954
"1600",",
 ","ProxyRecord",7865,-10.88571459,0.317420490766427,72,0.158710245383213,36,-5915,5,"test_set",0.002092341500326,-10.8774001113465,-10.9325835370269,-10.821550502269,-10.8771990413107,-11.1932144803852,-10.5698818934277,"95%","5",TRUE,10,0.164232816529954
"1601",",
 ","ProxyRecord",7928,-11.24970716,0.319618573,67,0.159809286,33.5,-5978,5,"test_set",0.00206869365602103,-11.1446535645519,-11.2061297636781,-11.0828234187784,-11.1468728287513,-11.4599567097104,-10.8321531121669,"95%","5",TRUE,10,0.164232816529954
"1602",",
 ","ProxyRecord",386.4875,-0.420397887,0.319781865557516,238.5625,0.159890932778758,119.28125,1563.5125,6,"test_set",0.000398285877400983,-0.43659239597628,-0.539580568126755,-0.322605856191305,-0.439222515674247,-0.7704703142203,-0.113689734122057,"95%","6",TRUE,10,0.164232816529954
"1603",",
 ","ProxyRecord",2620.5,-1.21467617,0.300531211877705,433.6,0.150265605938852,216.8,-670.5,6,"test_set",8.86470497618585e-05,-1.26594444664059,-1.36972517632773,-1.15616302764371,-1.26654974230017,-1.57225631191746,-0.951110874062733,"95%","6",TRUE,10,0.164232816529954
"1604",",
 ","ProxyRecord",3136.4625,-1.530183704,0.300836598734054,537.5375,0.150418299367027,268.76875,-1186.4625,6,"test_set",0.000430087798647394,-1.47754549964012,-1.56303853198471,-1.39368560964032,-1.4802862701662,-1.79118497261982,-1.1789136170302,"95%","6",TRUE,10,0.164232816529954
"1605",",
 ","ProxyRecord",3424,-1.824260224,0.288472039568732,537.05,0.144236019784366,268.525,-1474,6,"test_set",0.000726708933240783,-1.82312891570388,-1.89680015790586,-1.74968755758529,-1.82439741432772,-2.11884349454377,-1.51510378869889,"95%","6",TRUE,10,0.164232816529954
"1606",",
 ","ProxyRecord",3624.9875,-2.061371665,0.288804013330107,479.0375,0.144402006665054,239.51875,-1674.9875,6,"test_set",0.000770292714658005,-2.13173172166605,-2.19180879545075,-2.0700100197329,-2.13643157884869,-2.44322920579437,-1.84130342443507,"95%","6",TRUE,10,0.164232816529954
"1607",",
 ","ProxyRecord",3721.4625,-2.219524348,0.289047480325488,448.5875,0.144523740162744,224.29375,-1771.4625,6,"test_set",0.000741189630470984,-2.27952593203768,-2.34192273835443,-2.21417996394842,-2.27879367056541,-2.57758045593251,-1.97135370522344,"95%","6",TRUE,10,0.164232816529954
"1608",",
 ","ProxyRecord",3752.4875,-2.298633897,0.289175402580346,439.5375,0.144587701290173,219.76875,-1802.4875,6,"test_set",0.000724935252172099,-2.32545836797488,-2.39038164012366,-2.25635422384124,-2.32643937622608,-2.62141192900099,-2.04374030977303,"95%","6",TRUE,10,0.164232816529954
"1609",",
 ","ProxyRecord",3805.4375,-2.377754547,0.28930718893556,399.6625,0.14465359446778,199.83125,-1855.4375,6,"test_set",0.000689443357049235,-2.40109965913046,-2.47080522868302,-2.3274297637036,-2.40331657839031,-2.69096608336097,-2.09779943488708,"95%","6",TRUE,10,0.164232816529954
"1610",",
 ","ProxyRecord",3909.325,-2.536051478,0.289584870766641,355.7,0.144792435383321,177.85,-1959.325,6,"test_set",0.000591407083627704,-2.53577592670015,-2.61432137427977,-2.45677162142126,-2.53630160343812,-2.83281759057022,-2.25302760977888,"95%","6",TRUE,10,0.164232816529954
"1611",",
 ","ProxyRecord",5045.05,-3.381744875,0.339435742587645,182.075,0.169717871293823,91.0374999999999,-3095.05,6,"test_set",0.000995434188710842,-3.52521014259783,-3.6020689350045,-3.44728944767678,-3.52824318350717,-3.84842526972163,-3.1841783298473,"95%","6",TRUE,10,0.164232816529954
"1612",",
 ","ProxyRecord",5223.5,-3.659498747,0.340023651799844,274.525,0.170011825899922,137.2625,-3273.5,6,"test_set",0.00112887694686536,-3.91077039124425,-3.96786649550487,-3.8515823450246,-3.90248242913772,-4.2440229321027,-3.56485118638466,"95%","6",TRUE,10,0.164232816529954
"1613",",
 ","ProxyRecord",5253.5125,-3.738856111,0.341167013120535,287.5125,0.170583506560267,143.75625,-3303.5125,6,"test_set",0.00113846235728632,-3.97930843106305,-4.03585704068392,-3.92277472602083,-3.97878706520439,-4.33128182045044,-3.62977344903844,"95%","6",TRUE,10,0.164232816529954
"1614",",
 ","ProxyRecord",5440.975,-4.533437045,0.343107092356876,264.049999999999,0.171553546178438,132.025,-3490.975,6,"test_set",0.00111455186269094,-4.40883550878554,-4.46419070629801,-4.35273074978388,-4.40763559740503,-4.7488472663665,-4.06034972805459,"95%","6",TRUE,10,0.164232816529954
"1615",",
 ","ProxyRecord",5469.4875,-4.732269606,0.34364463779127,251.5125,0.171822318895635,125.75625,-3519.4875,6,"test_set",0.00109825998333424,-4.47225689412284,-4.53032935039861,-4.41495570400136,-4.4727985964219,-4.82070701806139,-4.13083944807459,"95%","6",TRUE,10,0.164232816529954
"1616",",
 ","ProxyRecord",5482.5125,-4.772046295,0.343754642647718,243.5125,0.171877321323859,121.75625,-3532.5125,6,"test_set",0.00108970572063605,-4.50088746496173,-4.55963404364538,-4.44247740711636,-4.49415895280586,-4.85479637858324,-4.14320712711286,"95%","6",TRUE,10,0.164232816529954
"1617",",
 ","ProxyRecord",5510,-4.851600007,0.343977162579867,236,0.171988581289933,118,-3560,6,"test_set",0.00106936459460805,-4.5604979064327,-4.62079468814294,-4.49937141247232,-4.5581283660248,-4.89503632726333,-4.21812748259104,"95%","6",TRUE,10,0.164232816529954
"1618",",
 ","ProxyRecord",5832.025,-5.130111674,0.344781272868479,227.05,0.172390636434239,113.525,-3882.025,6,"test_set",0.00072914137689839,-5.13611539746838,-5.2010783496757,-5.06866688902662,-5.13351240197196,-5.47671337999192,-4.80078953195771,"95%","6",TRUE,10,0.164232816529954
"1619",",
 ","ProxyRecord",6086,-5.528218646,0.345997335052248,187.025,0.172998667526124,93.5124999999998,-4136,6,"test_set",0.000656239625262955,-5.47477531883582,-5.53457376061988,-5.41180531404911,-5.46966141433403,-5.79698337175138,-5.13444627777042,"95%","6",TRUE,10,0.164232816529954
"1620",",
 ","ProxyRecord",6507.475,-6.125994293,0.340564026510113,104.525,0.170282013255057,52.2624999999998,-4557.475,6,"test_set",0.00101989818286352,-6.13685603972875,-6.20145272224649,-6.07133231818944,-6.13601000097912,-6.48972291060535,-5.78870674991011,"95%","6",TRUE,10,0.164232816529954
"1621",",
 ","ProxyRecord",6724.5,-6.48481342,0.341857871416384,49.5249999999996,0.170928935708192,24.7624999999998,-4774.5,6,"test_set",0.00131139447578921,-6.64675271720554,-6.69710886203817,-6.59591688066075,-6.64718176620243,-6.98401837987076,-6.30071282689139,"95%","6",TRUE,10,0.164232816529954
"1622",",
 ","ProxyRecord",6894,-7.003509672,0.343837082444669,37,0.171918541222335,18.5,-4944,6,"test_set",0.00151747181298401,-7.12969306531776,-7.17477120959103,-7.08334055573588,-7.13165206430793,-7.4734694697639,-6.78661308658984,"95%","6",TRUE,10,0.164232816529954
"1623",",
 ","ProxyRecord",7071.0125,-7.762544206,0.346955222393991,50.0124999999998,0.173477611196996,25.0062499999999,-5121.0125,6,"test_set",0.00171247373979,-7.70415357238038,-7.75641103320965,-7.65373836335813,-7.70768302748448,-8.06634552255179,-7.35722888809852,"95%","6",TRUE,10,0.164232816529954
"1624",",
 ","ProxyRecord",7072,-7.802531821,0.347126117252899,50,0.173563058626449,25,-5122,6,"test_set",0.00171350368380896,-7.70754301774204,-7.75983430279522,-7.65703535909608,-7.71226554654865,-8.05901292242644,-7.37249191348575,"95%","6",TRUE,10,0.164232816529954
"1625",",
 ","ProxyRecord",7082.9875,-8.082471263,0.348345391893485,49.0124999999998,0.174172695946742,24.5062499999999,-5132.9875,6,"test_set",0.00172492009002934,-7.74538761024207,-7.79842995890884,-7.69388622157347,-7.73764982379708,-8.0704888516326,-7.38669448641233,"95%","6",FALSE,10,0.164232816529954
"1626",",
 ","ProxyRecord",7087,-8.202512229,0.348877000744633,48.0249999999996,0.174438500372316,24.0124999999998,-5137,6,"test_set",0.00172906939095441,-7.75926795633141,-7.81247641806424,-7.707543024952,-7.76574032112008,-8.11566587514147,-7.42186415458742,"95%","6",FALSE,10,0.164232816529954
"1627",",
 ","ProxyRecord",7468.025,-8.923237509,0.343182358880579,94.0250000000006,0.17159117944029,47.0125000000003,-5518.025,6,"test_set",0.00205149679022298,-9.20645604715241,-9.24990197167406,-9.16123012534662,-9.20452320929632,-9.54941651040037,-8.84332480571263,"95%","6",TRUE,10,0.164232816529954
"1628",",
 ","ProxyRecord",7478.0375,-8.963317834,0.343377864874404,98.0374999999994,0.171688932437202,49.0187499999997,-5528.0375,6,"test_set",0.00205675364175484,-9.24733411704393,-9.29069009799594,-9.20238761726866,-9.2520948622136,-9.58807046175084,-8.90361487866039,"95%","6",TRUE,10,0.164232816529954
"1629",",
 ","ProxyRecord",7845,-10.80497827,0.316937688842211,77,0.158468844421106,38.5,-5895,6,"test_set",0.00211323616725601,-10.794646338322,-10.8469538718986,-10.7429107438082,-10.7987286966865,-11.1233175460471,-10.4741324434652,"95%","6",TRUE,10,0.164232816529954
"1630",",
 ","ProxyRecord",7896.5,-11.04732685,0.318392066237282,76.5249999999996,0.159196033118641,38.2624999999998,-5946.5,6,"test_set",0.00209994748128217,-11.0147684747351,-11.0700994306652,-10.9594917470576,-11.0124202724802,-11.337597262054,-10.6955300708764,"95%","6",TRUE,10,0.164232816529954
"1631",",
 ","ProxyRecord",847.125,-0.695083187,0.319884878215016,253.125,0.159942439107508,126.5625,1102.875,7,"test_set",0.000200709237641039,-0.712441091578473,-0.896618488307436,-0.538338062029298,-0.713663356405395,-1.08381670795681,-0.348158036939736,"95%","7",TRUE,10,0.164232816529954
"1632",",
 ","ProxyRecord",1516.4625,-0.879284769,0.286673489851659,291.5875,0.143336744925829,145.79375,433.5375,7,"test_set",0.00013850088382561,-0.886339178412086,-1.00372215896777,-0.77093489370147,-0.889338018604429,-1.1942291409556,-0.573335354609294,"95%","7",TRUE,10,0.164232816529954
"1633",",
 ","ProxyRecord",2489.5125,-1.135875216,0.30046558039297,369.5125,0.150232790196485,184.75625,-539.5125,7,"test_set",8.33914572950789e-05,-1.24118649989328,-1.37150503507315,-1.10607921789011,-1.24342341239585,-1.58138263023799,-0.918216811710639,"95%","7",TRUE,10,0.164232816529954
"1634",",
 ","ProxyRecord",2751.4125,-1.33293653,0.300637532720803,478.6125,0.150318766360402,239.30625,-801.4125,7,"test_set",0.000109587148344747,-1.27881754895667,-1.3790521534934,-1.17415831582714,-1.27816516896796,-1.61474552995265,-0.95991160518091,"95%","7",TRUE,10,0.164232816529954
"1635",",
 ","ProxyRecord",2796.5125,-1.372378102,0.300675145598983,477.5125,0.150337572799491,238.75625,-846.5125,7,"test_set",0.000129902747320054,-1.28847935467478,-1.38539710145047,-1.19193277945706,-1.28929376139537,-1.60065535872195,-0.974179290984348,"95%","7",TRUE,10,0.164232816529954
"1636",",
 ","ProxyRecord",2840.475,-1.411810407,0.30071411651296,479.525,0.15035705825648,239.7625,-890.475,7,"test_set",0.000154175322431005,-1.29989601977699,-1.39268596893442,-1.21028737721726,-1.3028039553592,-1.6291860607799,-0.999618005959184,"95%","7",TRUE,10,0.164232816529954
"1637",",
 ","ProxyRecord",3303.5,-1.666295442,0.288272126175546,553.525,0.144136063087773,276.7625,-1353.5,7,"test_set",0.000644328578547348,-1.641130573943,-1.72268178252042,-1.55980158221839,-1.64104751435673,-1.95837512732937,-1.33636573651984,"95%","7",TRUE,10,0.164232816529954
"1638",",
 ","ProxyRecord",3878.425,-2.496469688,0.289513860602869,365.625,0.144756930301435,182.8125,-1928.425,7,"test_set",0.000626349208077137,-2.49972519254647,-2.57228860681453,-2.4340997665841,-2.50289934426028,-2.801847614702,-2.21664827006318,"95%","7",TRUE,10,0.164232816529954
"1639",",
 ","ProxyRecord",4537.4625,-3.104147077,0.338890106207929,242.5625,0.169445053103964,121.28125,-2587.4625,7,"test_set",0.000241097659048339,-2.88567458832251,-2.96090855000001,-2.80798678575371,-2.87760785803789,-3.23470399700995,-2.54184686792125,"95%","7",TRUE,10,0.164232816529954
"1640",",
 ","ProxyRecord",4958.525,-3.342076191,0.339354657792045,177.575000000001,0.169677328896023,88.7875000000004,-3008.525,7,"test_set",0.000914655418782217,-3.33715432261655,-3.42194932925435,-3.24935662253254,-3.32787285909798,-3.68425997908186,-2.96969740473469,"95%","7",TRUE,10,0.164232816529954
"1641",",
 ","ProxyRecord",5201,-3.619811057,0.339937131124243,263,0.169968565562121,131.5,-3251,7,"test_set",0.00116351015108096,-3.85723837547326,-3.91834579884175,-3.79567744424158,-3.86037415499732,-4.21176899604962,-3.521022829975,"95%","7",TRUE,10,0.164232816529954
"1642",",
 ","ProxyRecord",5692.025,-5.010731089,0.344431279151665,261.025000000001,0.172215639575833,130.5125,-3742.025,7,"test_set",0.000860635652433217,-4.94574428954846,-5.01016088046477,-4.87982020651399,-4.94209955533382,-5.28748898056714,-4.59389165407184,"95%","7",TRUE,10,0.164232816529954
"1643",",
 ","ProxyRecord",6473.4875,-5.966574007,0.340009225945833,117.5125,0.170004612972917,58.7562499999999,-4523.4875,7,"test_set",0.000971577868957851,-6.05934448165852,-6.12494577810729,-5.99468104436346,-6.0694349222822,-6.42622900777653,-5.73373054574978,"95%","7",TRUE,10,0.164232816529954
"1644",",
 ","ProxyRecord",6498,-6.086131553,0.340423833661309,108,0.170211916830655,54,-4548,7,"test_set",0.00101048120020319,-6.10802475556457,-6.17317414701753,-6.04476459339938,-6.10831779139394,-6.45252167016704,-5.77981264170841,"95%","7",TRUE,10,0.164232816529954
"1645",",
 ","ProxyRecord",6892,-6.96359469,0.343680553311825,38,0.171840276655912,19,-4942,7,"test_set",0.00154642730911814,-7.13307861136915,-7.17634079918914,-7.09110817484753,-7.13118198712356,-7.47043314296327,-6.78565545297334,"95%","7",TRUE,10,0.164232816529954
"1646",",
 ","ProxyRecord",7088.9875,-8.242522251,0.349055583,48.0124999999998,0.174527791574334,24.0062499999999,-5138.9875,7,"test_set",0.00175129131450014,-7.78685696277797,-7.83823692587947,-7.73574159240468,-7.78765381469337,-8.1258282299359,-7.45872183785412,"95%","7",FALSE,10,0.164232816529954
"1647",",
 ","ProxyRecord",7303.5,-8.522639728,0.341268713146706,72.5249999999996,0.170634356573353,36.2624999999998,-5353.5,7,"test_set",0.00192646177779032,-8.5761674516389,-8.63005799623441,-8.52225093096024,-8.58030836039604,-8.91627098682977,-8.24591720492797,"95%","7",TRUE,10,0.164232816529954
"1648",",
 ","ProxyRecord",7322,-8.562682971,0.341457053963497,65,0.170728526981748,32.5,-5372,7,"test_set",0.0019390666366359,-8.64725024522254,-8.7011491769294,-8.59426785408793,-8.64154858728491,-8.97370072221861,-8.29746783137726,"95%","7",TRUE,10,0.164232816529954
"1649",",
 ","ProxyRecord",7355.5,-8.642775035,0.341836322185815,56.5,0.170918161092907,28.25,-5405.5,7,"test_set",0.00196070185980446,-8.77702170494262,-8.82982948882035,-8.72512400336153,-8.7734083762443,-9.10094004323433,-8.42180775206814,"95%","7",TRUE,10,0.164232816529954
"1650",",
 ","ProxyRecord",7450.5,-8.843079696,0.342794840287658,91.5,0.171397420143829,45.75,-5500.5,7,"test_set",0.00201371771506587,-9.1519188682758,-9.20169274582506,-9.10210088045886,-9.15316538230446,-9.46524132080763,-8.81660745843463,"95%","7",TRUE,10,0.164232816529954
"1651",",
 ","ProxyRecord",7496.0125,-9.043484911,0.343769106,99.0374999999994,0.171884553,49.5187499999997,-5546.0125,7,"test_set",0.00203474863793573,-9.33482441754939,-9.3849463822584,-9.2851852782004,-9.3327572306068,-9.6921163205075,-8.9804250526429,"95%","7",TRUE,10,0.164232816529954
"1652",",
 ","ProxyRecord",7517.025,-9.163784268,0.344361290824923,96.0250000000006,0.172180645412462,48.0125000000003,-5567.025,7,"test_set",0.00204350358736782,-9.41992819953814,-9.46934766059118,-9.37092041138157,-9.42028738003938,-9.76685193989375,-9.08239566069801,"95%","7",TRUE,10,0.164232816529954
"1653",",
 ","ProxyRecord",7520.9875,-9.203880679,0.344559865209497,97.0124999999998,0.172279932604749,48.5062499999999,-5570.9875,7,"test_set",0.00204508698788963,-9.43602162617276,-9.48521909919659,-9.38732347235569,-9.44618914912703,-9.78415943434337,-9.12201816858876,"95%","7",TRUE,10,0.164232816529954
"1654",",
 ","ProxyRecord",7572.5,-9.484752232,0.345968667861325,78.5,0.172984333930663,39.25,-5622.5,7,"test_set",0.00206371940576489,-9.64646652100697,-9.69666473382948,-9.59580976463593,-9.64496269163231,-9.98364082147473,-9.31015021628275,"95%","7",TRUE,10,0.164232816529954
"1655",",
 ","ProxyRecord",7615.5,-9.886457368,0.348029551077181,51.5,0.17401477553859,25.75,-5665.5,7,"test_set",0.00207649704435653,-9.82377397459356,-9.87455562232368,-9.77075686546004,-9.82688807809678,-10.1749364606074,-9.47504972722042,"95%","7",TRUE,10,0.164232816529954
"1656",",
 ","ProxyRecord",7621.975,-9.92665478,0.348238250285579,48.0249999999996,0.17411912514279,24.0124999999998,-5671.975,7,"test_set",0.00207820231845623,-9.85059339231944,-9.90148098592776,-9.79715497102631,-9.85659338033705,-10.1829639440669,-9.50563508107198,"95%","7",TRUE,10,0.164232816529954
"1657",",
 ","ProxyRecord",7660,-10.08751181,0.349082609237231,50,0.174541304618615,25,-5710,7,"test_set",0.00208706097035716,-10.0086866912194,-10.0619061404803,-9.95539167603567,-10.0144995730141,-10.3634997938789,-9.68289506201166,"95%","7",TRUE,10,0.164232816529954
"1658",",
 ","ProxyRecord",7755.0125,-10.52272384,0.315264165620434,64.0124999999998,0.157632082810217,32.0062499999999,-5805.0125,7,"test_set",0.00210056263632019,-10.4076600283362,-10.4621393183409,-10.3540240995621,-10.4119748888072,-10.7351978417691,-10.1045932965417,"95%","7",TRUE,10,0.164232816529954
"1659",",
 ","ProxyRecord",7765.5125,-10.56300702,0.315501818036251,66.5124999999998,0.157750909018125,33.2562499999999,-5815.5125,7,"test_set",0.00210129804290027,-10.4520532307152,-10.5068814765576,-10.3989378570256,-10.4548285240977,-10.7824361983959,-10.1489273649908,"95%","7",TRUE,10,0.164232816529954
"1660",",
 ","ProxyRecord",583.5125,-0.616526198,0.31985027938865,235.5125,0.159925139694325,117.75625,1366.4875,8,"test_set",0.000346500826620133,-0.575512793219347,-0.69475048883655,-0.448401062108249,-0.581163291536855,-0.923063574408731,-0.256633502889265,"95%","8",TRUE,10,0.164232816529954
"1661",",
 ","ProxyRecord",1074,-0.734375889,0.319903829030286,223,0.159951914515143,111.5,876,8,"test_set",0.000120836557113146,-0.785889415977428,-0.947705346554287,-0.624302945734025,-0.791945082746617,-1.12894941723838,-0.446718139218056,"95%","8",TRUE,10,0.164232816529954
"1662",",
 ","ProxyRecord",3476.475,-1.903281447,0.288578229984398,525.55,0.144289114992199,262.775,-1526.475,8,"test_set",0.00074456623609942,-1.90551044679638,-1.97042579129253,-1.83805318902649,-1.90397578688702,-2.19168473135237,-1.62706510840196,"95%","8",TRUE,10,0.164232816529954
"1663",",
 ","ProxyRecord",3547.35,-1.982305466,0.288688593716257,511.65,0.144344296858129,255.825,-1597.35,8,"test_set",0.000761053177622539,-2.01356220946875,-2.07468563967038,-1.95238727855472,-2.0077164457362,-2.28511887187074,-1.71269658736885,"95%","8",TRUE,10,0.164232816529954
"1664",",
 ","ProxyRecord",3699.3875,-2.179977648,0.288984919316642,457.6375,0.144492459658321,228.81875,-1749.3875,8,"test_set",0.000738070083627917,-2.24588763688037,-2.30402273584622,-2.18613553203252,-2.24181261050924,-2.52726525285555,-1.95442474824217,"95%","8",TRUE,10,0.164232816529954
"1665",",
 ","ProxyRecord",3737.95,-2.259077298,0.289110972963226,445.05,0.144555486481613,222.525,-1787.95,8,"test_set",0.000719586218544954,-2.30265849311487,-2.36227360363246,-2.24158086148407,-2.30322444726918,-2.60357383475117,-2.01833639287592,"95%","8",TRUE,10,0.164232816529954
"1666",",
 ","ProxyRecord",4453,-2.985223345,0.338669928952243,277.1,0.169334964476122,138.55,-2503,8,"test_set",0.000206679511427499,-2.84848288686018,-2.91913479329311,-2.77292190517319,-2.85044893072329,-3.18011469137058,-2.49713471437671,"95%","8",TRUE,10,0.164232816529954
"1667",",
 ","ProxyRecord",4484.975,-3.024857872,0.338742591363626,263.049999999999,0.169371295681813,131.525,-2534.975,8,"test_set",0.000223123720377583,-2.86150754247249,-2.93500735425504,-2.78428673718776,-2.85788116277766,-3.19946071304624,-2.52251140891367,"95%","8",TRUE,10,0.164232816529954
"1668",",
 ","ProxyRecord",4566.475,-3.143788366,0.338965562775759,229.525,0.16948278138788,114.7625,-2616.475,8,"test_set",0.000285471791028336,-2.90092818882552,-2.97985664756418,-2.81646198490105,-2.9050834699815,-3.2360498462359,-2.57151350963001,"95%","8",TRUE,10,0.164232816529954
"1669",",
 ","ProxyRecord",5074.9875,-3.421408449,0.339517185021476,194.0125,0.169758592510738,97.0062499999999,-3124.9875,8,"test_set",0.00107059800596998,-3.58674100572755,-3.66106408029018,-3.50801366760829,-3.58716938324143,-3.93078520402467,-3.25218473996889,"95%","8",TRUE,10,0.164232816529954
"1670",",
 ","ProxyRecord",5119.9875,-3.500760109,0.339682621925716,216.0125,0.169841310962858,108.00625,-3169.9875,8,"test_set",0.00111151142508925,-3.68602640044199,-3.75637371571009,-3.61376293876816,-3.69314190770106,-4.04703703259173,-3.35902490723769,"95%","8",TRUE,10,0.164232816529954
"1671",",
 ","ProxyRecord",5163.4875,-3.580127755,0.339851546253422,245.5125,0.169925773126711,122.75625,-3213.4875,8,"test_set",0.00114239656388015,-3.78517779773964,-3.85047685606211,-3.71979515545936,-3.78652395829859,-4.11542671589722,-3.44860450290368,"95%","8",TRUE,10,0.164232816529954
"1672",",
 ","ProxyRecord",5296.5,-3.93739353,0.341620480675429,295.5,0.170810240337715,147.75,-3346.5,8,"test_set",0.00118399390718338,-4.0996687313138,-4.15567537861646,-4.04517170404624,-4.10185671913359,-4.44676955092863,-3.748457421853,"95%","8",TRUE,10,0.164232816529954
"1673",",
 ","ProxyRecord",5370.0125,-4.096279378,0.341998759939205,290.0125,0.170999379969603,145.00625,-3420.0125,8,"test_set",0.00117281367661981,-4.27491275735584,-4.3293203364766,-4.22204791949983,-4.27148325044378,-4.606539195729,-3.93845078629278,"95%","8",TRUE,10,0.164232816529954
"1674",",
 ","ProxyRecord",5381,-4.136006945,0.342095604,286,0.171047802,143,-3431,8,"test_set",0.00116905301410508,-4.30088030076923,-4.35479839514759,-4.24843739412398,-4.30264690292127,-4.63255684676449,-3.95871618354577,"95%","8",TRUE,10,0.164232816529954
"1675",",
 ","ProxyRecord",5593,-4.970941183,0.344316526986243,255,0.172158263493122,127.5,-3643,8,"test_set",0.000990095834740856,-4.76873561935918,-4.83139931951074,-4.7059817536179,-4.76959059450678,-5.11608755547179,-4.43038479822265,"95%","8",TRUE,10,0.164232816529954
"1676",",
 ","ProxyRecord",5811.9875,-5.090313648,0.344663343498686,232.0375,0.172331671749343,116.01875,-3861.9875,8,"test_set",0.000708324911324887,-5.13433293569601,-5.19935162171208,-5.06970938822997,-5.13879031020265,-5.48719008477421,-4.78560856385479,"95%","8",TRUE,10,0.164232816529954
"1677",",
 ","ProxyRecord",6144,-5.607876288,0.346250177934013,172.05,0.173125088967007,86.0250000000001,-4194,8,"test_set",0.000625262347275779,-5.54510849183109,-5.60904078155859,-5.47967092798397,-5.54230854427268,-5.88498860674756,-5.20552302071848,"95%","8",TRUE,10,0.164232816529954
"1678",",
 ","ProxyRecord",6224.4875,-5.687542718,0.34650676041386,175.5375,0.17325338020693,87.7687500000002,-4274.4875,8,"test_set",0.000670955360604353,-5.64737156154325,-5.7161490959724,-5.58138918708972,-5.64876122087485,-5.99352611320868,-5.28903181343342,"95%","8",TRUE,10,0.164232816529954
"1679",",
 ","ProxyRecord",6541.4625,-6.3253188,0.341274634737221,92.5375000000004,0.17063731736861,46.2687500000002,-4591.4625,8,"test_set",0.00108464934109875,-6.18585707075928,-6.25260819638422,-6.11967804279063,-6.18835507921465,-6.52568259006765,-5.83819526631209,"95%","8",TRUE,10,0.164232816529954
"1680",",
 ","ProxyRecord",6548.9875,-6.365185827,0.341419404877928,88.0124999999998,0.170709702438964,44.0062499999999,-4598.9875,8,"test_set",0.00109645760444366,-6.2023868593006,-6.26817397199082,-6.13635608956588,-6.20063545387572,-6.52968008415286,-5.86208409576471,"95%","8",TRUE,10,0.164232816529954
"1681",",
 ","ProxyRecord",6606.975,-6.405062003,0.341564503947161,81.0499999999993,0.170782251973581,40.5249999999996,-4656.975,8,"test_set",0.00118502616541782,-6.33581148795756,-6.39618219020656,-6.27549014357238,-6.33140251598462,-6.68108626300956,-5.98371135432906,"95%","8",TRUE,10,0.164232816529954
"1682",",
 ","ProxyRecord",6887.475,-6.80395828,0.343060954135525,37.5249999999996,0.171530477067762,18.7624999999998,-4937.475,8,"test_set",0.00155282954068525,-7.11598783503621,-7.16213341564571,-7.0702772914996,-7.11559925415878,-7.47654693068835,-6.78871817833114,"95%","8",TRUE,10,0.164232816529954
"1683",",
 ","ProxyRecord",7050.4875,-7.562680895,0.346108904598418,49.5124999999998,0.173054452299209,24.7562499999999,-5100.4875,8,"test_set",0.00172041453645466,-7.65396486688244,-7.70249800717187,-7.60583274776154,-7.65550552102148,-7.9900753419318,-7.31477609614978,"95%","8",TRUE,10,0.164232816529954
"1684",",
 ","ProxyRecord",7566,-9.404470798,0.345563160794744,81,0.172781580397372,40.5,-5616,8,"test_set",0.00204441364979324,-9.60750307381728,-9.65572208340026,-9.5594055694698,-9.6008076586193,-9.93889721258163,-9.25827884051316,"95%","8",TRUE,10,0.164232816529954
"1685",",
 ","ProxyRecord",7601.5,-9.765890009,0.347405288437699,61.5,0.173702644218849,30.75,-5651.5,8,"test_set",0.00205761299914009,-9.75212925177362,-9.80102224438124,-9.70326551838826,-9.75351258396865,-10.1162460447154,-9.4060299847079,"95%","8",TRUE,10,0.164232816529954
"1686",",
 ","ProxyRecord",7689.4875,-10.24849435,0.349935022654488,53.5124999999998,0.174967511327244,26.7562499999999,-5739.4875,8,"test_set",0.00208569165716099,-10.1154959847964,-10.1688345023403,-10.0635992346712,-10.1094103915808,-10.47108049027,-9.74727206253095,"95%","8",TRUE,10,0.164232816529954
"1687",",
 ","ProxyRecord",7921.5,-11.20918651,0.31937371267617,69.5,0.159686856338085,34.75,-5971.5,8,"test_set",0.00212805206993849,-11.1052605208556,-11.1682629217891,-11.0431298420119,-11.1084095575871,-11.4415496499864,-10.7988624413364,"95%","8",TRUE,10,0.164232816529954
"1688",",
 ","ProxyRecord",7942.475,-11.33078558,0.3201107,60.5499999999993,0.16005535,30.2749999999996,-5992.475,8,"test_set",0.00212961741943296,-11.1968671000699,-11.2641420184995,-11.1287641881925,-11.2019832405779,-11.5246652913976,-10.8847486040041,"95%","8",TRUE,10,0.164232816529954
"1689",",
 ","ProxyRecord",261.05,-0.302951103,0.319753405,187.05,0.159876702302196,93.525,1688.95,9,"test_set",0.000432407025842407,-0.338187952025009,-0.460077616100701,-0.220343898539405,-0.332564465211187,-0.672710610330153,0.00314226629110048,"95%","9",TRUE,10,0.164232816529954
"1690",",
 ","ProxyRecord",354.925,-0.381224695,0.319771362832019,224.125,0.15988568141601,112.0625,1595.075,9,"test_set",0.000413495711237832,-0.418376639830144,-0.531904303568616,-0.306563706292414,-0.413536462203312,-0.757709487178373,-0.0672920424620324,"95%","9",TRUE,10,0.164232816529954
"1691",",
 ","ProxyRecord",1254.55,-0.800639634,0.286625488321054,213.575,0.143312744160527,106.7875,695.45,9,"test_set",0.000101820662343211,-0.819645178281348,-0.95699585948457,-0.691436975219507,-0.816622138392715,-1.14538373090845,-0.504982126552277,"95%","9",TRUE,10,0.164232816529954
"1692",",
 ","ProxyRecord",1438.0125,-0.839957544,0.286648866939431,294.0125,0.143324433469715,147.00625,511.9875,9,"test_set",0.000126379771009377,-0.863262929422152,-0.996436996911873,-0.732928807703399,-0.86081003355522,-1.16770618363818,-0.545562947568095,"95%","9",TRUE,10,0.164232816529954
"1693",",
 ","ProxyRecord",1831.4875,-1.036690097,0.286783231865505,286.5125,0.143391615932753,143.25625,118.5125,9,"test_set",0.000232485061418819,-1.01756580841683,-1.13801541330607,-0.894589473880463,-1.02538685367929,-1.3374100164611,-0.699376668222968,"95%","9",TRUE,10,0.164232816529954
"1694",",
 ","ProxyRecord",2292.0375,-1.096484017,0.300434440477865,271.0375,0.150217220238933,135.51875,-342.0375,9,"test_set",0.000157647589432708,-1.21824233650613,-1.35626735628622,-1.08888071181429,-1.21678891864752,-1.54213410043142,-0.899154235788103,"95%","9",TRUE,10,0.164232816529954
"1695",",
 ","ProxyRecord",2713.5,-1.293514541,0.300601118461603,468.525,0.150300559230802,234.2625,-763.5,9,"test_set",8.30270508456188e-05,-1.2864806451471,-1.38758591306842,-1.18585272667857,-1.2856645840086,-1.60153546029791,-0.974020805904668,"95%","9",TRUE,10,0.164232816529954
"1696",",
 ","ProxyRecord",3448.3625,-1.86376971,0.288524667101224,531.6375,0.144262333550612,265.81875,-1498.3625,9,"test_set",0.000757365880138527,-1.85618868143441,-1.92639266314183,-1.78750136756291,-1.86282865842256,-2.15301267815094,-1.56852849586018,"95%","9",TRUE,10,0.164232816529954
"1697",",
 ","ProxyRecord",3593.4875,-2.021836245,0.288745940919015,495.5625,0.144372970459508,247.78125,-1643.4875,9,"test_set",0.000788936966433784,-2.08596758269447,-2.14385394781477,-2.02617303674686,-2.08597050860981,-2.38504286886224,-1.78493826682327,"95%","9",TRUE,10,0.164232816529954
"1698",",
 ","ProxyRecord",3828.4875,-2.417322012,0.289374959537354,387.5625,0.144687479768677,193.78125,-1878.4875,9,"test_set",0.000671193358192657,-2.44202070382499,-2.51135460541285,-2.37247993951629,-2.44158580189954,-2.73259013516961,-2.13487512518025,"95%","9",TRUE,10,0.164232816529954
"1699",",
 ","ProxyRecord",4227.425,-2.734003631,0.28995434625047,334.6,0.144977173125235,167.3,-2277.425,9,"test_set",0.000199613894880102,-2.77460871224857,-2.84640767694095,-2.69918702565562,-2.78173958787313,-3.07136762051864,-2.49723447156065,"95%","9",TRUE,10,0.164232816529954
"1700",",
 ","ProxyRecord",4645.975,-3.223096834,0.339118288230522,180.025,0.169559144115261,90.0124999999998,-2695.975,9,"test_set",0.000356810570323329,-2.93948188784431,-3.03001676768705,-2.85471665578982,-2.92860514266951,-3.27425402622676,-2.5776649044576,"95%","9",TRUE,10,0.164232816529954
"1701",",
 ","ProxyRecord",5288.5,-3.897681316,0.341527995239457,294.5,0.170763997619729,147.25,-3338.5,9,"test_set",0.00118048595723064,-4.06113317856265,-4.10930255062254,-4.00770908599496,-4.06990947705728,-4.4104520730067,-3.73117865209965,"95%","9",TRUE,10,0.164232816529954
"1702",",
 ","ProxyRecord",5497.475,-4.811821559,0.343865587281485,239.525,0.171932793640742,119.7625,-3547.475,9,"test_set",0.00109781492225736,-4.54955063965191,-4.60647494349446,-4.49301431615163,-4.55194468220832,-4.90588536148971,-4.20794487445754,"95%","9",TRUE,10,0.164232816529954
"1703",",
 ","ProxyRecord",6113.525,-5.568045569,0.346123576551459,181.525000000001,0.173061788275729,90.7625000000003,-4163.525,9,"test_set",0.000650760148190876,-5.51460293525622,-5.57695185650665,-5.45369541140863,-5.518564764912,-5.86527386011892,-5.15262620743996,"95%","9",TRUE,10,0.164232816529954
"1704",",
 ","ProxyRecord",6315.5375,-5.727524105,0.339202350042406,166.5625,0.169601175021203,83.28125,-4365.5375,9,"test_set",0.000780911246556215,-5.79406103836498,-5.86466419914119,-5.72409836466359,-5.79630009929598,-6.14744844567709,-5.46870001497422,"95%","9",TRUE,10,0.164232816529954
"1705",",
 ","ProxyRecord",6492,-6.046279297,0.340284880886553,110.025,0.170142440443276,55.0124999999998,-4542,9,"test_set",0.00101261237317463,-6.10772186103042,-6.17956335137392,-6.03815197877202,-6.11099075471484,-6.45253752460288,-5.76803426787982,"95%","9",TRUE,10,0.164232816529954
"1706",",
 ","ProxyRecord",6534,-6.285451714,0.341130709960747,96,0.170565354980374,48,-4584,9,"test_set",0.00107340289761115,-6.19607703194558,-6.26671579757715,-6.12753581622392,-6.19804730787643,-6.54578240642192,-5.85174808023232,"95%","9",TRUE,10,0.164232816529954
"1707",",
 ","ProxyRecord",6664.4875,-6.444935284,0.341711094596268,70.5124999999998,0.170855547298134,35.2562499999999,-4714.4875,9,"test_set",0.00125199425675682,-6.50346603002816,-6.5619411847365,-6.44511896279113,-6.50268880218528,-6.85127832492179,-6.13306497617589,"95%","9",TRUE,10,0.164232816529954
"1708",",
 ","ProxyRecord",6753.4875,-6.524692068,0.342005575347281,36.5124999999998,0.17100278767364,18.2562499999999,-4803.4875,9,"test_set",0.0013648857765558,-6.73963407660271,-6.78976645715757,-6.68782194260195,-6.74144306901932,-7.08711947868048,-6.38183287917277,"95%","9",TRUE,10,0.164232816529954
"1709",",
 ","ProxyRecord",6766.9875,-6.604468054,0.342303101619817,38.0124999999998,0.171151550809909,19.0062499999999,-4816.9875,9,"test_set",0.00138137804406302,-6.77720723993729,-6.8254784043537,-6.72660851330652,-6.77654453678497,-7.10681818242487,-6.44398234154894,"95%","9",TRUE,10,0.164232816529954
"1710",",
 ","ProxyRecord",6880,-6.72415441,0.342755673935356,41,0.171377836967678,20.5,-4930,9,"test_set",0.00151291242849183,-7.10860059441019,-7.15189113648155,-7.06273336292795,-7.10864236608947,-7.43731469063758,-6.76440182173419,"95%","9",FALSE,10,0.164232816529954
"1711",",
 ","ProxyRecord",6902.5,-7.243088214,0.344793575364147,36.5,0.172396787682073,18.25,-4952.5,9,"test_set",0.00153770802400199,-7.17799318814655,-7.22110805763201,-7.13164531347641,-7.1782502081034,-7.53215885258696,-6.83941075144862,"95%","9",TRUE,10,0.164232816529954
"1712",",
 ","ProxyRecord",7077.5125,-7.962482349,0.3478192753668,49.5124999999998,0.1739096376834,24.7562499999999,-5127.5125,9,"test_set",0.00171479539479158,-7.75219960438299,-7.801615704445,-7.70217409998873,-7.75619569724816,-8.10277074069771,-7.40068275879037,"95%","9",TRUE,10,0.164232816529954
"1713",",
 ","ProxyRecord",7526.9875,-9.243994205,0.344758772676624,97.0124999999998,0.172379386338312,48.5062499999999,-5576.9875,9,"test_set",0.00204574237465671,-9.44176904718511,-9.48791531308128,-9.39525730163378,-9.43828786923443,-9.79439877032156,-9.08912705246402,"95%","9",TRUE,10,0.164232816529954
"1714",",
 ","ProxyRecord",7535.5,-9.284107444,0.344958883798887,94.5,0.172479441899443,47.25,-5585.5,9,"test_set",0.00205043198815424,-9.4762639761474,-9.5225348895949,-9.42936126105438,-9.48079111329884,-9.82667377063843,-9.1230859972163,"95%","9",TRUE,10,0.164232816529954
"1715",",
 ","ProxyRecord",7651.9875,-10.04729486,0.348870386384677,46.0124999999998,0.174435193192338,23.0062499999999,-5701.9875,9,"test_set",0.00210886664548937,-9.95748867016876,-10.0084534951826,-9.90665915516548,-9.95135445402251,-10.3118445176603,-9.60509170675092,"95%","9",TRUE,10,0.164232816529954
"1716",",
 ","ProxyRecord",7882.475,-10.96649002,0.317905458091809,75.5249999999996,0.158952729045904,37.7624999999998,-5932.475,9,"test_set",0.00219296568109151,-10.9602814755129,-11.0136681941514,-10.9024558740569,-10.9612167931488,-11.2931392340982,-10.6347661578254,"95%","9",TRUE,10,0.164232816529954
"1717",",
 ","ProxyRecord",8096.0125,-11.61562273,0.321847961468769,116.037499999999,0.160923980734384,58.0187499999997,-6146.0125,9,"test_set",0.00223313606251274,-11.9496250840699,-12.1145174766649,-11.780952764784,-11.9513037254496,-12.3101480871882,-11.5856477886499,"95%","9",TRUE,10,0.164232816529954
"1718",",
 ","ProxyRecord",314.525,-0.342078769,0.319761861512691,215.55,0.159880930756345,107.775,1635.475,10,"test_set",0.000410094311381615,-0.381326415304882,-0.504602040163268,-0.260697591231601,-0.381150626655343,-0.747195663519698,-0.0287722568546931,"95%","10",TRUE,10,0.164232816529954
"1719",",
 ","ProxyRecord",424.5125,-0.459588663,0.319793408523136,253.6125,0.159896704261568,126.80625,1525.4875,10,"test_set",0.000383819191419887,-0.467933692222516,-0.581879055199183,-0.353031339211801,-0.46774550836168,-0.791247066599587,-0.132320693036536,"95%","10",TRUE,10,0.164232816529954
"1720",",
 ","ProxyRecord",688.9375,-0.655797012,0.319867015494004,243.0875,0.159933507747002,121.54375,1261.0625,10,"test_set",0.000279339558531544,-0.636088013548364,-0.788590820256091,-0.48867898580453,-0.636806779951511,-0.982092682039325,-0.289075957317389,"95%","10",TRUE,10,0.164232816529954
"1721",",
 ","ProxyRecord",3050.05,-1.490715379,0.300794773612641,534.075,0.15039738680632,267.0375,-1100.05,10,"test_set",0.000331604564013377,-1.39651442977215,-1.48775456610007,-1.30428256665162,-1.39540256511801,-1.71904442657679,-1.08773581234505,"95%","10",TRUE,10,0.164232816529954
"1722",",
 ","ProxyRecord",3176.9625,-1.569650617,0.300879806101973,536.0875,0.150439903050987,268.04375,-1226.9625,10,"test_set",0.000485395627713991,-1.49881927117207,-1.5940758502714,-1.40546540905055,-1.50048951134458,-1.80838873949844,-1.19380572160461,"95%","10",TRUE,10,0.164232816529954
"1723",",
 ","ProxyRecord",3241.4625,-1.609122975,0.300923926058793,549.5375,0.150461963029397,274.76875,-1291.4625,10,"test_set",0.00057180492307185,-1.5673628496668,-1.66171885312382,-1.47440050020919,-1.56738770582049,-1.89279302590496,-1.25978250056313,"95%","10",TRUE,10,0.164232816529954
"1724",",
 ","ProxyRecord",3652.4375,-2.100903267,0.288863245235775,474.5875,0.144431622617888,237.29375,-1702.4375,10,"test_set",0.00077901295277849,-2.17146203410715,-2.23214258190239,-2.11019310071831,-2.16905210225711,-2.4749031604617,-1.86530931219047,"95%","10",TRUE,10,0.164232816529954
"1725",",
 ","ProxyRecord",3774.9125,-2.338190529,0.289240700413988,423.0875,0.144620350206994,211.54375,-1824.9125,10,"test_set",0.000723307849570531,-2.3588811115638,-2.42629309528704,-2.29399037989802,-2.35764550790681,-2.6509517927463,-2.06344986457726,"95%","10",TRUE,10,0.164232816529954
"1726",",
 ","ProxyRecord",4062.9625,-2.615220506,0.289729574654109,362.0625,0.144864787327055,181.03125,-2112.9625,10,"test_set",0.000389293222646803,-2.6925175232793,-2.77702682471606,-2.61572769413729,-2.68955412756487,-2.99406651451195,-2.3968058184993,"95%","10",TRUE,10,0.164232816529954
"1727",",
 ","ProxyRecord",5139.95,-3.540440188,0.339766772285827,226.075,0.169883386142914,113.0375,-3189.95,10,"test_set",0.00110442867816696,-3.73886577179998,-3.80811593861699,-3.67424672250387,-3.73558270785171,-4.05833330129092,-3.40320745866348,"95%","10",TRUE,10,0.164232816529954
"1728",",
 ","ProxyRecord",5240.525,-3.699188863,0.340110731013885,284.525000000001,0.170055365506943,142.2625,-3290.525,10,"test_set",0.00115488156949839,-3.96973839489713,-4.02900101345121,-3.91163163659202,-3.96607587042153,-4.28235464259924,-3.60896481194478,"95%","10",TRUE,10,0.164232816529954
"1729",",
 ","ProxyRecord",5263.0125,-3.778548902,0.341256009309266,290.0125,0.170628004654633,145.00625,-3313.0125,10,"test_set",0.00116016543327824,-4.02246387627099,-4.07991618302578,-3.96598452370415,-4.00959573258839,-4.35568500684868,-3.65511729338815,"95%","10",TRUE,10,0.164232816529954
"1730",",
 ","ProxyRecord",5305.5125,-3.977108146,0.341713889121346,297.5125,0.170856944560673,148.75625,-3355.5125,10,"test_set",0.00116416644697637,-4.1225276099598,-4.17855828789435,-4.06755080252535,-4.12596394147188,-4.4769697735893,-3.78560855584374,"95%","10",TRUE,10,0.164232816529954
"1731",",
 ","ProxyRecord",5325.9875,-4.016826921,0.341808042,301.0375,0.17090402117789,150.51875,-3375.9875,10,"test_set",0.00116329984545249,-4.17076337541734,-4.22505696637057,-4.11629318587066,-4.16181357682364,-4.50468502872091,-3.8144663429412,"95%","10",TRUE,10,0.164232816529954
"1732",",
 ","ProxyRecord",5403.975,-4.294945935,0.342490488566976,279.025,0.171245244283488,139.5125,-3453.975,10,"test_set",0.00114335903664831,-4.35303360009624,-4.40566108259684,-4.29691871296249,-4.35711005338978,-4.70452930659331,-4.00136826568214,"95%","10",TRUE,10,0.164232816529954
"1733",",
 ","ProxyRecord",5458.0125,-4.652727697,0.343427072137768,257.0125,0.171713536068884,128.50625,-3508.0125,10,"test_set",0.00111408208280928,-4.47634192210038,-4.53250682523169,-4.41773241428572,-4.47427924259596,-4.80884485124392,-4.12471076713717,"95%","10",TRUE,10,0.164232816529954
"1734",",
 ","ProxyRecord",5876.425,-5.20971416,0.345018016928655,233.575,0.172509008464327,116.7875,-3926.425,10,"test_set",0.000672177055416334,-5.21899919787039,-5.28708943490901,-5.15216432892374,-5.21247609294254,-5.55524118481331,-4.8882120459875,"95%","10",TRUE,10,0.164232816529954
"1735",",
 ","ProxyRecord",5959.5125,-5.368946419,0.345500796548822,219.537499999999,0.172750398274411,109.76875,-4009.5125,10,"test_set",0.000633973749364358,-5.32503311239838,-5.39227703906885,-5.25992703928992,-5.32467593999279,-5.65980008598202,-4.97492406168886,"95%","10",TRUE,10,0.164232816529954
"1736",",
 ","ProxyRecord",6007.0125,-5.44857656,0.345747603325205,207.0625,0.172873801662603,103.53125,-4057.0125,10,"test_set",0.000623769404151098,-5.38339221842121,-5.44862393316332,-5.31908979359324,-5.37843230450565,-5.73070716086262,-5.02809627170318,"95%","10",TRUE,10,0.164232816529954
"1737",",
 ","ProxyRecord",6173.5,-5.647710547,0.346378582693799,166.5,0.1731892913469,83.25,-4223.5,10,"test_set",0.000654834079005795,-5.58885846295406,-5.65340050715688,-5.52428527495096,-5.58510246123223,-5.93403847381109,-5.24089451167716,"95%","10",TRUE,10,0.164232816529954
"1738",",
 ","ProxyRecord",6376,-5.767361799,0.339334572475942,137.05,0.169667286237971,68.5250000000001,-4426,10,"test_set",0.00083278469888981,-5.88154182666265,-5.95127328314646,-5.81144835340134,-5.8780734781879,-6.23923564494579,-5.51863723564614,"95%","10",TRUE,10,0.164232816529954
"1739",",
 ","ProxyRecord",7509.5125,-9.123676882,0.344163563135009,97.5124999999998,0.172081781567504,48.7562499999999,-5559.5125,10,"test_set",0.00203223328734126,-9.37004890017916,-9.4154600151889,-9.32610688042295,-9.3762974951696,-9.7241876964921,-9.03703161764943,"95%","10",TRUE,10,0.164232816529954
"1740",",
 ","ProxyRecord",7626.475,-9.966857902,0.348448225001148,45.5249999999996,0.174224112500574,22.7624999999998,-5676.475,10,"test_set",0.00208374400001432,-9.84773539481102,-9.89914526695362,-9.7992941756959,-9.85537310675975,-10.1829704855481,-9.51401644287505,"95%","10",TRUE,10,0.164232816529954
"1741",",
 ","ProxyRecord",7638.9875,-10.00707729,0.348658753653181,45.0124999999998,0.174329376826591,22.5062499999999,-5688.9875,10,"test_set",0.00208849866427663,-9.8997049554281,-9.95085828005791,-9.85097937104834,-9.90028923888011,-10.2786997417881,-9.57251595432601,"95%","10",TRUE,10,0.164232816529954
"1742",",
 ","ProxyRecord",7668.0125,-10.12775327,0.349294603306728,51.0124999999998,0.174647301653364,25.5062499999999,-5718.0125,10,"test_set",0.00209896544367538,-10.0208925567147,-10.0720042034782,-9.97077091975756,-10.0170576841963,-10.3566433624643,-9.66916918419124,"95%","10",TRUE,10,0.164232816529954
"1743",",
 ","ProxyRecord",7673.5125,-10.16799711,0.34950763406825,51.5124999999998,0.174753817034125,25.7562499999999,-5723.5125,10,"test_set",0.00210086021490419,-10.0439561084504,-10.0944842308681,-9.99419901224501,-10.0454326796371,-10.3966138314685,-9.71409392439701,"95%","10",TRUE,10,0.164232816529954
"1744",",
 ","ProxyRecord",7785.5125,-10.64362138,0.315978194872758,70.5374999999995,0.157989097436379,35.2687499999997,-5835.5125,10,"test_set",0.00213330444762683,-10.5204024689095,-10.5735438659168,-10.4704128945124,-10.5218492063491,-10.8280460328234,-10.2048403697916,"95%","10",TRUE,10,0.164232816529954
"1745",",
 ","ProxyRecord",7901.9875,-11.08776593,0.318636706627967,76.0124999999998,0.159318353313984,38.0062499999999,-5951.9875,10,"test_set",0.00215462853474513,-11.0292684793231,-11.0863014523099,-10.9735966298077,-11.0327575658382,-11.3625476998017,-10.7140847930403,"95%","10",TRUE,10,0.164232816529954
"1746",",
 ","ProxyRecord",8033.5,-11.49327452,0.321101327885253,79.5249999999996,0.160550663942626,39.7624999999998,-6083.5,10,"test_set",0.00216348886374895,-11.6195833842822,-11.7275991567017,-11.5097925045599,-11.6208007072209,-11.9443923307871,-11.3016895578955,"95%","10",TRUE,10,0.164232816529954
"1747",",
 ","ProxyRecord",1641.5375,-0.957970181,0.286726175796548,296.5375,0.143363087898274,148.26875,308.4625,1,"test_set",0.000200053423707325,-0.934079190401565,-1.04547862644574,-0.818272244381188,-0.934784164973902,-1.25116926455234,-0.623245472718566,"95%","1",TRUE,11,0.164703013821073
"1748",",
 ","ProxyRecord",2665.525,-1.254088565,0.300565543276673,450.55,0.150282771638337,225.275,-715.525,1,"test_set",0.000159448466713341,-1.24079149494884,-1.34188702216889,-1.14122254473608,-1.23662606185857,-1.54295658377782,-0.923365508017743,"95%","1",TRUE,11,0.164703013821073
"1749",",
 ","ProxyRecord",2895,-1.451256277,0.300753825014529,485.025,0.150376912507265,242.5125,-945,1,"test_set",0.000314921306004967,-1.34490700605078,-1.45300744187855,-1.24379856773416,-1.34625810979237,-1.65650138590083,-1.01951038345437,"95%","1",TRUE,11,0.164703013821073
"1750",",
 ","ProxyRecord",3340.9625,-1.705778615,0.288320523167636,558.0875,0.144160261583818,279.04375,-1390.9625,1,"test_set",0.000579342557988083,-1.76328465371194,-1.83069200322518,-1.69644650081935,-1.76482170219565,-2.06570695895585,-1.47063077726322,"95%","1",TRUE,11,0.164703013821073
"1751",",
 ","ProxyRecord",4515.375,-3.064499745,0.338816014431289,249.625,0.169408007215644,124.8125,-2565.375,1,"test_set",0.000372914746160635,-3.00827924135379,-3.08846789789435,-2.9249528076648,-3.00752970959757,-3.34409705868218,-2.66481982834236,"95%","1",TRUE,11,0.164703013821073
"1752",",
 ","ProxyRecord",4791.55,-3.302407786,0.339275250705151,158.55,0.169637625352575,79.2750000000001,-2841.55,1,"test_set",0.00047105360910793,-3.22537089688258,-3.29470862120521,-3.15671483131484,-3.23214939313626,-3.57783665530915,-2.87566411321731,"95%","1",TRUE,11,0.164703013821073
"1753",",
 ","ProxyRecord",5436.4875,-4.493687003,0.343001634708074,263.5375,0.171500817354037,131.76875,-3486.4875,1,"test_set",0.00120639178824433,-4.34758156904385,-4.3963788543724,-4.29856634020215,-4.3439404368609,-4.70435308866769,-4.00377640879011,"95%","1",TRUE,11,0.164703013821073
"1754",",
 ","ProxyRecord",5769.0125,-5.050516198,0.344546861642985,237.0125,0.172273430821493,118.50625,-3819.0125,1,"test_set",0.00102943961737267,-5.12997293568826,-5.2073265973154,-5.04815667014436,-5.13492314654715,-5.47340614051009,-4.78061539241915,"95%","1",TRUE,11,0.164703013821073
"1755",",
 ","ProxyRecord",5894.5625,-5.249518632,0.345137240098874,229.6875,0.172568620049437,114.84375,-3944.5625,1,"test_set",0.000827555858839979,-5.36365951273237,-5.44451239566943,-5.27576028126479,-5.36513315690796,-5.74021249695292,-5.01508541447666,"95%","1",TRUE,11,0.164703013821073
"1756",",
 ","ProxyRecord",5915.5375,-5.289326617,0.345257715571853,227.537499999999,0.172628857785926,113.76875,-3965.5375,1,"test_set",0.0007935671466619,-5.39719890560722,-5.47795916620298,-5.30918964452203,-5.39979197257631,-5.75914559600129,-5.0470738513374,"95%","1",TRUE,11,0.164703013821073
"1757",",
 ","ProxyRecord",5982.9625,-5.408760694,0.345623638613531,213.0375,0.172811819306765,106.51875,-4032.9625,1,"test_set",0.000700601967063008,-5.49563114130356,-5.57364596287476,-5.41218935716126,-5.49111799295458,-5.83670793476943,-5.13504793411419,"95%","1",TRUE,11,0.164703013821073
"1758",",
 ","ProxyRecord",6401.5125,-5.807199824,0.339467945253441,126.5125,0.169733972626721,63.2562499999999,-4451.5125,1,"test_set",0.000679523827984418,-5.98721572832953,-6.0504696031259,-5.92289370647523,-5.99199855955865,-6.35033597740003,-5.64063733522104,"95%","1",TRUE,11,0.164703013821073
"1759",",
 ","ProxyRecord",6483.5,-6.006430847,0.340146513072739,115.525,0.17007325653637,57.7624999999998,-4533.5,1,"test_set",0.000787573623650672,-6.1047779762063,-6.16944347976128,-6.0397860087722,-6.10506312448646,-6.47421682573748,-5.73757907406897,"95%","1",TRUE,11,0.164703013821073
"1760",",
 ","ProxyRecord",6757.9875,-6.564574788,0.342153890162499,35.0124999999998,0.171076945081249,17.5062499999999,-4807.9875,1,"test_set",0.00133044503705104,-6.68729118779291,-6.74372568685623,-6.63408332572799,-6.6946163460709,-7.04096184435634,-6.34217557830708,"95%","1",TRUE,11,0.164703013821073
"1761",",
 ","ProxyRecord",7009,-7.482762399,0.34577545544023,63.0249999999996,0.172887727720115,31.5124999999998,-5059,1,"test_set",0.00171619358193542,-7.47324193353829,-7.52115513458359,-7.42687896404347,-7.47182727675978,-7.80909935835371,-7.13036773198083,"95%","1",TRUE,11,0.164703013821073
"1762",",
 ","ProxyRecord",7056.5,-7.602653996,0.346276162220291,50.5,0.173138081110145,25.25,-5106.5,1,"test_set",0.00177078274850029,-7.64127543033857,-7.69242763960097,-7.59115048343756,-7.64649462265761,-8.02181299675154,-7.28921569002181,"95%","1",TRUE,11,0.164703013821073
"1763",",
 ","ProxyRecord",7077,-7.922489889,0.34764481511105,49,0.173822407555525,24.5,-5127,1,"test_set",0.00179253261263224,-7.71522573151123,-7.76770033999628,-7.66414834832396,-7.70986614236556,-8.06364704680072,-7.36389855077518,"95%","1",TRUE,11,0.164703013821073
"1764",",
 ","ProxyRecord",7079,-8.002475328,0.347993704941651,50,0.173996852470826,25,-5129,1,"test_set",0.00179459613223187,-7.72248326550501,-7.7748218472091,-7.67142151167224,-7.72440438810084,-8.06392390973797,-7.39178907416895,"95%","1",TRUE,11,0.164703013821073
"1765",",
 ","ProxyRecord",7126.5125,-8.402640694,0.349777152545626,66.5374999999995,0.174888576272813,33.2687499999997,-5176.5125,1,"test_set",0.00184056368677243,-7.89696310440655,-7.95091351583363,-7.84329066706976,-7.89737642653234,-8.25570269143681,-7.54118940270849,"95%","1",FALSE,11,0.164703013821073
"1766",",
 ","ProxyRecord",7586.9875,-9.605206156,0.34658136976361,69.0375000000004,0.173290684881805,34.5187500000002,-5636.9875,1,"test_set",0.00205267361819139,-9.68907353446966,-9.73587420824393,-9.64229257958353,-9.68342318626512,-10.0286050381727,-9.33846597987411,"95%","1",TRUE,11,0.164703013821073
"1767",",
 ","ProxyRecord",7704.9875,-10.32901506,0.350365765765407,55.0375000000004,0.175182882882703,27.5187500000002,-5754.9875,1,"test_set",0.00208953569300618,-10.1718592844183,-10.2285478080946,-10.1162379933845,-10.1740195213687,-10.5251288324909,-9.82731478657477,"95%","1",TRUE,11,0.164703013821073
"1768",",
 ","ProxyRecord",7710.9875,-10.36928899,0.350581118951387,56.0124999999998,0.175290559475694,28.0062499999999,-5760.9875,1,"test_set",0.00209140594420454,-10.1968685549409,-10.2544300418915,-10.1408790628067,-10.1995835246048,-10.5355553314491,-9.85296355267277,"95%","1",TRUE,11,0.164703013821073
"1769",",
 ","ProxyRecord",7737.4875,-10.44985038,0.351013938377691,56.5124999999998,0.175506969188846,28.2562499999999,-5787.4875,1,"test_set",0.00209966148387863,-10.3079365906709,-10.3678175126138,-10.2501249846936,-10.3079818864619,-10.6679528521038,-9.96041261466904,"95%","1",TRUE,11,0.164703013821073
"1770",",
 ","ProxyRecord",7822.5,-10.76462635,0.31669658463322,75.5249999999996,0.15834829231661,37.7624999999998,-5872.5,1,"test_set",0.00212609327641111,-10.6716254119851,-10.7323060289972,-10.6130642743488,-10.6717544645136,-11.0056700033207,-10.3545295147454,"95%","1",TRUE,11,0.164703013821073
"1771",",
 ","ProxyRecord",7855.9875,-10.84533785,0.317178678190513,72.0124999999998,0.158589339095256,36.0062499999999,-5905.9875,1,"test_set",0.00213648327078708,-10.8183180949357,-10.8794854410426,-10.7573996432623,-10.8138016605148,-11.1323566312142,-10.5042502655022,"95%","1",TRUE,11,0.164703013821073
"1772",",
 ","ProxyRecord",7874.5,-10.92610014,0.317662308928226,77.5,0.158831154464113,38.75,-5924.5,1,"test_set",0.0021422217549194,-10.900323117925,-10.9618293622201,-10.8387040872123,-10.8975977633293,-11.2151777940105,-10.5840126080077,"95%","1",TRUE,11,0.164703013821073
"1773",",
 ","ProxyRecord",7909.475,-11.12823582,0.318881930258435,73.5499999999993,0.159440965129217,36.7749999999996,-5959.475,1,"test_set",0.0021530529785263,-11.057118502599,-11.1211067794142,-10.9914212680012,-11.0604839526526,-11.389786573376,-10.7223167272942,"95%","1",TRUE,11,0.164703013821073
"1774",",
 ","ProxyRecord",7985.025,-11.45261046,0.320852569852097,48.0250000000006,0.160426284926048,24.0125000000003,-6035.025,1,"test_set",0.00217640373882944,-11.4047843494909,-11.4949626270396,-11.3191934878312,-11.4088291903683,-11.7452554272646,-11.0943708040326,"95%","1",TRUE,11,0.164703013821073
"1775",",
 ","ProxyRecord",8079.5375,-11.57477541,0.32159807563747,108.537499999999,0.160799037818735,54.2687499999997,-6129.5375,1,"test_set",0.00220552697722809,-11.8589343261241,-12.0187231555286,-11.7010470520676,-11.8568291171319,-12.2051560552188,-11.5088838748154,"95%","1",TRUE,11,0.164703013821073
"1776",",
 ","ProxyRecord",86.5125,-0.185732135,0.320420612992673,115.5125,0.160210306496337,57.75625,1863.4875,2,"test_set",0.000427618878862807,-0.163933591257153,-0.283974114770465,-0.0377427553953368,-0.161142327916926,-0.515327454322952,0.198464230323797,"95%","2",TRUE,11,0.164703013821073
"1777",",
 ","ProxyRecord",106.975,-0.224759024,0.320425871285962,117.05,0.160212935642981,58.525,1843.025,2,"test_set",0.000431044746947856,-0.182662787880734,-0.304420893897617,-0.0516572897241396,-0.182797096565245,-0.514241779847845,0.163449758891847,"95%","2",TRUE,11,0.164703013821073
"1778",",
 ","ProxyRecord",455.475,-0.498793716,0.319806047515963,262.525,0.159903023757982,131.2625,1494.525,2,"test_set",0.000395282506045202,-0.483132686402747,-0.592950443364945,-0.371726079189104,-0.483948291637792,-0.82279456039942,-0.133165083796331,"95%","2",TRUE,11,0.164703013821073
"1779",",
 ","ProxyRecord",489.9125,-0.538023586,0.319819761943323,257.1375,0.159909880971662,128.56875,1460.0875,2,"test_set",0.000382096898399187,-0.509010691105341,-0.623579795682044,-0.396157562223972,-0.51225375701518,-0.850617876142534,-0.165750569342758,"95%","2",TRUE,11,0.164703013821073
"1780",",
 ","ProxyRecord",3669.4875,-2.14043883,0.28892352842253,466.6125,0.144461764211265,233.30625,-1719.4875,2,"test_set",0.000605188044888738,-2.15855266146626,-2.22379214738091,-2.09247237482433,-2.16126008961721,-2.44480661765866,-1.87224560753413,"95%","2",TRUE,11,0.164703013821073
"1781",",
 ","ProxyRecord",4137.85,-2.654812297,0.289803103947138,343.15,0.144901551973569,171.575,-2187.85,2,"test_set",0.000510192890212924,-2.69311676905017,-2.76278809217202,-2.62210772132468,-2.69104996965225,-2.96728846803715,-2.3933127724169,"95%","2",TRUE,11,0.164703013821073
"1782",",
 ","ProxyRecord",5282.9875,-3.857965428,0.341436546111018,293.0125,0.170718273055509,146.50625,-3332.9875,2,"test_set",0.00107666287161301,-3.97390722484299,-4.03762230072599,-3.91277952961715,-3.97035307377793,-4.29912439542474,-3.64136448531753,"95%","2",TRUE,11,0.164703013821073
"1783",",
 ","ProxyRecord",5357.5,-4.056556677,0.341902928643201,296.525,0.1709514643216,148.2625,-3407.5,2,"test_set",0.0011372325122716,-4.14155057531033,-4.20021362113076,-4.08248647470139,-4.13682286889362,-4.48341767191383,-3.79421299630553,"95%","2",TRUE,11,0.164703013821073
"1784",",
 ","ProxyRecord",5419.475,-4.374432822,0.342692479157206,270.525,0.171346239578603,135.2625,-3469.475,2,"test_set",0.00116821631164221,-4.28670734594968,-4.34288585315296,-4.23107401012323,-4.28270891811625,-4.61690866407451,-3.93682204600138,"95%","2",TRUE,11,0.164703013821073
"1785",",
 ","ProxyRecord",5425.5,-4.414179642,0.342794652632266,267.5,0.171397326316133,133.75,-3475.5,2,"test_set",0.00117028909145667,-4.30100252398535,-4.35689180545082,-4.24565510755317,-4.30715929806916,-4.63461347911951,-3.95674684338529,"95%","2",TRUE,11,0.164703013821073
"1786",",
 ","ProxyRecord",5450.5125,-4.612960677,0.343319504023197,259.5125,0.171659752011599,129.75625,-3500.5125,2,"test_set",0.0011771141783079,-4.36058030863125,-4.41566860707295,-4.30581766663098,-4.35872055795022,-4.70327717076663,-4.0294790976232,"95%","2",TRUE,11,0.164703013821073
"1787",",
 ","ProxyRecord",5521,-4.89137323,0.344089636619946,235,0.172044818309973,117.5,-3571,2,"test_set",0.00118091377709906,-4.52939262594858,-4.58498207077468,-4.47241290877338,-4.5238531495309,-4.88127638103991,-4.18584018200386,"95%","2",FALSE,11,0.164703013821073
"1788",",
 ","ProxyRecord",5540.55,-4.931154704,0.344202398,232.6,0.172101199126866,116.3,-3590.55,2,"test_set",0.0011779317478311,-4.57612856824461,-4.6322207966734,-4.5178378673058,-4.57325591659636,-4.91298357994423,-4.22354358782085,"95%","2",FALSE,11,0.164703013821073
"1789",",
 ","ProxyRecord",6898.4875,-7.123284212,0.344312050323254,37.5124999999998,0.172156025161627,18.7562499999999,-4948.4875,2,"test_set",0.00159073222307793,-7.10842508016665,-7.15201499971937,-7.06358867810075,-7.10116581825895,-7.4464362549119,-6.74585958228565,"95%","2",TRUE,11,0.164703013821073
"1790",",
 ","ProxyRecord",6901,-7.203151788,0.344632076022813,37,0.172316038011406,18.5,-4951,2,"test_set",0.00159443016505278,-7.11655621610543,-7.1601510325901,-7.07184036135216,-7.11466954021874,-7.46724925108291,-6.76356647333061,"95%","2",TRUE,11,0.164703013821073
"1791",",
 ","ProxyRecord",6955.4875,-7.442811919,0.345609326054903,54.5124999999998,0.172804663027451,27.2562499999999,-5005.4875,2,"test_set",0.0016705414295215,-7.29727853372632,-7.34043136362109,-7.25338054024173,-7.30840650608959,-7.65724828288247,-6.95069083626201,"95%","2",TRUE,11,0.164703013821073
"1792",",
 ","ProxyRecord",7069.4875,-7.722565125,0.346784271994654,50.5124999999998,0.173392135997327,25.2562499999999,-5119.4875,2,"test_set",0.00180452340357018,-7.69912432110281,-7.74634863014517,-7.64977567608015,-7.69633562122321,-8.06211464952624,-7.35095790663069,"95%","2",TRUE,11,0.164703013821073
"1793",",
 ","ProxyRecord",7073,-7.842510552,0.347298114098866,50,0.173649057049433,25,-5123,2,"test_set",0.00180810875463067,-7.71194252224184,-7.75936877757887,-7.66232508000798,-7.70830235717913,-8.05843686434633,-7.36706876294733,"95%","2",TRUE,11,0.164703013821073
"1794",",
 ","ProxyRecord",7199.5,-8.442668627,0.34995908964487,94.5,0.174979544822435,47.25,-5249.5,2,"test_set",0.00191560363234089,-8.18684134863067,-8.24042316218169,-8.12993730733776,-8.19416321353086,-8.53538484812733,-7.83709113756015,"95%","2",TRUE,11,0.164703013821073
"1795",",
 ","ProxyRecord",7393,-8.682831134,0.342027151171328,58.0249999999996,0.171013575585664,29.0124999999998,-5443,2,"test_set",0.00200017176710254,-8.94259870833134,-8.99772110531648,-8.88802891943818,-8.94627277101314,-9.28037973708927,-8.59461346001711,"95%","2",TRUE,11,0.164703013821073
"1796",",
 ","ProxyRecord",7501.9875,-9.083584591,0.343965959128801,99.0124999999998,0.171982979564401,49.5062499999999,-5551.9875,2,"test_set",0.00202445358858938,-9.3733981222679,-9.42436885226176,-9.32307688636671,-9.37326502847932,-9.7168103849084,-9.04156370594632,"95%","2",TRUE,11,0.164703013821073
"1797",",
 ","ProxyRecord",7542.9875,-9.324212167,0.345159996659364,93.0124999999998,0.172579998329682,46.5062499999999,-5592.9875,2,"test_set",0.00203179276443421,-9.5365025648029,-9.58590019455089,-9.48787762775715,-9.5331575151026,-9.87214445710905,-9.19367751767051,"95%","2",TRUE,11,0.164703013821073
"1798",",
 ","ProxyRecord",7590.4875,-9.645368042,0.346786157617497,67.5124999999998,0.173393078808748,33.7562499999999,-5640.4875,2,"test_set",0.00203906814366661,-9.7264105074385,-9.77694758502327,-9.67825945899887,-9.72398717027194,-10.0491898453609,-9.38343106302812,"95%","2",TRUE,11,0.164703013821073
"1799",",
 ","ProxyRecord",7593,-9.685537385,0.346991817174247,66,0.173495908587123,33,-5643,2,"test_set",0.00203941628633686,-9.73648711158637,-9.7869424585441,-9.68832199010228,-9.74534417386732,-10.0731881319,-9.41256536735112,"95%","2",TRUE,11,0.164703013821073
"1800",",
 ","ProxyRecord",7680.5,-10.20824852,0.349720836991891,52.5249999999996,0.174860418495946,26.2624999999998,-5730.5,2,"test_set",0.00204924115889682,-10.0896905324313,-10.1431213982101,-10.0366049759552,-10.0940920834151,-10.4375051701034,-9.74188105053955,"95%","2",TRUE,11,0.164703013821073
"1801",",
 ","ProxyRecord",7719.5,-10.40956333,0.350797820037471,54.5,0.175398910018735,27.25,-5769.5,2,"test_set",0.00205217986315454,-10.2487233205126,-10.3032370114696,-10.1947041113891,-10.2543686498284,-10.6108995689029,-9.89906604313341,"95%","2",TRUE,11,0.164703013821073
"1802",",
 ","ProxyRecord",7916,-11.16869893,0.319127252382136,72.0249999999996,0.159563626191068,36.0124999999998,-5966,2,"test_set",0.00205347576924808,-11.0692561048622,-11.131338027149,-11.0068203756422,-11.0690896326267,-11.3902145689204,-10.7577319217199,"95%","2",TRUE,11,0.164703013821073
"1803",",
 ","ProxyRecord",7950.525,-11.37136039,0.320357822,56.5250000000006,0.160178911062888,28.2625000000003,-6000.525,2,"test_set",0.00205137475086659,-11.2173466868182,-11.2884351687181,-11.1469765613083,-11.2167462754315,-11.5439027385728,-10.8974220867806,"95%","2",TRUE,11,0.164703013821073
"1804",",
 ","ProxyRecord",7962.5125,-11.41196737,0.320605004,50.5124999999998,0.160302502121402,25.2562499999999,-6012.5125,2,"test_set",0.00205048246431083,-11.2690778387992,-11.3438266375265,-11.194428643287,-11.2668879310208,-11.5954980858387,-10.9408246790856,"95%","2",TRUE,11,0.164703013821073
"1805",",
 ","ProxyRecord",43,-0.107832927,0.320413083395057,95,0.160206541697529,47.5,1907,3,"test_set",0.000407089572668218,-0.127669639507809,-0.264783083016594,0.00909402464809329,-0.132411596699641,-0.478544439428214,0.217852224589812,"95%","3",TRUE,11,0.164703013821073
"1806",",
 ","ProxyRecord",143.5,-0.26382257,0.320432262211112,116.5,0.160216131105556,58.25,1806.5,3,"test_set",0.000430313391570902,-0.217481145564092,-0.341914177759983,-0.094371869421525,-0.22024909503499,-0.57632083583659,0.119055797375811,"95%","3",TRUE,11,0.164703013821073
"1807",",
 ","ProxyRecord",540.0125,-0.577269311,0.319834502900122,240.0375,0.159917251450061,120.01875,1409.9875,3,"test_set",0.00036173880507695,-0.546177890411049,-0.66523650494341,-0.429412645221607,-0.544505707752174,-0.887456203490539,-0.209443356382145,"95%","3",TRUE,11,0.164703013821073
"1808",",
 ","ProxyRecord",3370.9375,-1.745264165,0.288369911951494,556.1375,0.144184955975747,278.06875,-1420.9375,3,"test_set",0.000576566487120456,-1.80160474361124,-1.86777117384297,-1.73544090553058,-1.79469879950843,-2.08300513060336,-1.51322250636107,"95%","3",TRUE,11,0.164703013821073
"1809",",
 ","ProxyRecord",3507.4875,-1.942789411,0.288632722,522.5125,0.144316361053702,261.25625,-1557.4875,3,"test_set",0.000598546072921868,-1.96236671379692,-2.02922649085372,-1.89389612657889,-1.96234251853424,-2.26319575497037,-1.65975979368267,"95%","3",TRUE,11,0.164703013821073
"1810",",
 ","ProxyRecord",3856.425,-2.456892552,0.289443890618171,374.575,0.144721945309086,187.2875,-1906.425,3,"test_set",0.000566710313099072,-2.3756972697198,-2.44286702209444,-2.31035244360017,-2.3817971220894,-2.67726358771369,-2.07791945935148,"95%","3",TRUE,11,0.164703013821073
"1811",",
 ","ProxyRecord",3964.9625,-2.575635346,0.289656809549025,351.0625,0.144828404774512,175.53125,-2014.9625,3,"test_set",0.000544354332476793,-2.49732373452506,-2.56317493557992,-2.4325035618118,-2.48669253163437,-2.77979943413425,-2.19257029409615,"95%","3",TRUE,11,0.164703013821073
"1812",",
 ","ProxyRecord",4280.9125,-2.747481033,0.338253782539985,328.1875,0.169126891269993,164.09375,-2330.9125,3,"test_set",0.000452359715308326,-2.81541210846909,-2.90009909303964,-2.73430646252372,-2.81074955969832,-3.19086256023611,-2.45154702051065,"95%","3",TRUE,11,0.164703013821073
"1813",",
 ","ProxyRecord",4408.3875,-2.905967107,0.338527465937458,283.6375,0.169263732968729,141.81875,-2458.3875,3,"test_set",0.000404765979244992,-2.92358594430381,-3.01446085189803,-2.83409481837375,-2.91861455085118,-3.30133538200303,-2.57085726112938,"95%","3",TRUE,11,0.164703013821073
"1814",",
 ","ProxyRecord",4435,-2.945588849,0.33859826394738,280.025,0.16929913197369,140.0125,-2485,3,"test_set",0.000396941076330481,-2.94451975737452,-3.03542482767092,-2.85580084548371,-2.94343855104706,-3.29977264363438,-2.59720991814459,"95%","3",TRUE,11,0.164703013821073
"1815",",
 ","ProxyRecord",4599,-3.183441865,0.339041496327628,211.025,0.169520748163814,105.5125,-2649,3,"test_set",0.000392441076746408,-3.0686748421041,-3.15235208987739,-2.98482936638221,-3.0689499565529,-3.43078275589968,-2.72164470255599,"95%","3",TRUE,11,0.164703013821073
"1816",",
 ","ProxyRecord",4690.4875,-3.262750604,0.339196208492697,164.5375,0.169598104246349,82.2687500000002,-2740.4875,3,"test_set",0.000422621680706836,-3.14079594052902,-3.21972900675435,-3.06120043708866,-3.1436542661495,-3.49750025564849,-2.77445090369223,"95%","3",TRUE,11,0.164703013821073
"1817",",
 ","ProxyRecord",5395.5125,-4.255202499,0.342390587855401,282.5125,0.171195293927701,141.25625,-3445.5125,3,"test_set",0.00117449659449154,-4.24586813167799,-4.30019153895048,-4.19288339487865,-4.24685180515622,-4.6049194396601,-3.91846061327478,"95%","3",TRUE,11,0.164703013821073
"1818",",
 ","ProxyRecord",5410.475,-4.33468808,0.34259086707063,276.525,0.171295433535315,138.2625,-3460.475,3,"test_set",0.00118065174405935,-4.28161773676209,-4.33548583707466,-4.22782920377771,-4.28800144770014,-4.62959266573415,-3.94491733356688,"95%","3",TRUE,11,0.164703013821073
"1819",",
 ","ProxyRecord",6043.025,-5.488399286,0.34587172985261,202.025000000001,0.172935864926305,101.0125,-4093.025,3,"test_set",0.000648417641246901,-5.55933674496176,-5.63328942023046,-5.48556371848794,-5.56149030419274,-5.90951937948955,-5.22220169267714,"95%","3",TRUE,11,0.164703013821073
"1820",",
 ","ProxyRecord",6417.9875,-5.847043877,0.339602210489672,123.0125,0.169801105244836,61.5062499999999,-4467.9875,3,"test_set",0.000719916128666398,-6.01043376614384,-6.0749472364656,-5.94681235995072,-6.01082491295892,-6.34819632096922,-5.66778994400775,"95%","3",TRUE,11,0.164703013821073
"1821",",
 ","ProxyRecord",6439.475,-5.886892288,0.339737279826235,120.549999999999,0.169868639913118,60.2749999999996,-4489.475,3,"test_set",0.000746724126332587,-6.04143589543773,-6.10540387921078,-5.9776132256305,-6.03765325684995,-6.37989590794086,-5.67979037777456,"95%","3",TRUE,11,0.164703013821073
"1822",",
 ","ProxyRecord",6800.0125,-6.644358516,0.342452829835931,51.0124999999998,0.171226414917965,25.5062499999999,-4850.0125,3,"test_set",0.00142261225866136,-6.8225502534009,-6.87377720484187,-6.77167100861042,-6.82708740899457,-7.1680072831888,-6.4879768143542,"95%","3",TRUE,11,0.164703013821073
"1823",",
 ","ProxyRecord",6848.9875,-6.684252516,0.34260380174792,53.0124999999998,0.17130190087396,26.5062499999999,-4898.9875,3,"test_set",0.00150414106288022,-6.96884356333601,-7.01647223398797,-6.92198954336442,-6.95953924822233,-7.29812238369767,-6.61711898229557,"95%","3",TRUE,11,0.164703013821073
"1824",",
 ","ProxyRecord",6890.5,-6.883772216,0.343369408052847,37.5,0.171684704026423,18.75,-4940.5,3,"test_set",0.00156832153670461,-7.09896641218397,-7.14625338024302,-7.0541634537049,-7.09844311955465,-7.45282049405658,-6.75164738015473,"95%","3",TRUE,11,0.164703013821073
"1825",",
 ","ProxyRecord",7044,-7.522722574,0.345941793605715,51,0.172970896802857,25.5,-5094,3,"test_set",0.00176638931108641,-7.62118334398936,-7.67027300344441,-7.57138210093137,-7.62667675191065,-7.98149421113275,-7.27494008207391,"95%","3",TRUE,11,0.164703013821073
"1826",",
 ","ProxyRecord",7066.025,-7.682598569,0.346614444,51.0250000000006,0.173307222,25.5125000000003,-5116.025,3,"test_set",0.00178973996536325,-7.70053110578809,-7.7505809256021,-7.64955015512818,-7.70114852566647,-8.05259473958143,-7.3464372153305,"95%","3",TRUE,11,0.164703013821073
"1827",",
 ","ProxyRecord",7074.0125,-7.882497373,0.34747131068946,49.0124999999998,0.17373565534473,24.5062499999999,-5124.0125,3,"test_set",0.00179789388541351,-7.72953451243097,-7.77975784487681,-7.67791285008441,-7.73220414288855,-8.07363242366643,-7.38092530549179,"95%","3",TRUE,11,0.164703013821073
"1828",",
 ","ProxyRecord",7081,-8.042470852,0.348169049616767,49.0249999999996,0.174084524808384,24.5124999999998,-5131,3,"test_set",0.00180488976524451,-7.75500201523054,-7.80543579337788,-7.7029705742373,-7.76169037474573,-8.10159666550739,-7.41975533178714,"95%","3",TRUE,11,0.164703013821073
"1829",",
 ","ProxyRecord",7430.5,-8.762952764,0.342409824875896,80.5,0.171204912437948,40.25,-5480.5,3,"test_set",0.00199895307941844,-9.0949531880625,-9.14832550292892,-9.04353084644577,-9.09611365775897,-9.42936277125047,-8.75602190930106,"95%","3",TRUE,11,0.164703013821073
"1830",",
 ","ProxyRecord",7459.4875,-8.883161883,0.342987579214241,92.5375000000004,0.17149378960712,46.2687500000002,-5509.4875,3,"test_set",0.00200679562127881,-9.20849120484394,-9.26026761856991,-9.15813960059667,-9.20553746620421,-9.55143940313565,-8.87028801137518,"95%","3",TRUE,11,0.164703013821073
"1831",",
 ","ProxyRecord",7576.0125,-9.524897074,0.34617240093023,76.0124999999998,0.173086200465115,38.0062499999999,-5626.0125,3,"test_set",0.00203776351601626,-9.66903830872022,-9.71557019156546,-9.62259620718395,-9.67219835573924,-10.0205105531827,-9.3465663983932,"95%","3",TRUE,11,0.164703013821073
"1832",",
 ","ProxyRecord",7605,-9.806066862,0.347612659721494,59,0.173806329860747,29.5,-5655,3,"test_set",0.00204532851486583,-9.78504160645692,-9.83214518978078,-9.73711378453037,-9.78257560890189,-10.1195868160103,-9.44418434216142,"95%","3",TRUE,11,0.164703013821073
"1833",",
 ","ProxyRecord",8060.5,-11.53399231,0.321349646637693,98.5,0.160674823318847,49.25,-6110.5,3,"test_set",0.00215694201468608,-11.7557505993816,-11.8860317891528,-11.6219301299889,-11.7580821972889,-12.0894839306689,-11.4200033101338,"95%","3",TRUE,11,0.164703013821073
"1834",",
 ","ProxyRecord",-68,-0.030352389,0.320409272640452,1,0.160204636320226,0.5,2018,4,"test_set",0.0294984124383179,-0.0102457152052862,-0.355147581237976,0.343156507853001,-0.00624536942940532,-0.447579513874849,0.47207411047617,"95%","4",TRUE,11,0.164703013821073
"1835",",
 ","ProxyRecord",65.5,-0.14675457,0.320416356065089,107.525,0.160208178032545,53.7625,1884.5,4,"test_set",0.031104870254034,-0.149611662269234,-0.298230094521471,-0.00514047429990376,-0.150357342751526,-0.520503562780774,0.180625118740606,"95%","4",TRUE,11,0.164703013821073
"1836",",
 ","ProxyRecord",1706.475,-0.997324995,0.28675416817989,289.55,0.143377084089945,144.775,243.525,4,"test_set",0.0147205530585615,-0.952962755922437,-1.0785064796053,-0.833269513257957,-0.952585809503361,-1.26042996183559,-0.645711900052446,"95%","4",TRUE,11,0.164703013821073
"1837",",
 ","ProxyRecord",2025.0375,-1.076058933,0.286813488023543,247.0625,0.143406744011772,123.53125,-75.0375,4,"test_set",0.0141814730076795,-1.07913207048974,-1.24515223338742,-0.931598847141851,-1.0780500078268,-1.40892301373315,-0.769576130734327,"95%","4",TRUE,11,0.164703013821073
"1838",",
 ","ProxyRecord",4191.45,-2.694404099,0.289878253,339.575,0.144939126,169.7875,-2241.45,4,"test_set",0.0358631446553348,-2.74541693581336,-2.82386743519516,-2.66684158726167,-2.74438004995933,-3.04797823036784,-2.43743224351813,"95%","4",TRUE,11,0.164703013821073
"1839",",
 ","ProxyRecord",4321.525,-2.787094202,0.338320892998089,312.55,0.169160446499044,156.275,-2371.525,4,"test_set",0.0334344000305409,-2.86827263395486,-2.95181522607862,-2.78298751090604,-2.87860985374999,-3.23618306237187,-2.53709090416173,"95%","4",TRUE,11,0.164703013821073
"1840",",
 ","ProxyRecord",4354.4125,-2.826712448,0.338389052265366,300.612499999999,0.169194526132683,150.30625,-2404.4125,4,"test_set",0.0328105462249262,-2.89756767126828,-2.98416171255412,-2.80986212489849,-2.89613940497471,-3.23678190499025,-2.54139093053726,"95%","4",TRUE,11,0.164703013821073
"1841",",
 ","ProxyRecord",5100.5125,-3.461085237,0.339599499341038,209.537499999999,0.169799749670519,104.76875,-3150.5125,4,"test_set",0.0602339102609317,-3.64345416436805,-3.7151192123534,-3.57087720092229,-3.64408005582662,-3.99972226284727,-3.29057324904971,"95%","4",TRUE,11,0.164703013821073
"1842",",
 ","ProxyRecord",5272.5,-3.818256486,0.341346113413569,290.525,0.170673056706785,145.2625,-3322.5,4,"test_set",0.077428118094458,-3.97030623801408,-4.03541411511073,-3.90498721346263,-3.96637210484995,-4.35449865003523,-3.6155356313032,"95%","4",TRUE,11,0.164703013821073
"1843",",
 ","ProxyRecord",5429.025,-4.453935584,0.342897641735312,267.025000000001,0.171448820867656,133.5125,-3479.025,4,"test_set",0.0854391357911322,-4.3269602327082,-4.38541526078493,-4.26952807490221,-4.3321761335326,-4.71000482864846,-3.94739208164662,"95%","4",TRUE,11,0.164703013821073
"1844",",
 ","ProxyRecord",5851.575,-5.169910325,0.344899204306193,229.599999999999,0.172449602153096,114.8,-3901.575,4,"test_set",0.0672030088638475,-5.27013065485215,-5.35508812261488,-5.18245772947298,-5.27658117848519,-5.66561616224483,-4.88952565054106,"95%","4",TRUE,11,0.164703013821073
"1845",",
 ","ProxyRecord",6463.5,-5.926729401,0.339872549353913,120.525,0.169936274676956,60.2624999999998,-4513.5,4,"test_set",0.0560373384494106,-6.03577205948918,-6.10645519759121,-5.96337314418406,-6.03635832530444,-6.3995127673314,-5.68071018934177,"95%","4",TRUE,11,0.164703013821073
"1846",",
 ","ProxyRecord",6512.95,-6.165855616,0.34070486802075,104.05,0.170352434010375,52.0250000000001,-4562.95,4,"test_set",0.0616052602243844,-6.11244817192692,-6.18577913744439,-6.03912731345858,-6.11373595408864,-6.47628059595774,-5.72977801108201,"95%","4",TRUE,11,0.164703013821073
"1847",",
 ","ProxyRecord",6521.0125,-6.20571608,0.340846172023142,100.0125,0.170423086011571,50.0062499999999,-4571.0125,4,"test_set",0.0626054814090171,-6.12580163448445,-6.19940196071904,-6.05245856557928,-6.12125637480277,-6.46998514345378,-5.74854523540819,"95%","4",TRUE,11,0.164703013821073
"1848",",
 ","ProxyRecord",6526.9875,-6.245590152,0.340988382903296,98.0124999999998,0.170494191451648,49.0062499999999,-4576.9875,4,"test_set",0.0633634455320386,-6.13586280479106,-6.20962901715414,-6.06206739319561,-6.1401381637305,-6.50644213011438,-5.7747550708525,"95%","4",TRUE,11,0.164703013821073
"1849",",
 ","ProxyRecord",6897.4875,-7.08335346,0.344153167249994,37.5124999999998,0.172076583624997,18.7562499999999,-4947.4875,4,"test_set",0.116366677048552,-7.07863401332403,-7.13433086155932,-7.02306587214326,-7.08161548480328,-7.48740632682554,-6.66902562213348,"95%","4",TRUE,11,0.164703013821073
"1850",",
 ","ProxyRecord",6903,-7.283028277,0.344955116399451,36,0.172477558199726,18,-4953,4,"test_set",0.116996738945474,-7.096867741107,-7.1526840606311,-7.04141948760526,-7.09518195526532,-7.50653000156915,-6.6777460893019,"95%","4",TRUE,11,0.164703013821073
"1851",",
 ","ProxyRecord",6906.0125,-7.362912933,0.345280720801897,36.0124999999998,0.172640360400949,18.0062499999999,-4956.0125,4,"test_set",0.117338551457546,-7.10687243968899,-7.16270882163475,-7.05107361439514,-7.10394194917665,-7.51682466117214,-6.68297237565605,"95%","4",TRUE,11,0.164703013821073
"1852",",
 ","ProxyRecord",7063.5,-7.642624088,0.346445405898564,50.5249999999996,0.173222702949282,25.2624999999998,-5113.5,4,"test_set",0.132740314992441,-7.66411227651472,-7.72760791869548,-7.59853396475446,-7.65855684975654,-8.11168104983264,-7.20550333607385,"95%","4",TRUE,11,0.164703013821073
"1853",",
 ","ProxyRecord",7090,-8.282547459,0.349234831212595,48,0.174617415606297,24,-5140,4,"test_set",0.134855966133562,-7.76330672717454,-7.82945440232896,-7.69481189067532,-7.7646017925986,-8.21833886162564,-7.33403382469326,"95%","4",FALSE,11,0.164703013821073
"1854",",
 ","ProxyRecord",7100.0375,-8.362604116,0.349595550011948,52.0374999999995,0.174797775005974,26.0187499999997,-5150.0375,4,"test_set",0.135621517270046,-7.80119600046779,-7.86811482420656,-7.73207241427589,-7.80464057327353,-8.2483075788586,-7.3902554611269,"95%","4",FALSE,11,0.164703013821073
"1855",",
 ","ProxyRecord",7268.5,-8.482611111,0.341081271,87.5,0.170540635,43.75,-5318.5,4,"test_set",0.145534516072132,-8.45518488613484,-8.53041926308536,-8.37570745482999,-8.45708994357893,-8.92676874578211,-7.9995521359802,"95%","4",TRUE,11,0.164703013821073
"1856",",
 ","ProxyRecord",7338,-8.602734373,0.341646440804731,60.0249999999996,0.170823220402366,30.0124999999998,-5388,4,"test_set",0.148009693926188,-8.72967045265231,-8.80500803678249,-8.65452269052571,-8.7282571218884,-9.16785171727546,-8.27814462685929,"95%","4",TRUE,11,0.164703013821073
"1857",",
 ","ProxyRecord",7415.05,-8.722890214,0.342218516,71.0500000000002,0.171109258016306,35.5250000000001,-5465.05,4,"test_set",0.149852565415287,-9.03290998073978,-9.09858133478061,-8.96575521042454,-9.03025515555031,-9.51006102714245,-8.58902032306009,"95%","4",TRUE,11,0.164703013821073
"1858",",
 ","ProxyRecord",7596.5,-9.725715756,0.34719796054297,63.5249999999996,0.173598980271485,31.7624999999998,-5646.5,4,"test_set",0.152787788050635,-9.74626124381395,-9.80932332615091,-9.68628674164055,-9.75263601272128,-10.195478780315,-9.29871256782113,"95%","4",TRUE,11,0.164703013821073
"1859",",
 ","ProxyRecord",7793.5,-10.68396094,0.316216789064177,73.5249999999996,0.158108394532089,36.7624999999998,-5843.5,4,"test_set",0.153883017960776,-10.5429273822027,-10.6176115193892,-10.4635225094351,-10.5504189651125,-10.9833516439373,-10.1108370078997,"95%","4",TRUE,11,0.164703013821073
"1860",",
 ","ProxyRecord",7807.525,-10.72429601,0.316456439287178,75.5250000000005,0.158228219643589,37.7625000000003,-5857.525,4,"test_set",0.153877961967375,-10.6013285179259,-10.6764836428459,-10.5224450861819,-10.6008464650659,-11.0389977240609,-10.150333772887,"95%","4",TRUE,11,0.164703013821073
"1861",",
 ","ProxyRecord",7888,-11.0069002,0.318148605343717,77,0.159074302671859,38.5,-5938,4,"test_set",0.153635605295932,-10.9422935643815,-11.0223838539719,-10.8576173939744,-10.9457390524595,-11.400526963983,-10.5216741598948,"95%","4",TRUE,11,0.164703013821073
"1862",",
 ","ProxyRecord",7934.9875,-11.29023581,0.319864531495081,66.0124999999998,0.15993226574754,33.0062499999999,-5984.9875,4,"test_set",0.153326080884675,-11.146577378244,-11.2381814935882,-11.0527114623051,-11.145278432995,-11.5913600720997,-10.7290193944153,"95%","4",TRUE,11,0.164703013821073
"1863",",
 ","ProxyRecord",14,-0.069005802,0.320410770700682,74,0.160205385350341,37,1936,5,"test_set",0.000398390807203677,-0.101249821257726,-0.239724062415595,0.0462797254761427,-0.100732001342881,-0.469421118854862,0.2492725449017,"95%","5",TRUE,11,0.164703013821073
"1864",",
 ","ProxyRecord",1574.9625,-0.918623073,0.286699283275371,295.0375,0.143349641637685,147.51875,375.0375,5,"test_set",0.000187385624139669,-0.906556904791465,-1.02995321910497,-0.779892285040203,-0.903006404336465,-1.21891185083941,-0.597231083385926,"95%","5",TRUE,11,0.164703013821073
"1865",",
 ","ProxyRecord",2566.0125,-1.175272669,0.30049796406866,410.0125,0.15024898203433,205.00625,-616.0125,5,"test_set",0.000132027799853995,-1.22403746688265,-1.32672096694581,-1.12864330849287,-1.22961660479826,-1.5363699512177,-0.907178524111962,"95%","5",TRUE,11,0.164703013821073
"1866",",
 ","ProxyRecord",3395.5,-1.784757341,0.288420549773389,547.525,0.144210274886695,273.7625,-1445.5,5,"test_set",0.00057945306478624,-1.82853249375236,-1.89405913383958,-1.76617726423167,-1.8250783064831,-2.12530340638403,-1.54116749636138,"95%","5",TRUE,11,0.164703013821073
"1867",",
 ","ProxyRecord",4383.425,-2.866337463,0.338457829204649,292.6,0.169228914602324,146.3,-2433.425,5,"test_set",0.000410889206070575,-2.91871377403295,-2.99926697700787,-2.83864728321566,-2.92154323212927,-3.25399882991721,-2.58303547235238,"95%","5",TRUE,11,0.164703013821073
"1868",",
 ","ProxyRecord",5386.5125,-4.175739411,0.342193393629715,283.5125,0.171096696814857,141.75625,-3436.5125,5,"test_set",0.00117273381323724,-4.21948040635637,-4.27567095748365,-4.16592330433218,-4.22426783859544,-4.57350344235324,-3.88240403932103,"95%","5",TRUE,11,0.164703013821073
"1869",",
 ","ProxyRecord",5391.975,-4.21547279,0.342291458284034,283.025,0.171145729142017,141.5125,-3441.975,5,"test_set",0.00117548269784606,-4.23244682081335,-4.28848897495171,-4.17918335015779,-4.22795981172795,-4.56810441020671,-3.87333927597679,"95%","5",TRUE,11,0.164703013821073
"1870",",
 ","ProxyRecord",5446.4875,-4.573196685,0.343212915147096,262.5125,0.171606457573548,131.25625,-3496.4875,5,"test_set",0.00119511380634041,-4.36318165444194,-4.41778386714316,-4.30985028679857,-4.36216492137508,-4.69983869235953,-4.02087459731536,"95%","5",TRUE,11,0.164703013821073
"1871",",
 ","ProxyRecord",5464.5125,-4.69249573,0.343535620780583,253.5125,0.171767810390292,126.75625,-3514.5125,5,"test_set",0.00119848517745602,-4.40677762133088,-4.46033034453073,-4.35308814367063,-4.41017464903521,-4.74307026864173,-4.03992112293002,"95%","5",TRUE,11,0.164703013821073
"1872",",
 ","ProxyRecord",5935.9875,-5.329136603,0.345378910631829,224.1625,0.172689455315915,112.08125,-3985.9875,5,"test_set",0.000758629955366352,-5.4067374950698,-5.48437124689109,-5.32677308572058,-5.40333513532793,-5.75184516310213,-5.05117351399755,"95%","5",TRUE,11,0.164703013821073
"1873",",
 ","ProxyRecord",6885,-6.764058341,0.342908309835436,39,0.171454154917718,19.5,-4935,5,"test_set",0.00156390649068694,-7.0558166315692,-7.10499777131702,-7.00813254022806,-7.04827424044353,-7.38251881805118,-6.70681345832658,"95%","5",TRUE,11,0.164703013821073
"1874",",
 ","ProxyRecord",6888.5,-6.843862071,0.343214473416499,37.5,0.171607236708249,18.75,-4938.5,5,"test_set",0.00156931899519819,-7.06691441084495,-7.11571192456953,-7.01946077110989,-7.06900601805712,-7.4030931236774,-6.7035689000642,"95%","5",TRUE,11,0.164703013821073
"1875",",
 ","ProxyRecord",6891.5,-6.923682426,0.34352457919312,37.5,0.17176228959656,18.75,-4941.5,5,"test_set",0.00157393281803309,-7.07645692163709,-7.12488014614619,-7.02940437137377,-7.08311262431746,-7.43540687289542,-6.71901060123163,"95%","5",TRUE,11,0.164703013821073
"1876",",
 ","ProxyRecord",6895.5,-7.043428922,0.343994533991546,37.5,0.171997266995773,18.75,-4945.5,5,"test_set",0.00158004801409373,-7.08922324000179,-7.13746775132546,-7.04263026186531,-7.08418714514611,-7.41445712854725,-6.74912608873465,"95%","5",TRUE,11,0.164703013821073
"1877",",
 ","ProxyRecord",6899.0125,-7.163221243,0.344471405296577,37.0124999999998,0.172235702648289,18.5062499999999,-4949.0125,5,"test_set",0.00158538345877979,-7.100473885098,-7.14870694189768,-7.0544351063466,-7.10270954689614,-7.43628189525429,-6.77282499968528,"95%","5",TRUE,11,0.164703013821073
"1878",",
 ","ProxyRecord",6904.9875,-7.322975101,0.345117061896691,36.0124999999998,0.172558530948346,18.0062499999999,-4954.9875,5,"test_set",0.00159438537734591,-7.11969764393007,-7.16767335437679,-7.0736979023827,-7.12797850851965,-7.47130500178867,-6.79298249174809,"95%","5",TRUE,11,0.164703013821073
"1879",",
 ","ProxyRecord",6920.0125,-7.402860803,0.345444413830338,42.0124999999998,0.172722206915169,21.0062499999999,-4970.0125,5,"test_set",0.00161660992914481,-7.16850764175038,-7.21657056025195,-7.12308523687628,-7.1767601878,-7.52508273986508,-6.81736938946192,"95%","5",TRUE,11,0.164703013821073
"1880",",
 ","ProxyRecord",7084.4875,-8.122484742,0.348521892022329,48.5124999999998,0.174260946011165,24.2562499999999,-5134.4875,5,"test_set",0.00182133964594655,-7.74129246339406,-7.79494421405357,-7.6920055425933,-7.73819966599896,-8.08423243397443,-7.41069285661201,"95%","5",FALSE,11,0.164703013821073
"1881",",
 ","ProxyRecord",7086,-8.162494078,0.348698973973306,48.0249999999996,0.174349486986653,24.0124999999998,-5136,5,"test_set",0.00182289444914385,-7.74684195713922,-7.80054051615692,-7.69743619878702,-7.75134125593507,-8.08957333862404,-7.40759253088788,"95%","5",FALSE,11,0.164703013821073
"1882",",
 ","ProxyRecord",7093.5,-8.322571807,0.34941530143365,49.5,0.174707650716825,24.75,-5143.5,5,"test_set",0.00183051594082606,-7.77442448660673,-7.82832679659345,-7.72464313981522,-7.77318419632236,-8.13572088031537,-7.43340157593794,"95%","5",FALSE,11,0.164703013821073
"1883",",
 ","ProxyRecord",7441.9875,-8.8030171,0.342601958233598,86.0124999999998,0.171300979116799,43.0062499999999,-5491.9875,5,"test_set",0.00202952433636661,-9.13107689377534,-9.18174379017782,-9.08020612386569,-9.13448555549837,-9.46707370614924,-8.77157188177396,"95%","5",TRUE,11,0.164703013821073
"1884",",
 ","ProxyRecord",7488.5125,-9.003393483,0.343573632682052,98.5374999999994,0.171786816341026,49.2687499999997,-5538.5125,5,"test_set",0.00204036666811014,-9.31771293473827,-9.36592812016237,-9.26902134785217,-9.31569182025488,-9.67031760892245,-8.97887167964032,"95%","5",TRUE,11,0.164703013821073
"1885",",
 ","ProxyRecord",7559,-9.364339993,0.345361636045189,86.0249999999996,0.172680818022594,43.0124999999998,-5609,5,"test_set",0.00205333681937425,-9.6022081948273,-9.64969010673132,-9.55460463415741,-9.60193706609939,-9.94085490992714,-9.26350216736796,"95%","5",TRUE,11,0.164703013821073
"1886",",
 ","ProxyRecord",7569.9875,-9.444616361,0.345765475239243,79.0124999999998,0.172882737619621,39.5062499999999,-5619.9875,5,"test_set",0.00205498343319732,-9.64675556313636,-9.69513136682743,-9.5988801288888,-9.65128227753315,-9.9996326032392,-9.30536979645577,"95%","5",TRUE,11,0.164703013821073
"1887",",
 ","ProxyRecord",7582,-9.565044647,0.346376353275751,73,0.173188176637876,36.5,-5632,5,"test_set",0.0020566678716083,-9.69552339410742,-9.74418889275779,-9.64652010610372,-9.69393423403375,-10.0287869165087,-9.35400518065283,"95%","5",TRUE,11,0.164703013821073
"1888",",
 ","ProxyRecord",7610,-9.846253579,0.347821223350451,55.0249999999996,0.173910611675225,27.5124999999998,-5660,5,"test_set",0.00206012463013217,-9.80946532992681,-9.85892046239482,-9.75962029998756,-9.80805460141277,-10.1711141565389,-9.4720199051023,"95%","5",TRUE,11,0.164703013821073
"1889",",
 ","ProxyRecord",7697,-10.28875477,0.350150107764999,55,0.175075053882499,27.5,-5747,5,"test_set",0.00206667245135073,-10.1660378151869,-10.2192442199095,-10.1124924303278,-10.1641841136485,-10.5056118321694,-9.82504284252016,"95%","5",TRUE,11,0.164703013821073
"1890",",
 ","ProxyRecord",7774.025,-10.6033048,0.315739941823423,67.0250000000005,0.157869970911711,33.5125000000003,-5824.025,5,"test_set",0.00206717495756514,-10.485197906831,-10.5424504264629,-10.4313084556144,-10.4882747627301,-10.8117155397464,-10.179887001701,"95%","5",TRUE,11,0.164703013821073
"1891",",
 ","ProxyRecord",7865,-10.88571459,0.317420490766427,72,0.158710245383213,36,-5915,5,"test_set",0.00206136345171082,-10.8667848445227,-10.9245085115927,-10.8140557564814,-10.8704727224007,-11.1845815713587,-10.5702134988263,"95%","5",TRUE,11,0.164703013821073
"1892",",
 ","ProxyRecord",7928,-11.24970716,0.319618573,67,0.159809286,33.5,-5978,5,"test_set",0.00205327381381792,-11.1342122255545,-11.1973206582147,-11.0768936501797,-11.1312272721533,-11.4291396541424,-10.8243950320504,"95%","5",TRUE,11,0.164703013821073
"1893",",
 ","ProxyRecord",386.4875,-0.420397887,0.319781865557516,238.5625,0.159890932778758,119.28125,1563.5125,6,"test_set",0.000412802245509936,-0.439973050330186,-0.547786563764351,-0.334184292854345,-0.439210286728874,-0.787360478788508,-0.085691217204342,"95%","6",TRUE,11,0.164703013821073
"1894",",
 ","ProxyRecord",2620.5,-1.21467617,0.300531211877705,433.6,0.150265605938852,216.8,-670.5,6,"test_set",0.000158549612827574,-1.24005046113792,-1.3389790521381,-1.14117365178052,-1.24895575978363,-1.57549770754801,-0.920652614131637,"95%","6",TRUE,11,0.164703013821073
"1895",",
 ","ProxyRecord",3136.4625,-1.530183704,0.300836598734054,537.5375,0.150418299367027,268.76875,-1186.4625,6,"test_set",0.000469520717688576,-1.55474037258701,-1.64247234379382,-1.46352269361899,-1.55964978334964,-1.857188361786,-1.24681408283338,"95%","6",TRUE,11,0.164703013821073
"1896",",
 ","ProxyRecord",3424,-1.824260224,0.288472039568732,537.05,0.144236019784366,268.525,-1474,6,"test_set",0.000574931854446792,-1.8585780206916,-1.92260365546839,-1.7894710055942,-1.8549324096261,-2.15052376979474,-1.568578196828,"95%","6",TRUE,11,0.164703013821073
"1897",",
 ","ProxyRecord",3624.9875,-2.061371665,0.288804013330107,479.0375,0.144402006665054,239.51875,-1674.9875,6,"test_set",0.000596548894060689,-2.09581282975636,-2.16658888272934,-2.018357947404,-2.10540458900019,-2.40836237172719,-1.82382119391965,"95%","6",TRUE,11,0.164703013821073
"1898",",
 ","ProxyRecord",3721.4625,-2.219524348,0.289047480325488,448.5875,0.144523740162744,224.29375,-1771.4625,6,"test_set",0.000593218043065669,-2.21122531120474,-2.28215316551817,-2.13593414385039,-2.21622369745746,-2.52147491207344,-1.92491909636283,"95%","6",TRUE,11,0.164703013821073
"1899",",
 ","ProxyRecord",3752.4875,-2.298633897,0.289175402580346,439.5375,0.144587701290173,219.76875,-1802.4875,6,"test_set",0.000590992245363964,-2.24818490650817,-2.32004031668988,-2.17386955838611,-2.24952672085249,-2.53578662850693,-1.95722849199901,"95%","6",TRUE,11,0.164703013821073
"1900",",
 ","ProxyRecord",3805.4375,-2.377754547,0.28930718893556,399.6625,0.14465359446778,199.83125,-1855.4375,6,"test_set",0.00058592403693325,-2.31091803450703,-2.38293230840595,-2.23912867845713,-2.31214226622004,-2.60743108803497,-2.01507098546675,"95%","6",TRUE,11,0.164703013821073
"1901",",
 ","ProxyRecord",3909.325,-2.536051478,0.289584870766641,355.7,0.144792435383321,177.85,-1959.325,6,"test_set",0.000571328479936906,-2.43208438990329,-2.49973561002222,-2.36692484969659,-2.43076997313719,-2.70817299547685,-2.12639745856492,"95%","6",TRUE,11,0.164703013821073
"1902",",
 ","ProxyRecord",5045.05,-3.381744875,0.339435742587645,182.075,0.169717871293823,91.0374999999999,-3095.05,6,"test_set",0.000741791462688379,-3.54596346427078,-3.61662886517595,-3.47196442305226,-3.55192347104923,-3.90413322062324,-3.22154845341056,"95%","6",TRUE,11,0.164703013821073
"1903",",
 ","ProxyRecord",5223.5,-3.659498747,0.340023651799844,274.525,0.170011825899922,137.2625,-3273.5,6,"test_set",0.00100273409424645,-3.86093878719464,-3.92813533737765,-3.79425410212012,-3.85866737487837,-4.20388337165739,-3.51675513083637,"95%","6",TRUE,11,0.164703013821073
"1904",",
 ","ProxyRecord",5253.5125,-3.738856111,0.341167013120535,287.5125,0.170583506560267,143.75625,-3303.5125,6,"test_set",0.00103696838027467,-3.92292867293172,-3.98755158143254,-3.8582934638853,-3.92565970713336,-4.25967152502094,-3.58679462512212,"95%","6",TRUE,11,0.164703013821073
"1905",",
 ","ProxyRecord",5440.975,-4.533437045,0.343107092356876,264.049999999999,0.171553546178438,132.025,-3490.975,6,"test_set",0.00116129787999242,-4.34559030438411,-4.40070907278986,-4.2900560040509,-4.34538363153083,-4.70013062299018,-3.97355140720539,"95%","6",TRUE,11,0.164703013821073
"1906",",
 ","ProxyRecord",5469.4875,-4.732269606,0.34364463779127,251.5125,0.171822318895635,125.75625,-3519.4875,6,"test_set",0.00116668879908133,-4.41290366138849,-4.46765800949273,-4.35720839971276,-4.41758815236069,-4.77979517826806,-4.06813574805294,"95%","6",TRUE,11,0.164703013821073
"1907",",
 ","ProxyRecord",5482.5125,-4.772046295,0.343754642647718,243.5125,0.171877321323859,121.75625,-3532.5125,6,"test_set",0.0011679636960249,-4.44372908442313,-4.49838735182493,-4.38788216240589,-4.43879883348097,-4.79447297309054,-4.07203332416133,"95%","6",TRUE,11,0.164703013821073
"1908",",
 ","ProxyRecord",5510,-4.851600007,0.343977162579867,236,0.171988581289933,118,-3560,6,"test_set",0.00116820942563933,-4.50881924097607,-4.56366366828903,-4.45216394258,-4.51013275516892,-4.85321721070402,-4.17811315710267,"95%","6",TRUE,11,0.164703013821073
"1909",",
 ","ProxyRecord",5832.025,-5.130111674,0.344781272868479,227.05,0.172390636434239,113.525,-3882.025,6,"test_set",0.000923992261214757,-5.21240290907977,-5.29236436800541,-5.13181645878023,-5.21369670701992,-5.56856740431161,-4.85861830282933,"95%","6",TRUE,11,0.164703013821073
"1910",",
 ","ProxyRecord",6086,-5.528218646,0.345997335052248,187.025,0.172998667526124,93.5124999999998,-4136,6,"test_set",0.000631876388412778,-5.5887350469712,-5.65875753993484,-5.51732882627079,-5.59167661689711,-5.93095601407029,-5.22979542575902,"95%","6",TRUE,11,0.164703013821073
"1911",",
 ","ProxyRecord",6507.475,-6.125994293,0.340564026510113,104.525,0.170282013255057,52.2624999999998,-4557.475,6,"test_set",0.000856928712056337,-6.13827271975116,-6.20133450927232,-6.07407290439709,-6.13920339572116,-6.49217452791733,-5.79331084727906,"95%","6",TRUE,11,0.164703013821073
"1912",",
 ","ProxyRecord",6724.5,-6.48481342,0.341857871416384,49.5249999999996,0.170928935708192,24.7624999999998,-4774.5,6,"test_set",0.00127677416392746,-6.60237686037739,-6.66252072265507,-6.5474375624269,-6.60278607410763,-6.95164674307734,-6.26572437360313,"95%","6",TRUE,11,0.164703013821073
"1913",",
 ","ProxyRecord",6894,-7.003509672,0.343837082444669,37,0.171918541222335,18.5,-4944,6,"test_set",0.00156052980058163,-7.09312860721563,-7.13852422274311,-7.0459288830235,-7.09579303869988,-7.44865869520181,-6.75291880817559,"95%","6",TRUE,11,0.164703013821073
"1914",",
 ","ProxyRecord",7071.0125,-7.762544206,0.346955222393991,50.0124999999998,0.173477611196996,25.0062499999999,-5121.0125,6,"test_set",0.00178631015810282,-7.69620571900635,-7.74569280232958,-7.64563062279912,-7.69934806835415,-8.05263582492105,-7.36377259807521,"95%","6",TRUE,11,0.164703013821073
"1915",",
 ","ProxyRecord",7072,-7.802531821,0.347126117252899,50,0.173563058626449,25,-5122,6,"test_set",0.00178736753759789,-7.69977353823908,-7.74927469076229,-7.64894362276081,-7.69728653037063,-8.04078321223292,-7.34725491460264,"95%","6",TRUE,11,0.164703013821073
"1916",",
 ","ProxyRecord",7082.9875,-8.082471263,0.348345391893485,49.0124999999998,0.174172695946742,24.5062499999999,-5132.9875,6,"test_set",0.00179898121572819,-7.73960059992745,-7.7894479049647,-7.68866416665366,-7.73908471479832,-8.07464015576955,-7.37591171878451,"95%","6",FALSE,11,0.164703013821073
"1917",",
 ","ProxyRecord",7087,-8.202512229,0.348877000744633,48.0249999999996,0.174438500372316,24.0124999999998,-5137,6,"test_set",0.00180315315876367,-7.75420327426027,-7.8049141879869,-7.70363829397477,-7.75469540240611,-8.10901658157134,-7.42256976939469,"95%","6",FALSE,11,0.164703013821073
"1918",",
 ","ProxyRecord",7468.025,-8.923237509,0.343182358880579,94.0250000000006,0.17159117944029,47.0125000000003,-5518.025,6,"test_set",0.00203917894818773,-9.23115161612563,-9.27834700641992,-9.18351191393565,-9.22720802435685,-9.55488166572446,-8.88569141634031,"95%","6",TRUE,11,0.164703013821073
"1919",",
 ","ProxyRecord",7478.0375,-8.963317834,0.343377864874404,98.0374999999994,0.171688932437202,49.0187499999997,-5528.0375,6,"test_set",0.00204222738284798,-9.27130542661489,-9.31763925327928,-9.22460228587943,-9.27630026068339,-9.63368092959395,-8.94096236806468,"95%","6",TRUE,11,0.164703013821073
"1920",",
 ","ProxyRecord",7845,-10.80497827,0.316937688842211,77,0.158468844421106,38.5,-5895,6,"test_set",0.00208616381902615,-10.7829020971906,-10.8383251099525,-10.7275134530763,-10.7812620581298,-11.1097642713978,-10.4650370792607,"95%","6",TRUE,11,0.164703013821073
"1921",",
 ","ProxyRecord",7896.5,-11.04732685,0.318392066237282,76.5249999999996,0.159196033118641,38.2624999999998,-5946.5,6,"test_set",0.00208176915257319,-11.002185509186,-11.0589684177954,-10.9441103356249,-11.0057963316011,-11.3173536154569,-10.6980709292697,"95%","6",TRUE,11,0.164703013821073
"1922",",
 ","ProxyRecord",847.125,-0.695083187,0.319884878215016,253.125,0.159942439107508,126.5625,1102.875,7,"test_set",0.000180506834182581,-0.710309462999977,-0.879704646372679,-0.538445633747337,-0.702056084020464,-1.05010865530494,-0.334378323223654,"95%","7",TRUE,11,0.164703013821073
"1923",",
 ","ProxyRecord",1516.4625,-0.879284769,0.286673489851659,291.5875,0.143336744925829,145.79375,433.5375,7,"test_set",0.000179929671298429,-0.890922764859703,-1.01836204859738,-0.767691769645727,-0.893598536726847,-1.20840752008198,-0.577617680017583,"95%","7",TRUE,11,0.164703013821073
"1924",",
 ","ProxyRecord",2489.5125,-1.135875216,0.30046558039297,369.5125,0.150232790196485,184.75625,-539.5125,7,"test_set",8.74698224240244e-05,-1.19427839497117,-1.31578689745613,-1.06999286273049,-1.19554169996823,-1.50677355596744,-0.873110472310537,"95%","7",TRUE,11,0.164703013821073
"1925",",
 ","ProxyRecord",2751.4125,-1.33293653,0.300637532720803,478.6125,0.150318766360402,239.30625,-801.4125,7,"test_set",0.000199742452194895,-1.26084050849892,-1.3727002944243,-1.15479296866899,-1.27224892294596,-1.59568358362696,-0.967425227704818,"95%","7",TRUE,11,0.164703013821073
"1926",",
 ","ProxyRecord",2796.5125,-1.372378102,0.300675145598983,477.5125,0.150337572799491,238.75625,-846.5125,7,"test_set",0.000231643582204732,-1.27975742847898,-1.39319808906367,-1.17394261453002,-1.2765405587299,-1.5938959453149,-0.977481789517901,"95%","7",TRUE,11,0.164703013821073
"1927",",
 ","ProxyRecord",2840.475,-1.411810407,0.30071411651296,479.525,0.15035705825648,239.7625,-890.475,7,"test_set",0.000266294040618398,-1.30116593172355,-1.4159307654511,-1.19086224269001,-1.30378257469833,-1.63877385427441,-0.989904276956284,"95%","7",TRUE,11,0.164703013821073
"1928",",
 ","ProxyRecord",3303.5,-1.666295442,0.288272126175546,553.525,0.144136063087773,276.7625,-1353.5,7,"test_set",0.000577664255285715,-1.71242598994446,-1.78881508142008,-1.63571886546196,-1.70585465123335,-2.01679028521076,-1.42434770079384,"95%","7",TRUE,11,0.164703013821073
"1929",",
 ","ProxyRecord",3878.425,-2.496469688,0.289513860602869,365.625,0.144756930301435,182.8125,-1928.425,7,"test_set",0.000565259194451606,-2.40620256341164,-2.46836824656416,-2.34293851510134,-2.40998286722448,-2.71103987289797,-2.11253899333503,"95%","7",TRUE,11,0.164703013821073
"1930",",
 ","ProxyRecord",4537.4625,-3.104147077,0.338890106207929,242.5625,0.169445053103964,121.28125,-2587.4625,7,"test_set",0.000390270791639224,-3.02745059243462,-3.10487824851331,-2.94764519069957,-3.02891705319663,-3.37873700552201,-2.68764414528011,"95%","7",TRUE,11,0.164703013821073
"1931",",
 ","ProxyRecord",4958.525,-3.342076191,0.339354657792045,177.575000000001,0.169677328896023,88.7875000000004,-3008.525,7,"test_set",0.000649278003650444,-3.42470691789543,-3.49733648331324,-3.3508611851834,-3.42001160900314,-3.75395308285494,-3.0781268396015,"95%","7",TRUE,11,0.164703013821073
"1932",",
 ","ProxyRecord",5201,-3.619811057,0.339937131124243,263,0.169968565562121,131.5,-3251,7,"test_set",0.00099692094845949,-3.82313746202332,-3.89021057366293,-3.75679694262746,-3.82452693750383,-4.15531620488088,-3.47192676960503,"95%","7",TRUE,11,0.164703013821073
"1933",",
 ","ProxyRecord",5692.025,-5.010731089,0.344431279151665,261.025000000001,0.172215639575833,130.5125,-3742.025,7,"test_set",0.00108746741307453,-4.95064675646912,-5.01520131832633,-4.88194627158098,-4.95189321120508,-5.27915107091864,-4.61746236344558,"95%","7",TRUE,11,0.164703013821073
"1934",",
 ","ProxyRecord",6473.4875,-5.966574007,0.340009225945833,117.5125,0.170004612972917,58.7562499999999,-4523.4875,7,"test_set",0.000795456256685867,-6.0699276787975,-6.13461681672674,-6.00552077530795,-6.07322896405977,-6.40868355150077,-5.72748237347916,"95%","7",TRUE,11,0.164703013821073
"1935",",
 ","ProxyRecord",6498,-6.086131553,0.340423833661309,108,0.170211916830655,54,-4548,7,"test_set",0.000835658806197514,-6.10953596438312,-6.17525318269664,-6.04416588822914,-6.10690521047056,-6.43924842001254,-5.76352302737553,"95%","7",TRUE,11,0.164703013821073
"1936",",
 ","ProxyRecord",6892,-6.96359469,0.343680553311825,38,0.171840276655912,19,-4942,7,"test_set",0.00160277199772185,-7.09428329267045,-7.13880536288857,-7.04527906480222,-7.09526047488641,-7.4163758145956,-6.75628556663215,"95%","7",TRUE,11,0.164703013821073
"1937",",
 ","ProxyRecord",7088.9875,-8.242522251,0.349055583,48.0124999999998,0.174527791574334,24.0062499999999,-5138.9875,7,"test_set",0.00184118914789977,-7.7857610050057,-7.83681507695456,-7.73299578232374,-7.78355332207447,-8.13690428333882,-7.44304324759461,"95%","7",FALSE,11,0.164703013821073
"1938",",
 ","ProxyRecord",7303.5,-8.522639728,0.341268713146706,72.5249999999996,0.170634356573353,36.2624999999998,-5353.5,7,"test_set",0.00197006675226596,-8.6099863149002,-8.670452775301,-8.54955277310425,-8.60788054747201,-8.95832451824829,-8.27060677045932,"95%","7",TRUE,11,0.164703013821073
"1939",",
 ","ProxyRecord",7322,-8.562682971,0.341457053963497,65,0.170728526981748,32.5,-5372,7,"test_set",0.00197479626931063,-8.68242361844294,-8.74271803311857,-8.62254975599197,-8.67936866830116,-9.02433446133666,-8.34156195765732,"95%","7",TRUE,11,0.164703013821073
"1940",",
 ","ProxyRecord",7355.5,-8.642775035,0.341836322185815,56.5,0.170918161092907,28.25,-5405.5,7,"test_set",0.00198078461037809,-8.81360919787243,-8.87234224890831,-8.75442967184262,-8.81646550280577,-9.16784287649374,-8.45724250377175,"95%","7",TRUE,11,0.164703013821073
"1941",",
 ","ProxyRecord",7450.5,-8.843079696,0.342794840287658,91.5,0.171397420143829,45.75,-5500.5,7,"test_set",0.00199430457077376,-9.18520369641462,-9.2376304242661,-9.13160847082083,-9.17993146320828,-9.52534086577956,-8.84349333888612,"95%","7",FALSE,11,0.164703013821073
"1942",",
 ","ProxyRecord",7496.0125,-9.043484911,0.343769106,99.0374999999994,0.171884553,49.5187499999997,-5546.0125,7,"test_set",0.00200132545882248,-9.3635266331728,-9.41352512378333,-9.3118379473137,-9.36873842223054,-9.72875149687988,-9.0259237142368,"95%","7",TRUE,11,0.164703013821073
"1943",",
 ","ProxyRecord",7517.025,-9.163784268,0.344361290824923,96.0250000000006,0.172180645412462,48.0125000000003,-5567.025,7,"test_set",0.00200468576379009,-9.44604377884723,-9.49537429086481,-9.39535415377506,-9.4464893262787,-9.80067053294528,-9.09574041857779,"95%","7",TRUE,11,0.164703013821073
"1944",",
 ","ProxyRecord",7520.9875,-9.203880679,0.344559865209497,97.0124999999998,0.172279932604749,48.5062499999999,-5570.9875,7,"test_set",0.00200532785865626,-9.46162179683539,-9.51115071912498,-9.41119517189579,-9.45860168874126,-9.81155688570065,-9.11768805513998,"95%","7",TRUE,11,0.164703013821073
"1945",",
 ","ProxyRecord",7572.5,-9.484752232,0.345968667861325,78.5,0.172984333930663,39.25,-5622.5,7,"test_set",0.00201391807412854,-9.66474768990726,-9.71451352500144,-9.61504950246277,-9.66001357869453,-10.006883557184,-9.30750195148553,"95%","7",TRUE,11,0.164703013821073
"1946",",
 ","ProxyRecord",7615.5,-9.886457368,0.348029551077181,51.5,0.17401477553859,25.75,-5665.5,7,"test_set",0.00202143430301227,-9.83539351764028,-9.88862537979474,-9.78331863708112,-9.84037230323265,-10.1837191532604,-9.49397922877985,"95%","7",TRUE,11,0.164703013821073
"1947",",
 ","ProxyRecord",7621.975,-9.92665478,0.348238250285579,48.0249999999996,0.17411912514279,24.0124999999998,-5671.975,7,"test_set",0.00202259334600718,-9.86119279537917,-9.91484063390543,-9.80890817397528,-9.8584233074321,-10.2024736443936,-9.50807239927776,"95%","7",TRUE,11,0.164703013821073
"1948",",
 ","ProxyRecord",7660,-10.08751181,0.349082609237231,50,0.174541304618615,25,-5710,7,"test_set",0.00202954380319476,-10.0133265804211,-10.0695268294767,-9.95803885044653,-10.0096202105134,-10.3555287550156,-9.64955014761579,"95%","7",TRUE,11,0.164703013821073
"1949",",
 ","ProxyRecord",7755.0125,-10.52272384,0.315264165620434,64.0124999999998,0.157632082810217,32.0062499999999,-5805.0125,7,"test_set",0.00204798557854602,-10.3990874472956,-10.457645135693,-10.3429443842147,-10.4006313692152,-10.7230776423912,-10.0773326937724,"95%","7",TRUE,11,0.164703013821073
"1950",",
 ","ProxyRecord",7765.5125,-10.56300702,0.315501818036251,66.5124999999998,0.157750909018125,33.2562499999999,-5815.5125,7,"test_set",0.00205011781262421,-10.4422978725723,-10.5006912426016,-10.3858485441499,-10.4481764211605,-10.7719356602998,-10.1302017461198,"95%","7",TRUE,11,0.164703013821073
"1951",",
 ","ProxyRecord",583.5125,-0.616526198,0.31985027938865,235.5125,0.159925139694325,117.75625,1366.4875,8,"test_set",0.000341058127215077,-0.575843438315717,-0.704955966273665,-0.440169817594161,-0.575310990265443,-0.926578947458106,-0.223566269588808,"95%","8",TRUE,11,0.164703013821073
"1952",",
 ","ProxyRecord",1074,-0.734375889,0.319903829030286,223,0.159951914515143,111.5,876,8,"test_set",0.000115139864642622,-0.772535396192678,-0.933099818579957,-0.619890304809754,-0.776619761484029,-1.12822545285427,-0.42331947014245,"95%","8",TRUE,11,0.164703013821073
"1953",",
 ","ProxyRecord",3476.475,-1.903281447,0.288578229984398,525.55,0.144289114992199,262.775,-1526.475,8,"test_set",0.00059850298166908,-1.93008831307983,-2.00006707581125,-1.8590452400015,-1.93013494709778,-2.22532031852863,-1.6388637812745,"95%","8",TRUE,11,0.164703013821073
"1954",",
 ","ProxyRecord",3547.35,-1.982305466,0.288688593716257,511.65,0.144344296858129,255.825,-1597.35,8,"test_set",0.000602312694208962,-2.01561301101997,-2.08663619146773,-1.94372282052897,-2.01814865829707,-2.31525992237479,-1.71206340913043,"95%","8",TRUE,11,0.164703013821073
"1955",",
 ","ProxyRecord",3699.3875,-2.179977648,0.288984919316642,457.6375,0.144492459658321,228.81875,-1749.3875,8,"test_set",0.000589904403558439,-2.19811935635457,-2.27312037974468,-2.12659100627972,-2.19612080799231,-2.49277058256938,-1.89091544143213,"95%","8",TRUE,11,0.164703013821073
"1956",",
 ","ProxyRecord",3737.95,-2.259077298,0.289110972963226,445.05,0.144555486481613,222.525,-1787.95,8,"test_set",0.000584504587031187,-2.24355273014586,-2.31733633095213,-2.17373592240651,-2.24189848920246,-2.5442255474084,-1.94485037738185,"95%","8",TRUE,11,0.164703013821073
"1957",",
 ","ProxyRecord",4453,-2.985223345,0.338669928952243,277.1,0.169334964476122,138.55,-2503,8,"test_set",0.000412230669155633,-2.96601283315628,-3.05768661929555,-2.87640002313972,-2.96704736522769,-3.326197666153,-2.63883309550725,"95%","8",TRUE,11,0.164703013821073
"1958",",
 ","ProxyRecord",4484.975,-3.024857872,0.338742591363626,263.049999999999,0.169371295681813,131.525,-2534.975,8,"test_set",0.000408350410430192,-2.99165172631944,-3.08387450945805,-2.9017463313012,-2.9879284464429,-3.32159731826869,-2.65452426092122,"95%","8",TRUE,11,0.164703013821073
"1959",",
 ","ProxyRecord",4566.475,-3.143788366,0.338965562775759,229.525,0.16948278138788,114.7625,-2616.475,8,"test_set",0.000410216861534973,-3.05655736491495,-3.14191859955077,-2.9711250932701,-3.05397840839043,-3.3999412120905,-2.70054577120306,"95%","8",TRUE,11,0.164703013821073
"1960",",
 ","ProxyRecord",5074.9875,-3.421408449,0.339517185021476,194.0125,0.169758592510738,97.0062499999999,-3124.9875,8,"test_set",0.000803271411697892,-3.61282098766165,-3.6879118699154,-3.53512068968187,-3.60781988110349,-3.94260353273249,-3.25810062972089,"95%","8",TRUE,11,0.164703013821073
"1961",",
 ","ProxyRecord",5119.9875,-3.500760109,0.339682621925716,216.0125,0.169841310962858,108.00625,-3169.9875,8,"test_set",0.000869718308649236,-3.68865173241053,-3.76219029061918,-3.61240210007826,-3.68913572738745,-4.02589622183082,-3.3344008325374,"95%","8",TRUE,11,0.164703013821073
"1962",",
 ","ProxyRecord",5163.4875,-3.580127755,0.339851546253422,245.5125,0.169925773126711,122.75625,-3213.4875,8,"test_set",0.000934340961944446,-3.7679934616207,-3.83989775144038,-3.69336156401678,-3.76732056678185,-4.12276420254573,-3.42984298819692,"95%","8",TRUE,11,0.164703013821073
"1963",",
 ","ProxyRecord",5296.5,-3.93739353,0.341620480675429,295.5,0.170810240337715,147.75,-3346.5,8,"test_set",0.0010816941210523,-4.04154385537995,-4.10299568768713,-3.97784662155048,-4.04582780798353,-4.3861605469679,-3.71485592697779,"95%","8",TRUE,11,0.164703013821073
"1964",",
 ","ProxyRecord",5370.0125,-4.096279378,0.341998759939205,290.0125,0.170999379969603,145.00625,-3420.0125,8,"test_set",0.00113027886217143,-4.20697213471154,-4.26398683595229,-4.15091717489677,-4.20738110757894,-4.55393629863918,-3.87679962602752,"95%","8",TRUE,11,0.164703013821073
"1965",",
 ","ProxyRecord",5381,-4.136006945,0.342095604,286,0.171047802,143,-3431,8,"test_set",0.00113553144389655,-4.23226206757601,-4.28797770730372,-4.17685478657001,-4.22989790899083,-4.59445501059157,-3.87076568447691,"95%","8",TRUE,11,0.164703013821073
"1966",",
 ","ProxyRecord",5593,-4.970941183,0.344316526986243,255,0.172158263493122,127.5,-3643,8,"test_set",0.00113458099428865,-4.72766185845214,-4.79054226191249,-4.66799911315065,-4.72701291477608,-5.06776409634327,-4.36632908311154,"95%","8",TRUE,11,0.164703013821073
"1967",",
 ","ProxyRecord",5811.9875,-5.090313648,0.344663343498686,232.0375,0.172331671749343,116.01875,-3861.9875,8,"test_set",0.000929363672685923,-5.1908736376317,-5.2748704446214,-5.1081095317754,-5.1885620393554,-5.53376730767905,-4.84711270036864,"95%","8",TRUE,11,0.164703013821073
"1968",",
 ","ProxyRecord",6144,-5.607876288,0.346250177934013,172.05,0.173125088967007,86.0250000000001,-4194,8,"test_set",0.000584737338726882,-5.65720561155014,-5.72740832588014,-5.58340897418441,-5.65825890382616,-6.02342560821313,-5.31075230964416,"95%","8",TRUE,11,0.164703013821073
"1969",",
 ","ProxyRecord",6224.4875,-5.687542718,0.34650676041386,175.5375,0.17325338020693,87.7687500000002,-4274.4875,8,"test_set",0.000585126629903954,-5.74738374836167,-5.81299102007682,-5.67818059460781,-5.7507326618706,-6.10405880700916,-5.39505351800505,"95%","8",TRUE,11,0.164703013821073
"1970",",
 ","ProxyRecord",6541.4625,-6.3253188,0.341274634737221,92.5375000000004,0.17063731736861,46.2687500000002,-4591.4625,8,"test_set",0.000919771354501719,-6.18700255940529,-6.25423274291254,-6.11982422206127,-6.18395014942978,-6.53110162980931,-5.83030344419464,"95%","8",TRUE,11,0.164703013821073
"1971",",
 ","ProxyRecord",6548.9875,-6.365185827,0.341419404877928,88.0124999999998,0.170709702438964,44.0062499999999,-4598.9875,8,"test_set",0.000934172225441898,-6.20092583537819,-6.26819000697253,-6.13396566327247,-6.19881692285514,-6.53445523605189,-5.8678954459189,"95%","8",TRUE,11,0.164703013821073
"1972",",
 ","ProxyRecord",6606.975,-6.405062003,0.341564503947161,81.0499999999993,0.170782251973581,40.5249999999996,-4656.975,8,"test_set",0.00105518952349115,-6.31635993522136,-6.38386748923519,-6.25095134321979,-6.31442383030556,-6.66354101036379,-5.96024648838204,"95%","8",TRUE,11,0.164703013821073
"1973",",
 ","ProxyRecord",6887.475,-6.80395828,0.343060954135525,37.5249999999996,0.171530477067762,18.7624999999998,-4937.475,8,"test_set",0.00158385433053354,-7.07752670918541,-7.1278496907251,-7.028134746323,-7.07983125835324,-7.41638428155777,-6.73946972623657,"95%","8",TRUE,11,0.164703013821073
"1974",",
 ","ProxyRecord",7050.4875,-7.562680895,0.346108904598418,49.5124999999998,0.173054452299209,24.7562499999999,-5100.4875,8,"test_set",0.0017898356453383,-7.63742299779555,-7.68399748955391,-7.58754422205538,-7.63441848426439,-7.9783546328422,-7.28065530016986,"95%","8",TRUE,11,0.164703013821073
"1975",",
 ","ProxyRecord",7566,-9.404470798,0.345563160794744,81,0.172781580397372,40.5,-5616,8,"test_set",0.00201688720249393,-9.62614958520052,-9.66964218762863,-9.57983996708021,-9.62730081047225,-9.96297268504739,-9.28927444133334,"95%","8",TRUE,11,0.164703013821073
"1976",",
 ","ProxyRecord",7601.5,-9.765890009,0.347405288437699,61.5,0.173702644218849,30.75,-5651.5,8,"test_set",0.00202443645163086,-9.7672003973393,-9.81183666920579,-9.72068894066713,-9.76103806333095,-10.1179026131521,-9.40344377755351,"95%","8",TRUE,11,0.164703013821073
"1977",",
 ","ProxyRecord",7689.4875,-10.24849435,0.349935022654488,53.5124999999998,0.174967511327244,26.7562499999999,-5739.4875,8,"test_set",0.00204379849617631,-10.1209282258632,-10.1704197325399,-10.0691805450732,-10.1178959176595,-10.4568965845653,-9.78244342784707,"95%","8",TRUE,11,0.164703013821073
"1978",",
 ","ProxyRecord",7921.5,-11.20918651,0.31937371267617,69.5,0.159686856338085,34.75,-5971.5,8,"test_set",0.00209930272143666,-11.0954456193599,-11.1537457758873,-11.0371488195672,-11.0977234146059,-11.4196978259583,-10.7891952316504,"95%","8",TRUE,11,0.164703013821073
"1979",",
 ","ProxyRecord",7942.475,-11.33078558,0.3201107,60.5499999999993,0.16005535,30.2749999999996,-5992.475,8,"test_set",0.00210463852905463,-11.1874618696146,-11.2501721551219,-11.1245278607184,-11.1839135689688,-11.5163574849864,-10.8603375480401,"95%","8",TRUE,11,0.164703013821073
"1980",",
 ","ProxyRecord",261.05,-0.302951103,0.319753405,187.05,0.159876702302196,93.525,1688.95,9,"test_set",0.000443318361705025,-0.339393879614804,-0.477762150883534,-0.206685584132103,-0.341775391566869,-0.673664042410521,0.00708227889112318,"95%","9",TRUE,11,0.164703013821073
"1981",",
 ","ProxyRecord",354.925,-0.381224695,0.319771362832019,224.125,0.15988568141601,112.0625,1595.075,9,"test_set",0.000424565405379718,-0.420299228606758,-0.544387193567247,-0.299939627157664,-0.423966196552661,-0.780424483337791,-0.0923807545086496,"95%","9",TRUE,11,0.164703013821073
"1982",",
 ","ProxyRecord",1254.55,-0.800639634,0.286625488321054,213.575,0.143312744160527,106.7875,695.45,9,"test_set",0.00011042539047601,-0.812723294760334,-0.978478699507355,-0.643422097691864,-0.812456127973923,-1.14120930115239,-0.488995277904216,"95%","9",TRUE,11,0.164703013821073
"1983",",
 ","ProxyRecord",1438.0125,-0.839957544,0.286648866939431,294.0125,0.143324433469715,147.00625,511.9875,9,"test_set",0.000156378790230893,-0.864413065787299,-1.032457759714,-0.702536329839149,-0.861975473804169,-1.19556805292585,-0.519857136429404,"95%","9",TRUE,11,0.164703013821073
"1984",",
 ","ProxyRecord",1831.4875,-1.036690097,0.286783231865505,286.5125,0.143391615932753,143.25625,118.5125,9,"test_set",0.000208235557613845,-1.0237704611617,-1.1586383793093,-0.889194869884128,-1.0259308479407,-1.35526233266323,-0.6969257386282,"95%","9",TRUE,11,0.164703013821073
"1985",",
 ","ProxyRecord",2292.0375,-1.096484017,0.300434440477865,271.0375,0.150217220238933,135.51875,-342.0375,9,"test_set",0.000101690547621436,-1.17282993041477,-1.35901524553998,-0.985736247854734,-1.1745484547019,-1.51224079747279,-0.789801388344649,"95%","9",TRUE,11,0.164703013821073
"1986",",
 ","ProxyRecord",2713.5,-1.293514541,0.300601118461603,468.525,0.150300559230802,234.2625,-763.5,9,"test_set",0.000185614240844067,-1.26761200049095,-1.36324501684382,-1.1681188028516,-1.27281453422848,-1.58130321140847,-0.931988123110433,"95%","9",TRUE,11,0.164703013821073
"1987",",
 ","ProxyRecord",3448.3625,-1.86376971,0.288524667101224,531.6375,0.144262333550612,265.81875,-1498.3625,9,"test_set",0.000594480868681968,-1.88975674722718,-1.9562032095801,-1.82417111260397,-1.88717997389273,-2.18020545488142,-1.59960572419156,"95%","9",TRUE,11,0.164703013821073
"1988",",
 ","ProxyRecord",3593.4875,-2.021836245,0.288745940919015,495.5625,0.144372970459508,247.78125,-1643.4875,9,"test_set",0.00060727709527697,-2.06609375452427,-2.13592224898873,-1.99832114237248,-2.06969791675656,-2.36772348825029,-1.76295636883072,"95%","9",TRUE,11,0.164703013821073
"1989",",
 ","ProxyRecord",3828.4875,-2.417322012,0.289374959537354,387.5625,0.144687479768677,193.78125,-1878.4875,9,"test_set",0.000585372214223501,-2.35065505885919,-2.419491291709,-2.28451857959675,-2.35102143671673,-2.64675487307714,-2.06169630377638,"95%","9",TRUE,11,0.164703013821073
"1990",",
 ","ProxyRecord",4227.425,-2.734003631,0.28995434625047,334.6,0.144977173125235,167.3,-2277.425,9,"test_set",0.000471624511411139,-2.78135083197205,-2.85748429384924,-2.7011153966013,-2.78384799610512,-3.08763829002972,-2.49418845625886,"95%","9",TRUE,11,0.164703013821073
"1991",",
 ","ProxyRecord",4645.975,-3.223096834,0.339118288230522,180.025,0.169559144115261,90.0124999999998,-2695.975,9,"test_set",0.000383572373308105,-3.10709433871572,-3.18344244986144,-3.03177892728639,-3.10995728717042,-3.44520556011844,-2.77277337308592,"95%","9",TRUE,11,0.164703013821073
"1992",",
 ","ProxyRecord",5288.5,-3.897681316,0.341527995239457,294.5,0.170763997619729,147.25,-3338.5,9,"test_set",0.00111628653984841,-3.99414834954715,-4.05105603795254,-3.93318165785615,-3.99693681187587,-4.3384620538848,-3.65739608955431,"95%","9",TRUE,11,0.164703013821073
"1993",",
 ","ProxyRecord",5497.475,-4.811821559,0.343865587281485,239.525,0.171932793640742,119.7625,-3547.475,9,"test_set",0.00120802661629504,-4.49487085146397,-4.54776679658353,-4.44292525016912,-4.49523219484975,-4.83121420103527,-4.14804494994318,"95%","9",TRUE,11,0.164703013821073
"1994",",
 ","ProxyRecord",6113.525,-5.568045569,0.346123576551459,181.525000000001,0.173061788275729,90.7625000000003,-4163.525,9,"test_set",0.000584061625019672,-5.63453523420797,-5.70395632510027,-5.56609411388204,-5.63725933632025,-5.97515196087033,-5.30221543531924,"95%","9",TRUE,11,0.164703013821073
"1995",",
 ","ProxyRecord",6315.5375,-5.727524105,0.339202350042406,166.5625,0.169601175021203,83.28125,-4365.5375,9,"test_set",0.000616470515746315,-5.86005714743326,-5.92434015249052,-5.79591339032685,-5.85643492517987,-6.21205931543986,-5.52510143547823,"95%","9",TRUE,11,0.164703013821073
"1996",",
 ","ProxyRecord",6492,-6.046279297,0.340284880886553,110.025,0.170142440443276,55.0124999999998,-4542,9,"test_set",0.0008299349077312,-6.10508965085364,-6.17291527984502,-6.0337577451339,-6.10778365775067,-6.44578793889684,-5.74848149060841,"95%","9",TRUE,11,0.164703013821073
"1997",",
 ","ProxyRecord",6534,-6.285451714,0.341130709960747,96,0.170565354980374,48,-4584,9,"test_set",0.000906179050108591,-6.17759822694866,-6.24747200860657,-6.10457385356517,-6.18326345030243,-6.50506950125713,-5.85542125181947,"95%","9",TRUE,11,0.164703013821073
"1998",",
 ","ProxyRecord",6664.4875,-6.444935284,0.341711094596268,70.5124999999998,0.170855547298134,35.2562499999999,-4714.4875,9,"test_set",0.00118696013424735,-6.4522212622171,-6.5186503981631,-6.38547117072018,-6.45150920465351,-6.80778001660764,-6.10408309023644,"95%","9",TRUE,11,0.164703013821073
"1999",",
 ","ProxyRecord",6753.4875,-6.524692068,0.342005575347281,36.5124999999998,0.17100278767364,18.2562499999999,-4803.4875,9,"test_set",0.0013622898783705,-6.6831117114942,-6.74407708344515,-6.62589749149867,-6.69126884513433,-7.04335132350587,-6.34660562100707,"95%","9",TRUE,11,0.164703013821073
"2000",",
 ","ProxyRecord",6766.9875,-6.604468054,0.342303101619817,38.0124999999998,0.171151550809909,19.0062499999999,-4816.9875,9,"test_set",0.00138690223703275,-6.72089720310764,-6.78073639844649,-6.66467570268598,-6.7255712294358,-7.06450154137739,-6.4043551295034,"95%","9",TRUE,11,0.164703013821073
"2001",",
 ","ProxyRecord",6880,-6.72415441,0.342755673935356,41,0.171377836967678,20.5,-4930,9,"test_set",0.00157245448955123,-7.06227889279483,-7.11369277529239,-7.01324582310602,-7.06113571821277,-7.39646250817745,-6.70579557616533,"95%","9",TRUE,11,0.164703013821073
"2002",",
 ","ProxyRecord",6902.5,-7.243088214,0.344793575364147,36.5,0.172396787682073,18.25,-4952.5,9,"test_set",0.00160502807182716,-7.13507868970509,-7.18623098868212,-7.08754200975722,-7.12866962883857,-7.46353132676126,-6.77910585373916,"95%","9",TRUE,11,0.164703013821073
"2003",",
 ","ProxyRecord",7077.5125,-7.962482349,0.3478192753668,49.5124999999998,0.1739096376834,24.7562499999999,-5127.5125,9,"test_set",0.001808869290576,-7.74401660226395,-7.7943973576201,-7.69158120147001,-7.74432995246111,-8.09488189372774,-7.38796560413114,"95%","9",TRUE,11,0.164703013821073
"2004",",
 ","ProxyRecord",7526.9875,-9.243994205,0.344758772676624,97.0124999999998,0.172379386338312,48.5062499999999,-5576.9875,9,"test_set",0.00199842153234542,-9.46270259385949,-9.50830271639305,-9.41577189654322,-9.46278168966077,-9.79764234342655,-9.12833548962339,"95%","9",TRUE,11,0.164703013821073
"2005",",
 ","ProxyRecord",7535.5,-9.284107444,0.344958883798887,94.5,0.172479441899443,47.25,-5585.5,9,"test_set",0.00200144565538629,-9.49606082235423,-9.5417440994103,-9.45005033756163,-9.5005537627897,-9.82422501548522,-9.15607033520359,"95%","9",TRUE,11,0.164703013821073
"2006",",
 ","ProxyRecord",7651.9875,-10.04729486,0.348870386384677,46.0124999999998,0.174435193192338,23.0062499999999,-5701.9875,9,"test_set",0.00205002498243623,-9.96023473528914,-10.0097862320156,-9.90976474892322,-9.95735120007721,-10.297710948267,-9.60482263527866,"95%","9",TRUE,11,0.164703013821073
"2007",",
 ","ProxyRecord",7882.475,-10.96649002,0.317905458091809,75.5249999999996,0.158952729045904,37.7624999999998,-5932.475,9,"test_set",0.00218567099814493,-10.9453094705945,-11.0023013268129,-10.8905949132236,-10.9500581757715,-11.2671533220239,-10.622314712747,"95%","9",TRUE,11,0.164703013821073
"2008",",
 ","ProxyRecord",8096.0125,-11.61562273,0.321847961468769,116.037499999999,0.160923980734384,58.0187499999997,-6146.0125,9,"test_set",0.00235723893995399,-11.9825177248445,-12.1568900285899,-11.8113834204036,-11.9867867798666,-12.3329092645411,-11.6135688336127,"95%","9",TRUE,11,0.164703013821073
"2009",",
 ","ProxyRecord",314.525,-0.342078769,0.319761861512691,215.55,0.159880930756345,107.775,1635.475,10,"test_set",0.000427867860545994,-0.381038696447775,-0.498099890236166,-0.264574293729756,-0.378702196645375,-0.726318007361877,-0.0367483978195446,"95%","10",TRUE,11,0.164703013821073
"2010",",
 ","ProxyRecord",424.5125,-0.459588663,0.319793408523136,253.6125,0.159896704261568,126.80625,1525.4875,10,"test_set",0.000400661804446367,-0.469339033269179,-0.579622377471387,-0.361427185429143,-0.470739996432416,-0.79747871662684,-0.132376250025105,"95%","10",TRUE,11,0.164703013821073
"2011",",
 ","ProxyRecord",688.9375,-0.655797012,0.319867015494004,243.0875,0.159933507747002,121.54375,1261.0625,10,"test_set",0.000267027280040355,-0.636852702843534,-0.800780743191538,-0.471065568745068,-0.632191775969736,-0.997902136101141,-0.265053838988557,"95%","10",TRUE,11,0.164703013821073
"2012",",
 ","ProxyRecord",3050.05,-1.490715379,0.300794773612641,534.075,0.15039738680632,267.0375,-1100.05,10,"test_set",0.000431774877523994,-1.47258149786541,-1.57336219704429,-1.37244569394193,-1.47686713656726,-1.80277705376401,-1.16728876349805,"95%","10",TRUE,11,0.164703013821073
"2013",",
 ","ProxyRecord",3176.9625,-1.569650617,0.300879806101973,536.0875,0.150439903050987,268.04375,-1226.9625,10,"test_set",0.000504484693819585,-1.59131288654285,-1.67969137340462,-1.50311278503048,-1.58683497664046,-1.91413572816683,-1.26641812782837,"95%","10",TRUE,11,0.164703013821073
"2014",",
 ","ProxyRecord",3241.4625,-1.609122975,0.300923926058793,549.5375,0.150461963029397,274.76875,-1291.4625,10,"test_set",0.000533751121023496,-1.65804939598474,-1.74005466638531,-1.57674521160115,-1.6575391327496,-1.95902633426823,-1.34898535943918,"95%","10",TRUE,11,0.164703013821073
"2015",",
 ","ProxyRecord",3652.4375,-2.100903267,0.288863245235775,474.5875,0.144431622617888,237.29375,-1702.4375,10,"test_set",0.000598608481539031,-2.13743019062139,-2.20371750830742,-2.07036074062324,-2.13835167371419,-2.42836837358577,-1.84178392269755,"95%","10",TRUE,11,0.164703013821073
"2016",",
 ","ProxyRecord",3774.9125,-2.338190529,0.289240700413988,423.0875,0.144620350206994,211.54375,-1824.9125,10,"test_set",0.000584502612643867,-2.28332417478201,-2.34910072294831,-2.21576677067833,-2.2861485843345,-2.57414543722394,-1.98821157634007,"95%","10",TRUE,11,0.164703013821073
"2017",",
 ","ProxyRecord",4062.9625,-2.615220506,0.289729574654109,362.0625,0.144864787327055,181.03125,-2112.9625,10,"test_set",0.000527190000998434,-2.60779869604941,-2.67559105158291,-2.5436173349308,-2.60302560627481,-2.89651707559062,-2.32078135869665,"95%","10",TRUE,11,0.164703013821073
"2018",",
 ","ProxyRecord",5139.95,-3.540440188,0.339766772285827,226.075,0.169883386142914,113.0375,-3189.95,10,"test_set",0.000906027462121983,-3.71439797989456,-3.78820576651975,-3.63875357938337,-3.70778450246729,-4.05067469497205,-3.37126663884345,"95%","10",TRUE,11,0.164703013821073
"2019",",
 ","ProxyRecord",5240.525,-3.699188863,0.340110731013885,284.525000000001,0.170055365506943,142.2625,-3290.525,10,"test_set",0.00104192811727355,-3.91309402573317,-3.9806916072587,-3.84437742773088,-3.9077169726884,-4.26202550330734,-3.56935844794902,"95%","10",TRUE,11,0.164703013821073
"2020",",
 ","ProxyRecord",5263.0125,-3.778548902,0.341256009309266,290.0125,0.170628004654633,145.00625,-3313.0125,10,"test_set",0.00106605329929232,-3.96109855070174,-4.02737077315391,-3.89362676435775,-3.96379324733192,-4.34195625328693,-3.59426745987796,"95%","10",TRUE,11,0.164703013821073
"2021",",
 ","ProxyRecord",5305.5125,-3.977108146,0.341713889121346,297.5125,0.170856944560673,148.75625,-3355.5125,10,"test_set",0.00110539987454583,-4.05467018281733,-4.11953198439356,-3.99089370907977,-4.0581774858344,-4.40703489374111,-3.69973354797543,"95%","10",TRUE,11,0.164703013821073
"2022",",
 ","ProxyRecord",5325.9875,-4.016826921,0.341808042,301.0375,0.17090402117789,150.51875,-3375.9875,10,"test_set",0.00112143856019209,-4.10090357977832,-4.16362393332322,-4.04027962860632,-4.09888552289835,-4.42480223784397,-3.76569386749525,"95%","10",TRUE,11,0.164703013821073
"2023",",
 ","ProxyRecord",5403.975,-4.294945935,0.342490488566976,279.025,0.171245244283488,139.5125,-3453.975,10,"test_set",0.00116515628010294,-4.28215768180994,-4.33722448750387,-4.227960958386,-4.27962299289358,-4.63645593322323,-3.93241196585484,"95%","10",TRUE,11,0.164703013821073
"2024",",
 ","ProxyRecord",5458.0125,-4.652727697,0.343427072137768,257.0125,0.171713536068884,128.50625,-3508.0125,10,"test_set",0.0011793079712108,-4.41081263764188,-4.46557542712849,-4.35629107793753,-4.4089811860016,-4.76317859151001,-4.05669197468285,"95%","10",TRUE,11,0.164703013821073
"2025",",
 ","ProxyRecord",5876.425,-5.20971416,0.345018016928655,233.575,0.172509008464327,116.7875,-3926.425,10,"test_set",0.00084190464477718,-5.31932596425044,-5.40533120954805,-5.22861586861663,-5.31276186599513,-5.70271998571591,-4.96632572455042,"95%","10",TRUE,11,0.164703013821073
"2026",",
 ","ProxyRecord",5959.5125,-5.368946419,0.345500796548822,219.537499999999,0.172750398274411,109.76875,-4009.5125,10,"test_set",0.000720408608412271,-5.44708469353407,-5.53125655298358,-5.35583199418891,-5.4520617042015,-5.80451541852283,-5.08285776208538,"95%","10",TRUE,11,0.164703013821073
"2027",",
 ","ProxyRecord",6007.0125,-5.44857656,0.345747603325205,207.0625,0.172873801662603,103.53125,-4057.0125,10,"test_set",0.000667562342560046,-5.51156580817274,-5.59463677172005,-5.42200808725714,-5.50128869021981,-5.8476065571277,-5.14858326442281,"95%","10",TRUE,11,0.164703013821073
"2028",",
 ","ProxyRecord",6173.5,-5.647710547,0.346378582693799,166.5,0.1731892913469,83.25,-4223.5,10,"test_set",0.000577743216112481,-5.70844632759127,-5.77924371066535,-5.6362068172848,-5.70893304928803,-6.05196819955675,-5.36538168193075,"95%","10",TRUE,11,0.164703013821073
"2029",",
 ","ProxyRecord",6376,-5.767361799,0.339334572475942,137.05,0.169667286237971,68.5250000000001,-4426,10,"test_set",0.000668595516306603,-5.94569385038892,-6.01009396786421,-5.88075215950117,-5.9494029875571,-6.28927334459852,-5.61653403837024,"95%","10",TRUE,11,0.164703013821073
"2030",",
 ","ProxyRecord",7509.5125,-9.123676882,0.344163563135009,97.5124999999998,0.172081781567504,48.7562499999999,-5559.5125,10,"test_set",0.0020078577215088,-9.39312690358847,-9.43964061663003,-9.34469537679523,-9.39277962116366,-9.72622421910605,-9.0743611438451,"95%","10",TRUE,11,0.164703013821073
"2031",",
 ","ProxyRecord",7626.475,-9.966857902,0.348448225001148,45.5249999999996,0.174224112500574,22.7624999999998,-5676.475,10,"test_set",0.00204089591662182,-9.85793612635961,-9.9089883002487,-9.80823409979948,-9.85340297104734,-10.2140185884274,-9.49741599093082,"95%","10",TRUE,11,0.164703013821073
"2032",",
 ","ProxyRecord",7638.9875,-10.00707729,0.348658753653181,45.0124999999998,0.174329376826591,22.5062499999999,-5688.9875,10,"test_set",0.00204465433983891,-9.90835487506125,-9.96027305452375,-9.85757917981301,-9.90697157765723,-10.2421253909065,-9.5647525321158,"95%","10",TRUE,11,0.164703013821073
"2033",",
 ","ProxyRecord",7668.0125,-10.12775327,0.349294603306728,51.0124999999998,0.174647301653364,25.5062499999999,-5718.0125,10,"test_set",0.00205353940723185,-10.0259417564099,-10.0797382918035,-9.97332477991129,-10.0290427393015,-10.3568345379945,-9.68936780375302,"95%","10",TRUE,11,0.164703013821073
"2034",",
 ","ProxyRecord",7673.5125,-10.16799711,0.34950763406825,51.5124999999998,0.174753817034125,25.7562499999999,-5723.5125,10,"test_set",0.00205524931442547,-10.0483283458629,-10.1021734717687,-9.9955589591061,-10.0511697259649,-10.4071021358011,-9.70682575111159,"95%","10",TRUE,11,0.164703013821073
"2035",",
 ","ProxyRecord",7785.5125,-10.64362138,0.315978194872758,70.5374999999995,0.157989097436379,35.2687499999997,-5835.5125,10,"test_set",0.00209188915238911,-10.5126268485598,-10.5710229440431,-10.454140839381,-10.5094329059056,-10.826816076541,-10.1937135015836,"95%","10",TRUE,11,0.164703013821073
"2036",",
 ","ProxyRecord",7901.9875,-11.08776593,0.318636706627967,76.0124999999998,0.159318353313984,38.0062499999999,-5951.9875,10,"test_set",0.00213367309327417,-11.0162626963981,-11.0754261469629,-10.9552111264162,-11.0168236633297,-11.3279266721988,-10.6902893287342,"95%","10",TRUE,11,0.164703013821073
"2037",",
 ","ProxyRecord",8033.5,-11.49327452,0.321101327885253,79.5249999999996,0.160550663942626,39.7624999999998,-6083.5,10,"test_set",0.0021853616916534,-11.6174600478484,-11.7267422320194,-11.5078733350059,-11.6162839945409,-11.9467982836448,-11.266941979025,"95%","10",TRUE,11,0.164703013821073
"2038",",
 ","ProxyRecord",1641.5375,-0.957970181,0.286726175796548,296.5375,0.143363087898274,148.26875,308.4625,1,"test_set",0.000166097201906301,-0.925278198089348,-1.04070197417078,-0.803561469495934,-0.917640475860207,-1.22404737797143,-0.612903260788823,"95%","1",TRUE,12,0.171503167160374
"2039",",
 ","ProxyRecord",2665.525,-1.254088565,0.300565543276673,450.55,0.150282771638337,225.275,-715.525,1,"test_set",0.000165120515266404,-1.27765468026541,-1.39795193881478,-1.16413615653998,-1.28112289718422,-1.5990296248936,-0.9654301674188,"95%","1",TRUE,12,0.171503167160374
"2040",",
 ","ProxyRecord",2895,-1.451256277,0.300753825014529,485.025,0.150376912507265,242.5125,-945,1,"test_set",0.00021629260903433,-1.35981256986039,-1.46027896392592,-1.26506563785226,-1.3586097254257,-1.65969968012221,-1.04944938158107,"95%","1",TRUE,12,0.171503167160374
"2041",",
 ","ProxyRecord",3340.9625,-1.705778615,0.288320523167636,558.0875,0.144160261583818,279.04375,-1390.9625,1,"test_set",0.00060408430627712,-1.69619235494795,-1.77892751080906,-1.60916180690012,-1.69414884810916,-1.99514794932061,-1.39466065334103,"95%","1",TRUE,12,0.171503167160374
"2042",",
 ","ProxyRecord",4515.375,-3.064499745,0.338816014431289,249.625,0.169408007215644,124.8125,-2565.375,1,"test_set",0.000266870990661694,-2.89010677253378,-2.98242375317629,-2.79972296043208,-2.89572112788631,-3.23665942323654,-2.54517198057167,"95%","1",TRUE,12,0.171503167160374
"2043",",
 ","ProxyRecord",4791.55,-3.302407786,0.339275250705151,158.55,0.169637625352575,79.2750000000001,-2841.55,1,"test_set",0.000675054300658395,-3.13685325422325,-3.24149106956985,-3.03385415959151,-3.13669249239117,-3.49140351042955,-2.78740291663753,"95%","1",TRUE,12,0.171503167160374
"2044",",
 ","ProxyRecord",5436.4875,-4.493687003,0.343001634708074,263.5375,0.171500817354037,131.76875,-3486.4875,1,"test_set",0.00100741283521888,-4.36662257997732,-4.42644334630295,-4.30709462283748,-4.37032166736824,-4.7139132153994,-4.0102064877637,"95%","1",TRUE,12,0.171503167160374
"2045",",
 ","ProxyRecord",5769.0125,-5.050516198,0.344546861642985,237.0125,0.172273430821493,118.50625,-3819.0125,1,"test_set",0.000894095446768439,-5.00216210892383,-5.07141662112153,-4.93007287491586,-5.00647450426138,-5.36494442867482,-4.66819591287593,"95%","1",TRUE,12,0.171503167160374
"2046",",
 ","ProxyRecord",5894.5625,-5.249518632,0.345137240098874,229.6875,0.172568620049437,114.84375,-3944.5625,1,"test_set",0.000848257648833339,-5.22088734696296,-5.30241195141339,-5.13466733303687,-5.21991598719521,-5.58325804808529,-4.85782276424404,"95%","1",TRUE,12,0.171503167160374
"2047",",
 ","ProxyRecord",5915.5375,-5.289326617,0.345257715571853,227.537499999999,0.172628857785926,113.76875,-3965.5375,1,"test_set",0.000840436608262607,-5.25623039918881,-5.3386031280627,-5.16827929541538,-5.25961754407534,-5.59874631124352,-4.89978956011473,"95%","1",TRUE,12,0.171503167160374
"2048",",
 ","ProxyRecord",5982.9625,-5.408760694,0.345623638613531,213.0375,0.172811819306765,106.51875,-4032.9625,1,"test_set",0.000814979139152072,-5.36746313721703,-5.45366896562525,-5.27641564321014,-5.36818463926779,-5.71509556384893,-5.01863842151037,"95%","1",TRUE,12,0.171503167160374
"2049",",
 ","ProxyRecord",6401.5125,-5.807199824,0.339467945253441,126.5125,0.169733972626721,63.2562499999999,-4451.5125,1,"test_set",0.000831365727194111,-6.01718260873313,-6.07839064342883,-5.95424484345719,-6.01668686311075,-6.37415788744355,-5.68042414894897,"95%","1",TRUE,12,0.171503167160374
"2050",",
 ","ProxyRecord",6483.5,-6.006430847,0.340146513072739,115.525,0.17007325653637,57.7624999999998,-4533.5,1,"test_set",0.000894134825157877,-6.15735704930791,-6.21572135401427,-6.09630294287588,-6.16921354152642,-6.50489286972529,-5.82344222394937,"95%","1",TRUE,12,0.171503167160374
"2051",",
 ","ProxyRecord",6757.9875,-6.564574788,0.342153890162499,35.0124999999998,0.171076945081249,17.5062499999999,-4807.9875,1,"test_set",0.0012489690244033,-6.73571986673007,-6.79437679052278,-6.6774877031666,-6.73165859564501,-7.0562758253868,-6.39490687188254,"95%","1",TRUE,12,0.171503167160374
"2052",",
 ","ProxyRecord",7009,-7.482762399,0.34577545544023,63.0249999999996,0.172887727720115,31.5124999999998,-5059,1,"test_set",0.00161704685437414,-7.46368630897396,-7.51045190478189,-7.41771859602891,-7.45974428109626,-7.82919714337023,-7.11036083987617,"95%","1",TRUE,12,0.171503167160374
"2053",",
 ","ProxyRecord",7056.5,-7.602653996,0.346276162220291,50.5,0.173138081110145,25.25,-5106.5,1,"test_set",0.00167848714396346,-7.62134259987058,-7.66788942488293,-7.57250970100249,-7.62044535599372,-7.97917973801485,-7.29084566494624,"95%","1",TRUE,12,0.171503167160374
"2054",",
 ","ProxyRecord",7077,-7.922489889,0.34764481511105,49,0.173822407555525,24.5,-5127,1,"test_set",0.00170419610123762,-7.69112827303483,-7.73878242900518,-7.64158930587982,-7.69369801598321,-8.03226362868024,-7.34595804040527,"95%","1",TRUE,12,0.171503167160374
"2055",",
 ","ProxyRecord",7079,-8.002475328,0.347993704941651,50,0.173996852470826,25,-5129,1,"test_set",0.00170667822907422,-7.6979914459802,-7.74573173112492,-7.64839432686618,-7.70193189543229,-8.03506829750951,-7.34820761561092,"95%","1",TRUE,12,0.171503167160374
"2056",",
 ","ProxyRecord",7126.5125,-8.402640694,0.349777152545626,66.5374999999995,0.174888576272813,33.2687499999997,-5176.5125,1,"test_set",0.00176428177678378,-7.86382174691887,-7.91346114672256,-7.80950143795497,-7.86210102871194,-8.21635034639433,-7.50963174532223,"95%","1",FALSE,12,0.171503167160374
"2057",",
 ","ProxyRecord",7586.9875,-9.605206156,0.34658136976361,69.0375000000004,0.173290684881805,34.5187500000002,-5636.9875,1,"test_set",0.0021536869688088,-9.68978136643413,-9.73945543782399,-9.64217685654598,-9.69084755510444,-10.0449518645459,-9.3415380554242,"95%","1",TRUE,12,0.171503167160374
"2058",",
 ","ProxyRecord",7704.9875,-10.32901506,0.350365765765407,55.0375000000004,0.175182882882703,27.5187500000002,-5754.9875,1,"test_set",0.00216065610691984,-10.1963134320651,-10.2529867524598,-10.1387646197507,-10.2006433750267,-10.5566410925542,-9.84119145917983,"95%","1",TRUE,12,0.171503167160374
"2059",",
 ","ProxyRecord",7710.9875,-10.36928899,0.350581118951387,56.0124999999998,0.175290559475694,28.0062499999999,-5760.9875,1,"test_set",0.00215973307420292,-10.2221742140829,-10.2793248046556,-10.1639023496456,-10.2194851432289,-10.5603488971189,-9.88488463250114,"95%","1",TRUE,12,0.171503167160374
"2060",",
 ","ProxyRecord",7737.4875,-10.44985038,0.351013938377691,56.5124999999998,0.175506969188846,28.2562499999999,-5787.4875,1,"test_set",0.00215417764062309,-10.3364139666983,-10.3950497872254,-10.2761167723851,-10.3399747107987,-10.6949313713024,-9.9989493432127,"95%","1",TRUE,12,0.171503167160374
"2061",",
 ","ProxyRecord",7822.5,-10.76462635,0.31669658463322,75.5249999999996,0.15834829231661,37.7624999999998,-5872.5,1,"test_set",0.00212007928688251,-10.7022709453874,-10.7663277604935,-10.6384861389956,-10.7038456423934,-11.0159586270294,-10.3750754189705,"95%","1",TRUE,12,0.171503167160374
"2062",",
 ","ProxyRecord",7855.9875,-10.84533785,0.317178678190513,72.0124999999998,0.158589339095256,36.0062499999999,-5905.9875,1,"test_set",0.00209983427530425,-10.8456798912188,-10.9105374805816,-10.781806503441,-10.8403562363732,-11.1545246308987,-10.5227879341897,"95%","1",TRUE,12,0.171503167160374
"2063",",
 ","ProxyRecord",7874.5,-10.92610014,0.317662308928226,77.5,0.158831154464113,38.75,-5924.5,1,"test_set",0.00208698966184251,-10.9246856118077,-10.9889020112276,-10.8607411369587,-10.9270869609431,-11.2415197565564,-10.59591145622,"95%","1",TRUE,12,0.171503167160374
"2064",",
 ","ProxyRecord",7909.475,-11.12823582,0.318881930258435,73.5499999999993,0.159440965129217,36.7749999999996,-5959.475,1,"test_set",0.00205951089204959,-11.0732913445757,-11.1395510680985,-11.0077668276091,-11.0737356625941,-11.4172622951203,-10.7312421665168,"95%","1",TRUE,12,0.171503167160374
"2065",",
 ","ProxyRecord",7985.025,-11.45261046,0.320852569852097,48.0250000000006,0.160426284926048,24.0125000000003,-6035.025,1,"test_set",0.00198581696282396,-11.3905319261295,-11.4814295029676,-11.2996734189778,-11.3896227182103,-11.7204942859878,-11.0562133384213,"95%","1",TRUE,12,0.171503167160374
"2066",",
 ","ProxyRecord",8079.5375,-11.57477541,0.32159807563747,108.537499999999,0.160799037818735,54.2687499999997,-6129.5375,1,"test_set",0.0018660301284168,-11.7776044906397,-11.9501728320319,-11.6138255531927,-11.7755908760578,-12.1405627736832,-11.4036766044375,"95%","1",TRUE,12,0.171503167160374
"2067",",
 ","ProxyRecord",86.5125,-0.185732135,0.320420612992673,115.5125,0.160210306496337,57.75625,1863.4875,2,"test_set",0.000425968527283799,-0.161952789571521,-0.289774130023589,-0.0313367212117545,-0.164542921567896,-0.505670959391237,0.17319113883185,"95%","2",TRUE,12,0.171503167160374
"2068",",
 ","ProxyRecord",106.975,-0.224759024,0.320425871285962,117.05,0.160212935642981,58.525,1843.025,2,"test_set",0.000431035415982689,-0.180376517430363,-0.309450739581427,-0.0479231566473969,-0.18425727981699,-0.544941576400889,0.182206920067056,"95%","2",TRUE,12,0.171503167160374
"2069",",
 ","ProxyRecord",455.475,-0.498793716,0.319806047515963,262.525,0.159903023757982,131.2625,1494.525,2,"test_set",0.000400303564523918,-0.484022928050713,-0.596331306391175,-0.365561273668497,-0.483160213136952,-0.850477526039232,-0.144255354615729,"95%","2",TRUE,12,0.171503167160374
"2070",",
 ","ProxyRecord",489.9125,-0.538023586,0.319819761943323,257.1375,0.159909880971662,128.56875,1460.0875,2,"test_set",0.000385264581684308,-0.51042283653477,-0.629120897719433,-0.389003732681467,-0.506809857003893,-0.828608895659338,-0.161906114926552,"95%","2",TRUE,12,0.171503167160374
"2071",",
 ","ProxyRecord",3669.4875,-2.14043883,0.28892352842253,466.6125,0.144461764211265,233.30625,-1719.4875,2,"test_set",0.000768830610597959,-2.17985160364507,-2.24196040242253,-2.11950422238453,-2.18278595503938,-2.47915898842529,-1.88090062611228,"95%","2",TRUE,12,0.171503167160374
"2072",",
 ","ProxyRecord",4137.85,-2.654812297,0.289803103947138,343.15,0.144901551973569,171.575,-2187.85,2,"test_set",0.000323820986036782,-2.73859206528005,-2.8217569785562,-2.65869153831313,-2.73703802913014,-3.03675801266079,-2.43169581058323,"95%","2",TRUE,12,0.171503167160374
"2073",",
 ","ProxyRecord",5282.9875,-3.857965428,0.341436546111018,293.0125,0.170718273055509,146.50625,-3332.9875,2,"test_set",0.00100678765855289,-4.03837025376276,-4.0973142256047,-3.98010762375655,-4.04285710533831,-4.38097727850543,-3.69715115199464,"95%","2",TRUE,12,0.171503167160374
"2074",",
 ","ProxyRecord",5357.5,-4.056556677,0.341902928643201,296.525,0.1709514643216,148.2625,-3407.5,2,"test_set",0.00100668418652194,-4.18940526481708,-4.24998014035571,-4.13189792770935,-4.19095840112233,-4.52776925585376,-3.85699781206225,"95%","2",TRUE,12,0.171503167160374
"2075",",
 ","ProxyRecord",5419.475,-4.374432822,0.342692479157206,270.525,0.171346239578603,135.2625,-3469.475,2,"test_set",0.000997753417042446,-4.31442689726767,-4.37615108305823,-4.2573477700302,-4.32471519460458,-4.66613448005442,-3.96451978083579,"95%","2",TRUE,12,0.171503167160374
"2076",",
 ","ProxyRecord",5425.5,-4.414179642,0.342794652632266,267.5,0.171397326316133,133.75,-3475.5,2,"test_set",0.000996749308335154,-4.32652041233299,-4.38812393243751,-4.26953355021725,-4.3271507656837,-4.68552860887106,-3.97802948198441,"95%","2",TRUE,12,0.171503167160374
"2077",",
 ","ProxyRecord",5450.5125,-4.612960677,0.343319504023197,259.5125,0.171659752011599,129.75625,-3500.5125,2,"test_set",0.000992379309394664,-4.376596413817,-4.43815206060233,-4.3194199200437,-4.38379139254986,-4.73262249470858,-4.03981225718302,"95%","2",TRUE,12,0.171503167160374
"2078",",
 ","ProxyRecord",5521,-4.89137323,0.344089636619946,235,0.172044818309973,117.5,-3571,2,"test_set",0.000978317129840534,-4.51645778012705,-4.57651097747037,-4.45982571816473,-4.52302621728009,-4.88161591284161,-4.16518676995164,"95%","2",FALSE,12,0.171503167160374
"2079",",
 ","ProxyRecord",5540.55,-4.931154704,0.344202398,232.6,0.172101199126866,116.3,-3590.55,2,"test_set",0.000973960070793645,-4.55488066198193,-4.61487019372036,-4.4973111835542,-4.55988385122189,-4.91567165453527,-4.21196362042047,"95%","2",FALSE,12,0.171503167160374
"2080",",
 ","ProxyRecord",6898.4875,-7.123284212,0.344312050323254,37.5124999999998,0.172156025161627,18.7562499999999,-4948.4875,2,"test_set",0.0015037526237105,-7.11657179259971,-7.1630657418771,-7.06837128111636,-7.11734704378014,-7.44544137667608,-6.76901515875651,"95%","2",TRUE,12,0.171503167160374
"2081",",
 ","ProxyRecord",6901,-7.203151788,0.344632076022813,37,0.172316038011406,18.5,-4951,2,"test_set",0.00150755977785799,-7.12418580092152,-7.17054743516824,-7.07598957695764,-7.1233382548181,-7.46644879983115,-6.76100396521564,"95%","2",TRUE,12,0.171503167160374
"2082",",
 ","ProxyRecord",6955.4875,-7.442811919,0.345609326054903,54.5124999999998,0.172804663027451,27.2562499999999,-5005.4875,2,"test_set",0.00158740726088347,-7.2939552208009,-7.33920114663162,-7.24652024631715,-7.29910935340115,-7.63765794564934,-6.93689219590463,"95%","2",TRUE,12,0.171503167160374
"2083",",
 ","ProxyRecord",7069.4875,-7.722565125,0.346784271994654,50.5124999999998,0.173392135997327,25.2562499999999,-5119.4875,2,"test_set",0.00173766519802054,-7.67572181685137,-7.72486220244597,-7.62607906594606,-7.67387310253969,-8.01937878825165,-7.34161347366457,"95%","2",TRUE,12,0.171503167160374
"2084",",
 ","ProxyRecord",7073,-7.842510552,0.347298114098866,50,0.173649057049433,25,-5123,2,"test_set",0.00174193381381471,-7.6880086256066,-7.73713335196952,-7.63822287946289,-7.68999603515472,-8.04598003803918,-7.33016703693156,"95%","2",TRUE,12,0.171503167160374
"2085",",
 ","ProxyRecord",7199.5,-8.442668627,0.34995908964487,94.5,0.174979544822435,47.25,-5249.5,2,"test_set",0.00188127897540191,-8.14873484263429,-8.20823436426383,-8.08736930205889,-8.15571787643741,-8.51812996052158,-7.79612048782472,"95%","2",TRUE,12,0.171503167160374
"2086",",
 ","ProxyRecord",7393,-8.682831134,0.342027151171328,58.0249999999996,0.171013575585664,29.0124999999998,-5443,2,"test_set",0.00204026628374265,-8.90885261781587,-8.97472434919826,-8.84556797683513,-8.91283593218947,-9.27248231256888,-8.57951803087236,"95%","2",TRUE,12,0.171503167160374
"2087",",
 ","ProxyRecord",7501.9875,-9.083584591,0.343965959128801,99.0124999999998,0.171982979564401,49.5062499999999,-5551.9875,2,"test_set",0.00209621177105213,-9.35706887753946,-9.4077700269581,-9.30515038459908,-9.36508995086924,-9.7159688267627,-9.00274232375579,"95%","2",TRUE,12,0.171503167160374
"2088",",
 ","ProxyRecord",7542.9875,-9.324212167,0.345159996659364,93.0124999999998,0.172579998329682,46.5062499999999,-5592.9875,2,"test_set",0.00210806792266816,-9.52796567923067,-9.57644605837793,-9.47946224083416,-9.52358425010438,-9.87561642058359,-9.17431893558426,"95%","2",TRUE,12,0.171503167160374
"2089",",
 ","ProxyRecord",7590.4875,-9.645368042,0.346786157617497,67.5124999999998,0.173393078808748,33.7562499999999,-5640.4875,2,"test_set",0.00211543687220761,-9.72691454318815,-9.77397651331178,-9.68014510899526,-9.73009570317852,-10.0584891013887,-9.38748387121681,"95%","2",TRUE,12,0.171503167160374
"2090",",
 ","ProxyRecord",7593,-9.685537385,0.346991817174247,66,0.173495908587123,33,-5643,2,"test_set",0.00211563633656375,-9.73745825783831,-9.78491370788616,-9.69118547985773,-9.73548568627211,-10.0793202672971,-9.38147719549128,"95%","2",TRUE,12,0.171503167160374
"2091",",
 ","ProxyRecord",7680.5,-10.20824852,0.349720836991891,52.5249999999996,0.174860418495946,26.2624999999998,-5730.5,2,"test_set",0.00211065403163957,-10.1051438724797,-10.1573780424279,-10.0550458706176,-10.1031958107856,-10.4484242346184,-9.76319676437199,"95%","2",TRUE,12,0.171503167160374
"2092",",
 ","ProxyRecord",7719.5,-10.40956333,0.350797820037471,54.5,0.175398910018735,27.25,-5769.5,2,"test_set",0.00210096126043169,-10.2688731896297,-10.323540349951,-10.2170627913898,-10.2701208721939,-10.5991460003024,-9.91506120762932,"95%","2",TRUE,12,0.171503167160374
"2093",",
 ","ProxyRecord",7916,-11.16869893,0.319127252382136,72.0249999999996,0.159563626191068,36.0124999999998,-5966,2,"test_set",0.00198203715795486,-11.0815442643639,-11.139207599349,-11.0217368379159,-11.0809735088492,-11.4065332023669,-10.7391304250218,"95%","2",TRUE,12,0.171503167160374
"2094",",
 ","ProxyRecord",7950.525,-11.37136039,0.320357822,56.5250000000006,0.160178911062888,28.2625000000003,-6000.525,2,"test_set",0.00194906187540589,-11.220653949183,-11.2881091647685,-11.1544371376097,-11.2181769323847,-11.5323212494913,-10.8829224818581,"95%","2",TRUE,12,0.171503167160374
"2095",",
 ","ProxyRecord",7962.5125,-11.41196737,0.320605004,50.5124999999998,0.160302502121402,25.2562499999999,-6012.5125,2,"test_set",0.0019367679845228,-11.268599316737,-11.3412679720266,-11.1980728655879,-11.2697348999855,-11.586117288337,-10.9385112013796,"95%","2",TRUE,12,0.171503167160374
"2096",",
 ","ProxyRecord",43,-0.107832927,0.320413083395057,95,0.160206541697529,47.5,1907,3,"test_set",0.000410184363836691,-0.128591148050107,-0.255166458773407,0.000311073671707065,-0.131244043795869,-0.477076943773417,0.202733865537407,"95%","3",TRUE,12,0.171503167160374
"2097",",
 ","ProxyRecord",143.5,-0.26382257,0.320432262211112,116.5,0.160216131105556,58.25,1806.5,3,"test_set",0.000434216303261264,-0.219005971584123,-0.342474760245927,-0.088376063001901,-0.215131875884608,-0.557463848790844,0.114261640139502,"95%","3",TRUE,12,0.171503167160374
"2098",",
 ","ProxyRecord",540.0125,-0.577269311,0.319834502900122,240.0375,0.159917251450061,120.01875,1409.9875,3,"test_set",0.000356868944592636,-0.550824045848932,-0.67749373890587,-0.423473086452835,-0.554005385895431,-0.902948158123837,-0.228717769141667,"95%","3",TRUE,12,0.171503167160374
"2099",",
 ","ProxyRecord",3370.9375,-1.745264165,0.288369911951494,556.1375,0.144184955975747,278.06875,-1420.9375,3,"test_set",0.000644653858028477,-1.73059974213691,-1.81520840313029,-1.64430223008521,-1.72838259355025,-2.04103896712546,-1.4332206558421,"95%","3",TRUE,12,0.171503167160374
"2100",",
 ","ProxyRecord",3507.4875,-1.942789411,0.288632722,522.5125,0.144316361053702,261.25625,-1557.4875,3,"test_set",0.000762453337471713,-1.92609939394952,-1.99869183540053,-1.8540467027516,-1.92446056322114,-2.2023631682447,-1.62684147161876,"95%","3",TRUE,12,0.171503167160374
"2101",",
 ","ProxyRecord",3856.425,-2.456892552,0.289443890618171,374.575,0.144721945309086,187.2875,-1906.425,3,"test_set",0.000670503304112113,-2.46448469890735,-2.54315719356621,-2.38546189308697,-2.46372288208005,-2.76870816205055,-2.16176603671777,"95%","3",TRUE,12,0.171503167160374
"2102",",
 ","ProxyRecord",3964.9625,-2.575635346,0.289656809549025,351.0625,0.144828404774512,175.53125,-2014.9625,3,"test_set",0.000526720293403393,-2.59636404004814,-2.68320161924882,-2.50553316237111,-2.59465577049849,-2.90210731093679,-2.29373120566134,"95%","3",TRUE,12,0.171503167160374
"2103",",
 ","ProxyRecord",4280.9125,-2.747481033,0.338253782539985,328.1875,0.169126891269993,164.09375,-2330.9125,3,"test_set",0.000161986137303671,-2.78560099448003,-2.86424711397959,-2.70500791223549,-2.78509208455894,-3.14299257455531,-2.4272415986542,"95%","3",TRUE,12,0.171503167160374
"2104",",
 ","ProxyRecord",4408.3875,-2.905967107,0.338527465937458,283.6375,0.169263732968729,141.81875,-2458.3875,3,"test_set",0.000168291576296831,-2.82356839648463,-2.90936449128014,-2.7392739795979,-2.82396619357,-3.17493566460974,-2.46105936506785,"95%","3",TRUE,12,0.171503167160374
"2105",",
 ","ProxyRecord",4435,-2.945588849,0.33859826394738,280.025,0.16929913197369,140.0125,-2485,3,"test_set",0.000181101575669196,-2.83238194181947,-2.92206407046412,-2.7448917523573,-2.83649840725664,-3.18593816526267,-2.48577698985141,"95%","3",TRUE,12,0.171503167160374
"2106",",
 ","ProxyRecord",4599,-3.183441865,0.339041496327628,211.025,0.169520748163814,105.5125,-2649,3,"test_set",0.000347662677946392,-2.91246365742666,-3.01950800171197,-2.80784408807631,-2.91634519829915,-3.24839221492348,-2.59348414278434,"95%","3",TRUE,12,0.171503167160374
"2107",",
 ","ProxyRecord",4690.4875,-3.262750604,0.339196208492697,164.5375,0.169598104246349,82.2687500000002,-2740.4875,3,"test_set",0.000506093136909413,-2.98900676529487,-3.10179811028906,-2.87477587189228,-2.98150650254076,-3.34694562721543,-2.61669278458129,"95%","3",TRUE,12,0.171503167160374
"2108",",
 ","ProxyRecord",5395.5125,-4.255202499,0.342390587855401,282.5125,0.171195293927701,141.25625,-3445.5125,3,"test_set",0.00103411329457348,-4.29247075560564,-4.35036267598741,-4.23565338167447,-4.29469650007098,-4.64869680205807,-3.95198719548993,"95%","3",TRUE,12,0.171503167160374
"2109",",
 ","ProxyRecord",5410.475,-4.33468808,0.34259086707063,276.525,0.171295433535315,138.2625,-3460.475,3,"test_set",0.00102743037666553,-4.32351746741407,-4.38247470755402,-4.26699475203809,-4.32386434859505,-4.65634429152551,-3.97008056766147,"95%","3",TRUE,12,0.171503167160374
"2110",",
 ","ProxyRecord",6043.025,-5.488399286,0.34587172985261,202.025000000001,0.172935864926305,101.0125,-4093.025,3,"test_set",0.000787693276516066,-5.46358971382136,-5.55342070260283,-5.38089037275552,-5.45986736987522,-5.80645000928706,-5.09502277228023,"95%","3",TRUE,12,0.171503167160374
"2111",",
 ","ProxyRecord",6417.9875,-5.847043877,0.339602210489672,123.0125,0.169801105244836,61.5062499999999,-4467.9875,3,"test_set",0.000857899325534817,-6.04759024613792,-6.10778690340832,-5.98783400542095,-6.04570119990207,-6.39158240461252,-5.70757035337153,"95%","3",TRUE,12,0.171503167160374
"2112",",
 ","ProxyRecord",6439.475,-5.886892288,0.339737279826235,120.549999999999,0.169868639913118,60.2749999999996,-4489.475,3,"test_set",0.000873977687398941,-6.08439178771299,-6.14367403467019,-6.02503901742924,-6.0853602853085,-6.42779048933156,-5.74534682180464,"95%","3",TRUE,12,0.171503167160374
"2113",",
 ","ProxyRecord",6800.0125,-6.644358516,0.342452829835931,51.0124999999998,0.171226414917965,25.5062499999999,-4850.0125,3,"test_set",0.0013303948075194,-6.85994323396447,-6.91920699663446,-6.80062716721023,-6.86566125136854,-7.19618265039361,-6.51042744479845,"95%","3",TRUE,12,0.171503167160374
"2114",",
 ","ProxyRecord",6848.9875,-6.684252516,0.34260380174792,53.0124999999998,0.17130190087396,26.5062499999999,-4898.9875,3,"test_set",0.00140430731507823,-6.99527258135858,-7.05221525617398,-6.93822092801024,-6.98731576007878,-7.33496494218712,-6.64540780796501,"95%","3",TRUE,12,0.171503167160374
"2115",",
 ","ProxyRecord",6890.5,-6.883772216,0.343369408052847,37.5,0.171684704026423,18.75,-4940.5,3,"test_set",0.00146468969079994,-7.1157213768118,-7.16932342125673,-7.06325198017807,-7.11532183476468,-7.46650744088489,-6.76190751406641,"95%","3",TRUE,12,0.171503167160374
"2116",",
 ","ProxyRecord",7044,-7.522722574,0.345941793605715,51,0.172970896802857,25.5,-5094,3,"test_set",0.00166989230145909,-7.60306625360159,-7.65218731941376,-7.5537263174151,-7.60596511565029,-7.95227798298893,-7.24900926291631,"95%","3",TRUE,12,0.171503167160374
"2117",",
 ","ProxyRecord",7066.025,-7.682598569,0.346614444,51.0250000000006,0.173307222,25.5125000000003,-5116.025,3,"test_set",0.00169700190204569,-7.67797843052699,-7.72894640857404,-7.62810704800121,-7.67864814481474,-8.01785003133552,-7.32438278556879,"95%","3",TRUE,12,0.171503167160374
"2118",",
 ","ProxyRecord",7074.0125,-7.882497373,0.34747131068946,49.0124999999998,0.17373565534473,24.5062499999999,-5124.0125,3,"test_set",0.00170668863526124,-7.70543216177402,-7.75744469021808,-7.65529341617318,-7.70635632203054,-8.06692943006208,-7.34769970485519,"95%","3",TRUE,12,0.171503167160374
"2119",",
 ","ProxyRecord",7081,-8.042470852,0.348169049616767,49.0249999999996,0.174084524808384,24.5124999999998,-5131,3,"test_set",0.00171509945943171,-7.72957180330162,-7.78204619423479,-7.67941070752266,-7.72711920621001,-8.0813589071983,-7.37670816176419,"95%","3",TRUE,12,0.171503167160374
"2120",",
 ","ProxyRecord",7430.5,-8.762952764,0.342409824875896,80.5,0.171204912437948,40.25,-5480.5,3,"test_set",0.00206034287968393,-9.05994161819466,-9.12128494352679,-8.99979724111304,-9.06831505643309,-9.42799418920418,-8.74339012065832,"95%","3",TRUE,12,0.171503167160374
"2121",",
 ","ProxyRecord",7459.4875,-8.883161883,0.342987579214241,92.5375000000004,0.17149378960712,46.2687500000002,-5509.4875,3,"test_set",0.00208060387563158,-9.1789049642997,-9.23687476732236,-9.12109533354423,-9.17678236011767,-9.51019410134025,-8.83577269507051,"95%","3",TRUE,12,0.171503167160374
"2122",",
 ","ProxyRecord",7576.0125,-9.524897074,0.34617240093023,76.0124999999998,0.173086200465115,38.0062499999999,-5626.0125,3,"test_set",0.00213416753611639,-9.66536550227901,-9.71439775759806,-9.61781767040325,-9.66505933097499,-9.99995994084414,-9.32629419124179,"95%","3",TRUE,12,0.171503167160374
"2123",",
 ","ProxyRecord",7605,-9.806066862,0.347612659721494,59,0.173806329860747,29.5,-5655,3,"test_set",0.00214055621370335,-9.78790045338303,-9.83561451199582,-9.7396342121359,-9.7898889545651,-10.1399623711405,-9.43274818964433,"95%","3",TRUE,12,0.171503167160374
"2124",",
 ","ProxyRecord",8060.5,-11.53399231,0.321349646637693,98.5,0.160674823318847,49.25,-6110.5,3,"test_set",0.00187805248916817,-11.697078291108,-11.8361619423114,-11.5639911114375,-11.692530849898,-12.0373858393156,-11.3454961777345,"95%","3",TRUE,12,0.171503167160374
"2125",",
 ","ProxyRecord",-68,-0.030352389,0.320409272640452,1,0.160204636320226,0.5,2018,4,"test_set",0.0267105721240068,0.00342285872152428,-0.370786213334548,0.396840993344949,0.00116963210296474,-0.511240988816625,0.499163661412754,"95%","4",TRUE,12,0.171503167160374
"2126",",
 ","ProxyRecord",65.5,-0.14675457,0.320416356065089,107.525,0.160208178032545,53.7625,1884.5,4,"test_set",0.0296532697115631,-0.146923737228857,-0.29463845827063,0.00553460470116338,-0.147659010096526,-0.491915086152954,0.196493068037477,"95%","4",TRUE,12,0.171503167160374
"2127",",
 ","ProxyRecord",1706.475,-0.997324995,0.28675416817989,289.55,0.143377084089945,144.775,243.525,4,"test_set",0.00911678302680241,-0.930783593906205,-1.06266995163436,-0.787923730305891,-0.929498290503589,-1.25298725031815,-0.630188418382784,"95%","4",TRUE,12,0.171503167160374
"2128",",
 ","ProxyRecord",2025.0375,-1.076058933,0.286813488023543,247.0625,0.143406744011772,123.53125,-75.0375,4,"test_set",0.0127335243136906,-1.02110188502001,-1.22927487300157,-0.809754622645833,-1.0195382105853,-1.39195004509885,-0.675426850682413,"95%","4",TRUE,12,0.171503167160374
"2129",",
 ","ProxyRecord",4191.45,-2.694404099,0.289878253,339.575,0.144939126,169.7875,-2241.45,4,"test_set",0.0192532352588648,-2.79501202887112,-2.88585896412799,-2.70671877549844,-2.79900457737836,-3.09882588805087,-2.50010212230472,"95%","4",TRUE,12,0.171503167160374
"2130",",
 ","ProxyRecord",4321.525,-2.787094202,0.338320892998089,312.55,0.169160446499044,156.275,-2371.525,4,"test_set",0.013053645491401,-2.85526029806635,-2.93733035114269,-2.77705728364144,-2.85566443898796,-3.1875976155784,-2.53389299034832,"95%","4",TRUE,12,0.171503167160374
"2131",",
 ","ProxyRecord",4354.4125,-2.826712448,0.338389052265366,300.612499999999,0.169194526132683,150.30625,-2404.4125,4,"test_set",0.0126059755918284,-2.86805087363451,-2.94795913094228,-2.79261509280387,-2.87021401919608,-3.20514554511796,-2.54491623367797,"95%","4",TRUE,12,0.171503167160374
"2132",",
 ","ProxyRecord",5100.5125,-3.461085237,0.339599499341038,209.537499999999,0.169799749670519,104.76875,-3150.5125,4,"test_set",0.0754234076159488,-3.68595248316781,-3.75451249213008,-3.61378152734906,-3.68893053504537,-4.04275562857329,-3.32392675081266,"95%","4",TRUE,12,0.171503167160374
"2133",",
 ","ProxyRecord",5272.5,-3.818256486,0.341346113413569,290.525,0.170673056706785,145.2625,-3322.5,4,"test_set",0.0788964584410135,-4.04200574532325,-4.10533372461829,-3.9813708943114,-4.04272604014997,-4.40257232410762,-3.65026432302225,"95%","4",TRUE,12,0.171503167160374
"2134",",
 ","ProxyRecord",5429.025,-4.453935584,0.342897641735312,267.025000000001,0.171448820867656,133.5125,-3479.025,4,"test_set",0.0749096799939064,-4.3696378973292,-4.43465333043303,-4.30933184597015,-4.38005982578829,-4.73800835854886,-4.01456323730609,"95%","4",TRUE,12,0.171503167160374
"2135",",
 ","ProxyRecord",5851.575,-5.169910325,0.344899204306193,229.599999999999,0.172449602153096,114.8,-3901.575,4,"test_set",0.0612778897839394,-5.16174219330076,-5.23608715660294,-5.08354132528667,-5.16517028231163,-5.53433917586286,-4.79338970216921,"95%","4",TRUE,12,0.171503167160374
"2136",",
 ","ProxyRecord",6463.5,-5.926729401,0.339872549353913,120.525,0.169936274676956,60.2624999999998,-4513.5,4,"test_set",0.0654489908528344,-6.09288570730269,-6.15747184177521,-6.02586482712168,-6.09011549122497,-6.46874924709514,-5.75567214589967,"95%","4",TRUE,12,0.171503167160374
"2137",",
 ","ProxyRecord",6512.95,-6.165855616,0.34070486802075,104.05,0.170352434010375,52.0250000000001,-4562.95,4,"test_set",0.0687849268273144,-6.17783064566944,-6.24299702140975,-6.11007419030263,-6.18013278204405,-6.55223930502534,-5.8144331560714,"95%","4",TRUE,12,0.171503167160374
"2138",",
 ","ProxyRecord",6521.0125,-6.20571608,0.340846172023142,100.0125,0.170423086011571,50.0062499999999,-4571.0125,4,"test_set",0.0693762012010435,-6.19218490551614,-6.25737147173644,-6.12402481763248,-6.18654625076847,-6.55276630789332,-5.83997658544304,"95%","4",TRUE,12,0.171503167160374
"2139",",
 ","ProxyRecord",6526.9875,-6.245590152,0.340988382903296,98.0124999999998,0.170494191451648,49.0062499999999,-4576.9875,4,"test_set",0.0698229546341356,-6.20292047793389,-6.26836104103379,-6.13458235632705,-6.19665916231631,-6.54942770085391,-5.84226725212849,"95%","4",TRUE,12,0.171503167160374
"2140",",
 ","ProxyRecord",6897.4875,-7.08335346,0.344153167249994,37.5124999999998,0.172076583624997,18.7562499999999,-4947.4875,4,"test_set",0.108596880350964,-7.09084683743421,-7.1488168000191,-7.03285573055586,-7.09183518412047,-7.51629024040638,-6.71229112064598,"95%","4",TRUE,12,0.171503167160374
"2141",",
 ","ProxyRecord",6903,-7.283028277,0.344955116399451,36,0.172477558199726,18,-4953,4,"test_set",0.109192435648708,-7.10775897524298,-7.16513422626541,-7.04978971244613,-7.10239567799772,-7.5011945827744,-6.68755666510369,"95%","4",TRUE,12,0.171503167160374
"2142",",
 ","ProxyRecord",6906.0125,-7.362912933,0.345280720801897,36.0124999999998,0.172640360400949,18.0062499999999,-4956.0125,4,"test_set",0.109516818832667,-7.11704317276804,-7.17412941843441,-7.05907511942575,-7.12380015111629,-7.54042087580928,-6.69897244418943,"95%","4",TRUE,12,0.171503167160374
"2143",",
 ","ProxyRecord",7063.5,-7.642624088,0.346445405898564,50.5249999999996,0.173222702949282,25.2624999999998,-5113.5,4,"test_set",0.125412930887192,-7.64023192840672,-7.70156430258239,-7.57868941503854,-7.64256819806606,-8.04913913109824,-7.20221306874175,"95%","4",TRUE,12,0.171503167160374
"2144",",
 ","ProxyRecord",7090,-8.282547459,0.349234831212595,48,0.174617415606297,24,-5140,4,"test_set",0.127882877333851,-7.73480994982056,-7.79799549131237,-7.67156984837518,-7.72540187485278,-8.14397808056342,-7.29540506720129,"95%","4",FALSE,12,0.171503167160374
"2145",",
 ","ProxyRecord",7100.0375,-8.362604116,0.349595550011948,52.0374999999995,0.174797775005974,26.0187499999997,-5150.0375,4,"test_set",0.128803019113466,-7.77106683898227,-7.83481410908192,-7.70711032073293,-7.76402286207816,-8.18178992874753,-7.32922481070135,"95%","4",FALSE,12,0.171503167160374
"2146",",
 ","ProxyRecord",7268.5,-8.482611111,0.341081271,87.5,0.170540635,43.75,-5318.5,4,"test_set",0.142982640793754,-8.40999823032689,-8.49139253937299,-8.32821587985722,-8.40847840628219,-8.8603606695401,-7.95346134161689,"95%","4",TRUE,12,0.171503167160374
"2147",",
 ","ProxyRecord",7338,-8.602734373,0.341646440804731,60.0249999999996,0.170823220402366,30.0124999999998,-5388,4,"test_set",0.148137654997704,-8.68692913828681,-8.77071818076677,-8.60455296700236,-8.6801905354448,-9.13559910717987,-8.23888602983553,"95%","4",TRUE,12,0.171503167160374
"2148",",
 ","ProxyRecord",7415.05,-8.722890214,0.342218516,71.0500000000002,0.171109258016306,35.5250000000001,-5465.05,4,"test_set",0.15337825787558,-9.00010602868013,-9.07796331016285,-8.92163158525683,-9.00230614788534,-9.46741280558609,-8.52661893828301,"95%","4",TRUE,12,0.171503167160374
"2149",",
 ","ProxyRecord",7596.5,-9.725715756,0.34719796054297,63.5249999999996,0.173598980271485,31.7624999999998,-5646.5,4,"test_set",0.160357779509823,-9.75216176371799,-9.81220819720417,-9.6878249145402,-9.75454153753017,-10.2215249322216,-9.2691929598386,"95%","4",TRUE,12,0.171503167160374
"2150",",
 ","ProxyRecord",7793.5,-10.68396094,0.316216789064177,73.5249999999996,0.158108394532089,36.7624999999998,-5843.5,4,"test_set",0.156457839465229,-10.5737200745726,-10.6496834148282,-10.4930654443919,-10.5812333136292,-11.0284743980268,-10.1255005423099,"95%","4",TRUE,12,0.171503167160374
"2151",",
 ","ProxyRecord",7807.525,-10.72429601,0.316456439287178,75.5250000000005,0.158228219643589,37.7625000000003,-5857.525,4,"test_set",0.155724291926518,-10.6318167907206,-10.7095182549442,-10.5498839521603,-10.6282441814708,-11.0577916630052,-10.1772780182503,"95%","4",TRUE,12,0.171503167160374
"2152",",
 ","ProxyRecord",7888,-11.0069002,0.318148605343717,77,0.159074302671859,38.5,-5938,4,"test_set",0.15034376595402,-10.9630339585809,-11.041548393416,-10.8808033185118,-10.9696147331725,-11.3982643332624,-10.5276304243508,"95%","4",TRUE,12,0.171503167160374
"2153",",
 ","ProxyRecord",7934.9875,-11.29023581,0.319864531495081,66.0124999999998,0.15993226574754,33.0062499999999,-5984.9875,4,"test_set",0.146279635367552,-11.1543061892895,-11.2406791298818,-11.0668696710052,-11.1540662893708,-11.6023625170545,-10.7008193975676,"95%","4",TRUE,12,0.171503167160374
"2154",",
 ","ProxyRecord",14,-0.069005802,0.320410770700682,74,0.160205385350341,37,1936,5,"test_set",0.00038933707032715,-0.108417595165711,-0.254458762976098,0.0411495758636843,-0.107305005996367,-0.467465406189458,0.237570802732244,"95%","5",TRUE,12,0.171503167160374
"2155",",
 ","ProxyRecord",1574.9625,-0.918623073,0.286699283275371,295.0375,0.143349641637685,147.51875,375.0375,5,"test_set",0.000155930911951985,-0.907723196993589,-1.0198533592012,-0.792957595271469,-0.910910609391665,-1.21239456661631,-0.604558643920462,"95%","5",TRUE,12,0.171503167160374
"2156",",
 ","ProxyRecord",2566.0125,-1.175272669,0.30049796406866,410.0125,0.15024898203433,205.00625,-616.0125,5,"test_set",0.000174772454791805,-1.26079036798173,-1.36526980204755,-1.15640643293867,-1.25813499736195,-1.57390342842612,-0.934615642489853,"95%","5",TRUE,12,0.171503167160374
"2157",",
 ","ProxyRecord",3395.5,-1.784757341,0.288420549773389,547.525,0.144210274886695,273.7625,-1445.5,5,"test_set",0.000651590597233742,-1.76686610146792,-1.84103009691435,-1.6851536172643,-1.76704413857566,-2.06996413691255,-1.4818126649457,"95%","5",TRUE,12,0.171503167160374
"2158",",
 ","ProxyRecord",4383.425,-2.866337463,0.338457829204649,292.6,0.169228914602324,146.3,-2433.425,5,"test_set",0.000219355712816061,-2.84920599753413,-2.92859661121118,-2.77294596840082,-2.8529104351888,-3.18684074451927,-2.51571445852034,"95%","5",TRUE,12,0.171503167160374
"2159",",
 ","ProxyRecord",5386.5125,-4.175739411,0.342193393629715,283.5125,0.171096696814857,141.75625,-3436.5125,5,"test_set",0.00101175968523215,-4.25966891178867,-4.31719281199221,-4.20020481067298,-4.26109250391541,-4.60833330919227,-3.92313608715912,"95%","5",TRUE,12,0.171503167160374
"2160",",
 ","ProxyRecord",5391.975,-4.21547279,0.342291458284034,283.025,0.171145729142017,141.5125,-3441.975,5,"test_set",0.00101062820856423,-4.27080330026915,-4.32834867252801,-4.21146177441066,-4.27779116157457,-4.64225549285076,-3.9388126263382,"95%","5",TRUE,12,0.171503167160374
"2161",",
 ","ProxyRecord",5446.4875,-4.573196685,0.343212915147096,262.5125,0.171606457573548,131.25625,-3496.4875,5,"test_set",0.000998669699647792,-4.38116713899726,-4.44003006332112,-4.32390163854583,-4.38782733230955,-4.71466887432054,-4.03964336157477,"95%","5",TRUE,12,0.171503167160374
"2162",",
 ","ProxyRecord",5464.5125,-4.69249573,0.343535620780583,253.5125,0.171767810390292,126.75625,-3514.5125,5,"test_set",0.000994448758340205,-4.41734507079239,-4.47575883847389,-4.3607345953525,-4.42061942095747,-4.78141591156336,-4.08839959725307,"95%","5",TRUE,12,0.171503167160374
"2163",",
 ","ProxyRecord",5935.9875,-5.329136603,0.345378910631829,224.1625,0.172689455315915,112.08125,-3985.9875,5,"test_set",0.000836955881355905,-5.29018915142598,-5.36812762701528,-5.21065974465913,-5.28329299261451,-5.64593849855812,-4.94229631075647,"95%","5",TRUE,12,0.171503167160374
"2164",",
 ","ProxyRecord",6885,-6.764058341,0.342908309835436,39,0.171454154917718,19.5,-4935,5,"test_set",0.00146939706033855,-7.07173262855483,-7.12787192596846,-7.01664653825102,-7.07266224528004,-7.41827454182148,-6.73037430825505,"95%","5",TRUE,12,0.171503167160374
"2165",",
 ","ProxyRecord",6888.5,-6.843862071,0.343214473416499,37.5,0.171607236708249,18.75,-4938.5,5,"test_set",0.00147478322616301,-7.08211969554326,-7.1380240437934,-7.02758215463884,-7.07876106809184,-7.42838317083486,-6.73804763850407,"95%","5",TRUE,12,0.171503167160374
"2166",",
 ","ProxyRecord",6891.5,-6.923682426,0.34352457919312,37.5,0.17176228959656,18.75,-4941.5,5,"test_set",0.00147938513279655,-7.09105326250368,-7.14704801755527,-7.03673465330324,-7.09620166168157,-7.43705661488295,-6.74588969968317,"95%","5",TRUE,12,0.171503167160374
"2167",",
 ","ProxyRecord",6895.5,-7.043428922,0.343994533991546,37.5,0.171997266995773,18.75,-4945.5,5,"test_set",0.0014854997469893,-7.10300811399639,-7.1586392962425,-7.04912051619788,-7.10011121429973,-7.43092524226855,-6.75899492374157,"95%","5",TRUE,12,0.171503167160374
"2168",",
 ","ProxyRecord",6899.0125,-7.163221243,0.344471405296577,37.0124999999998,0.172235702648289,18.5062499999999,-4949.0125,5,"test_set",0.00149084910554542,-7.11354673133704,-7.16865701559876,-7.05970289811796,-7.11825105747065,-7.4715666033787,-6.77440119613317,"95%","5",TRUE,12,0.171503167160374
"2169",",
 ","ProxyRecord",6904.9875,-7.322975101,0.345117061896691,36.0124999999998,0.172558530948346,18.0062499999999,-4954.9875,5,"test_set",0.00149990568119041,-7.13156074876913,-7.18699187269268,-7.07829479060698,-7.13154971544726,-7.45490449183426,-6.7995557667014,"95%","5",TRUE,12,0.171503167160374
"2170",",
 ","ProxyRecord",6920.0125,-7.402860803,0.345444413830338,42.0124999999998,0.172722206915169,21.0062499999999,-4970.0125,5,"test_set",0.00152244015960701,-7.17733989648545,-7.23221447228367,-7.12512837373229,-7.18107785914323,-7.52410962835387,-6.82791152829577,"95%","5",TRUE,12,0.171503167160374
"2171",",
 ","ProxyRecord",7084.4875,-8.122484742,0.348521892022329,48.5124999999998,0.174260946011165,24.2562499999999,-5134.4875,5,"test_set",0.00174670160202339,-7.72016279065226,-7.77037776070876,-7.66940425181619,-7.71658254937272,-8.07564245465021,-7.37297072063049,"95%","5",FALSE,12,0.171503167160374
"2172",",
 ","ProxyRecord",7086,-8.162494078,0.348698973973306,48.0249999999996,0.174349486986653,24.0124999999998,-5136,5,"test_set",0.00174857325865307,-7.72548208299334,-7.77579339061904,-7.67454861341124,-7.71844849291712,-8.06323512045534,-7.38605480051078,"95%","5",FALSE,12,0.171503167160374
"2173",",
 ","ProxyRecord",7093.5,-8.322571807,0.34941530143365,49.5,0.174707650716825,24.75,-5143.5,5,"test_set",0.00175780287434701,-7.75193996058555,-7.80276795490011,-7.70015551737429,-7.74823661744513,-8.11190100714963,-7.38461969387579,"95%","5",FALSE,12,0.171503167160374
"2174",",
 ","ProxyRecord",7441.9875,-8.8030171,0.342601958233598,86.0124999999998,0.171300979116799,43.0062499999999,-5491.9875,5,"test_set",0.00209171259770713,-9.10403427533274,-9.16169934765413,-9.04658181375995,-9.10335505686296,-9.44965836354165,-8.76437692970679,"95%","5",TRUE,12,0.171503167160374
"2175",",
 ","ProxyRecord",7488.5125,-9.003393483,0.343573632682052,98.5374999999994,0.171786816341026,49.2687499999997,-5538.5125,5,"test_set",0.00211747987730604,-9.29821924597557,-9.35198586606134,-9.24580772286628,-9.29947944734477,-9.65364503858914,-8.96720841387101,"95%","5",TRUE,12,0.171503167160374
"2176",",
 ","ProxyRecord",7559,-9.364339993,0.345361636045189,86.0249999999996,0.172680818022594,43.0124999999998,-5609,5,"test_set",0.00214139407228586,-9.59568841222621,-9.64300224004714,-9.54818745109075,-9.60033975344868,-9.94733645816586,-9.24685362708641,"95%","5",TRUE,12,0.171503167160374
"2177",",
 ","ProxyRecord",7569.9875,-9.444616361,0.345765475239243,79.0124999999998,0.172882737619621,39.5062499999999,-5619.9875,5,"test_set",0.00214348022380406,-9.64230779203718,-9.68935431595653,-9.59445934489628,-9.64070745381417,-9.99793447693476,-9.28213756713222,"95%","5",TRUE,12,0.171503167160374
"2178",",
 ","ProxyRecord",7582,-9.565044647,0.346376353275751,73,0.173188176637876,36.5,-5632,5,"test_set",0.0021452543526923,-9.69332984399982,-9.74099467199918,-9.64584699383673,-9.68620107754817,-10.0352150633568,-9.33355932125849,"95%","5",TRUE,12,0.171503167160374
"2179",",
 ","ProxyRecord",7610,-9.846253579,0.347821223350451,55.0249999999996,0.173910611675225,27.5124999999998,-5660,5,"test_set",0.00214733526577859,-9.8124227893945,-9.85981793959093,-9.76577081688414,-9.81105619989286,-10.1574250057238,-9.47536451164228,"95%","5",TRUE,12,0.171503167160374
"2180",",
 ","ProxyRecord",7697,-10.28875477,0.350150107764999,55,0.175075053882499,27.5,-5747,5,"test_set",0.00213545454634811,-10.1827778269017,-10.2367094976703,-10.12824827799,-10.1862667590312,-10.5271826538726,-9.8446155160823,"95%","5",TRUE,12,0.171503167160374
"2181",",
 ","ProxyRecord",7774.025,-10.6033048,0.315739941823423,67.0250000000005,0.157869970911711,33.5125000000003,-5824.025,5,"test_set",0.00210176869037682,-10.5088533765016,-10.5676934157421,-10.4487652026858,-10.5083265659948,-10.8312266128904,-10.197299566421,"95%","5",TRUE,12,0.171503167160374
"2182",",
 ","ProxyRecord",7865,-10.88571459,0.317420490766427,72,0.158710245383213,36,-5915,5,"test_set",0.0020339557094573,-10.8882276927458,-10.9500019769527,-10.827294381821,-10.8902780468451,-11.2167255399673,-10.5820338707029,"95%","5",TRUE,12,0.171503167160374
"2183",",
 ","ProxyRecord",7928,-11.24970716,0.319618573,67,0.159809286,33.5,-5978,5,"test_set",0.00196920745301199,-11.1452433490807,-11.2088974071849,-11.0792872611224,-11.1493615333376,-11.484568946431,-10.831612807165,"95%","5",TRUE,12,0.171503167160374
"2184",",
 ","ProxyRecord",386.4875,-0.420397887,0.319781865557516,238.5625,0.159890932778758,119.28125,1563.5125,6,"test_set",0.000421219594159972,-0.439009690691315,-0.548622257251136,-0.33800996455063,-0.439939548723698,-0.774580343143536,-0.104371966806149,"95%","6",TRUE,12,0.171503167160374
"2185",",
 ","ProxyRecord",2620.5,-1.21467617,0.300531211877705,433.6,0.150265605938852,216.8,-670.5,6,"test_set",0.000173814559589758,-1.26738983274019,-1.3764716028925,-1.15618431500029,-1.26224896114868,-1.58378473838132,-0.941630012916857,"95%","6",TRUE,12,0.171503167160374
"2186",",
 ","ProxyRecord",3136.4625,-1.530183704,0.300836598734054,537.5375,0.150418299367027,268.76875,-1186.4625,6,"test_set",0.000385348268588936,-1.51296153930083,-1.59420986206038,-1.43485951822364,-1.51026251026568,-1.83838334450412,-1.20513637046813,"95%","6",TRUE,12,0.171503167160374
"2187",",
 ","ProxyRecord",3424,-1.824260224,0.288472039568732,537.05,0.144236019784366,268.525,-1474,6,"test_set",0.000667231361489717,-1.8146702026915,-1.89597265050229,-1.73633838795179,-1.81636737434234,-2.10946151225662,-1.50067847087191,"95%","6",TRUE,12,0.171503167160374
"2188",",
 ","ProxyRecord",3624.9875,-2.061371665,0.288804013330107,479.0375,0.144402006665054,239.51875,-1674.9875,6,"test_set",0.000752398596071124,-2.10909662473489,-2.17723217053382,-2.0439246724034,-2.11228098288954,-2.40914616794176,-1.81259650564971,"95%","6",TRUE,12,0.171503167160374
"2189",",
 ","ProxyRecord",3721.4625,-2.219524348,0.289047480325488,448.5875,0.144523740162744,224.29375,-1771.4625,6,"test_set",0.000739199463462015,-2.25572203433811,-2.32497199752986,-2.18528313592238,-2.25534647755085,-2.54327175823508,-1.94958382739783,"95%","6",TRUE,12,0.171503167160374
"2190",",
 ","ProxyRecord",3752.4875,-2.298633897,0.289175402580346,439.5375,0.144587701290173,219.76875,-1802.4875,6,"test_set",0.00072750045002623,-2.30189542853686,-2.37360675114445,-2.2290721314243,-2.29808844727721,-2.59038768831664,-2.02176475588244,"95%","6",TRUE,12,0.171503167160374
"2191",",
 ","ProxyRecord",3805.4375,-2.377754547,0.28930718893556,399.6625,0.14465359446778,199.83125,-1855.4375,6,"test_set",0.000699154649208555,-2.37854250283012,-2.45616016608065,-2.30200532542412,-2.37383020442204,-2.67370938616445,-2.09228179314578,"95%","6",TRUE,12,0.171503167160374
"2192",",
 ","ProxyRecord",3909.325,-2.536051478,0.289584870766641,355.7,0.144792435383321,177.85,-1959.325,6,"test_set",0.000612835939228784,-2.51699375000974,-2.60425849033648,-2.43049887586155,-2.51485962965249,-2.82212315247127,-2.20189289077992,"95%","6",TRUE,12,0.171503167160374
"2193",",
 ","ProxyRecord",5045.05,-3.381744875,0.339435742587645,182.075,0.169717871293823,91.0374999999999,-3095.05,6,"test_set",0.000899428471612396,-3.58855762044661,-3.66210711638418,-3.51690917434576,-3.58887891778103,-3.91965958269381,-3.24203966262951,"95%","6",TRUE,12,0.171503167160374
"2194",",
 ","ProxyRecord",5223.5,-3.659498747,0.340023651799844,274.525,0.170011825899922,137.2625,-3273.5,6,"test_set",0.000980434817154929,-3.92916979764423,-3.99127580433968,-3.86712514485766,-3.93205193900385,-4.25507989670842,-3.61089048689605,"95%","6",TRUE,12,0.171503167160374
"2195",",
 ","ProxyRecord",5253.5125,-3.738856111,0.341167013120535,287.5125,0.170583506560267,143.75625,-3303.5125,6,"test_set",0.000986516473766574,-3.9887292424146,-4.05067054851403,-3.9262640882414,-3.98924988123186,-4.3395624845415,-3.64361462830754,"95%","6",TRUE,12,0.171503167160374
"2196",",
 ","ProxyRecord",5440.975,-4.533437045,0.343107092356876,264.049999999999,0.171553546178438,132.025,-3490.975,6,"test_set",0.00097963821694691,-4.36224162897676,-4.42675102597678,-4.29721439007166,-4.36653701593071,-4.69598879162556,-4.03381337751271,"95%","6",TRUE,12,0.171503167160374
"2197",",
 ","ProxyRecord",5469.4875,-4.732269606,0.34364463779127,251.5125,0.171822318895635,125.75625,-3519.4875,6,"test_set",0.000974992213320647,-4.41833007540886,-4.48110167902031,-4.35582576634552,-4.41890719016225,-4.75021700349206,-4.091108971301,"95%","6",TRUE,12,0.171503167160374
"2198",",
 ","ProxyRecord",5482.5125,-4.772046295,0.343754642647718,243.5125,0.171877321323859,121.75625,-3532.5125,6,"test_set",0.000972744670613146,-4.44385311870945,-4.5059142712439,-4.38199716294568,-4.45199254446887,-4.80376457606836,-4.11505773583893,"95%","6",TRUE,12,0.171503167160374
"2199",",
 ","ProxyRecord",5510,-4.851600007,0.343977162579867,236,0.171988581289933,118,-3560,6,"test_set",0.000967743903301788,-4.49749988843962,-4.55902056045777,-4.43695733653141,-4.49914964360381,-4.83174658485547,-4.16260737745095,"95%","6",FALSE,12,0.171503167160374
"2200",",
 ","ProxyRecord",5832.025,-5.130111674,0.344781272868479,227.05,0.172390636434239,113.525,-3882.025,6,"test_set",0.000883119014205569,-5.09769933658643,-5.17169036766925,-5.01881490512632,-5.09473267451647,-5.43114449805802,-4.7520285992143,"95%","6",TRUE,12,0.171503167160374
"2201",",
 ","ProxyRecord",6086,-5.528218646,0.345997335052248,187.025,0.172998667526124,93.5124999999998,-4136,6,"test_set",0.000784258432950935,-5.52039350741205,-5.60808355713519,-5.43590944034977,-5.52206829856928,-5.84697365200904,-5.17944816761796,"95%","6",TRUE,12,0.171503167160374
"2202",",
 ","ProxyRecord",6507.475,-6.125994293,0.340564026510113,104.525,0.170282013255057,52.2624999999998,-4557.475,6,"test_set",0.000917686088452996,-6.19305868379849,-6.25227365952322,-6.13510191925047,-6.19428216045925,-6.53280474283782,-5.84763250969461,"95%","6",TRUE,12,0.171503167160374
"2203",",
 ","ProxyRecord",6724.5,-6.48481342,0.341857871416384,49.5249999999996,0.170928935708192,24.7624999999998,-4774.5,6,"test_set",0.0012033770066644,-6.64806417752371,-6.7066637274249,-6.58976799010578,-6.65159374072183,-7.00232013394055,-6.28748265311431,"95%","6",TRUE,12,0.171503167160374
"2204",",
 ","ProxyRecord",6894,-7.003509672,0.343837082444669,37,0.171918541222335,18.5,-4944,6,"test_set",0.00147321801791112,-7.10568322224387,-7.15673084228518,-7.05647915783508,-7.1048302516054,-7.45124472780634,-6.76716234056182,"95%","6",TRUE,12,0.171503167160374
"2205",",
 ","ProxyRecord",7071.0125,-7.762544206,0.346955222393991,50.0124999999998,0.173477611196996,25.0062499999999,-5121.0125,6,"test_set",0.00171517571501134,-7.67538497084103,-7.72423950238613,-7.62663766546829,-7.67634721791976,-7.99732197990931,-7.32863900456948,"95%","6",TRUE,12,0.171503167160374
"2206",",
 ","ProxyRecord",7072,-7.802531821,0.347126117252899,50,0.173563058626449,25,-5122,6,"test_set",0.00171641056436744,-7.67879494196162,-7.72783662841839,-7.63000999163203,-7.67626453960368,-8.01270597351235,-7.33766838052782,"95%","6",TRUE,12,0.171503167160374
"2207",",
 ","ProxyRecord",7082.9875,-8.082471263,0.348345391893485,49.0124999999998,0.174172695946742,24.5062499999999,-5132.9875,6,"test_set",0.00173006416546162,-7.71689701546598,-7.76613976009999,-7.667626614477,-7.71473667151129,-8.05160951587654,-7.3651128644916,"95%","6",FALSE,12,0.171503167160374
"2208",",
 ","ProxyRecord",7087,-8.202512229,0.348877000744633,48.0249999999996,0.174438500372316,24.0124999999998,-5137,6,"test_set",0.00173501092901596,-7.73088446415403,-7.77998032511012,-7.68128281394871,-7.73720363847141,-8.10550006281333,-7.388643789315,"95%","6",FALSE,12,0.171503167160374
"2209",",
 ","ProxyRecord",7468.025,-8.923237509,0.343182358880579,94.0250000000006,0.17159117944029,47.0125000000003,-5518.025,6,"test_set",0.00210545680401353,-9.20731636865785,-9.26140712166829,-9.1540082463287,-9.2088420301186,-9.54753015729224,-8.86259437375578,"95%","6",TRUE,12,0.171503167160374
"2210",",
 ","ProxyRecord",7478.0375,-8.963317834,0.343377864874404,98.0374999999994,0.171688932437202,49.0187499999997,-5528.0375,6,"test_set",0.00211131628842232,-9.2492325126857,-9.30230057968321,-9.19712963194724,-9.2465976963674,-9.59575926897663,-8.89425078425844,"95%","6",TRUE,12,0.171503167160374
"2211",",
 ","ProxyRecord",7845,-10.80497827,0.316937688842211,77,0.158468844421106,38.5,-5895,6,"test_set",0.00206669147271299,-10.8078721528902,-10.8661428053227,-10.749995037434,-10.8098084193524,-11.1303121188716,-10.479438951839,"95%","6",TRUE,12,0.171503167160374
"2212",",
 ","ProxyRecord",7896.5,-11.04732685,0.318392066237282,76.5249999999996,0.159196033118641,38.2624999999998,-5946.5,6,"test_set",0.00202002128375511,-11.0209955528964,-11.080482352852,-10.9622941727756,-11.0251417846525,-11.3328392201524,-10.7158645601524,"95%","6",TRUE,12,0.171503167160374
"2213",",
 ","ProxyRecord",847.125,-0.695083187,0.319884878215016,253.125,0.159942439107508,126.5625,1102.875,7,"test_set",0.00017335367113458,-0.711396321375722,-0.877963390868728,-0.547659991722724,-0.711959185578199,-1.07412310814194,-0.338107828945976,"95%","7",TRUE,12,0.171503167160374
"2214",",
 ","ProxyRecord",1516.4625,-0.879284769,0.286673489851659,291.5875,0.143336744925829,145.79375,433.5375,7,"test_set",0.000165060173359932,-0.893676159540428,-1.02548465318923,-0.758745327804028,-0.892342464794553,-1.20737178466348,-0.580364099800434,"95%","7",TRUE,12,0.171503167160374
"2215",",
 ","ProxyRecord",2489.5125,-1.135875216,0.30046558039297,369.5125,0.150232790196485,184.75625,-539.5125,7,"test_set",0.00015462133731714,-1.2184192996504,-1.33575336423886,-1.09625959833416,-1.21947061478664,-1.54138738713968,-0.919523169100818,"95%","7",TRUE,12,0.171503167160374
"2216",",
 ","ProxyRecord",2751.4125,-1.33293653,0.300637532720803,478.6125,0.150318766360402,239.30625,-801.4125,7,"test_set",0.000180207007927091,-1.30176255316934,-1.41986171029927,-1.18213929763828,-1.3073136518089,-1.63382856047151,-0.97043488863723,"95%","7",TRUE,12,0.171503167160374
"2217",",
 ","ProxyRecord",2796.5125,-1.372378102,0.300675145598983,477.5125,0.150337572799491,238.75625,-846.5125,7,"test_set",0.000192657085607006,-1.31782276711577,-1.43607607499148,-1.19961691079276,-1.31821215050982,-1.64597154114243,-0.978986579730174,"95%","7",TRUE,12,0.171503167160374
"2218",",
 ","ProxyRecord",2840.475,-1.411810407,0.30071411651296,479.525,0.15035705825648,239.7625,-890.475,7,"test_set",0.000207955508263469,-1.33464700379071,-1.44803525756067,-1.2207174508777,-1.32993366845945,-1.65611833115052,-1.02081972568627,"95%","7",TRUE,12,0.171503167160374
"2219",",
 ","ProxyRecord",3303.5,-1.666295442,0.288272126175546,553.525,0.144136063087773,276.7625,-1353.5,7,"test_set",0.00055868136824011,-1.65695837452887,-1.74241775295085,-1.57041845567685,-1.65726696018465,-1.95548827231149,-1.36643090355705,"95%","7",TRUE,12,0.171503167160374
"2220",",
 ","ProxyRecord",3878.425,-2.496469688,0.289513860602869,365.625,0.144756930301435,182.8125,-1928.425,7,"test_set",0.000641613280627507,-2.48154252232683,-2.56012009744895,-2.40473910949112,-2.47480445166311,-2.77192319349893,-2.16700425553121,"95%","7",TRUE,12,0.171503167160374
"2221",",
 ","ProxyRecord",4537.4625,-3.104147077,0.338890106207929,242.5625,0.169445053103964,121.28125,-2587.4625,7,"test_set",0.000313568710630374,-2.92143903262111,-3.01116368727547,-2.83089681103286,-2.9189282397549,-3.2621377604904,-2.56962183659445,"95%","7",TRUE,12,0.171503167160374
"2222",",
 ","ProxyRecord",4958.525,-3.342076191,0.339354657792045,177.575000000001,0.169677328896023,88.7875000000004,-3008.525,7,"test_set",0.000871567895299741,-3.42409448173276,-3.50461249548994,-3.33703754734064,-3.42499256198149,-3.78168269095701,-3.09015668992059,"95%","7",TRUE,12,0.171503167160374
"2223",",
 ","ProxyRecord",5201,-3.619811057,0.339937131124243,263,0.169968565562121,131.5,-3251,7,"test_set",0.00101472890533527,-3.89151399979267,-3.94987593982546,-3.8314681904499,-3.8869927978492,-4.23794133869727,-3.56123548669193,"95%","7",TRUE,12,0.171503167160374
"2224",",
 ","ProxyRecord",5692.025,-5.010731089,0.344431279151665,261.025000000001,0.172215639575833,130.5125,-3742.025,7,"test_set",0.000916840721676415,-4.86830584731322,-4.92654574469046,-4.80917145348466,-4.86838537171704,-5.22162322994947,-4.51533756368276,"95%","7",TRUE,12,0.171503167160374
"2225",",
 ","ProxyRecord",6473.4875,-5.966574007,0.340009225945833,117.5125,0.170004612972917,58.7562499999999,-4523.4875,7,"test_set",0.000881550342146653,-6.12809914223998,-6.18600472793033,-6.06708987305371,-6.12682429034375,-6.47377253137553,-5.78587924588155,"95%","7",TRUE,12,0.171503167160374
"2226",",
 ","ProxyRecord",6498,-6.086131553,0.340423833661309,108,0.170211916830655,54,-4548,7,"test_set",0.000905620470259549,-6.17142851266654,-6.22898285982462,-6.110320950546,-6.17606671984664,-6.52376732060852,-5.85118040977578,"95%","7",TRUE,12,0.171503167160374
"2227",",
 ","ProxyRecord",6892,-6.96359469,0.343680553311825,38,0.171840276655912,19,-4942,7,"test_set",0.00150117405177674,-7.10719067896815,-7.1565406675982,-7.05982907210691,-7.10870691945241,-7.44091887864381,-6.77785226524357,"95%","7",TRUE,12,0.171503167160374
"2228",",
 ","ProxyRecord",7088.9875,-8.242522251,0.349055583,48.0124999999998,0.174527791574334,24.0062499999999,-5138.9875,7,"test_set",0.00176528625426275,-7.75974178978687,-7.8114461290392,-7.7101171590269,-7.7631209874829,-8.10732360531648,-7.41115009148498,"95%","7",FALSE,12,0.171503167160374
"2229",",
 ","ProxyRecord",7303.5,-8.522639728,0.341268713146706,72.5249999999996,0.170634356573353,36.2624999999998,-5353.5,7,"test_set",0.00197289718806282,-8.56803172871298,-8.63501287453379,-8.50305033692272,-8.5666986535808,-8.91647110312657,-8.22673654182212,"95%","7",TRUE,12,0.171503167160374
"2230",",
 ","ProxyRecord",7322,-8.562682971,0.341457053963497,65,0.170728526981748,32.5,-5372,7,"test_set",0.00198689530370721,-8.64115568414988,-8.70921169588947,-8.57612886376857,-8.63705256582751,-8.97769982443656,-8.29745037988404,"95%","7",TRUE,12,0.171503167160374
"2231",",
 ","ProxyRecord",7355.5,-8.642775035,0.341836322185815,56.5,0.170918161092907,28.25,-5405.5,7,"test_set",0.00201066452332199,-8.7746101214388,-8.84085098864019,-8.71040920861986,-8.77392450655789,-9.12028590591303,-8.44299829454015,"95%","7",TRUE,12,0.171503167160374
"2232",",
 ","ProxyRecord",7450.5,-8.843079696,0.342794840287658,91.5,0.171397420143829,45.75,-5500.5,7,"test_set",0.00206649333436282,-9.15905664454062,-9.21825649271596,-9.10006507409019,-9.15382688783959,-9.51399640530401,-8.80924951789049,"95%","7",TRUE,12,0.171503167160374
"2233",",
 ","ProxyRecord",7496.0125,-9.043484911,0.343769106,99.0374999999994,0.171884553,49.5187499999997,-5546.0125,7,"test_set",0.00208547187470209,-9.3456852877804,-9.39979420574205,-9.29020410344204,-9.3460919582713,-9.68729781875924,-8.98485746309154,"95%","7",TRUE,12,0.171503167160374
"2234",",
 ","ProxyRecord",7517.025,-9.163784268,0.344361290824923,96.0250000000006,0.172180645412462,48.0125000000003,-5567.025,7,"test_set",0.0020923755883473,-9.4322764044445,-9.48387840192628,-9.37778986847205,-9.42662616491901,-9.76944912499885,-9.10069108486217,"95%","7",TRUE,12,0.171503167160374
"2235",",
 ","ProxyRecord",7520.9875,-9.203880679,0.344559865209497,97.0124999999998,0.172279932604749,48.5062499999999,-5570.9875,7,"test_set",0.00209354590881006,-9.44863271229129,-9.5002834813552,-9.3942711988768,-9.44475097806845,-9.78988037396577,-9.10568452743103,"95%","7",TRUE,12,0.171503167160374
"2236",",
 ","ProxyRecord",7572.5,-9.484752232,0.345968667861325,78.5,0.172984333930663,39.25,-5622.5,7,"test_set",0.00210496088364209,-9.66194920047715,-9.71153144671405,-9.60988064071869,-9.65830592510068,-10.0128317980238,-9.30215911119482,"95%","7",TRUE,12,0.171503167160374
"2237",",
 ","ProxyRecord",7615.5,-9.886457368,0.348029551077181,51.5,0.17401477553859,25.75,-5665.5,7,"test_set",0.00210908647297892,-9.84080835969828,-9.88903154496654,-9.79022011589222,-9.84147158611453,-10.1868497254991,-9.51085717999925,"95%","7",TRUE,12,0.171503167160374
"2238",",
 ","ProxyRecord",7621.975,-9.92665478,0.348238250285579,48.0249999999996,0.17411912514279,24.0124999999998,-5671.975,7,"test_set",0.00210928181094694,-9.86778921794911,-9.91588255334694,-9.81715334406931,-9.87061951303042,-10.2143245158665,-9.51723300045099,"95%","7",TRUE,12,0.171503167160374
"2239",",
 ","ProxyRecord",7660,-10.08751181,0.349082609237231,50,0.174541304618615,25,-5710,7,"test_set",0.00210817932391194,-10.0264235869361,-10.0757542159797,-9.97389496087727,-10.0245013008956,-10.3757104288622,-9.69230911705872,"95%","7",TRUE,12,0.171503167160374
"2240",",
 ","ProxyRecord",7755.0125,-10.52272384,0.315264165620434,64.0124999999998,0.157632082810217,32.0062499999999,-5805.0125,7,"test_set",0.00208861965638185,-10.4234042700881,-10.4786389451677,-10.3658785978704,-10.4209578476263,-10.7180549590751,-10.1003935939484,"95%","7",TRUE,12,0.171503167160374
"2241",",
 ","ProxyRecord",7765.5125,-10.56300702,0.315501818036251,66.5124999999998,0.157750909018125,33.2562499999999,-5815.5125,7,"test_set",0.00208498517917377,-10.4672566765454,-10.5231291964628,-10.4090131932212,-10.4646396768354,-10.7769572449383,-10.1393922362919,"95%","7",TRUE,12,0.171503167160374
"2242",",
 ","ProxyRecord",583.5125,-0.616526198,0.31985027938865,235.5125,0.159925139694325,117.75625,1366.4875,8,"test_set",0.000329870640683461,-0.578144138025548,-0.71812242449587,-0.430549132522089,-0.579525420241839,-0.919209621907907,-0.238123466673894,"95%","8",TRUE,12,0.171503167160374
"2243",",
 ","ProxyRecord",1074,-0.734375889,0.319903829030286,223,0.159951914515143,111.5,876,8,"test_set",0.000130791552754861,-0.777064503278028,-0.948167961662211,-0.619669555395944,-0.780024369817385,-1.12297043864275,-0.427345633313885,"95%","8",TRUE,12,0.171503167160374
"2244",",
 ","ProxyRecord",3476.475,-1.903281447,0.288578229984398,525.55,0.144289114992199,262.775,-1526.475,8,"test_set",0.000714124191664167,-1.88768980921186,-1.96551371595923,-1.81223214764686,-1.88993840152074,-2.19045809218361,-1.5973574614104,"95%","8",TRUE,12,0.171503167160374
"2245",",
 ","ProxyRecord",3547.35,-1.982305466,0.288688593716257,511.65,0.144344296858129,255.825,-1597.35,8,"test_set",0.000747519838534272,-1.99312959219453,-2.06432434333182,-1.9223678024941,-1.99441176683114,-2.29453426023699,-1.68356555629024,"95%","8",TRUE,12,0.171503167160374
"2246",",
 ","ProxyRecord",3699.3875,-2.179977648,0.288984919316642,457.6375,0.144492459658321,228.81875,-1749.3875,8,"test_set",0.000750478527167253,-2.22701413813207,-2.29187089620113,-2.16171358972985,-2.23372798501586,-2.53436155903359,-1.95439375991283,"95%","8",TRUE,12,0.171503167160374
"2247",",
 ","ProxyRecord",3737.95,-2.259077298,0.289110972963226,445.05,0.144555486481613,222.525,-1787.95,8,"test_set",0.000736334217432688,-2.28529613136954,-2.35100465170006,-2.21732207682831,-2.28216296542836,-2.57944733821474,-1.97514657682406,"95%","8",TRUE,12,0.171503167160374
"2248",",
 ","ProxyRecord",4453,-2.985223345,0.338669928952243,277.1,0.169334964476122,138.55,-2503,8,"test_set",0.000249769485860529,-2.86556629721632,-2.95170531766028,-2.77822910098427,-2.86131464254625,-3.20087189012996,-2.50537176326156,"95%","8",TRUE,12,0.171503167160374
"2249",",
 ","ProxyRecord",4484.975,-3.024857872,0.338742591363626,263.049999999999,0.169371295681813,131.525,-2534.975,8,"test_set",0.000271812977803432,-2.88135471536313,-2.97197875685327,-2.78957120372211,-2.88610436790001,-3.22105794230311,-2.54556548692994,"95%","8",TRUE,12,0.171503167160374
"2250",",
 ","ProxyRecord",4566.475,-3.143788366,0.338965562775759,229.525,0.16948278138788,114.7625,-2616.475,8,"test_set",0.000350898668122213,-2.92963281346902,-3.03199110645951,-2.82779128247867,-2.93125914738691,-3.31560944695411,-2.57049704330761,"95%","8",TRUE,12,0.171503167160374
"2251",",
 ","ProxyRecord",5074.9875,-3.421408449,0.339517185021476,194.0125,0.169758592510738,97.0062499999999,-3124.9875,8,"test_set",0.000987824064901943,-3.65364115046906,-3.72673879167427,-3.58409327680519,-3.65923725495171,-4.01357565579174,-3.31326868697922,"95%","8",TRUE,12,0.171503167160374
"2252",",
 ","ProxyRecord",5119.9875,-3.500760109,0.339682621925716,216.0125,0.169841310962858,108.00625,-3169.9875,8,"test_set",0.00100880182890561,-3.74424651207814,-3.81251131807,-3.67861641557929,-3.74124016269922,-4.08592293236577,-3.4004559994514,"95%","8",TRUE,12,0.171503167160374
"2253",",
 ","ProxyRecord",5163.4875,-3.580127755,0.339851546253422,245.5125,0.169925773126711,122.75625,-3213.4875,8,"test_set",0.00102268600185029,-3.83339914762915,-3.89710282791751,-3.77008646702986,-3.83664515806228,-4.17750509605406,-3.50431594964632,"95%","8",TRUE,12,0.171503167160374
"2254",",
 ","ProxyRecord",5296.5,-3.93739353,0.341620480675429,295.5,0.170810240337715,147.75,-3346.5,8,"test_set",0.00102614350565577,-4.10964790822186,-4.17211503232959,-4.05037667422764,-4.11047600625676,-4.45724167970043,-3.7523027916694,"95%","8",TRUE,12,0.171503167160374
"2255",",
 ","ProxyRecord",5370.0125,-4.096279378,0.341998759939205,290.0125,0.170999379969603,145.00625,-3420.0125,8,"test_set",0.00100283719814964,-4.26035875684512,-4.32319876263651,-4.19960022791931,-4.25492069886382,-4.59394235516651,-3.9180876406493,"95%","8",TRUE,12,0.171503167160374
"2256",",
 ","ProxyRecord",5381,-4.136006945,0.342095604,286,0.171047802,143,-3431,8,"test_set",0.000997884912901092,-4.28253504009701,-4.34544205787779,-4.22211905264154,-4.28413560445254,-4.6345666711568,-3.91790917426738,"95%","8",TRUE,12,0.171503167160374
"2257",",
 ","ProxyRecord",5593,-4.970941183,0.344316526986243,255,0.172158263493122,127.5,-3643,8,"test_set",0.000909657598091584,-4.68954124464913,-4.74690961355035,-4.62933498797324,-4.6892866028071,-5.03485565705166,-4.33557917710358,"95%","8",TRUE,12,0.171503167160374
"2258",",
 ","ProxyRecord",5811.9875,-5.090313648,0.344663343498686,232.0375,0.172331671749343,116.01875,-3861.9875,8,"test_set",0.000834681553585348,-5.07250068795789,-5.1454018050359,-5.00128170872733,-5.07273535133363,-5.40774081725067,-4.71794477257131,"95%","8",TRUE,12,0.171503167160374
"2259",",
 ","ProxyRecord",6144,-5.607876288,0.346250177934013,172.05,0.173125088967007,86.0250000000001,-4194,8,"test_set",0.000761678723359971,-5.59524035108221,-5.68190910164999,-5.51298390494276,-5.6004062832619,-5.9397234794406,-5.25407937162624,"95%","8",TRUE,12,0.171503167160374
"2260",",
 ","ProxyRecord",6224.4875,-5.687542718,0.34650676041386,175.5375,0.17325338020693,87.7687500000002,-4274.4875,8,"test_set",0.000771957698209036,-5.71687379262392,-5.79625797540048,-5.64057859569972,-5.71625824825613,-6.07316114709116,-5.35600855464421,"95%","8",TRUE,12,0.171503167160374
"2261",",
 ","ProxyRecord",6541.4625,-6.3253188,0.341274634737221,92.5375000000004,0.17063731736861,46.2687500000002,-4591.4625,8,"test_set",0.000982734123633477,-6.25286852985485,-6.31331478234459,-6.19193323947912,-6.24879243631181,-6.57014733505336,-5.91651818293017,"95%","8",TRUE,12,0.171503167160374
"2262",",
 ","ProxyRecord",6548.9875,-6.365185827,0.341419404877928,88.0124999999998,0.170709702438964,44.0062499999999,-4598.9875,8,"test_set",0.000991038650677289,-6.26763936055337,-6.32841651339342,-6.20675142635504,-6.26826519084329,-6.6068869695636,-5.92701811666287,"95%","8",TRUE,12,0.171503167160374
"2263",",
 ","ProxyRecord",6606.975,-6.405062003,0.341564503947161,81.0499999999993,0.170782251973581,40.5249999999996,-4656.975,8,"test_set",0.00106016818297583,-6.38603055697406,-6.44660566685172,-6.3238528795164,-6.38555297664999,-6.713651611226,-6.00851181895666,"95%","8",TRUE,12,0.171503167160374
"2264",",
 ","ProxyRecord",6887.475,-6.80395828,0.343060954135525,37.5249999999996,0.171530477067762,18.7624999999998,-4937.475,8,"test_set",0.00147653476374465,-7.09894883835074,-7.15205607804188,-7.0447841902179,-7.09942927649781,-7.44630169485356,-6.74646800507995,"95%","8",TRUE,12,0.171503167160374
"2265",",
 ","ProxyRecord",7050.4875,-7.562680895,0.346108904598418,49.5124999999998,0.173054452299209,24.7562499999999,-5100.4875,8,"test_set",0.00169056845333859,-7.62043682779474,-7.6660891662682,-7.57233865780177,-7.6272681820371,-7.96770855631622,-7.28016094149061,"95%","8",TRUE,12,0.171503167160374
"2266",",
 ","ProxyRecord",7566,-9.404470798,0.345563160794744,81,0.172781580397372,40.5,-5616,8,"test_set",0.00211754485963667,-9.61889259302494,-9.66561722952045,-9.5733062322545,-9.61655123432979,-9.96958410471152,-9.25916448837233,"95%","8",TRUE,12,0.171503167160374
"2267",",
 ","ProxyRecord",7601.5,-9.765890009,0.347405288437699,61.5,0.173702644218849,30.75,-5651.5,8,"test_set",0.00212414448386156,-9.76811166552046,-9.81672516875543,-9.72269314050634,-9.76811739234962,-10.106297846089,-9.41010186873958,"95%","8",TRUE,12,0.171503167160374
"2268",",
 ","ProxyRecord",7689.4875,-10.24849435,0.349935022654488,53.5124999999998,0.174967511327244,26.7562499999999,-5739.4875,8,"test_set",0.00212289303687108,-10.1396461566034,-10.1929695300274,-10.0883470929654,-10.1432505726686,-10.495035630222,-9.79873328471622,"95%","8",TRUE,12,0.171503167160374
"2269",",
 ","ProxyRecord",7921.5,-11.20918651,0.31937371267617,69.5,0.159686856338085,34.75,-5971.5,8,"test_set",0.0019992708437222,-11.1113329388546,-11.1715998750335,-11.049200999546,-11.1127459998825,-11.425885193587,-10.7653824017156,"95%","8",TRUE,12,0.171503167160374
"2270",",
 ","ProxyRecord",7942.475,-11.33078558,0.3201107,60.5499999999993,0.16005535,30.2749999999996,-5992.475,8,"test_set",0.00197949507967365,-11.1972644676637,-11.2627790094105,-11.1304920716397,-11.2022296643201,-11.5299477992989,-10.8696592499903,"95%","8",TRUE,12,0.171503167160374
"2271",",
 ","ProxyRecord",261.05,-0.302951103,0.319753405,187.05,0.159876702302196,93.525,1688.95,9,"test_set",0.000444468759498717,-0.33558429803211,-0.470348857174968,-0.200348811611377,-0.334183338605985,-0.661556416661227,0.00297239069757396,"95%","9",TRUE,12,0.171503167160374
"2272",",
 ","ProxyRecord",354.925,-0.381224695,0.319771362832019,224.125,0.15988568141601,112.0625,1595.075,9,"test_set",0.000430094508316325,-0.415068056591924,-0.538589854864398,-0.298686844280939,-0.409443275701705,-0.737344227134045,-0.0709079464783978,"95%","9",TRUE,12,0.171503167160374
"2273",",
 ","ProxyRecord",1254.55,-0.800639634,0.286625488321054,213.575,0.143312744160527,106.7875,695.45,9,"test_set",0.000116440517392014,-0.841880674218576,-1.05331429425869,-0.621068392317337,-0.840702424999468,-1.23492461710378,-0.488176675042071,"95%","9",TRUE,12,0.171503167160374
"2274",",
 ","ProxyRecord",1438.0125,-0.839957544,0.286648866939431,294.0125,0.143324433469715,147.00625,511.9875,9,"test_set",0.00013257900140784,-0.885561315427858,-1.06178510760658,-0.69697783717033,-0.884935295612015,-1.20963636309707,-0.539325056931811,"95%","9",TRUE,12,0.171503167160374
"2275",",
 ","ProxyRecord",1831.4875,-1.036690097,0.286783231865505,286.5125,0.143391615932753,143.25625,118.5125,9,"test_set",0.000163105009023945,-0.984874174420181,-1.16400723845151,-0.81177549428827,-0.981526423240522,-1.29809259004238,-0.629319347012015,"95%","9",TRUE,12,0.171503167160374
"2276",",
 ","ProxyRecord",2292.0375,-1.096484017,0.300434440477865,271.0375,0.150217220238933,135.51875,-342.0375,9,"test_set",0.00018157146204345,-1.14636962848099,-1.31389625844118,-0.98650061161352,-1.15610835365852,-1.50459422221805,-0.80615906670375,"95%","9",TRUE,12,0.171503167160374
"2277",",
 ","ProxyRecord",2713.5,-1.293514541,0.300601118461603,468.525,0.150300559230802,234.2625,-763.5,9,"test_set",0.000168648876491817,-1.3047634116163,-1.41185480198851,-1.20258207334645,-1.30284498461405,-1.62723338984254,-0.981349219739431,"95%","9",TRUE,12,0.171503167160374
"2278",",
 ","ProxyRecord",3448.3625,-1.86376971,0.288524667101224,531.6375,0.144262333550612,265.81875,-1498.3625,9,"test_set",0.000708836309454286,-1.84303123585931,-1.91957324769556,-1.76578447814745,-1.84117443922545,-2.14317117450984,-1.54559786303442,"95%","9",TRUE,12,0.171503167160374
"2279",",
 ","ProxyRecord",3593.4875,-2.021836245,0.288745940919015,495.5625,0.144372970459508,247.78125,-1643.4875,9,"test_set",0.00077592358984635,-2.06345785855016,-2.13044151059836,-1.99646127832854,-2.06661123154731,-2.37139719073993,-1.78093468286073,"95%","9",TRUE,12,0.171503167160374
"2280",",
 ","ProxyRecord",3828.4875,-2.417322012,0.289374959537354,387.5625,0.144687479768677,193.78125,-1878.4875,9,"test_set",0.000693891006009473,-2.42275652391096,-2.494194374158,-2.34883713844403,-2.42194155136682,-2.72907373935629,-2.11975056306743,"95%","9",TRUE,12,0.171503167160374
"2281",",
 ","ProxyRecord",4227.425,-2.734003631,0.28995434625047,334.6,0.144977173125235,167.3,-2277.425,9,"test_set",0.00023891328111425,-2.7805599293,-2.8574421225851,-2.70660799722427,-2.78433205233726,-3.09130128409624,-2.49475655895094,"95%","9",TRUE,12,0.171503167160374
"2282",",
 ","ProxyRecord",4645.975,-3.223096834,0.339118288230522,180.025,0.169559144115261,90.0124999999998,-2695.975,9,"test_set",0.00044139464198123,-2.99379946994811,-3.08896045382699,-2.89646579192241,-2.9950669654109,-3.35125570073515,-2.63510301908889,"95%","9",TRUE,12,0.171503167160374
"2283",",
 ","ProxyRecord",5288.5,-3.897681316,0.341527995239457,294.5,0.170763997619729,147.25,-3338.5,9,"test_set",0.00102344622736616,-4.05881563860594,-4.11555282748033,-4.00395652708287,-4.05578644427698,-4.39862092290658,-3.70791536366855,"95%","9",TRUE,12,0.171503167160374
"2284",",
 ","ProxyRecord",5497.475,-4.811821559,0.343865587281485,239.525,0.171932793640742,119.7625,-3547.475,9,"test_set",0.000991456814736224,-4.4861866407689,-4.54197010087926,-4.43310160316274,-4.48360739190817,-4.83383061781715,-4.13166414525621,"95%","9",TRUE,12,0.171503167160374
"2285",",
 ","ProxyRecord",6113.525,-5.568045569,0.346123576551459,181.525000000001,0.173061788275729,90.7625000000003,-4163.525,9,"test_set",0.000765947195091598,-5.58228035944532,-5.6634307486504,-5.49667129670971,-5.57898218319799,-5.93525190125007,-5.22289274799604,"95%","9",TRUE,12,0.171503167160374
"2286",",
 ","ProxyRecord",6315.5375,-5.727524105,0.339202350042406,166.5625,0.169601175021203,83.28125,-4365.5375,9,"test_set",0.000779130979622344,-5.88411242652871,-5.95651153936934,-5.81584998437982,-5.88751551736982,-6.24360149256601,-5.55065892805567,"95%","9",TRUE,12,0.171503167160374
"2287",",
 ","ProxyRecord",6492,-6.046279297,0.340284880886553,110.025,0.170142440443276,55.0124999999998,-4542,9,"test_set",0.000899490044536932,-6.17303909697949,-6.23924875339733,-6.11143308191401,-6.1685245573939,-6.50324770624687,-5.841993341854,"95%","9",TRUE,12,0.171503167160374
"2288",",
 ","ProxyRecord",6534,-6.285451714,0.341130709960747,96,0.170565354980374,48,-4584,9,"test_set",0.000943090078631137,-6.24977755404532,-6.31452500306625,-6.1867721394659,-6.25319028601106,-6.59319636685333,-5.9000416198967,"95%","9",TRUE,12,0.171503167160374
"2289",",
 ","ProxyRecord",6664.4875,-6.444935284,0.341711094596268,70.5124999999998,0.170855547298134,35.2562499999999,-4714.4875,9,"test_set",0.00111522922920937,-6.51690353445863,-6.58225118354451,-6.44932359164639,-6.5202256897352,-6.86911921798545,-6.15723152780082,"95%","9",TRUE,12,0.171503167160374
"2290",",
 ","ProxyRecord",6753.4875,-6.524692068,0.342005575347281,36.5124999999998,0.17100278767364,18.2562499999999,-4803.4875,9,"test_set",0.00126204988371015,-6.72991534820723,-6.792508514984,-6.66590870369231,-6.72887861290567,-7.10360966999205,-6.38989404099303,"95%","9",TRUE,12,0.171503167160374
"2291",",
 ","ProxyRecord",6766.9875,-6.604468054,0.342303101619817,38.0124999999998,0.171151550809909,19.0062499999999,-4816.9875,9,"test_set",0.00128445537332933,-6.76468663247973,-6.82686922309851,-6.701270187786,-6.76042263104664,-7.11452645209424,-6.41935858558247,"95%","9",TRUE,12,0.171503167160374
"2292",",
 ","ProxyRecord",6880,-6.72415441,0.342755673935356,41,0.171377836967678,20.5,-4930,9,"test_set",0.00146121056869841,-7.07968468159625,-7.13265710625636,-7.02354091602786,-7.08373637815285,-7.42116103512576,-6.73757617844983,"95%","9",FALSE,12,0.171503167160374
"2293",",
 ","ProxyRecord",6902.5,-7.243088214,0.344793575364147,36.5,0.172396787682073,18.25,-4952.5,9,"test_set",0.00149409646317267,-7.14719833856793,-7.19875487914964,-7.09406112607027,-7.15231491324932,-7.49239380467786,-6.82803834772669,"95%","9",TRUE,12,0.171503167160374
"2294",",
 ","ProxyRecord",7077.5125,-7.962482349,0.3478192753668,49.5124999999998,0.1739096376834,24.7562499999999,-5127.5125,9,"test_set",0.00172376382041595,-7.7196512857922,-7.77064300553754,-7.66900066144308,-7.7248887222847,-8.0643569464105,-7.35252914574963,"95%","9",TRUE,12,0.171503167160374
"2295",",
 ","ProxyRecord",7526.9875,-9.243994205,0.344758772676624,97.0124999999998,0.172379386338312,48.5062499999999,-5576.9875,9,"test_set",0.00209592440554296,-9.45475792423074,-9.50330539637364,-9.40685296111797,-9.45607581644858,-9.80465595116557,-9.117345493803,"95%","9",TRUE,12,0.171503167160374
"2296",",
 ","ProxyRecord",7535.5,-9.284107444,0.344958883798887,94.5,0.172479441899443,47.25,-5585.5,9,"test_set",0.00209936404571565,-9.48984204360391,-9.5376626801667,-9.44282691579114,-9.4865544508529,-9.81953411389899,-9.1432016869743,"95%","9",TRUE,12,0.171503167160374
"2297",",
 ","ProxyRecord",7651.9875,-10.04729486,0.348870386384677,46.0124999999998,0.174435193192338,23.0062499999999,-5701.9875,9,"test_set",0.00213041409051762,-9.97558217466937,-10.0266072801744,-9.92823079818712,-9.96982460702616,-10.3212833496486,-9.61461166451145,"95%","9",TRUE,12,0.171503167160374
"2298",",
 ","ProxyRecord",7882.475,-10.96649002,0.317905458091809,75.5249999999996,0.158952729045904,37.7624999999998,-5932.475,9,"test_set",0.00210386968317877,-10.9624970544523,-11.0170758753452,-10.9044232133762,-10.9633700085859,-11.2804676531383,-10.6429094843613,"95%","9",TRUE,12,0.171503167160374
"2299",",
 ","ProxyRecord",8096.0125,-11.61562273,0.321847961468769,116.037499999999,0.160923980734384,58.0187499999997,-6146.0125,9,"test_set",0.00197491394384741,-11.8977364948435,-12.0876627235017,-11.7058346386243,-11.896634014592,-12.2831069973811,-11.5356675369877,"95%","9",TRUE,12,0.171503167160374
"2300",",
 ","ProxyRecord",314.525,-0.342078769,0.319761861512691,215.55,0.159880930756345,107.775,1635.475,10,"test_set",0.000432694881394302,-0.382908184156691,-0.512684282111697,-0.26229399319008,-0.384106954361418,-0.737510271616717,-0.0454436064539793,"95%","10",TRUE,12,0.171503167160374
"2301",",
 ","ProxyRecord",424.5125,-0.459588663,0.319793408523136,253.6125,0.159896704261568,126.80625,1525.4875,10,"test_set",0.000402119688099056,-0.471489256951089,-0.59488324916141,-0.35462333515413,-0.479064155962519,-0.810553882269646,-0.145482083451204,"95%","10",TRUE,12,0.171503167160374
"2302",",
 ","ProxyRecord",688.9375,-0.655797012,0.319867015494004,243.0875,0.159933507747002,121.54375,1261.0625,10,"test_set",0.000253864730995201,-0.63749399200277,-0.808906554917416,-0.466092283023359,-0.628813158636675,-0.982019260069579,-0.288840447636121,"95%","10",TRUE,12,0.171503167160374
"2303",",
 ","ProxyRecord",3050.05,-1.490715379,0.300794773612641,534.075,0.15039738680632,267.0375,-1100.05,10,"test_set",0.000310952670756759,-1.43818093411957,-1.52507820453061,-1.35184034617735,-1.44223569079781,-1.7549819647362,-1.13569108267634,"95%","10",TRUE,12,0.171503167160374
"2304",",
 ","ProxyRecord",3176.9625,-1.569650617,0.300879806101973,536.0875,0.150439903050987,268.04375,-1226.9625,10,"test_set",0.000419117219413456,-1.52953947576692,-1.61906045513072,-1.43804863070919,-1.53039797085997,-1.84738180285448,-1.21223427689555,"95%","10",TRUE,12,0.171503167160374
"2305",",
 ","ProxyRecord",3241.4625,-1.609122975,0.300923926058793,549.5375,0.150461963029397,274.76875,-1291.4625,10,"test_set",0.000485486086510001,-1.5877288333726,-1.67781482011813,-1.49318654655982,-1.58922887610687,-1.90965898830842,-1.27418107650763,"95%","10",TRUE,12,0.171503167160374
"2306",",
 ","ProxyRecord",3652.4375,-2.100903267,0.288863245235775,474.5875,0.144431622617888,237.29375,-1702.4375,10,"test_set",0.0007814699455988,-2.15275260655987,-2.2151334759727,-2.09172793987827,-2.1534678076718,-2.45356163444181,-1.84662930395992,"95%","10",TRUE,12,0.171503167160374
"2307",",
 ","ProxyRecord",3774.9125,-2.338190529,0.289240700413988,423.0875,0.144620350206994,211.54375,-1824.9125,10,"test_set",0.000740071948690524,-2.34233151443934,-2.4145312890626,-2.2756404300696,-2.34084441216083,-2.63581149791498,-2.04714691501779,"95%","10",TRUE,12,0.171503167160374
"2308",",
 ","ProxyRecord",4062.9625,-2.615220506,0.289729574654109,362.0625,0.144864787327055,181.03125,-2112.9625,10,"test_set",0.000405190914853915,-2.68774234418947,-2.77955089154951,-2.60215404587489,-2.69129435674128,-2.9879019129235,-2.37770168784496,"95%","10",TRUE,12,0.171503167160374
"2309",",
 ","ProxyRecord",5139.95,-3.540440188,0.339766772285827,226.075,0.169883386142914,113.0375,-3189.95,10,"test_set",0.000997840600680533,-3.78822802583486,-3.8530258956329,-3.72251636429925,-3.79466193261952,-4.12803478230983,-3.43040072579996,"95%","10",TRUE,12,0.171503167160374
"2310",",
 ","ProxyRecord",5240.525,-3.699188863,0.340110731013885,284.525000000001,0.170055365506943,142.2625,-3290.525,10,"test_set",0.00101890136122718,-3.99300725033734,-4.05505630447413,-3.92990271585503,-3.98865873350187,-4.3229171586608,-3.64137737719564,"95%","10",TRUE,12,0.171503167160374
"2311",",
 ","ProxyRecord",5263.0125,-3.778548902,0.341256009309266,290.0125,0.170628004654633,145.00625,-3313.0125,10,"test_set",0.00101932205347488,-4.03917191633794,-4.10046688147021,-3.97624604341495,-4.03897411345812,-4.40273593578647,-3.68480854084555,"95%","10",TRUE,12,0.171503167160374
"2312",",
 ","ProxyRecord",5305.5125,-3.977108146,0.341713889121346,297.5125,0.170856944560673,148.75625,-3355.5125,10,"test_set",0.00101583723284282,-4.12631448740003,-4.18690564160092,-4.06226699824709,-4.1278062183914,-4.47444547827585,-3.79236778620087,"95%","10",TRUE,12,0.171503167160374
"2313",",
 ","ProxyRecord",5325.9875,-4.016826921,0.341808042,301.0375,0.17090402117789,150.51875,-3375.9875,10,"test_set",0.00101216031507256,-4.1681308320881,-4.22961957247413,-4.10435197746343,-4.16474403275125,-4.5102419798885,-3.82796216221771,"95%","10",TRUE,12,0.171503167160374
"2314",",
 ","ProxyRecord",5403.975,-4.294945935,0.342490488566976,279.025,0.171245244283488,139.5125,-3453.975,10,"test_set",0.000987629561843839,-4.32530102071744,-4.38696877854391,-4.26341416478899,-4.3281017731913,-4.67359300480127,-3.97080293447357,"95%","10",TRUE,12,0.171503167160374
"2315",",
 ","ProxyRecord",5458.0125,-4.652727697,0.343427072137768,257.0125,0.171713536068884,128.50625,-3508.0125,10,"test_set",0.000968362232689479,-4.43165310348727,-4.49288892138469,-4.37165932727053,-4.42818786188105,-4.77742857917934,-4.07911785601154,"95%","10",TRUE,12,0.171503167160374
"2316",",
 ","ProxyRecord",5876.425,-5.20971416,0.345018016928655,233.575,0.172509008464327,116.7875,-3926.425,10,"test_set",0.000829081469677639,-5.18464560258983,-5.26450026283556,-5.09998848127203,-5.19166824650974,-5.54843960921364,-4.8393227099659,"95%","10",TRUE,12,0.171503167160374
"2317",",
 ","ProxyRecord",5959.5125,-5.368946419,0.345500796548822,219.537499999999,0.172750398274411,109.76875,-4009.5125,10,"test_set",0.0008035114926086,-5.31986505083806,-5.40760613456896,-5.2286555688896,-5.3213062334189,-5.67992283313585,-4.9598542399067,"95%","10",TRUE,12,0.171503167160374
"2318",",
 ","ProxyRecord",6007.0125,-5.44857656,0.345747603325205,207.0625,0.172873801662603,103.53125,-4057.0125,10,"test_set",0.000789204326578918,-5.39511920020325,-5.48387065430215,-5.30074049085379,-5.39139055261287,-5.73820019450847,-5.04343281316754,"95%","10",TRUE,12,0.171503167160374
"2319",",
 ","ProxyRecord",6173.5,-5.647710547,0.346378582693799,166.5,0.1731892913469,83.25,-4223.5,10,"test_set",0.00076016684391611,-5.64899177005289,-5.73134250307124,-5.56380737215766,-5.6507838328256,-6.01904687337183,-5.28790115891626,"95%","10",TRUE,12,0.171503167160374
"2320",",
 ","ProxyRecord",6376,-5.767361799,0.339334572475942,137.05,0.169667286237971,68.5250000000001,-4426,10,"test_set",0.000827576095097093,-5.96303936603273,-6.02922011795957,-5.89861622548704,-5.9590447159148,-6.29733936953698,-5.60696089608854,"95%","10",TRUE,12,0.171503167160374
"2321",",
 ","ProxyRecord",7509.5125,-9.123676882,0.344163563135009,97.5124999999998,0.172081781567504,48.7562499999999,-5559.5125,10,"test_set",0.0021002037184914,-9.37636769724521,-9.42869535025073,-9.32577620984932,-9.37826152633856,-9.73733481557525,-9.03135254267967,"95%","10",TRUE,12,0.171503167160374
"2322",",
 ","ProxyRecord",7626.475,-9.966857902,0.348448225001148,45.5249999999996,0.174224112500574,22.7624999999998,-5676.475,10,"test_set",0.00213321067774608,-9.86568719162068,-9.91697341747171,-9.81541741924501,-9.85766609291572,-10.2158567161327,-9.5039250082148,"95%","10",TRUE,12,0.171503167160374
"2323",",
 ","ProxyRecord",7638.9875,-10.00707729,0.348658753653181,45.0124999999998,0.174329376826591,22.5062499999999,-5688.9875,10,"test_set",0.00213434833460369,-9.9184974517723,-9.96994023183899,-9.86737742212117,-9.90798483967495,-10.2552336911373,-9.57836365468373,"95%","10",TRUE,12,0.171503167160374
"2324",",
 ","ProxyRecord",7668.0125,-10.12775327,0.349294603306728,51.0124999999998,0.174647301653364,25.5062499999999,-5718.0125,10,"test_set",0.0021352062063773,-10.0412397737409,-10.0945758408327,-9.98861629219253,-10.0371199464947,-10.3836733521764,-9.68219834731102,"95%","10",TRUE,12,0.171503167160374
"2325",",
 ","ProxyRecord",7673.5125,-10.16799711,0.34950763406825,51.5124999999998,0.174753817034125,25.7562499999999,-5723.5125,10,"test_set",0.00213508823621034,-10.0645312133802,-10.1177564176145,-10.0115847569152,-10.0670649147176,-10.4000166319041,-9.70811545128572,"95%","10",TRUE,12,0.171503167160374
"2326",",
 ","ProxyRecord",7785.5125,-10.64362138,0.315978194872758,70.5374999999995,0.157989097436379,35.2687499999997,-5835.5125,10,"test_set",0.00211324404002511,-10.5400362533711,-10.6007665845128,-10.4815096577085,-10.5393367547912,-10.8637469889333,-10.2189897400092,"95%","10",TRUE,12,0.171503167160374
"2327",",
 ","ProxyRecord",7901.9875,-11.08776593,0.318636706627967,76.0124999999998,0.159318353313984,38.0062499999999,-5951.9875,10,"test_set",0.00205121242964346,-11.0335421808556,-11.0965327510254,-10.9721154833304,-11.0330173547648,-11.3537509478805,-10.718261548113,"95%","10",TRUE,12,0.171503167160374
"2328",",
 ","ProxyRecord",8033.5,-11.49327452,0.321101327885253,79.5249999999996,0.160550663942626,39.7624999999998,-6083.5,10,"test_set",0.00193299081963083,-11.5830562101019,-11.6964180041701,-11.4667428293444,-11.5763920227126,-11.9114326594523,-11.2437595910239,"95%","10",TRUE,12,0.171503167160374
"2329",",
 ","ProxyRecord",1641.5375,-0.957970181,0.286726175796548,296.5375,0.143363087898274,148.26875,308.4625,1,"test_set",0.000198711088950088,-0.952755126048337,-1.07556109233778,-0.81778440340692,-0.950966207478745,-1.25833876390111,-0.633963679649969,"95%","1",TRUE,13,0.151947327473897
"2330",",
 ","ProxyRecord",2665.525,-1.254088565,0.300565543276673,450.55,0.150282771638337,225.275,-715.525,1,"test_set",0.000233660240628319,-1.24866722009757,-1.35554293633817,-1.14218042961214,-1.25223534154943,-1.56911793351378,-0.928807956406908,"95%","1",TRUE,13,0.151947327473897
"2331",",
 ","ProxyRecord",2895,-1.451256277,0.300753825014529,485.025,0.150376912507265,242.5125,-945,1,"test_set",0.000319173803803308,-1.3797547824291,-1.4758148412953,-1.28707926393847,-1.38387319406432,-1.70428832430185,-1.07288303665601,"95%","1",TRUE,13,0.151947327473897
"2332",",
 ","ProxyRecord",3340.9625,-1.705778615,0.288320523167636,558.0875,0.144160261583818,279.04375,-1390.9625,1,"test_set",0.000510399587266841,-1.74455270487041,-1.82254393621405,-1.66416122322968,-1.75190366757202,-2.04730108368858,-1.46540908766897,"95%","1",TRUE,13,0.151947327473897
"2333",",
 ","ProxyRecord",4515.375,-3.064499745,0.338816014431289,249.625,0.169408007215644,124.8125,-2565.375,1,"test_set",2.70638086830033e-05,-2.95115986962083,-3.03467775856388,-2.8665186262106,-2.9515279747903,-3.28561786391865,-2.62010853156461,"95%","1",TRUE,13,0.151947327473897
"2334",",
 ","ProxyRecord",4791.55,-3.302407786,0.339275250705151,158.55,0.169637625352575,79.2750000000001,-2841.55,1,"test_set",0.000272565962222693,-2.96827886873884,-3.06461896803598,-2.86956301802161,-2.9683872110673,-3.32731550663094,-2.60415922318557,"95%","1",TRUE,13,0.151947327473897
"2335",",
 ","ProxyRecord",5436.4875,-4.493687003,0.343001634708074,263.5375,0.171500817354037,131.76875,-3486.4875,1,"test_set",0.00143172394431179,-4.46153018243746,-4.52057528495834,-4.40159437754558,-4.45946464804816,-4.80149048615203,-4.10828440304376,"95%","1",TRUE,13,0.151947327473897
"2336",",
 ","ProxyRecord",5769.0125,-5.050516198,0.344546861642985,237.0125,0.172273430821493,118.50625,-3819.0125,1,"test_set",0.000612618237205709,-5.14071203539302,-5.21798616285121,-5.0634138664896,-5.14293210681654,-5.48789295863489,-4.80019728846044,"95%","1",TRUE,13,0.151947327473897
"2337",",
 ","ProxyRecord",5894.5625,-5.249518632,0.345137240098874,229.6875,0.172568620049437,114.84375,-3944.5625,1,"test_set",0.000463029428776629,-5.26557602872864,-5.33978113410727,-5.19297994796036,-5.26403208822546,-5.63120195236734,-4.92163538912735,"95%","1",TRUE,13,0.151947327473897
"2338",",
 ","ProxyRecord",5915.5375,-5.289326617,0.345257715571853,227.537499999999,0.172628857785926,113.76875,-3965.5375,1,"test_set",0.000451011894830877,-5.28341115603801,-5.35914024819578,-5.21047731563173,-5.2800784198089,-5.62585429929465,-4.94960913981181,"95%","1",TRUE,13,0.151947327473897
"2339",",
 ","ProxyRecord",5982.9625,-5.408760694,0.345623638613531,213.0375,0.172811819306765,106.51875,-4032.9625,1,"test_set",0.000437541402509289,-5.33874852156163,-5.41607142519362,-5.26199030912041,-5.33872212871326,-5.67343083562943,-4.99355520877573,"95%","1",TRUE,13,0.151947327473897
"2340",",
 ","ProxyRecord",6401.5125,-5.807199824,0.339467945253441,126.5125,0.169733972626721,63.2562499999999,-4451.5125,1,"test_set",0.00101317300353898,-5.89903319772483,-5.97178967498792,-5.82720177715091,-5.89649352405205,-6.23116118675455,-5.55542532558105,"95%","1",TRUE,13,0.151947327473897
"2341",",
 ","ProxyRecord",6483.5,-6.006430847,0.340146513072739,115.525,0.17007325653637,57.7624999999998,-4533.5,1,"test_set",0.00112837904486796,-6.07960771463273,-6.14250812399701,-6.01668152919836,-6.07809416319523,-6.41782878143622,-5.75839590796671,"95%","1",TRUE,13,0.151947327473897
"2342",",
 ","ProxyRecord",6757.9875,-6.564574788,0.342153890162499,35.0124999999998,0.171076945081249,17.5062499999999,-4807.9875,1,"test_set",0.00138388028567693,-6.79108493535497,-6.85059225132504,-6.73341771741666,-6.79235291804802,-7.14005937521239,-6.46593515217843,"95%","1",TRUE,13,0.151947327473897
"2343",",
 ","ProxyRecord",7009,-7.482762399,0.34577545544023,63.0249999999996,0.172887727720115,31.5124999999998,-5059,1,"test_set",0.00151537632886445,-7.50678974441074,-7.55736677382675,-7.45940702592938,-7.50537967358087,-7.84333965227584,-7.1689110629608,"95%","1",TRUE,13,0.151947327473897
"2344",",
 ","ProxyRecord",7056.5,-7.602653996,0.346276162220291,50.5,0.173138081110145,25.25,-5106.5,1,"test_set",0.00155454903507657,-7.64898976603593,-7.70006215171949,-7.60096629241056,-7.64825995892489,-7.9858309510874,-7.3067438659095,"95%","1",TRUE,13,0.151947327473897
"2345",",
 ","ProxyRecord",7077,-7.922489889,0.34764481511105,49,0.173822407555525,24.5,-5127,1,"test_set",0.00157318150453278,-7.71152037044418,-7.76320999406747,-7.66354981388658,-7.71051270769666,-8.05311729707245,-7.38003326122555,"95%","1",TRUE,13,0.151947327473897
"2346",",
 ","ProxyRecord",7079,-8.002475328,0.347993704941651,50,0.173996852470826,25,-5129,1,"test_set",0.00157505503521893,-7.71766203866675,-7.76943729271671,-7.66981732040974,-7.72343150459121,-8.06770686987486,-7.38137082449888,"95%","1",TRUE,13,0.151947327473897
"2347",",
 ","ProxyRecord",7126.5125,-8.402640694,0.349777152545626,66.5374999999995,0.174888576272813,33.2687499999997,-5176.5125,1,"test_set",0.00162247642938595,-7.865906797598,-7.91732498389837,-7.81738006862371,-7.87273977324202,-8.21905741556772,-7.5223265357638,"95%","1",FALSE,13,0.151947327473897
"2348",",
 ","ProxyRecord",7586.9875,-9.605206156,0.34658136976361,69.0375000000004,0.173290684881805,34.5187500000002,-5636.9875,1,"test_set",0.00228476652308629,-9.66540172159153,-9.71274470574741,-9.61779868085385,-9.66811985913881,-10.0098541914727,-9.3245760311897,"95%","1",TRUE,13,0.151947327473897
"2349",",
 ","ProxyRecord",7704.9875,-10.32901506,0.350365765765407,55.0375000000004,0.175182882882703,27.5187500000002,-5754.9875,1,"test_set",0.00230319579843652,-10.2237913210832,-10.2780292830332,-10.1692168264146,-10.2308854368283,-10.601010771368,-9.87441059645625,"95%","1",TRUE,13,0.151947327473897
"2350",",
 ","ProxyRecord",7710.9875,-10.36928899,0.350581118951387,56.0124999999998,0.175290559475694,28.0062499999999,-5760.9875,1,"test_set",0.00230048223266444,-10.2519841842599,-10.3067893407398,-10.1970534819661,-10.2468278365058,-10.6024470892819,-9.90333662229254,"95%","1",TRUE,13,0.151947327473897
"2351",",
 ","ProxyRecord",7737.4875,-10.44985038,0.351013938377691,56.5124999999998,0.175506969188846,28.2562499999999,-5787.4875,1,"test_set",0.0022842713496285,-10.3757147673125,-10.4337415068774,-10.3156502755581,-10.3802029522586,-10.7391866241131,-10.0206068164985,"95%","1",TRUE,13,0.151947327473897
"2352",",
 ","ProxyRecord",7822.5,-10.76462635,0.31669658463322,75.5249999999996,0.15834829231661,37.7624999999998,-5872.5,1,"test_set",0.00218575043033908,-10.7591887425493,-10.8256840552932,-10.6904695769869,-10.7559543343871,-11.0623757627726,-10.4352379478986,"95%","1",TRUE,13,0.151947327473897
"2353",",
 ","ProxyRecord",7855.9875,-10.84533785,0.317178678190513,72.0124999999998,0.158589339095256,36.0062499999999,-5905.9875,1,"test_set",0.00212747035432947,-10.9021405996201,-10.9678404091676,-10.834345884273,-10.9047443439967,-11.2270821277938,-10.5827643716086,"95%","1",TRUE,13,0.151947327473897
"2354",",
 ","ProxyRecord",7874.5,-10.92610014,0.317662308928226,77.5,0.158831154464113,38.75,-5924.5,1,"test_set",0.00209052855089098,-10.9786348592977,-11.0443864202155,-10.9117391529065,-10.9802051250672,-11.3089436160154,-10.6705261585163,"95%","1",TRUE,13,0.151947327473897
"2355",",
 ","ProxyRecord",7909.475,-11.12823582,0.318881930258435,73.5499999999993,0.159440965129217,36.7749999999996,-5959.475,1,"test_set",0.00201155648551499,-11.1175333457261,-11.1830952569209,-11.0507513461172,-11.1174764839779,-11.4436671144857,-10.7954117847919,"95%","1",TRUE,13,0.151947327473897
"2356",",
 ","ProxyRecord",7985.025,-11.45261046,0.320852569852097,48.0250000000006,0.160426284926048,24.0125000000003,-6035.025,1,"test_set",0.00179999534086761,-11.3878606983461,-11.4744312003821,-11.3041424739545,-11.3846892663142,-11.7048641791654,-11.0477733422122,"95%","1",TRUE,13,0.151947327473897
"2357",",
 ","ProxyRecord",8079.5375,-11.57477541,0.32159807563747,108.537499999999,0.160799037818735,54.2687499999997,-6129.5375,1,"test_set",0.00145646698861412,-11.6547005063889,-11.8227331430594,-11.4841435625894,-11.6496844228014,-12.0162084458711,-11.2702496329443,"95%","1",TRUE,13,0.151947327473897
"2358",",
 ","ProxyRecord",86.5125,-0.185732135,0.320420612992673,115.5125,0.160210306496337,57.75625,1863.4875,2,"test_set",0.000437950545451038,-0.150956722748528,-0.283201446384256,-0.0149418068599142,-0.153948725387252,-0.501672057145344,0.204260003627874,"95%","2",TRUE,13,0.151947327473897
"2359",",
 ","ProxyRecord",106.975,-0.224759024,0.320425871285962,117.05,0.160212935642981,58.525,1843.025,2,"test_set",0.000447429759812407,-0.168899361007777,-0.303172036373133,-0.0270365455000386,-0.163194769634314,-0.522242307422059,0.167457352538396,"95%","2",TRUE,13,0.151947327473897
"2360",",
 ","ProxyRecord",455.475,-0.498793716,0.319806047515963,262.525,0.159903023757982,131.2625,1494.525,2,"test_set",0.000409063156228684,-0.496866344481571,-0.616438251500362,-0.377271628891145,-0.494294009017803,-0.826431300210918,-0.16424909467974,"95%","2",TRUE,13,0.151947327473897
"2361",",
 ","ProxyRecord",489.9125,-0.538023586,0.319819761943323,257.1375,0.159909880971662,128.56875,1460.0875,2,"test_set",0.000384779707071625,-0.525125665183357,-0.652514308243066,-0.402493241790154,-0.526366797150568,-0.872869849757828,-0.163678064199936,"95%","2",TRUE,13,0.151947327473897
"2362",",
 ","ProxyRecord",3669.4875,-2.14043883,0.28892352842253,466.6125,0.144461764211265,233.30625,-1719.4875,2,"test_set",0.00068561800138367,-2.13152762342865,-2.20096295868778,-2.06096625719727,-2.13433834671442,-2.43392400240465,-1.83027979448212,"95%","2",TRUE,13,0.151947327473897
"2363",",
 ","ProxyRecord",4137.85,-2.654812297,0.289803103947138,343.15,0.144901551973569,171.575,-2187.85,2,"test_set",0.000555927366507891,-2.79950829477112,-2.87515550723593,-2.72148492291411,-2.80252604901612,-3.09966438869787,-2.49733475274555,"95%","2",TRUE,13,0.151947327473897
"2364",",
 ","ProxyRecord",5282.9875,-3.857965428,0.341436546111018,293.0125,0.170718273055509,146.50625,-3332.9875,2,"test_set",0.00146720569409453,-3.99703495928331,-4.05513057575698,-3.93594096050241,-3.99081351942029,-4.32774631114856,-3.65642024856665,"95%","2",TRUE,13,0.151947327473897
"2365",",
 ","ProxyRecord",5357.5,-4.056556677,0.341902928643201,296.525,0.1709514643216,148.2625,-3407.5,2,"test_set",0.00145696093785119,-4.22066950681596,-4.27818767039197,-4.16341282401014,-4.21715261484786,-4.54638172171355,-3.87575895427376,"95%","2",TRUE,13,0.151947327473897
"2366",",
 ","ProxyRecord",5419.475,-4.374432822,0.342692479157206,270.525,0.171346239578603,135.2625,-3469.475,2,"test_set",0.00140194756466094,-4.40201821743457,-4.46447399067969,-4.33894568675216,-4.40333457021906,-4.74298166908056,-4.0783200177789,"95%","2",TRUE,13,0.151947327473897
"2367",",
 ","ProxyRecord",5425.5,-4.414179642,0.342794652632266,267.5,0.171397326316133,133.75,-3475.5,2,"test_set",0.0013943475052125,-4.41919658743829,-4.48244218004966,-4.35493292458699,-4.42436685524597,-4.78352455891947,-4.0937761496947,"95%","2",TRUE,13,0.151947327473897
"2368",",
 ","ProxyRecord",5450.5125,-4.612960677,0.343319504023197,259.5125,0.171659752011599,129.75625,-3500.5125,2,"test_set",0.00135852928231372,-4.48937607252055,-4.55554803967481,-4.42275481946137,-4.49229558282407,-4.82025296869093,-4.15574728081498,"95%","2",TRUE,13,0.151947327473897
"2369",",
 ","ProxyRecord",5521,-4.89137323,0.344089636619946,235,0.172044818309973,117.5,-3571,2,"test_set",0.00122059143614628,-4.6746531484527,-4.74953028439289,-4.5989798653226,-4.6792505565385,-5.03167020006497,-4.3383486503359,"95%","2",TRUE,13,0.151947327473897
"2370",",
 ","ProxyRecord",5540.55,-4.931154704,0.344202398,232.6,0.172101199126866,116.3,-3590.55,2,"test_set",0.00117265898607055,-4.72198868169459,-4.79893682022312,-4.64582099727355,-4.72576179724523,-5.09029904547269,-4.37155455456224,"95%","2",TRUE,13,0.151947327473897
"2371",",
 ","ProxyRecord",6898.4875,-7.123284212,0.344312050323254,37.5124999999998,0.172156025161627,18.7562499999999,-4948.4875,2,"test_set",0.00146629708646095,-7.18405151773673,-7.23999739173776,-7.1292118173334,-7.18735335936424,-7.54305219840554,-6.85277606771361,"95%","2",TRUE,13,0.151947327473897
"2372",",
 ","ProxyRecord",6901,-7.203151788,0.344632076022813,37,0.172316038011406,18.5,-4951,2,"test_set",0.00146777573657442,-7.1913449398112,-7.2471070978741,-7.13655137906202,-7.19252899195282,-7.54164973487016,-6.84282838508856,"95%","2",TRUE,13,0.151947327473897
"2373",",
 ","ProxyRecord",6955.4875,-7.442811919,0.345609326054903,54.5124999999998,0.172804663027451,27.2562499999999,-5005.4875,2,"test_set",0.00150287216154066,-7.35106273461328,-7.40387619647298,-7.29956614198349,-7.34904339467027,-7.71075681290055,-7.00842447653792,"95%","2",TRUE,13,0.151947327473897
"2374",",
 ","ProxyRecord",7069.4875,-7.722565125,0.346784271994654,50.5124999999998,0.173392135997327,25.2562499999999,-5119.4875,2,"test_set",0.0015950379834484,-7.69778410172372,-7.74849930148327,-7.64753578810602,-7.68720961761841,-8.03363214131641,-7.34507769556494,"95%","2",TRUE,13,0.151947327473897
"2375",",
 ","ProxyRecord",7073,-7.842510552,0.347298114098866,50,0.173649057049433,25,-5123,2,"test_set",0.00159828037635812,-7.7088013013995,-7.75957249985552,-7.65837090073332,-7.71512802680111,-8.06417130888859,-7.3637977529927,"95%","2",TRUE,13,0.151947327473897
"2376",",
 ","ProxyRecord",7199.5,-8.442668627,0.34995908964487,94.5,0.174979544822435,47.25,-5249.5,2,"test_set",0.00173109570522634,-8.12253513634923,-8.17733698619119,-8.06629687916842,-8.12182244436588,-8.48109448426054,-7.75837383097762,"95%","2",TRUE,13,0.151947327473897
"2377",",
 ","ProxyRecord",7393,-8.682831134,0.342027151171328,58.0249999999996,0.171013575585664,29.0124999999998,-5443,2,"test_set",0.00199465656778308,-8.83741703708039,-8.90093743197071,-8.77201700037047,-8.82975522029527,-9.19403477233227,-8.47156456162582,"95%","2",TRUE,13,0.151947327473897
"2378",",
 ","ProxyRecord",7501.9875,-9.083584591,0.343965959128801,99.0124999999998,0.171982979564401,49.5062499999999,-5551.9875,2,"test_set",0.0021687430664219,-9.2963784350707,-9.35354048056185,-9.23786188921194,-9.29728796862607,-9.64520082723674,-8.94053804856409,"95%","2",TRUE,13,0.151947327473897
"2379",",
 ","ProxyRecord",7542.9875,-9.324212167,0.345159996659364,93.0124999999998,0.172579998329682,46.5062499999999,-5592.9875,2,"test_set",0.00221745119106664,-9.47973805460227,-9.53214355124171,-9.42477565091017,-9.47361052965772,-9.82840433316769,-9.1307298624319,"95%","2",TRUE,13,0.151947327473897
"2380",",
 ","ProxyRecord",7590.4875,-9.645368042,0.346786157617497,67.5124999999998,0.173393078808748,33.7562499999999,-5640.4875,2,"test_set",0.00225423604458541,-9.69679698255917,-9.74453838572174,-9.64523580934095,-9.69196090190041,-10.037614127921,-9.34906346732506,"95%","2",TRUE,13,0.151947327473897
"2381",",
 ","ProxyRecord",7593,-9.685537385,0.346991817174247,66,0.173495908587123,33,-5643,2,"test_set",0.00225559454256619,-9.70837252546644,-9.75588885702178,-9.65657115843645,-9.7082020375156,-10.0652128414874,-9.36670005262502,"95%","2",TRUE,13,0.151947327473897
"2382",",
 ","ProxyRecord",7680.5,-10.20824852,0.349720836991891,52.5249999999996,0.174860418495946,26.2624999999998,-5730.5,2,"test_set",0.00226609824163226,-10.1132300411018,-10.1631098540726,-10.060524876578,-10.1150157366628,-10.4716365313721,-9.77178911810094,"95%","2",TRUE,13,0.151947327473897
"2383",",
 ","ProxyRecord",7719.5,-10.40956333,0.350797820037471,54.5,0.175398910018735,27.25,-5769.5,2,"test_set",0.00224772427532827,-10.2923077591406,-10.3444751870888,-10.2360814439505,-10.2902007248952,-10.6557926773761,-9.93832945844798,"95%","2",TRUE,13,0.151947327473897
"2384",",
 ","ProxyRecord",7916,-11.16869893,0.319127252382136,72.0249999999996,0.159563626191068,36.0124999999998,-5966,2,"test_set",0.00193888832678013,-11.1240241370781,-11.1879958744515,-11.0611726197396,-11.1212359216569,-11.4421436596993,-10.8073152079107,"95%","2",TRUE,13,0.151947327473897
"2385",",
 ","ProxyRecord",7950.525,-11.37136039,0.320357822,56.5250000000006,0.160178911062888,28.2625000000003,-6000.525,2,"test_set",0.00184735122163993,-11.2496833926371,-11.3159097434317,-11.1809469789012,-11.2486114264993,-11.5591744123814,-10.9203421163799,"95%","2",TRUE,13,0.151947327473897
"2386",",
 ","ProxyRecord",7962.5125,-11.41196737,0.320605004,50.5124999999998,0.160302502121402,25.2562499999999,-6012.5125,2,"test_set",0.00181296275227893,-11.2913597725222,-11.3592185726409,-11.2190684863088,-11.2910141762911,-11.6152170875436,-10.978114904576,"95%","2",TRUE,13,0.151947327473897
"2387",",
 ","ProxyRecord",43,-0.107832927,0.320413083395057,95,0.160206541697529,47.5,1907,3,"test_set",0.000396705902789077,-0.119518667698416,-0.256620377407448,0.0192311524245635,-0.120867857061978,-0.447136075934726,0.230713392083995,"95%","3",TRUE,13,0.151947327473897
"2388",",
 ","ProxyRecord",143.5,-0.26382257,0.320432262211112,116.5,0.160216131105556,58.25,1806.5,3,"test_set",0.00045071693611301,-0.206749031087163,-0.346760731081379,-0.0684243785009609,-0.206543029329135,-0.536124149278366,0.113577207179148,"95%","3",TRUE,13,0.151947327473897
"2389",",
 ","ProxyRecord",540.0125,-0.577269311,0.319834502900122,240.0375,0.159917251450061,120.01875,1409.9875,3,"test_set",0.000341836530123873,-0.5645827339422,-0.691102751208772,-0.431060736890917,-0.567650785797827,-0.894387870412334,-0.21923852743825,"95%","3",TRUE,13,0.151947327473897
"2390",",
 ","ProxyRecord",3370.9375,-1.745264165,0.288369911951494,556.1375,0.144184955975747,278.06875,-1420.9375,3,"test_set",0.000512698352883589,-1.77617682000674,-1.85018007844363,-1.70400664526174,-1.77683510152666,-2.0734766178856,-1.48982883503064,"95%","3",TRUE,13,0.151947327473897
"2391",",
 ","ProxyRecord",3507.4875,-1.942789411,0.288632722,522.5125,0.144316361053702,261.25625,-1557.4875,3,"test_set",0.000586494356674683,-1.92334621655648,-1.99055281467737,-1.85514546757845,-1.92571178825758,-2.21433245812673,-1.62812362076938,"95%","3",TRUE,13,0.151947327473897
"2392",",
 ","ProxyRecord",3856.425,-2.456892552,0.289443890618171,374.575,0.144721945309086,187.2875,-1906.425,3,"test_set",0.000753119271335034,-2.40459186388542,-2.47480901365833,-2.33592340578125,-2.4046040813362,-2.69417360847948,-2.12353296084047,"95%","3",TRUE,13,0.151947327473897
"2393",",
 ","ProxyRecord",3964.9625,-2.575635346,0.289656809549025,351.0625,0.144828404774512,175.53125,-2014.9625,3,"test_set",0.000718879368077907,-2.56849740314274,-2.63700190537763,-2.49900877548232,-2.56280151328073,-2.87011375824422,-2.26568126943294,"95%","3",TRUE,13,0.151947327473897
"2394",",
 ","ProxyRecord",4280.9125,-2.747481033,0.338253782539985,328.1875,0.169126891269993,164.09375,-2330.9125,3,"test_set",0.000306615960132817,-2.92166664370133,-3.01074814323463,-2.8250586359032,-2.92361373697351,-3.25914033956186,-2.56919927786591,"95%","3",TRUE,13,0.151947327473897
"2395",",
 ","ProxyRecord",4408.3875,-2.905967107,0.338527465937458,283.6375,0.169263732968729,141.81875,-2458.3875,3,"test_set",5.68572459558325e-05,-2.96235418163712,-3.05225200012971,-2.86368845441752,-2.96727357051876,-3.32010374135755,-2.61205699695912,"95%","3",TRUE,13,0.151947327473897
"2396",",
 ","ProxyRecord",4435,-2.945588849,0.33859826394738,280.025,0.16929913197369,140.0125,-2485,3,"test_set",2.23642108387878e-05,-2.96318936104102,-3.0521914467421,-2.86568885288614,-2.96748387926179,-3.29586283932093,-2.62838801128521,"95%","3",TRUE,13,0.151947327473897
"2397",",
 ","ProxyRecord",4599,-3.183441865,0.339041496327628,211.025,0.169520748163814,105.5125,-2649,3,"test_set",2.92639475762968e-05,-2.94497874770389,-3.02756416088628,-2.862523146913,-2.9450891591699,-3.29211570244633,-2.60996536588379,"95%","3",TRUE,13,0.151947327473897
"2398",",
 ","ProxyRecord",4690.4875,-3.262750604,0.339196208492697,164.5375,0.169598104246349,82.2687500000002,-2740.4875,3,"test_set",6.22693752561076e-05,-2.94116684585241,-3.02738039769274,-2.85704974568951,-2.94043716664419,-3.29822321554947,-2.58538768094853,"95%","3",TRUE,13,0.151947327473897
"2399",",
 ","ProxyRecord",5395.5125,-4.255202499,0.342390587855401,282.5125,0.171195293927701,141.25625,-3445.5125,3,"test_set",0.00149319512237067,-4.34476004292144,-4.40070376942732,-4.28858001993054,-4.34584582738119,-4.7018129002736,-4.00839362044956,"95%","3",TRUE,13,0.151947327473897
"2400",",
 ","ProxyRecord",5410.475,-4.33468808,0.34259086707063,276.525,0.171295433535315,138.2625,-3460.475,3,"test_set",0.00147502755332152,-4.39006645601391,-4.44655932350743,-4.33357948115074,-4.38994867332697,-4.74030940478477,-4.05034010853025,"95%","3",TRUE,13,0.151947327473897
"2401",",
 ","ProxyRecord",6043.025,-5.488399286,0.34587172985261,202.025000000001,0.172935864926305,101.0125,-4093.025,3,"test_set",0.00044292172263205,-5.37832743364481,-5.45485432687348,-5.30521464501676,-5.3827170643424,-5.73089057746519,-5.03986490921222,"95%","3",TRUE,13,0.151947327473897
"2402",",
 ","ProxyRecord",6417.9875,-5.847043877,0.339602210489672,123.0125,0.169801105244836,61.5062499999999,-4467.9875,3,"test_set",0.00107409036846917,-5.93039120139976,-5.99759329521154,-5.85996333204609,-5.93508898814242,-6.26041442057008,-5.60933497217855,"95%","3",TRUE,13,0.151947327473897
"2403",",
 ","ProxyRecord",6439.475,-5.886892288,0.339737279826235,120.549999999999,0.169868639913118,60.2749999999996,-4489.475,3,"test_set",0.00110656963048239,-5.97824462395256,-6.04444368531106,-5.91040352594924,-5.97184023583589,-6.32997398650788,-5.62929399083229,"95%","3",TRUE,13,0.151947327473897
"2404",",
 ","ProxyRecord",6800.0125,-6.644358516,0.342452829835931,51.0124999999998,0.171226414917965,25.5062499999999,-4850.0125,3,"test_set",0.00143131510159655,-6.93141527323285,-6.98730957456111,-6.86980639296201,-6.93510517407809,-7.27757359841243,-6.57484204166914,"95%","3",TRUE,13,0.151947327473897
"2405",",
 ","ProxyRecord",6848.9875,-6.684252516,0.34260380174792,53.0124999999998,0.17130190087396,26.5062499999999,-4898.9875,3,"test_set",0.0014436013948016,-7.07184252706169,-7.12779626035327,-7.0112023062253,-7.06749318486589,-7.41153083982028,-6.72570821844486,"95%","3",FALSE,13,0.151947327473897
"2406",",
 ","ProxyRecord",6890.5,-6.883772216,0.343369408052847,37.5,0.171684704026423,18.75,-4940.5,3,"test_set",0.00145516986622685,-7.19109386484621,-7.24507477586155,-7.1332135723033,-7.1868880703149,-7.53332122032219,-6.84846707131697,"95%","3",TRUE,13,0.151947327473897
"2407",",
 ","ProxyRecord",7044,-7.522722574,0.345941793605715,51,0.172970896802857,25.5,-5094,3,"test_set",0.00153938178490964,-7.64146887520102,-7.69057760216962,-7.59184922831948,-7.65157036313447,-7.98405480804292,-7.31211584609283,"95%","3",TRUE,13,0.151947327473897
"2408",",
 ","ProxyRecord",7066.025,-7.682598569,0.346614444,51.0250000000006,0.173307222,25.5125000000003,-5116.025,3,"test_set",0.00155681621489823,-7.70830949949136,-7.75724470119989,-7.65910274581051,-7.70704436529805,-8.05785349364637,-7.35906707323322,"95%","3",TRUE,13,0.151947327473897
"2409",",
 ","ProxyRecord",7074.0125,-7.882497373,0.34747131068946,49.0124999999998,0.17373565534473,24.5062499999999,-5124.0125,3,"test_set",0.00156347074535823,-7.73273973784288,-7.78143758550209,-7.68364532980144,-7.72945849339295,-8.0799802902152,-7.38273918495631,"95%","3",TRUE,13,0.151947327473897
"2410",",
 ","ProxyRecord",7081,-8.042470852,0.348169049616767,49.0249999999996,0.174084524808384,24.5124999999998,-5131,3,"test_set",0.00156943699809453,-7.75419900754077,-7.80319366211898,-7.70535808938606,-7.76386369292818,-8.12310094495661,-7.41612994722995,"95%","3",TRUE,13,0.151947327473897
"2411",",
 ","ProxyRecord",7430.5,-8.762952764,0.342409824875896,80.5,0.171204912437948,40.25,-5480.5,3,"test_set",0.00204031786297243,-8.98605068462523,-9.04621902627859,-8.92452712416294,-8.98403749436707,-9.3317518211566,-8.65456743641315,"95%","3",TRUE,13,0.151947327473897
"2412",",
 ","ProxyRecord",7459.4875,-8.883161883,0.342987579214241,92.5375000000004,0.17149378960712,46.2687500000002,-5509.4875,3,"test_set",0.00209455936621694,-9.10722674026524,-9.16624619437476,-9.0473303730172,-9.1100257675828,-9.45020300467085,-8.74990201453668,"95%","3",TRUE,13,0.151947327473897
"2413",",
 ","ProxyRecord",7576.0125,-9.524897074,0.34617240093023,76.0124999999998,0.173086200465115,38.0062499999999,-5626.0125,3,"test_set",0.00226173956061615,-9.62703375328415,-9.67487894076814,-9.57939247013829,-9.63033860844058,-9.97874059690212,-9.2900666085456,"95%","3",TRUE,13,0.151947327473897
"2414",",
 ","ProxyRecord",7605,-9.806066862,0.347612659721494,59,0.173806329860747,29.5,-5655,3,"test_set",0.00228240199966478,-9.76172158260851,-9.80770374959238,-9.71582890782868,-9.7688159767019,-10.1086246799375,-9.42960105789065,"95%","3",TRUE,13,0.151947327473897
"2415",",
 ","ProxyRecord",8060.5,-11.53399231,0.321349646637693,98.5,0.160674823318847,49.25,-6110.5,3,"test_set",0.00150621038583765,-11.6130626284051,-11.749297661701,-11.4710394015322,-11.612915673962,-11.9641036526971,-11.2631375907032,"95%","3",TRUE,13,0.151947327473897
"2416",",
 ","ProxyRecord",-68,-0.030352389,0.320409272640452,1,0.160204636320226,0.5,2018,4,"test_set",0.0258389179218457,-0.0406560245428872,-0.436100250266164,0.338241759036139,-0.0419285857666865,-0.582744665645704,0.473681662632536,"95%","4",TRUE,13,0.151947327473897
"2417",",
 ","ProxyRecord",65.5,-0.14675457,0.320416356065089,107.525,0.160208178032545,53.7625,1884.5,4,"test_set",0.0304436416391718,-0.148461639806912,-0.284107398935449,-0.00583189966966574,-0.150293091994183,-0.498614562463406,0.204395189218732,"95%","4",TRUE,13,0.151947327473897
"2418",",
 ","ProxyRecord",1706.475,-0.997324995,0.28675416817989,289.55,0.143377084089945,144.775,243.525,4,"test_set",0.0140402175508425,-0.96318139737094,-1.11592654289565,-0.802678760008892,-0.965835784332992,-1.28004889213112,-0.638457808001523,"95%","4",TRUE,13,0.151947327473897
"2419",",
 ","ProxyRecord",2025.0375,-1.076058933,0.286813488023543,247.0625,0.143406744011772,123.53125,-75.0375,4,"test_set",0.00982628424557319,-1.06781399756639,-1.26740404225785,-0.863786721432378,-1.07054918935769,-1.40591972403138,-0.707428932234178,"95%","4",TRUE,13,0.151947327473897
"2420",",
 ","ProxyRecord",4191.45,-2.694404099,0.289878253,339.575,0.144939126,169.7875,-2241.45,4,"test_set",0.0385616985506099,-2.85858604905199,-2.94654600790787,-2.77309338312001,-2.86439801084935,-3.15524380374202,-2.55239775051306,"95%","4",TRUE,13,0.151947327473897
"2421",",
 ","ProxyRecord",4321.525,-2.787094202,0.338320892998089,312.55,0.169160446499044,156.275,-2371.525,4,"test_set",0.0222870851856793,-2.96999073949611,-3.06286987013769,-2.87406799475685,-2.96542998989191,-3.3166282099258,-2.60953189642615,"95%","4",TRUE,13,0.151947327473897
"2422",",
 ","ProxyRecord",4354.4125,-2.826712448,0.338389052265366,300.612499999999,0.169194526132683,150.30625,-2404.4125,4,"test_set",0.0173143541948306,-2.98853279213028,-3.0817600644523,-2.89066535711238,-2.98570461650365,-3.31978957284324,-2.64436771079199,"95%","4",TRUE,13,0.151947327473897
"2423",",
 ","ProxyRecord",5100.5125,-3.461085237,0.339599499341038,209.537499999999,0.169799749670519,104.76875,-3150.5125,4,"test_set",0.0910762482266181,-3.4863965768994,-3.58451316752681,-3.39205709212006,-3.48441489863874,-3.8923541724929,-3.09685978937907,"95%","4",TRUE,13,0.151947327473897
"2424",",
 ","ProxyRecord",5272.5,-3.818256486,0.341346113413569,290.525,0.170673056706785,145.2625,-3322.5,4,"test_set",0.112992062424677,-3.96553395364596,-4.03532826789169,-3.89911119531319,-3.96816298777998,-4.36978066967116,-3.56243918066167,"95%","4",TRUE,13,0.151947327473897
"2425",",
 ","ProxyRecord",5429.025,-4.453935584,0.342897641735312,267.025000000001,0.171448820867656,133.5125,-3479.025,4,"test_set",0.10940345772279,-4.43794714196358,-4.50604392001951,-4.37095194198233,-4.44517644254752,-4.85374673690146,-4.00652772084645,"95%","4",TRUE,13,0.151947327473897
"2426",",
 ","ProxyRecord",5851.575,-5.169910325,0.344899204306193,229.599999999999,0.172449602153096,114.8,-3901.575,4,"test_set",0.0348022503528611,-5.24662965881498,-5.3231193910069,-5.17323553395551,-5.24322652248969,-5.60059078166159,-4.89605645481426,"95%","4",TRUE,13,0.151947327473897
"2427",",
 ","ProxyRecord",6463.5,-5.926729401,0.339872549353913,120.525,0.169936274676956,60.2624999999998,-4513.5,4,"test_set",0.0817329461869853,-6.01350255257023,-6.08832508941764,-5.93681828277284,-6.01785742889308,-6.39021816917097,-5.63556179022561,"95%","4",TRUE,13,0.151947327473897
"2428",",
 ","ProxyRecord",6512.95,-6.165855616,0.34070486802075,104.05,0.170352434010375,52.0250000000001,-4562.95,4,"test_set",0.0870156163939928,-6.12555441528893,-6.197927430331,-6.05359492285696,-6.12558632933653,-6.51275414501627,-5.74229901315637,"95%","4",TRUE,13,0.151947327473897
"2429",",
 ","ProxyRecord",6521.0125,-6.20571608,0.340846172023142,100.0125,0.170423086011571,50.0062499999999,-4571.0125,4,"test_set",0.0878217077887378,-6.14446944426222,-6.21675871656772,-6.07325623772615,-6.15378683874307,-6.54236714000461,-5.76037223641195,"95%","4",TRUE,13,0.151947327473897
"2430",",
 ","ProxyRecord",6526.9875,-6.245590152,0.340988382903296,98.0124999999998,0.170494191451648,49.0062499999999,-4576.9875,4,"test_set",0.0884091031086331,-6.15859844540596,-6.23111534044698,-6.08789413081341,-6.16422453212313,-6.54130179135476,-5.79726192734947,"95%","4",TRUE,13,0.151947327473897
"2431",",
 ","ProxyRecord",6897.4875,-7.08335346,0.344153167249994,37.5124999999998,0.172076583624997,18.7562499999999,-4947.4875,4,"test_set",0.108664949957227,-7.16522835675733,-7.23435206231362,-7.09415494510104,-7.15963467065824,-7.56809354648317,-6.76381628071697,"95%","4",TRUE,13,0.151947327473897
"2432",",
 ","ProxyRecord",6903,-7.283028277,0.344955116399451,36,0.172477558199726,18,-4953,4,"test_set",0.108828043290776,-7.18140281727898,-7.25030096851149,-7.11064142057085,-7.1724055939287,-7.58621883766869,-6.76059956452451,"95%","4",TRUE,13,0.151947327473897
"2433",",
 ","ProxyRecord",6906.0125,-7.362912933,0.345280720801897,36.0124999999998,0.172640360400949,18.0062499999999,-4956.0125,4,"test_set",0.108919743513081,-7.19025331216505,-7.25907046992616,-7.12008985087562,-7.18884410346761,-7.59065038489316,-6.77926691064211,"95%","4",TRUE,13,0.151947327473897
"2434",",
 ","ProxyRecord",7063.5,-7.642624088,0.346445405898564,50.5249999999996,0.173222702949282,25.2624999999998,-5113.5,4,"test_set",0.116245223419531,-7.66796876480471,-7.72720894044211,-7.60785189925021,-7.67624434804232,-8.08641998055345,-7.26952495961573,"95%","4",TRUE,13,0.151947327473897
"2435",",
 ","ProxyRecord",7090,-8.282547459,0.349234831212595,48,0.174617415606297,24,-5140,4,"test_set",0.117966181577822,-7.75208126724868,-7.81249763541377,-7.69036955946658,-7.75277314387338,-8.16454724917026,-7.32335043767182,"95%","4",FALSE,13,0.151947327473897
"2436",",
 ","ProxyRecord",7100.0375,-8.362604116,0.349595550011948,52.0374999999995,0.174797775005974,26.0187499999997,-5150.0375,4,"test_set",0.118654766176496,-7.78428607075864,-7.84475021323872,-7.72228762770394,-7.78385734037434,-8.17804274064906,-7.36810905851139,"95%","4",FALSE,13,0.151947327473897
"2437",",
 ","ProxyRecord",7268.5,-8.482611111,0.341081271,87.5,0.170540635,43.75,-5318.5,4,"test_set",0.133223192717491,-8.35870313937,-8.43474037462896,-8.28112635582204,-8.35623282944979,-8.80813173866292,-7.92691744351437,"95%","4",TRUE,13,0.151947327473897
"2438",",
 ","ProxyRecord",7338,-8.602734373,0.341646440804731,60.0249999999996,0.170823220402366,30.0124999999998,-5388,4,"test_set",0.140889857383097,-8.61806568077995,-8.69870447791446,-8.53636559619519,-8.62150075411672,-9.06431076105556,-8.15033326555061,"95%","4",TRUE,13,0.151947327473897
"2439",",
 ","ProxyRecord",7415.05,-8.722890214,0.342218516,71.0500000000002,0.171109258016306,35.5250000000001,-5465.05,4,"test_set",0.150520285775002,-8.92412293062845,-9.00572893436767,-8.83916445581117,-8.92958738776415,-9.35998232607277,-8.4616682395305,"95%","4",TRUE,13,0.151947327473897
"2440",",
 ","ProxyRecord",7596.5,-9.725715756,0.34719796054297,63.5249999999996,0.173598980271485,31.7624999999998,-5646.5,4,"test_set",0.170398783866244,-9.72665760379701,-9.79415420592125,-9.6597594722528,-9.73025765793464,-10.1961470137966,-9.26776904043233,"95%","4",TRUE,13,0.151947327473897
"2441",",
 ","ProxyRecord",7793.5,-10.68396094,0.316216789064177,73.5249999999996,0.158108394532089,36.7624999999998,-5843.5,4,"test_set",0.163914095849638,-10.6294187920659,-10.711159477286,-10.5471446333391,-10.6295805412497,-11.0851856387533,-10.1327185092106,"95%","4",TRUE,13,0.151947327473897
"2442",",
 ","ProxyRecord",7807.525,-10.72429601,0.316456439287178,75.5250000000005,0.158228219643589,37.7625000000003,-5857.525,4,"test_set",0.162262205159003,-10.6902148253034,-10.773276814397,-10.6072048206936,-10.6949418528292,-11.165894738376,-10.2442486662492,"95%","4",TRUE,13,0.151947327473897
"2443",",
 ","ProxyRecord",7888,-11.0069002,0.318148605343717,77,0.159074302671859,38.5,-5938,4,"test_set",0.149725369017073,-11.0210346882039,-11.1073151043546,-10.9352475181804,-11.0166415048462,-11.4507171921823,-10.5820499680778,"95%","4",TRUE,13,0.151947327473897
"2444",",
 ","ProxyRecord",7934.9875,-11.29023581,0.319864531495081,66.0124999999998,0.15993226574754,33.0062499999999,-5984.9875,4,"test_set",0.139996837228473,-11.1965186859715,-11.2834674813204,-11.1117954586942,-11.1979065554096,-11.6241742393376,-10.7742433776948,"95%","4",TRUE,13,0.151947327473897
"2445",",
 ","ProxyRecord",14,-0.069005802,0.320410770700682,74,0.160205385350341,37,1936,5,"test_set",0.000394254304988961,-0.10791194083143,-0.252252765224231,0.0254732311746139,-0.106604387367126,-0.455484173698484,0.227711325595332,"95%","5",TRUE,13,0.151947327473897
"2446",",
 ","ProxyRecord",1574.9625,-0.918623073,0.286699283275371,295.0375,0.143349641637685,147.51875,375.0375,5,"test_set",0.000210085650356739,-0.920481452166389,-1.03621305768561,-0.802484767923391,-0.917569920321144,-1.20869491159543,-0.60775106912517,"95%","5",TRUE,13,0.151947327473897
"2447",",
 ","ProxyRecord",2566.0125,-1.175272669,0.30049796406866,410.0125,0.15024898203433,205.00625,-616.0125,5,"test_set",0.000196537404911767,-1.2140401322851,-1.34114403161066,-1.0910265311799,-1.2173308208563,-1.55435290777375,-0.902522688514442,"95%","5",TRUE,13,0.151947327473897
"2448",",
 ","ProxyRecord",3395.5,-1.784757341,0.288420549773389,547.525,0.144210274886695,273.7625,-1445.5,5,"test_set",0.000530167749901445,-1.80250809181762,-1.87300703689701,-1.73428670973422,-1.80749544583657,-2.10796429654423,-1.51608882932342,"95%","5",TRUE,13,0.151947327473897
"2449",",
 ","ProxyRecord",4383.425,-2.866337463,0.338457829204649,292.6,0.169228914602324,146.3,-2433.425,5,"test_set",0.000124843934856678,-2.97349914487777,-3.06222688784099,-2.88580397861808,-2.97198409643659,-3.3193942162508,-2.6220938725292,"95%","5",TRUE,13,0.151947327473897
"2450",",
 ","ProxyRecord",5386.5125,-4.175739411,0.342193393629715,283.5125,0.171096696814857,141.75625,-3436.5125,5,"test_set",0.00145467093330964,-4.31322516732501,-4.36797889708013,-4.25718541571745,-4.31993345215171,-4.66715126048853,-3.98489142125721,"95%","5",TRUE,13,0.151947327473897
"2451",",
 ","ProxyRecord",5391.975,-4.21547279,0.342291458284034,283.025,0.171145729142017,141.5125,-3441.975,5,"test_set",0.0014495450194163,-4.32942496460327,-4.38473272022106,-4.27310847419925,-4.33088315329126,-4.67880875539719,-3.98256746080826,"95%","5",TRUE,13,0.151947327473897
"2452",",
 ","ProxyRecord",5446.4875,-4.573196685,0.343212915147096,262.5125,0.171606457573548,131.25625,-3496.4875,5,"test_set",0.00137993324906827,-4.48701946919218,-4.54721489842869,-4.42823090512684,-4.48393606423566,-4.83296597859348,-4.13379328121615,"95%","5",TRUE,13,0.151947327473897
"2453",",
 ","ProxyRecord",5464.5125,-4.69249573,0.343535620780583,253.5125,0.171767810390292,126.75625,-3514.5125,5,"test_set",0.00134953377746161,-4.53709514062968,-4.59903226316586,-4.47659410884954,-4.53430664660463,-4.88877576748136,-4.19626179785509,"95%","5",TRUE,13,0.151947327473897
"2454",",
 ","ProxyRecord",5935.9875,-5.329136603,0.345378910631829,224.1625,0.172689455315915,112.08125,-3985.9875,5,"test_set",0.000455031514801085,-5.28888709197152,-5.35656246156191,-5.2228079040505,-5.29346473564183,-5.64407284992301,-4.95239828496954,"95%","5",TRUE,13,0.151947327473897
"2455",",
 ","ProxyRecord",6885,-6.764058341,0.342908309835436,39,0.171454154917718,19.5,-4935,5,"test_set",0.0014505152019062,-7.15305787850774,-7.21302624170642,-7.09406731720813,-7.16230670688195,-7.49637528123633,-6.80422493822077,"95%","5",FALSE,13,0.151947327473897
"2456",",
 ","ProxyRecord",6888.5,-6.843862071,0.343214473416499,37.5,0.171607236708249,18.75,-4938.5,5,"test_set",0.00145224585468284,-7.1630916668059,-7.22256229753217,-7.10432303472311,-7.16286722335008,-7.51182569583218,-6.8183042160691,"95%","5",TRUE,13,0.151947327473897
"2457",",
 ","ProxyRecord",6891.5,-6.923682426,0.34352457919312,37.5,0.17176228959656,18.75,-4941.5,5,"test_set",0.00145375186260122,-7.17169821941354,-7.23101420863248,-7.11305065152817,-7.1784459612109,-7.51621433078092,-6.84548265270342,"95%","5",TRUE,13,0.151947327473897
"2458",",
 ","ProxyRecord",6895.5,-7.043428922,0.343994533991546,37.5,0.171997266995773,18.75,-4945.5,5,"test_set",0.00145579231169979,-7.1831827901387,-7.24222217924793,-7.12476380168262,-7.18311942175197,-7.52102006930527,-6.83229663641115,"95%","5",TRUE,13,0.151947327473897
"2459",",
 ","ProxyRecord",6899.0125,-7.163221243,0.344471405296577,37.0124999999998,0.172235702648289,18.5062499999999,-4949.0125,5,"test_set",0.00145761465180083,-7.19327661852978,-7.25179963630709,-7.13507463826121,-7.19671793992082,-7.54964633069428,-6.86082083433833,"95%","5",TRUE,13,0.151947327473897
"2460",",
 ","ProxyRecord",6904.9875,-7.322975101,0.345117061896691,36.0124999999998,0.172558530948346,18.0062499999999,-4954.9875,5,"test_set",0.00146078024965135,-7.21046693591943,-7.26837655558772,-7.15259589841486,-7.21100022774728,-7.56099417785688,-6.85319001645963,"95%","5",TRUE,13,0.151947327473897
"2461",",
 ","ProxyRecord",6920.0125,-7.402860803,0.345444413830338,42.0124999999998,0.172722206915169,21.0062499999999,-4970.0125,5,"test_set",0.00146910614493567,-7.25381434763357,-7.31054632480572,-7.19593149587782,-7.25897284221584,-7.60954450677241,-6.92335792263257,"95%","5",TRUE,13,0.151947327473897
"2462",",
 ","ProxyRecord",7084.4875,-8.122484742,0.348521892022329,48.5124999999998,0.174260946011165,24.2562499999999,-5134.4875,5,"test_set",0.00159445103922184,-7.74547363970453,-7.79466428038206,-7.69397391245819,-7.74847388690782,-8.09950959563721,-7.39628004974774,"95%","5",FALSE,13,0.151947327473897
"2463",",
 ","ProxyRecord",7086,-8.162494078,0.348698973973306,48.0249999999996,0.174349486986653,24.0124999999998,-5136,5,"test_set",0.00159589455572817,-7.75018990985726,-7.7994177307828,-7.69861439701715,-7.74411010164634,-8.09395030193757,-7.41806007168922,"95%","5",FALSE,13,0.151947327473897
"2464",",
 ","ProxyRecord",7093.5,-8.322571807,0.34941530143365,49.5,0.174707650716825,24.75,-5143.5,5,"test_set",0.00160313079755614,-7.7736415739882,-7.82335868465067,-7.72272691967985,-7.77160703217251,-8.11795124299669,-7.43256397219697,"95%","5",FALSE,13,0.151947327473897
"2465",",
 ","ProxyRecord",7441.9875,-8.8030171,0.342601958233598,86.0124999999998,0.171300979116799,43.0062499999999,-5491.9875,5,"test_set",0.00208308578506511,-9.03100909147742,-9.0922733071825,-8.9704078658785,-9.02949204906956,-9.38391966380106,-8.68309097068432,"95%","5",TRUE,13,0.151947327473897
"2466",",
 ","ProxyRecord",7488.5125,-9.003393483,0.343573632682052,98.5374999999994,0.171786816341026,49.2687499999997,-5538.5125,5,"test_set",0.00216584583054846,-9.23167939176075,-9.29006241540553,-9.17385058183213,-9.23240167228152,-9.57793784801518,-8.88062334697704,"95%","5",TRUE,13,0.151947327473897
"2467",",
 ","ProxyRecord",7559,-9.364339993,0.345361636045189,86.0249999999996,0.172680818022594,43.0124999999998,-5609,5,"test_set",0.00225597552594436,-9.55070381617618,-9.60288073854207,-9.49815163599349,-9.5549785073763,-9.88072355943676,-9.21624792710752,"95%","5",TRUE,13,0.151947327473897
"2468",",
 ","ProxyRecord",7569.9875,-9.444616361,0.345765475239243,79.0124999999998,0.172882737619621,39.5062499999999,-5619.9875,5,"test_set",0.00226550726627472,-9.60158955981216,-9.65276186407478,-9.55067475028384,-9.59952976001233,-9.9341657612319,-9.25545159815562,"95%","5",TRUE,13,0.151947327473897
"2469",",
 ","ProxyRecord",7582,-9.565044647,0.346376353275751,73,0.173188176637876,36.5,-5632,5,"test_set",0.0022745339478103,-9.65746955080955,-9.70855066697122,-9.60620028895635,-9.6518313688611,-10.0096194250589,-9.3026626909353,"95%","5",TRUE,13,0.151947327473897
"2470",",
 ","ProxyRecord",7610,-9.846253579,0.347821223350451,55.0249999999996,0.173910611675225,27.5124999999998,-5660,5,"test_set",0.00228992056676702,-9.78848026048505,-9.83932592225586,-9.73839766736601,-9.78195309797383,-10.1333789225905,-9.44555425273623,"95%","5",TRUE,13,0.151947327473897
"2471",",
 ","ProxyRecord",7697,-10.28875477,0.350150107764999,55,0.175075053882499,27.5,-5747,5,"test_set",0.00228723987678592,-10.1969347411279,-10.2503390693826,-10.1423844787338,-10.1980613561316,-10.5525796751779,-9.85662133311481,"95%","5",TRUE,13,0.151947327473897
"2472",",
 ","ProxyRecord",7774.025,-10.6033048,0.315739941823423,67.0250000000005,0.157869970911711,33.5125000000003,-5824.025,5,"test_set",0.00222111034506867,-10.5499995865534,-10.6096307583101,-10.4864595047742,-10.557687089899,-10.8817138486978,-10.2357762415868,"95%","5",TRUE,13,0.151947327473897
"2473",",
 ","ProxyRecord",7865,-10.88571459,0.317420490766427,72,0.158710245383213,36,-5915,5,"test_set",0.00206587610507292,-10.9400957537993,-11.0039767841379,-10.8767546705097,-10.9415514909771,-11.2655008950822,-10.6289483079915,"95%","5",TRUE,13,0.151947327473897
"2474",",
 ","ProxyRecord",7928,-11.24970716,0.319618573,67,0.159809286,33.5,-5978,5,"test_set",0.00190942460429611,-11.1836350077151,-11.2473648875307,-11.1208634940624,-11.1899414946383,-11.5117864107374,-10.8740231742831,"95%","5",TRUE,13,0.151947327473897
"2475",",
 ","ProxyRecord",386.4875,-0.420397887,0.319781865557516,238.5625,0.159890932778758,119.28125,1563.5125,6,"test_set",0.000431377802438682,-0.442213679797195,-0.547549547189763,-0.338335251800573,-0.444048888007049,-0.783092310348017,-0.105294697293266,"95%","6",TRUE,13,0.151947327473897
"2476",",
 ","ProxyRecord",2620.5,-1.21467617,0.300531211877705,433.6,0.150265605938852,216.8,-670.5,6,"test_set",0.000232804861322045,-1.23604231587672,-1.35298828976695,-1.12665422990985,-1.23406351531528,-1.55496011105025,-0.913891279221734,"95%","6",TRUE,13,0.151947327473897
"2477",",
 ","ProxyRecord",3136.4625,-1.530183704,0.300836598734054,537.5375,0.150418299367027,268.76875,-1186.4625,6,"test_set",0.0004055953651938,-1.56989226154328,-1.6776127451649,-1.46036536925142,-1.57246999664789,-1.88021509127672,-1.2585697397305,"95%","6",TRUE,13,0.151947327473897
"2478",",
 ","ProxyRecord",3424,-1.824260224,0.288472039568732,537.05,0.144236019784366,268.525,-1474,6,"test_set",0.000526622528662646,-1.83045692185455,-1.89765498582165,-1.75973643824968,-1.82858487682252,-2.11920465916842,-1.53980401116152,"95%","6",TRUE,13,0.151947327473897
"2479",",
 ","ProxyRecord",3624.9875,-2.061371665,0.288804013330107,479.0375,0.144402006665054,239.51875,-1674.9875,6,"test_set",0.000638631058258454,-2.06234480689723,-2.13949231243665,-1.98572715205636,-2.05797807584678,-2.34631404509839,-1.75415234430299,"95%","6",TRUE,13,0.151947327473897
"2480",",
 ","ProxyRecord",3721.4625,-2.219524348,0.289047480325488,448.5875,0.144523740162744,224.29375,-1771.4625,6,"test_set",0.000699292610040203,-2.19259348400512,-2.2747549898107,-2.11128665755584,-2.1923513713734,-2.48840894113628,-1.89541005265133,"95%","6",TRUE,13,0.151947327473897
"2481",",
 ","ProxyRecord",3752.4875,-2.298633897,0.289175402580346,439.5375,0.144587701290173,219.76875,-1802.4875,6,"test_set",0.000714709407378944,-2.23719463671404,-2.31900417213949,-2.15622285427707,-2.2422521170801,-2.53304912335932,-1.9519294999875,"95%","6",TRUE,13,0.151947327473897
"2482",",
 ","ProxyRecord",3805.4375,-2.377754547,0.28930718893556,399.6625,0.14465359446778,199.83125,-1855.4375,6,"test_set",0.000731497011219329,-2.31539073947006,-2.39599359667702,-2.23475097904511,-2.31998490511429,-2.60954830046482,-2.0284322994239,"95%","6",TRUE,13,0.151947327473897
"2483",",
 ","ProxyRecord",3909.325,-2.536051478,0.289584870766641,355.7,0.144792435383321,177.85,-1959.325,6,"test_set",0.000729534645527163,-2.471630374791,-2.54939970384408,-2.39731085105621,-2.47993186649489,-2.78145482361007,-2.17125043998781,"95%","6",TRUE,13,0.151947327473897
"2484",",
 ","ProxyRecord",5045.05,-3.381744875,0.339435742587645,182.075,0.169717871293823,91.0374999999999,-3095.05,6,"test_set",0.00108052933226466,-3.35543155234642,-3.45601188118958,-3.25417606275543,-3.35919483550049,-3.72443984283795,-3.00474083935258,"95%","6",TRUE,13,0.151947327473897
"2485",",
 ","ProxyRecord",5223.5,-3.659498747,0.340023651799844,274.525,0.170011825899922,137.2625,-3273.5,6,"test_set",0.00141051405664339,-3.82143180070823,-3.88845033288134,-3.75080713057918,-3.82488440384356,-4.16902242046357,-3.48612266375741,"95%","6",TRUE,13,0.151947327473897
"2486",",
 ","ProxyRecord",5253.5125,-3.738856111,0.341167013120535,287.5125,0.170583506560267,143.75625,-3303.5125,6,"test_set",0.00143277706999845,-3.90916443077515,-3.97119123403934,-3.84352949532288,-3.91129099727483,-4.27419638402967,-3.56187016940112,"95%","6",TRUE,13,0.151947327473897
"2487",",
 ","ProxyRecord",5440.975,-4.533437045,0.343107092356876,264.049999999999,0.171553546178438,132.025,-3490.975,6,"test_set",0.00135526793194618,-4.45716241356644,-4.51903805423414,-4.39202276552577,-4.45446265005093,-4.78591809762474,-4.11844858813108,"95%","6",TRUE,13,0.151947327473897
"2488",",
 ","ProxyRecord",5469.4875,-4.732269606,0.34364463779127,251.5125,0.171822318895635,125.75625,-3519.4875,6,"test_set",0.00131076697089672,-4.53479004254191,-4.60015126840495,-4.46547359797364,-4.53463210263034,-4.8788706709482,-4.17409849948003,"95%","6",TRUE,13,0.151947327473897
"2489",",
 ","ProxyRecord",5482.5125,-4.772046295,0.343754642647718,243.5125,0.171877321323859,121.75625,-3532.5125,6,"test_set",0.00128756416537534,-4.56928098964025,-4.63658320818579,-4.49939945927204,-4.56684274484059,-4.9249891966081,-4.2155107168872,"95%","6",TRUE,13,0.151947327473897
"2490",",
 ","ProxyRecord",5510,-4.851600007,0.343977162579867,236,0.171988581289933,118,-3560,6,"test_set",0.00123268225988848,-4.63978114073657,-4.70841710701989,-4.56921323767222,-4.63876226627967,-5.00453412448338,-4.29062013719716,"95%","6",TRUE,13,0.151947327473897
"2491",",
 ","ProxyRecord",5832.025,-5.130111674,0.344781272868479,227.05,0.172390636434239,113.525,-3882.025,6,"test_set",0.000552276977350274,-5.17996709236767,-5.24958299351718,-5.11208865364679,-5.18763326437651,-5.52390326409978,-4.84588258515087,"95%","6",TRUE,13,0.151947327473897
"2492",",
 ","ProxyRecord",6086,-5.528218646,0.345997335052248,187.025,0.172998667526124,93.5124999999998,-4136,6,"test_set",0.000532047666856883,-5.41977506847631,-5.50070867428392,-5.34066497641787,-5.42020174824827,-5.76535091562118,-5.08041002226349,"95%","6",TRUE,13,0.151947327473897
"2493",",
 ","ProxyRecord",6507.475,-6.125994293,0.340564026510113,104.525,0.170282013255057,52.2624999999998,-4557.475,6,"test_set",0.00115141334626756,-6.13803185055632,-6.19657335294419,-6.07754255511442,-6.13936173761551,-6.4866615614288,-5.79587384009455,"95%","6",TRUE,13,0.151947327473897
"2494",",
 ","ProxyRecord",6724.5,-6.48481342,0.341857871416384,49.5249999999996,0.170928935708192,24.7624999999998,-4774.5,6,"test_set",0.00135662136746539,-6.69605801178566,-6.75118496557758,-6.64135798513502,-6.69666707545195,-7.04748503941475,-6.32001485983847,"95%","6",TRUE,13,0.151947327473897
"2495",",
 ","ProxyRecord",6894,-7.003509672,0.343837082444669,37,0.171918541222335,18.5,-4944,6,"test_set",0.0014505557624167,-7.17201011803797,-7.22742108103412,-7.11799272172979,-7.17474556717565,-7.51304281110732,-6.83027992730615,"95%","6",TRUE,13,0.151947327473897
"2496",",
 ","ProxyRecord",7071.0125,-7.762544206,0.346955222393991,50.0124999999998,0.173477611196996,25.0062499999999,-5121.0125,6,"test_set",0.00158471682629724,-7.69697666320586,-7.74518461026226,-7.64743820958063,-7.70080642408301,-8.04874394879716,-7.3634791763011,"95%","6",TRUE,13,0.151947327473897
"2497",",
 ","ProxyRecord",7072,-7.802531821,0.347126117252899,50,0.173563058626449,25,-5122,6,"test_set",0.00158565636478869,-7.70003905787777,-7.74817983321712,-7.65062210598074,-7.69614437038411,-8.03857478514305,-7.35623132656638,"95%","6",TRUE,13,0.151947327473897
"2498",",
 ","ProxyRecord",7082.9875,-8.082471263,0.348345391893485,49.0124999999998,0.174172695946742,24.5062499999999,-5132.9875,6,"test_set",0.00159625325877322,-7.73423879719942,-7.78241883574647,-7.68485472568846,-7.72800223086027,-8.07806798518601,-7.3723491181794,"95%","6",FALSE,13,0.151947327473897
"2499",",
 ","ProxyRecord",7087,-8.202512229,0.348877000744633,48.0249999999996,0.174438500372316,24.0124999999998,-5137,6,"test_set",0.00160018854715727,-7.74678663761422,-7.79488119433608,-7.69732311217803,-7.74854318444581,-8.09039092677689,-7.42142759941113,"95%","6",FALSE,13,0.151947327473897
"2500",",
 ","ProxyRecord",7468.025,-8.923237509,0.343182358880579,94.0250000000006,0.17159117944029,47.0125000000003,-5518.025,6,"test_set",0.00213337620325049,-9.14083283393387,-9.19936361360823,-9.08215047163289,-9.14712077985347,-9.48938924531562,-8.79372620682912,"95%","6",TRUE,13,0.151947327473897
"2501",",
 ","ProxyRecord",7478.0375,-8.963317834,0.343377864874404,98.0374999999994,0.171688932437202,49.0187499999997,-5528.0375,6,"test_set",0.00215103510439185,-9.18445844733772,-9.24165004097995,-9.12675331515814,-9.18179371521809,-9.51563255818886,-8.85431393066242,"95%","6",TRUE,13,0.151947327473897
"2502",",
 ","ProxyRecord",7845,-10.80497827,0.316937688842211,77,0.158468844421106,38.5,-5895,6,"test_set",0.00211110480345944,-10.8589277159657,-10.9167457413638,-10.7956600612664,-10.8589051524902,-11.1794041744449,-10.5376776815882,"95%","6",TRUE,13,0.151947327473897
"2503",",
 ","ProxyRecord",7896.5,-11.04732685,0.318392066237282,76.5249999999996,0.159196033118641,38.2624999999998,-5946.5,6,"test_set",0.00199845437349744,-11.0669637270592,-11.1252685212059,-11.0042351263247,-11.0637668907078,-11.3838055743242,-10.750771670439,"95%","6",TRUE,13,0.151947327473897
"2504",",
 ","ProxyRecord",847.125,-0.695083187,0.319884878215016,253.125,0.159942439107508,126.5625,1102.875,7,"test_set",0.000137211667058934,-0.690979818649291,-0.843028722968222,-0.528817211642922,-0.695179572546056,-1.05782767198679,-0.339830947140008,"95%","7",TRUE,13,0.151947327473897
"2505",",
 ","ProxyRecord",1516.4625,-0.879284769,0.286673489851659,291.5875,0.143336744925829,145.79375,433.5375,7,"test_set",0.000210799952210516,-0.896596015613885,-1.01596088767015,-0.771535559215702,-0.903269634046753,-1.19953332892738,-0.590125509996615,"95%","7",TRUE,13,0.151947327473897
"2506",",
 ","ProxyRecord",2489.5125,-1.135875216,0.30046558039297,369.5125,0.150232790196485,184.75625,-539.5125,7,"test_set",0.000171232105333763,-1.16950765018096,-1.3177784610507,-1.01511186805274,-1.17402919637008,-1.51126853980516,-0.829546067431664,"95%","7",TRUE,13,0.151947327473897
"2507",",
 ","ProxyRecord",2751.4125,-1.33293653,0.300637532720803,478.6125,0.150318766360402,239.30625,-801.4125,7,"test_set",0.000267784365326484,-1.28931336497656,-1.39994648167171,-1.17757850453361,-1.28754798972533,-1.60833938651737,-0.966096609415275,"95%","7",TRUE,13,0.151947327473897
"2508",",
 ","ProxyRecord",2796.5125,-1.372378102,0.300675145598983,477.5125,0.150337572799491,238.75625,-846.5125,7,"test_set",0.000284788913584855,-1.31542969989383,-1.42381899752001,-1.20684335763706,-1.30967604343635,-1.62157786562266,-1.00009049568951,"95%","7",TRUE,13,0.151947327473897
"2509",",
 ","ProxyRecord",2840.475,-1.411810407,0.30071411651296,479.525,0.15035705825648,239.7625,-890.475,7,"test_set",0.000301471456859437,-1.34234142451379,-1.45063904794171,-1.23654959570503,-1.3414337605848,-1.64596483419534,-1.03808363781456,"95%","7",TRUE,13,0.151947327473897
"2510",",
 ","ProxyRecord",3303.5,-1.666295442,0.288272126175546,553.525,0.144136063087773,276.7625,-1353.5,7,"test_set",0.000490657327478772,-1.70713235927239,-1.79306402295147,-1.61954846571934,-1.7098611435858,-2.00458263533112,-1.41162741265252,"95%","7",TRUE,13,0.151947327473897
"2511",",
 ","ProxyRecord",3878.425,-2.496469688,0.289513860602869,365.625,0.144756930301435,182.8125,-1928.425,7,"test_set",0.000737658438709765,-2.43604182421086,-2.50757737967108,-2.36579660867301,-2.43472859772359,-2.73744591973813,-2.15321931904883,"95%","7",TRUE,13,0.151947327473897
"2512",",
 ","ProxyRecord",4537.4625,-3.104147077,0.338890106207929,242.5625,0.169445053103964,121.28125,-2587.4625,7,"test_set",1.41241381035329e-05,-2.95829991023937,-3.0381954771144,-2.877125770021,-2.95137991724289,-3.29559704920473,-2.60342195434406,"95%","7",TRUE,13,0.151947327473897
"2513",",
 ","ProxyRecord",4958.525,-3.342076191,0.339354657792045,177.575000000001,0.169677328896023,88.7875000000004,-3008.525,7,"test_set",0.000822385648480139,-3.15966214880583,-3.26761839816568,-3.05570401602671,-3.1561589801555,-3.50194839524129,-2.80643698138709,"95%","7",TRUE,13,0.151947327473897
"2514",",
 ","ProxyRecord",5201,-3.619811057,0.339937131124243,263,0.169968565562121,131.5,-3251,7,"test_set",0.00145240919097178,-3.74730417890904,-3.81846939511611,-3.67665124599022,-3.74650609414418,-4.08085269314235,-3.41910116858406,"95%","7",TRUE,13,0.151947327473897
"2515",",
 ","ProxyRecord",5692.025,-5.010731089,0.344431279151665,261.025000000001,0.172215639575833,130.5125,-3742.025,7,"test_set",0.000764648725981587,-5.03206484358139,-5.10654237100191,-4.95528411948234,-5.03282554895934,-5.39262485970799,-4.67344825561265,"95%","7",TRUE,13,0.151947327473897
"2516",",
 ","ProxyRecord",6473.4875,-5.966574007,0.340009225945833,117.5125,0.170004612972917,58.7562499999999,-4523.4875,7,"test_set",0.00111504283251129,-6.05213284523002,-6.11403895529994,-5.98949348629042,-6.05784905532586,-6.39974290577807,-5.7155244963011,"95%","7",TRUE,13,0.151947327473897
"2517",",
 ","ProxyRecord",6498,-6.086131553,0.340423833661309,108,0.170211916830655,54,-4548,7,"test_set",0.00114746622350559,-6.10858100923948,-6.16741338905431,-6.04837976886735,-6.10738105839724,-6.44996060898358,-5.77339334292032,"95%","7",TRUE,13,0.151947327473897
"2518",",
 ","ProxyRecord",6892,-6.96359469,0.343680553311825,38,0.171840276655912,19,-4942,7,"test_set",0.00147278179418731,-7.16971320000485,-7.22700005108796,-7.11339854973802,-7.1680922299812,-7.50913437523605,-6.81489646929472,"95%","7",TRUE,13,0.151947327473897
"2519",",
 ","ProxyRecord",7088.9875,-8.242522251,0.349055583,48.0124999999998,0.174527791574334,24.0062499999999,-5138.9875,7,"test_set",0.00161917572654158,-7.76654046380643,-7.81524016469668,-7.71891609447161,-7.77238321483429,-8.13202781622235,-7.4313032590516,"95%","7",FALSE,13,0.151947327473897
"2520",",
 ","ProxyRecord",7303.5,-8.522639728,0.341268713146706,72.5249999999996,0.170634356573353,36.2624999999998,-5353.5,7,"test_set",0.00186283710430501,-8.5011665908173,-8.56794899966369,-8.4367323477237,-8.50797592498314,-8.85069092751451,-8.17264077616977,"95%","7",TRUE,13,0.151947327473897
"2521",",
 ","ProxyRecord",7322,-8.562682971,0.341457053963497,65,0.170728526981748,32.5,-5372,7,"test_set",0.00188796496964905,-8.57029445727589,-8.63847756016232,-8.50483117722737,-8.57296764591358,-8.91310798608508,-8.23939727001945,"95%","7",TRUE,13,0.151947327473897
"2522",",
 ","ProxyRecord",7355.5,-8.642775035,0.341836322185815,56.5,0.170918161092907,28.25,-5405.5,7,"test_set",0.00193512928170492,-8.69821424272903,-8.76671804433301,-8.63095051339111,-8.69432052513285,-9.03232817343022,-8.34726771995407,"95%","7",TRUE,13,0.151947327473897
"2523",",
 ","ProxyRecord",7450.5,-8.843079696,0.342794840287658,91.5,0.171397420143829,45.75,-5500.5,7,"test_set",0.00208052921992774,-9.08177280637491,-9.14783398603616,-9.01644915906252,-9.08894406927907,-9.41992092745695,-8.74130015045708,"95%","7",TRUE,13,0.151947327473897
"2524",",
 ","ProxyRecord",7496.0125,-9.043484911,0.343769106,99.0374999999994,0.171884553,49.5187499999997,-5546.0125,7,"test_set",0.00215205345179825,-9.27730623919903,-9.3373668882474,-9.2144831460119,-9.27522574195725,-9.60913044888241,-8.95160752679187,"95%","7",TRUE,13,0.151947327473897
"2525",",
 ","ProxyRecord",7517.025,-9.163784268,0.344361290824923,96.0250000000006,0.172180645412462,48.0125000000003,-5567.025,7,"test_set",0.002179620317877,-9.36998567232055,-9.42766274445002,-9.30988509839366,-9.37865520431653,-9.71587453915853,-9.01429120005732,"95%","7",TRUE,13,0.151947327473897
"2526",",
 ","ProxyRecord",7520.9875,-9.203880679,0.344559865209497,97.0124999999998,0.172279932604749,48.5062499999999,-5570.9875,7,"test_set",0.00218437847481212,-9.3876082896342,-9.44492778394577,-9.32800091301657,-9.38284929017542,-9.71835637834867,-9.05307595398115,"95%","7",TRUE,13,0.151947327473897
"2527",",
 ","ProxyRecord",7572.5,-9.484752232,0.345968667861325,78.5,0.172984333930663,39.25,-5622.5,7,"test_set",0.00223351891910362,-9.62009173388921,-9.67246119609135,-9.56573843113709,-9.61919002689021,-9.95381274830947,-9.28827381416016,"95%","7",TRUE,13,0.151947327473897
"2528",",
 ","ProxyRecord",7615.5,-9.886457368,0.348029551077181,51.5,0.17401477553859,25.75,-5665.5,7,"test_set",0.00225645526312768,-9.8175014024518,-9.86792830993642,-9.76617508715868,-9.80970520779569,-10.1402280395908,-9.48164010069503,"95%","7",TRUE,13,0.151947327473897
"2529",",
 ","ProxyRecord",7621.975,-9.92665478,0.348238250285579,48.0249999999996,0.17411912514279,24.0124999999998,-5671.975,7,"test_set",0.0022584835984496,-9.84737194130024,-9.89741835155449,-9.79608986741988,-9.84617515823153,-10.2084946595,-9.51081113905449,"95%","7",TRUE,13,0.151947327473897
"2530",",
 ","ProxyRecord",7660,-10.08751181,0.349082609237231,50,0.174541304618615,25,-5710,7,"test_set",0.00226286584843471,-10.0230055341604,-10.0732255380115,-9.9705219985718,-10.0193453179627,-10.3497233960949,-9.67215656183482,"95%","7",TRUE,13,0.151947327473897
"2531",",
 ","ProxyRecord",7755.0125,-10.52272384,0.315264165620434,64.0124999999998,0.157632082810217,32.0062499999999,-5805.0125,7,"test_set",0.00221757100535847,-10.4569705985852,-10.514665351406,-10.3984625559076,-10.4626860869002,-10.7850896870854,-10.1557686199942,"95%","7",TRUE,13,0.151947327473897
"2532",",
 ","ProxyRecord",7765.5125,-10.56300702,0.315501818036251,66.5124999999998,0.157750909018125,33.2562499999999,-5815.5125,7,"test_set",0.00220763569696025,-10.503913976552,-10.5630318144479,-10.4449267602362,-10.4994097478733,-10.8108024733317,-10.1794561986406,"95%","7",TRUE,13,0.151947327473897
"2533",",
 ","ProxyRecord",583.5125,-0.616526198,0.31985027938865,235.5125,0.159925139694325,117.75625,1366.4875,8,"test_set",0.000296503809987803,-0.587451701043206,-0.732120386348484,-0.441154391737118,-0.586789401149127,-0.93400665921376,-0.241861719723771,"95%","8",TRUE,13,0.151947327473897
"2534",",
 ","ProxyRecord",1074,-0.734375889,0.319903829030286,223,0.159951914515143,111.5,876,8,"test_set",0.000122789258430456,-0.740429902185238,-0.926366236693343,-0.551195361125605,-0.737729397053826,-1.12126397285244,-0.354910007052586,"95%","8",TRUE,13,0.151947327473897
"2535",",
 ","ProxyRecord",3476.475,-1.903281447,0.288578229984398,525.55,0.144289114992199,262.775,-1526.475,8,"test_set",0.000571351768624551,-1.88836028523733,-1.95837088735216,-1.81249743063491,-1.88826340042444,-2.20653969333228,-1.59669829268893,"95%","8",TRUE,13,0.151947327473897
"2536",",
 ","ProxyRecord",3547.35,-1.982305466,0.288688593716257,511.65,0.144344296858129,255.825,-1597.35,8,"test_set",0.000609343747220992,-1.97075681159277,-2.04200154248977,-1.89434098398309,-1.97225541549794,-2.26301162478527,-1.66900926584088,"95%","8",TRUE,13,0.151947327473897
"2537",",
 ","ProxyRecord",3699.3875,-2.179977648,0.288984919316642,457.6375,0.144492459658321,228.81875,-1749.3875,8,"test_set",0.000696120965759661,-2.16848735977149,-2.24792242423635,-2.08657376922499,-2.17145778514919,-2.48653047115972,-1.86843575353584,"95%","8",TRUE,13,0.151947327473897
"2538",",
 ","ProxyRecord",3737.95,-2.259077298,0.289110972963226,445.05,0.144555486481613,222.525,-1787.95,8,"test_set",0.000715952804641873,-2.22347686005498,-2.30166653974619,-2.14346531206499,-2.22818487596697,-2.51342908875682,-1.93051633451291,"95%","8",TRUE,13,0.151947327473897
"2539",",
 ","ProxyRecord",4453,-2.985223345,0.338669928952243,277.1,0.169334964476122,138.55,-2503,8,"test_set",3.39528475001849e-05,-2.95792056982586,-3.04694788538807,-2.87256005527395,-2.96215404220793,-3.3148037443788,-2.62185356842919,"95%","8",TRUE,13,0.151947327473897
"2540",",
 ","ProxyRecord",4484.975,-3.024857872,0.338742591363626,263.049999999999,0.169371295681813,131.525,-2534.975,8,"test_set",1.06215717332603e-05,-2.95739066317511,-3.04301941354639,-2.87211201182715,-2.95644518355631,-3.30839521665584,-2.60765342782283,"95%","8",TRUE,13,0.151947327473897
"2541",",
 ","ProxyRecord",4566.475,-3.143788366,0.338965562775759,229.525,0.16948278138788,114.7625,-2616.475,8,"test_set",3.61896882461465e-06,-2.951730138086,-3.03696812689874,-2.86561772896616,-2.94984222316222,-3.28363169941241,-2.61277214514409,"95%","8",TRUE,13,0.151947327473897
"2542",",
 ","ProxyRecord",5074.9875,-3.421408449,0.339517185021476,194.0125,0.169758592510738,97.0062499999999,-3124.9875,8,"test_set",0.00122215558345795,-3.4092375225386,-3.50851823005056,-3.30266565760714,-3.40696999211355,-3.75422522504419,-3.05136377128666,"95%","8",TRUE,13,0.151947327473897
"2543",",
 ","ProxyRecord",5119.9875,-3.500760109,0.339682621925716,216.0125,0.169841310962858,108.00625,-3169.9875,8,"test_set",0.00132864855098003,-3.52679022115004,-3.6170707443087,-3.42661983249685,-3.5239493549972,-3.86493272179977,-3.19511209766713,"95%","8",TRUE,13,0.151947327473897
"2544",",
 ","ProxyRecord",5163.4875,-3.580127755,0.339851546253422,245.5125,0.169925773126711,122.75625,-3213.4875,8,"test_set",0.00140890768987045,-3.64893644188332,-3.73090851909673,-3.55886386490269,-3.65387647569492,-4.01312506256385,-3.31109079207344,"95%","8",TRUE,13,0.151947327473897
"2545",",
 ","ProxyRecord",5296.5,-3.93739353,0.341620480675429,295.5,0.170810240337715,147.75,-3346.5,8,"test_set",0.00151597806570258,-4.05271564569054,-4.11359166557972,-3.98719978391036,-4.06001405306023,-4.40785089691852,-3.71078893003357,"95%","8",TRUE,13,0.151947327473897
"2546",",
 ","ProxyRecord",5370.0125,-4.096279378,0.341998759939205,290.0125,0.170999379969603,145.00625,-3420.0125,8,"test_set",0.00148569442883772,-4.27967335952525,-4.33585144909905,-4.2199436811851,-4.27628822775144,-4.63390418695992,-3.93546766648677,"95%","8",TRUE,13,0.151947327473897
"2547",",
 ","ProxyRecord",5381,-4.136006945,0.342095604,286,0.171047802,143,-3431,8,"test_set",0.00147569739112896,-4.31298806084911,-4.36974392395656,-4.25187688833667,-4.30862557756555,-4.6588111586004,-3.96235142937911,"95%","8",TRUE,13,0.151947327473897
"2548",",
 ","ProxyRecord",5593,-4.970941183,0.344316526986243,255,0.172158263493122,127.5,-3643,8,"test_set",0.00100509458706988,-4.86657825413546,-4.94704534752307,-4.78880323310168,-4.86539444392888,-5.22180291520178,-4.50481454867112,"95%","8",TRUE,13,0.151947327473897
"2549",",
 ","ProxyRecord",5811.9875,-5.090313648,0.344663343498686,232.0375,0.172331671749343,116.01875,-3861.9875,8,"test_set",0.000499612105309133,-5.1740053006371,-5.24908091204189,-5.10035171756319,-5.17758720073776,-5.52044385189615,-4.80890928747787,"95%","8",TRUE,13,0.151947327473897
"2550",",
 ","ProxyRecord",6144,-5.607876288,0.346250177934013,172.05,0.173125088967007,86.0250000000001,-4194,8,"test_set",0.00055056102936657,-5.45078208981877,-5.53524624609397,-5.36696595735325,-5.45188286794115,-5.80618559059697,-5.0998579823036,"95%","8",TRUE,13,0.151947327473897
"2551",",
 ","ProxyRecord",6224.4875,-5.687542718,0.34650676041386,175.5375,0.17325338020693,87.7687500000002,-4274.4875,8,"test_set",0.000710299543027482,-5.55056524452292,-5.63624351683593,-5.46622113455176,-5.5488917845209,-5.89725917676363,-5.204465821205,"95%","8",TRUE,13,0.151947327473897
"2552",",
 ","ProxyRecord",6541.4625,-6.3253188,0.341274634737221,92.5375000000004,0.17063731736861,46.2687500000002,-4591.4625,8,"test_set",0.00124703705464135,-6.20096960616892,-6.25727381225162,-6.14038628552276,-6.19901667505678,-6.55618167291339,-5.86324346319494,"95%","8",TRUE,13,0.151947327473897
"2553",",
 ","ProxyRecord",6548.9875,-6.365185827,0.341419404877928,88.0124999999998,0.170709702438964,44.0062499999999,-4598.9875,8,"test_set",0.00125584297516745,-6.22022920718698,-6.27611433667806,-6.16003513437217,-6.21620734300353,-6.54447596675428,-5.88582946843651,"95%","8",TRUE,13,0.151947327473897
"2554",",
 ","ProxyRecord",6606.975,-6.405062003,0.341564503947161,81.0499999999993,0.170782251973581,40.5249999999996,-4656.975,8,"test_set",0.00131757743575545,-6.37270603103507,-6.42492972144276,-6.31395048479591,-6.37997429746706,-6.72253443663847,-6.04654857397893,"95%","8",TRUE,13,0.151947327473897
"2555",",
 ","ProxyRecord",6887.475,-6.80395828,0.343060954135525,37.5249999999996,0.171530477067762,18.7624999999998,-4937.475,8,"test_set",0.00146972465111528,-7.16960128718342,-7.22380215171833,-7.11432796229399,-7.17362942774024,-7.49690045791267,-6.83786102849572,"95%","8",FALSE,13,0.151947327473897
"2556",",
 ","ProxyRecord",7050.4875,-7.562680895,0.346108904598418,49.5124999999998,0.173054452299209,24.7562499999999,-5100.4875,8,"test_set",0.0015604700496441,-7.65325522269264,-7.70155201300591,-7.60850815009267,-7.65689659883827,-7.99547464205842,-7.307981094581,"95%","8",TRUE,13,0.151947327473897
"2557",",
 ","ProxyRecord",7566,-9.404470798,0.345563160794744,81,0.172781580397372,40.5,-5616,8,"test_set",0.00224444252507894,-9.57849852832524,-9.6309859970539,-9.52794134616818,-9.57899500395675,-9.92356023433184,-9.23871991372074,"95%","8",TRUE,13,0.151947327473897
"2558",",
 ","ProxyRecord",7601.5,-9.765890009,0.347405288437699,61.5,0.173702644218849,30.75,-5651.5,8,"test_set",0.00227004417374665,-9.74246927043098,-9.79130480680052,-9.69527544730961,-9.74018734718447,-10.0862806409089,-9.40483660368638,"95%","8",TRUE,13,0.151947327473897
"2559",",
 ","ProxyRecord",7689.4875,-10.24849435,0.349935022654488,53.5124999999998,0.174967511327244,26.7562499999999,-5739.4875,8,"test_set",0.00228004223123968,-10.1525745909227,-10.2040737869589,-10.1006219941674,-10.1547876123606,-10.5002472038195,-9.79869181007032,"95%","8",TRUE,13,0.151947327473897
"2560",",
 ","ProxyRecord",7921.5,-11.20918651,0.31937371267617,69.5,0.159686856338085,34.75,-5971.5,8,"test_set",0.0019411348901599,-11.1516172047699,-11.2143653821251,-11.091508577854,-11.1523531863502,-11.4732643498537,-10.8372332075511,"95%","8",TRUE,13,0.151947327473897
"2561",",
 ","ProxyRecord",7942.475,-11.33078558,0.3201107,60.5499999999993,0.16005535,30.2749999999996,-5992.475,8,"test_set",0.00188438922852363,-11.22867001846,-11.2930523073345,-11.1650614679851,-11.235647805806,-11.5493247676563,-10.9152084297338,"95%","8",TRUE,13,0.151947327473897
"2562",",
 ","ProxyRecord",261.05,-0.302951103,0.319753405,187.05,0.159876702302196,93.525,1688.95,9,"test_set",0.000469418172147074,-0.333023243667448,-0.468988153980532,-0.201379525275269,-0.330034470261532,-0.679212278946491,0.0119321215489757,"95%","9",TRUE,13,0.151947327473897
"2563",",
 ","ProxyRecord",354.925,-0.381224695,0.319771362832019,224.125,0.15988568141601,112.0625,1595.075,9,"test_set",0.000447589507740487,-0.419865561170149,-0.539394870342047,-0.306042671072609,-0.411788142891252,-0.742008203301841,-0.0653571046488103,"95%","9",TRUE,13,0.151947327473897
"2564",",
 ","ProxyRecord",1254.55,-0.800639634,0.286625488321054,213.575,0.143312744160527,106.7875,695.45,9,"test_set",0.000168506003775382,-0.789357961907058,-1.01214103344809,-0.549417309870571,-0.79011854014329,-1.14633088685559,-0.443491565655555,"95%","9",TRUE,13,0.151947327473897
"2565",",
 ","ProxyRecord",1438.0125,-0.839957544,0.286648866939431,294.0125,0.143324433469715,147.00625,511.9875,9,"test_set",0.000208145544589033,-0.862836773728344,-1.0297397117709,-0.696118525646259,-0.868859948404232,-1.21776254492234,-0.542136559962067,"95%","9",TRUE,13,0.151947327473897
"2566",",
 ","ProxyRecord",1831.4875,-1.036690097,0.286783231865505,286.5125,0.143391615932753,143.25625,118.5125,9,"test_set",0.000156187141914232,-1.02305569918927,-1.19445328969824,-0.847613740458884,-1.02690743125879,-1.36195170216968,-0.688195996114803,"95%","9",TRUE,13,0.151947327473897
"2567",",
 ","ProxyRecord",2292.0375,-1.096484017,0.300434440477865,271.0375,0.150217220238933,135.51875,-342.0375,9,"test_set",0.000121121865509499,-1.12556391851288,-1.28187269827175,-0.962316098736966,-1.12327754328966,-1.47141824090349,-0.776738629880172,"95%","9",TRUE,13,0.151947327473897
"2568",",
 ","ProxyRecord",2713.5,-1.293514541,0.300601118461603,468.525,0.150300559230802,234.2625,-763.5,9,"test_set",0.000252417179319453,-1.2819459773936,-1.38567067301559,-1.1789441732528,-1.28423670128757,-1.6098215879553,-0.957049508286575,"95%","9",TRUE,13,0.151947327473897
"2569",",
 ","ProxyRecord",3448.3625,-1.86376971,0.288524667101224,531.6375,0.144262333550612,265.81875,-1498.3625,9,"test_set",0.000557549413426894,-1.85353847921106,-1.9206688619248,-1.78352089599195,-1.85937755432617,-2.15957614388288,-1.57048264755455,"95%","9",TRUE,13,0.151947327473897
"2570",",
 ","ProxyRecord",3593.4875,-2.021836245,0.288745940919015,495.5625,0.144372970459508,247.78125,-1643.4875,9,"test_set",0.00064527481388188,-2.02525170576587,-2.09680462035252,-1.95403997024862,-2.02006914339532,-2.30840223725596,-1.7340973819765,"95%","9",TRUE,13,0.151947327473897
"2571",",
 ","ProxyRecord",3828.4875,-2.417322012,0.289374959537354,387.5625,0.144687479768677,193.78125,-1878.4875,9,"test_set",0.000761965693452105,-2.36439768707072,-2.4384261504724,-2.292812370864,-2.36557547276569,-2.66261549790618,-2.08340820475241,"95%","9",TRUE,13,0.151947327473897
"2572",",
 ","ProxyRecord",4227.425,-2.734003631,0.28995434625047,334.6,0.144977173125235,167.3,-2277.425,9,"test_set",0.000406041651535016,-2.89080432852342,-2.97786446149362,-2.80369410418786,-2.89343359205177,-3.17917200530241,-2.58885758478534,"95%","9",TRUE,13,0.151947327473897
"2573",",
 ","ProxyRecord",4645.975,-3.223096834,0.339118288230522,180.025,0.169559144115261,90.0124999999998,-2695.975,9,"test_set",1.78562488017953e-05,-2.9493604393864,-3.03167445082177,-2.87276113403777,-2.947749465747,-3.29320859285836,-2.6128023796337,"95%","9",TRUE,13,0.151947327473897
"2574",",
 ","ProxyRecord",5288.5,-3.897681316,0.341527995239457,294.5,0.170763997619729,147.25,-3338.5,9,"test_set",0.00150448041995599,-4.01530322247163,-4.06799057040544,-3.96106771899903,-4.01628579983647,-4.32601032504049,-3.68120096636125,"95%","9",TRUE,13,0.151947327473897
"2575",",
 ","ProxyRecord",5497.475,-4.811821559,0.343865587281485,239.525,0.171932793640742,119.7625,-3547.475,9,"test_set",0.001273199154328,-4.62519585495363,-4.689221295611,-4.55997258821951,-4.62032999622211,-4.96082081583864,-4.27346000154687,"95%","9",TRUE,13,0.151947327473897
"2576",",
 ","ProxyRecord",6113.525,-5.568045569,0.346123576551459,181.525000000001,0.173061788275729,90.7625000000003,-4163.525,9,"test_set",0.000554608741221152,-5.43909541205468,-5.52410514482046,-5.35335770544389,-5.43901912961933,-5.79522229921155,-5.08730236013929,"95%","9",TRUE,13,0.151947327473897
"2577",",
 ","ProxyRecord",6315.5375,-5.727524105,0.339202350042406,166.5625,0.169601175021203,83.28125,-4365.5375,9,"test_set",0.000912007323905506,-5.73341540262457,-5.81547815849267,-5.65066818841881,-5.73463512118007,-6.0890222875231,-5.38498069595897,"95%","9",TRUE,13,0.151947327473897
"2578",",
 ","ProxyRecord",6492,-6.046279297,0.340284880886553,110.025,0.170142440443276,55.0124999999998,-4542,9,"test_set",0.00116749970671126,-6.11066885688364,-6.17767096406667,-6.04769876449794,-6.10885235562088,-6.44614472899576,-5.77921874214122,"95%","9",TRUE,13,0.151947327473897
"2579",",
 ","ProxyRecord",6534,-6.285451714,0.341130709960747,96,0.170565354980374,48,-4584,9,"test_set",0.00121562895407656,-6.21298385240205,-6.27681612936662,-6.15282229456265,-6.21313825400145,-6.54523409635401,-5.88509029773814,"95%","9",TRUE,13,0.151947327473897
"2580",",
 ","ProxyRecord",6664.4875,-6.444935284,0.341711094596268,70.5124999999998,0.170855547298134,35.2562499999999,-4714.4875,9,"test_set",0.00133405305340339,-6.55284461881819,-6.612777687643,-6.49174339417971,-6.54993554711039,-6.88589875301501,-6.21912909471672,"95%","9",TRUE,13,0.151947327473897
"2581",",
 ","ProxyRecord",6753.4875,-6.524692068,0.342005575347281,36.5124999999998,0.17100278767364,18.2562499999999,-4803.4875,9,"test_set",0.00138782797849402,-6.79804564419549,-6.85846654657634,-6.73524349708373,-6.8000720798573,-7.14040907882646,-6.44995189535021,"95%","9",TRUE,13,0.151947327473897
"2582",",
 ","ProxyRecord",6766.9875,-6.604468054,0.342303101619817,38.0124999999998,0.171151550809909,19.0062499999999,-4816.9875,9,"test_set",0.00139407246295686,-6.8358292859953,-6.89629499097395,-6.7730897904288,-6.83358114866001,-7.16592160697253,-6.48844747583715,"95%","9",TRUE,13,0.151947327473897
"2583",",
 ","ProxyRecord",6880,-6.72415441,0.342755673935356,41,0.171377836967678,20.5,-4930,9,"test_set",0.00143434184298741,-7.15514219480515,-7.21358197733414,-7.09763263257182,-7.15652757232848,-7.50973751654458,-6.79887844892733,"95%","9",FALSE,13,0.151947327473897
"2584",",
 ","ProxyRecord",6902.5,-7.243088214,0.344793575364147,36.5,0.172396787682073,18.25,-4952.5,9,"test_set",0.00144442176988058,-7.21934714183474,-7.27682254052066,-7.1625842728822,-7.22479091752213,-7.56750045493991,-6.8872808094991,"95%","9",TRUE,13,0.151947327473897
"2585",",
 ","ProxyRecord",7077.5125,-7.962482349,0.3478192753668,49.5124999999998,0.1739096376834,24.7562499999999,-5127.5125,9,"test_set",0.00156721800781412,-7.73655361321453,-7.78675656504655,-7.68715106401277,-7.73076225146817,-8.07253317285276,-7.38378472265624,"95%","9",TRUE,13,0.151947327473897
"2586",",
 ","ProxyRecord",7526.9875,-9.243994205,0.344758772676624,97.0124999999998,0.172379386338312,48.5062499999999,-5576.9875,9,"test_set",0.00221111063725132,-9.40470715369897,-9.45726935184447,-9.3527571367304,-9.40291534740515,-9.75730530521119,-9.0606228395141,"95%","9",TRUE,13,0.151947327473897
"2587",",
 ","ProxyRecord",7535.5,-9.284107444,0.344958883798887,94.5,0.172479441899443,47.25,-5585.5,9,"test_set",0.00222116533099559,-9.44302214547368,-9.49496007496139,-9.39111758582247,-9.44003344824167,-9.78084289745513,-9.08094523560287,"95%","9",TRUE,13,0.151947327473897
"2588",",
 ","ProxyRecord",7651.9875,-10.04729486,0.348870386384677,46.0124999999998,0.174435193192338,23.0062499999999,-5701.9875,9,"test_set",0.00229293853553081,-9.97972309373995,-10.0312344638241,-9.93165096268267,-9.97894717672438,-10.3170206918396,-9.6316853514927,"95%","9",TRUE,13,0.151947327473897
"2589",",
 ","ProxyRecord",7882.475,-10.96649002,0.317905458091809,75.5249999999996,0.158952729045904,37.7624999999998,-5932.475,9,"test_set",0.002073457792795,-11.0065797755908,-11.0653675496643,-10.9456331870222,-11.0064123819829,-11.3300271354129,-10.6888171583709,"95%","9",TRUE,13,0.151947327473897
"2590",",
 ","ProxyRecord",8096.0125,-11.61562273,0.321847961468769,116.037499999999,0.160923980734384,58.0187499999997,-6146.0125,9,"test_set",0.0014434765468252,-11.7235456831835,-11.9148074978304,-11.5322085242344,-11.720422530129,-12.0857872835838,-11.3436644327666,"95%","9",TRUE,13,0.151947327473897
"2591",",
 ","ProxyRecord",314.525,-0.342078769,0.319761861512691,215.55,0.159880930756345,107.775,1635.475,10,"test_set",0.00045511069720755,-0.381182864211581,-0.503176209693336,-0.258537534163038,-0.37851601386405,-0.714030295891638,-0.0299431131191703,"95%","10",TRUE,13,0.151947327473897
"2592",",
 ","ProxyRecord",424.5125,-0.459588663,0.319793408523136,253.6125,0.159896704261568,126.80625,1525.4875,10,"test_set",0.000409289814989888,-0.47889193181621,-0.593383888392275,-0.362268782700339,-0.482544128172897,-0.815992202898438,-0.147627528106542,"95%","10",TRUE,13,0.151947327473897
"2593",",
 ","ProxyRecord",688.9375,-0.655797012,0.319867015494004,243.0875,0.159933507747002,121.54375,1261.0625,10,"test_set",0.000209352319871514,-0.641964809801397,-0.799335302856416,-0.482268945820121,-0.639887120257958,-0.996144004125212,-0.294920986711254,"95%","10",TRUE,13,0.151947327473897
"2594",",
 ","ProxyRecord",3050.05,-1.490715379,0.300794773612641,534.075,0.15039738680632,267.0375,-1100.05,10,"test_set",0.000381298361773474,-1.5024529676736,-1.62225588703506,-1.37397194118052,-1.50383668977047,-1.82482458164234,-1.19125542104098,"95%","10",TRUE,13,0.151947327473897
"2595",",
 ","ProxyRecord",3176.9625,-1.569650617,0.300879806101973,536.0875,0.150439903050987,268.04375,-1226.9625,10,"test_set",0.000423782528780059,-1.60387827878205,-1.72113236272334,-1.48130360983157,-1.60591057708954,-1.90777120670123,-1.28782088315681,"95%","10",TRUE,13,0.151947327473897
"2596",",
 ","ProxyRecord",3241.4625,-1.609122975,0.300923926058793,549.5375,0.150461963029397,274.76875,-1291.4625,10,"test_set",0.000448712753559066,-1.65966374334845,-1.76491746753153,-1.54803998239275,-1.6594000586816,-1.95669816888932,-1.34419756035566,"95%","10",TRUE,13,0.151947327473897
"2597",",
 ","ProxyRecord",3652.4375,-2.100903267,0.288863245235775,474.5875,0.144431622617888,237.29375,-1702.4375,10,"test_set",0.000661725978357008,-2.10884396394097,-2.17867756191356,-2.03539755932451,-2.10598652801438,-2.42000415752246,-1.81305704626546,"95%","10",TRUE,13,0.151947327473897
"2598",",
 ","ProxyRecord",3774.9125,-2.338190529,0.289240700413988,423.0875,0.144620350206994,211.54375,-1824.9125,10,"test_set",0.000729459511084052,-2.28214683378196,-2.35810812976939,-2.20677073758562,-2.28525964146279,-2.56300123829905,-1.98249252129555,"95%","10",TRUE,13,0.151947327473897
"2599",",
 ","ProxyRecord",4062.9625,-2.615220506,0.289729574654109,362.0625,0.144864787327055,181.03125,-2112.9625,10,"test_set",0.000642654229709994,-2.70191608156539,-2.7789172064859,-2.63264017847348,-2.69983537680296,-2.98141015741249,-2.40978407762662,"95%","10",TRUE,13,0.151947327473897
"2600",",
 ","ProxyRecord",5139.95,-3.540440188,0.339766772285827,226.075,0.169883386142914,113.0375,-3189.95,10,"test_set",0.00133338329819654,-3.60071612444531,-3.6838012674217,-3.51606696574655,-3.60772704631372,-3.94984752002648,-3.27100119905467,"95%","10",TRUE,13,0.151947327473897
"2601",",
 ","ProxyRecord",5240.525,-3.699188863,0.340110731013885,284.525000000001,0.170055365506943,142.2625,-3290.525,10,"test_set",0.00145950359846658,-3.88868994382777,-3.95388067634317,-3.81983765490816,-3.89145107692011,-4.22728792242834,-3.55594234046215,"95%","10",TRUE,13,0.151947327473897
"2602",",
 ","ProxyRecord",5263.0125,-3.778548902,0.341256009309266,290.0125,0.170628004654633,145.00625,-3313.0125,10,"test_set",0.00147208626487538,-3.95587135987562,-4.01803355267563,-3.88891147036174,-3.94966371596028,-4.29125314743493,-3.60177417719953,"95%","10",TRUE,13,0.151947327473897
"2603",",
 ","ProxyRecord",5305.5125,-3.977108146,0.341713889121346,297.5125,0.170856944560673,148.75625,-3355.5125,10,"test_set",0.00148028071225159,-4.08382942791149,-4.14094020921089,-4.02139960690123,-4.0805031746535,-4.42383142135577,-3.73961853426527,"95%","10",TRUE,13,0.151947327473897
"2604",",
 ","ProxyRecord",5325.9875,-4.016826921,0.341808042,301.0375,0.17090402117789,150.51875,-3375.9875,10,"test_set",0.00147695224068656,-4.1455034822227,-4.2019841656052,-4.0851401604463,-4.14494897015894,-4.49763147687796,-3.81573126807531,"95%","10",TRUE,13,0.151947327473897
"2605",",
 ","ProxyRecord",5403.975,-4.294945935,0.342490488566976,279.025,0.171245244283488,139.5125,-3453.975,10,"test_set",0.00142094201514009,-4.37632565789278,-4.43338153530686,-4.31604905216101,-4.37933659338796,-4.7060445058827,-4.03891828332844,"95%","10",TRUE,13,0.151947327473897
"2606",",
 ","ProxyRecord",5458.0125,-4.652727697,0.343427072137768,257.0125,0.171713536068884,128.50625,-3508.0125,10,"test_set",0.00134187309546174,-4.5281834838154,-4.59109756825418,-4.46503626957545,-4.53360814898041,-4.88724328964805,-4.17569656361499,"95%","10",TRUE,13,0.151947327473897
"2607",",
 ","ProxyRecord",5876.425,-5.20971416,0.345018016928655,233.575,0.172509008464327,116.7875,-3926.425,10,"test_set",0.000457868473224821,-5.22509412902132,-5.29557051764841,-5.15413227015232,-5.22248802738384,-5.54469672851437,-4.88209187065924,"95%","10",TRUE,13,0.151947327473897
"2608",",
 ","ProxyRecord",5959.5125,-5.368946419,0.345500796548822,219.537499999999,0.172750398274411,109.76875,-4009.5125,10,"test_set",0.000427243462297611,-5.29395669705207,-5.36916467431331,-5.2186751624364,-5.29288783490002,-5.62200363071418,-4.93876660520808,"95%","10",TRUE,13,0.151947327473897
"2609",",
 ","ProxyRecord",6007.0125,-5.44857656,0.345747603325205,207.0625,0.172873801662603,103.53125,-4057.0125,10,"test_set",0.000435939352927406,-5.33272395493116,-5.41179147529968,-5.25393966165524,-5.33333815964715,-5.70240650975372,-4.98243507008624,"95%","10",TRUE,13,0.151947327473897
"2610",",
 ","ProxyRecord",6173.5,-5.647710547,0.346378582693799,166.5,0.1731892913469,83.25,-4223.5,10,"test_set",0.000616919321583254,-5.49672634318023,-5.58086838876852,-5.40900746743268,-5.49268491026205,-5.85041990426855,-5.16404752339857,"95%","10",TRUE,13,0.151947327473897
"2611",",
 ","ProxyRecord",6376,-5.767361799,0.339334572475942,137.05,0.169667286237971,68.5250000000001,-4426,10,"test_set",0.000999781080257556,-5.82980196090682,-5.90163149916481,-5.75487450927044,-5.82402836770774,-6.17695519475977,-5.49238413623745,"95%","10",TRUE,13,0.151947327473897
"2612",",
 ","ProxyRecord",7509.5125,-9.123676882,0.344163563135009,97.5124999999998,0.172081781567504,48.7562499999999,-5559.5125,10,"test_set",0.00217812203642254,-9.31989530015585,-9.37654076255254,-9.26445019730027,-9.31616991162798,-9.67903920099311,-8.96876519026008,"95%","10",TRUE,13,0.151947327473897
"2613",",
 ","ProxyRecord",7626.475,-9.966857902,0.348448225001148,45.5249999999996,0.174224112500574,22.7624999999998,-5676.475,10,"test_set",0.00228270111515272,-9.85432123703325,-9.90430542744014,-9.80404978395692,-9.85023979335521,-10.1858603652909,-9.49832888701277,"95%","10",TRUE,13,0.151947327473897
"2614",",
 ","ProxyRecord",7638.9875,-10.00707729,0.348658753653181,45.0124999999998,0.174329376826591,22.5062499999999,-5688.9875,10,"test_set",0.00228622764661957,-9.91261837524449,-9.96285498654256,-9.86221406831492,-9.91937558395183,-10.272456029504,-9.57396120979147,"95%","10",TRUE,13,0.151947327473897
"2615",",
 ","ProxyRecord",7668.0125,-10.12775327,0.349294603306728,51.0124999999998,0.174647301653364,25.5062499999999,-5718.0125,10,"test_set",0.00228870669580772,-10.0479517449178,-10.0990347344289,-9.99499651424401,-10.0431187338012,-10.3864453063213,-9.69544580512736,"95%","10",TRUE,13,0.151947327473897
"2616",",
 ","ProxyRecord",7673.5125,-10.16799711,0.34950763406825,51.5124999999998,0.174753817034125,25.7562499999999,-5723.5125,10,"test_set",0.00228827848198776,-10.0735781459457,-10.1260766410426,-10.0198483460466,-10.0773412738686,-10.4196745889086,-9.75156478540367,"95%","10",TRUE,13,0.151947327473897
"2617",",
 ","ProxyRecord",7785.5125,-10.64362138,0.315978194872758,70.5374999999995,0.157989097436379,35.2687499999997,-5835.5125,10,"test_set",0.00221732516374473,-10.5867541110741,-10.6475138643607,-10.5224745298305,-10.5882627595338,-10.9088989729908,-10.2608486137389,"95%","10",TRUE,13,0.151947327473897
"2618",",
 ","ProxyRecord",7901.9875,-11.08776593,0.318636706627967,76.0124999999998,0.159318353313984,38.0062499999999,-5951.9875,10,"test_set",0.0020176911375902,-11.0789674957599,-11.1411205301841,-11.015438158175,-11.0836976073724,-11.4146000298968,-10.7656071718912,"95%","10",TRUE,13,0.151947327473897
"2619",",
 ","ProxyRecord",8033.5,-11.49327452,0.321101327885253,79.5249999999996,0.160550663942626,39.7624999999998,-6083.5,10,"test_set",0.00163805511346204,-11.5387816420296,-11.647810071645,-11.43110776353,-11.5329517181038,-11.8601357597891,-11.2064846495019,"95%","10",TRUE,13,0.151947327473897
"2620",",
 ","ProxyRecord",1641.5375,-0.957970181,0.286726175796548,296.5375,0.143363087898274,148.26875,308.4625,1,"test_set",0.000175079559405766,-0.958451722113624,-1.0973073387393,-0.824271901965111,-0.95493531630943,-1.269399704767,-0.649943227192617,"95%","1",TRUE,14,0.143056491660636
"2621",",
 ","ProxyRecord",2665.525,-1.254088565,0.300565543276673,450.55,0.150282771638337,225.275,-715.525,1,"test_set",0.0002400397754454,-1.25507582516932,-1.35777696914753,-1.15261539127943,-1.25974640803241,-1.56695075293626,-0.958389616289219,"95%","1",TRUE,14,0.143056491660636
"2622",",
 ","ProxyRecord",2895,-1.451256277,0.300753825014529,485.025,0.150376912507265,242.5125,-945,1,"test_set",0.000308591412362391,-1.3833968124034,-1.50639338752006,-1.26306839409419,-1.38224686134875,-1.70118932310527,-1.06253857032898,"95%","1",TRUE,14,0.143056491660636
"2623",",
 ","ProxyRecord",3340.9625,-1.705778615,0.288320523167636,558.0875,0.144160261583818,279.04375,-1390.9625,1,"test_set",0.000523849676381527,-1.74409986976539,-1.82513732711621,-1.65903254470094,-1.74205472397197,-2.03359067045974,-1.45015641558017,"95%","1",TRUE,14,0.143056491660636
"2624",",
 ","ProxyRecord",4515.375,-3.064499745,0.338816014431289,249.625,0.169408007215644,124.8125,-2565.375,1,"test_set",0.000296869937754796,-3.01545534961207,-3.11950692174774,-2.91984436732187,-3.0123202014833,-3.36862993090639,-2.67102273267839,"95%","1",TRUE,14,0.143056491660636
"2625",",
 ","ProxyRecord",4791.55,-3.302407786,0.339275250705151,158.55,0.169637625352575,79.2750000000001,-2841.55,1,"test_set",0.000333277202269056,-3.1652686263825,-3.26645886108051,-3.07195823651942,-3.16562240212541,-3.48797422395133,-2.80917035091628,"95%","1",TRUE,14,0.143056491660636
"2626",",
 ","ProxyRecord",5436.4875,-4.493687003,0.343001634708074,263.5375,0.171500817354037,131.76875,-3486.4875,1,"test_set",0.0015462006299316,-4.40898697941683,-4.46472140852233,-4.35260953382656,-4.41240486047588,-4.75574234084591,-4.06215877118613,"95%","1",TRUE,14,0.143056491660636
"2627",",
 ","ProxyRecord",5769.0125,-5.050516198,0.344546861642985,237.0125,0.172273430821493,118.50625,-3819.0125,1,"test_set",0.000833813214384804,-5.29056589465237,-5.38407628723171,-5.19463845792093,-5.2907082232082,-5.64508395997498,-4.92051910441615,"95%","1",TRUE,14,0.143056491660636
"2628",",
 ","ProxyRecord",5894.5625,-5.249518632,0.345137240098874,229.6875,0.172568620049437,114.84375,-3944.5625,1,"test_set",0.000423692330930869,-5.43798385934939,-5.52625664523504,-5.3443743712722,-5.43865396403986,-5.81082471739486,-5.08646712080468,"95%","1",TRUE,14,0.143056491660636
"2629",",
 ","ProxyRecord",5915.5375,-5.289326617,0.345257715571853,227.537499999999,0.172628857785926,113.76875,-3965.5375,1,"test_set",0.000375891465376199,-5.45323096652102,-5.538670780869,-5.36179375758978,-5.45249690547044,-5.81701472158631,-5.10220727195372,"95%","1",TRUE,14,0.143056491660636
"2630",",
 ","ProxyRecord",5982.9625,-5.408760694,0.345623638613531,213.0375,0.172811819306765,106.51875,-4032.9625,1,"test_set",0.000262409392592922,-5.49018484859064,-5.57093906001144,-5.40410527822071,-5.48993425541561,-5.8386196393647,-5.14108140644946,"95%","1",TRUE,14,0.143056491660636
"2631",",
 ","ProxyRecord",6401.5125,-5.807199824,0.339467945253441,126.5125,0.169733972626721,63.2562499999999,-4451.5125,1,"test_set",0.000897340751904174,-5.80288328764662,-5.8831366227262,-5.72581718295343,-5.80346742849379,-6.14380645759011,-5.47260755144833,"95%","1",TRUE,14,0.143056491660636
"2632",",
 ","ProxyRecord",6483.5,-6.006430847,0.340146513072739,115.525,0.17007325653637,57.7624999999998,-4533.5,1,"test_set",0.00113949381954637,-5.975065747676,-6.04796402507163,-5.90151926782701,-5.97366978764174,-6.33001380798514,-5.64304326827113,"95%","1",TRUE,14,0.143056491660636
"2633",",
 ","ProxyRecord",6757.9875,-6.564574788,0.342153890162499,35.0124999999998,0.171076945081249,17.5062499999999,-4807.9875,1,"test_set",0.00158309466034012,-6.76910713723489,-6.82206908164563,-6.71697424875469,-6.75911882296414,-7.10150347895426,-6.4122102659025,"95%","1",TRUE,14,0.143056491660636
"2634",",
 ","ProxyRecord",7009,-7.482762399,0.34577545544023,63.0249999999996,0.172887727720115,31.5124999999998,-5059,1,"test_set",0.00153634868533814,-7.55876724288325,-7.6136097770729,-7.50561558845571,-7.56474665428098,-7.90515987822606,-7.22512390374223,"95%","1",TRUE,14,0.143056491660636
"2635",",
 ","ProxyRecord",7056.5,-7.602653996,0.346276162220291,50.5,0.173138081110145,25.25,-5106.5,1,"test_set",0.00153242732727765,-7.69921635009274,-7.7528323324184,-7.64601733362128,-7.69326231558386,-8.02556090381954,-7.33733867861837,"95%","1",TRUE,14,0.143056491660636
"2636",",
 ","ProxyRecord",7077,-7.922489889,0.34764481511105,49,0.173822407555525,24.5,-5127,1,"test_set",0.00153492827954516,-7.75961507589825,-7.8134197014531,-7.70767503498125,-7.76231538914533,-8.11832343073201,-7.41924375871894,"95%","1",TRUE,14,0.143056491660636
"2637",",
 ","ProxyRecord",7079,-8.002475328,0.347993704941651,50,0.173996852470826,25,-5129,1,"test_set",0.00153530764055443,-7.76550910827378,-7.81904915090227,-7.71340755212144,-7.75902624083141,-8.1010233917826,-7.4183398849069,"95%","1",TRUE,14,0.143056491660636
"2638",",
 ","ProxyRecord",7126.5125,-8.402640694,0.349777152545626,66.5374999999995,0.174888576272813,33.2687499999997,-5176.5125,1,"test_set",0.00155139633994938,-7.90604815134089,-7.95740048235824,-7.8541018339885,-7.89947521600741,-8.25328385314723,-7.56398280013455,"95%","1",FALSE,14,0.143056491660636
"2639",",
 ","ProxyRecord",7586.9875,-9.605206156,0.34658136976361,69.0375000000004,0.173290684881805,34.5187500000002,-5636.9875,1,"test_set",0.00234893723085605,-9.63544887122087,-9.6832415368072,-9.58496458817552,-9.62943125283329,-9.99514546211527,-9.25788024647175,"95%","1",TRUE,14,0.143056491660636
"2640",",
 ","ProxyRecord",7704.9875,-10.32901506,0.350365765765407,55.0375000000004,0.175182882882703,27.5187500000002,-5754.9875,1,"test_set",0.00241979898274458,-10.2319109247022,-10.2875573165938,-10.1733504591397,-10.2339335645998,-10.5907887210218,-9.88973335326073,"95%","1",TRUE,14,0.143056491660636
"2641",",
 ","ProxyRecord",7710.9875,-10.36928899,0.350581118951387,56.0124999999998,0.175290559475694,28.0062499999999,-5760.9875,1,"test_set",0.0024172390340027,-10.2621722450387,-10.3187135404069,-10.203191631977,-10.267076982837,-10.6200640033702,-9.87482984312605,"95%","1",TRUE,14,0.143056491660636
"2642",",
 ","ProxyRecord",7737.4875,-10.44985038,0.351013938377691,56.5124999999998,0.175506969188846,28.2562499999999,-5787.4875,1,"test_set",0.00239879823853428,-10.3947210337647,-10.4562663243428,-10.3325834451057,-10.395101138649,-10.7381409545005,-10.0451756785501,"95%","1",TRUE,14,0.143056491660636
"2643",",
 ","ProxyRecord",7822.5,-10.76462635,0.31669658463322,75.5249999999996,0.15834829231661,37.7624999999998,-5872.5,1,"test_set",0.00226111050145583,-10.7989418614204,-10.8709340393009,-10.7301924054121,-10.80038232135,-11.1307720955344,-10.4875052644725,"95%","1",TRUE,14,0.143056491660636
"2644",",
 ","ProxyRecord",7855.9875,-10.84533785,0.317178678190513,72.0124999999998,0.158589339095256,36.0062499999999,-5905.9875,1,"test_set",0.00217400152600078,-10.9448184693813,-11.0143969475875,-10.8767532787991,-10.9550948851368,-11.2550652248806,-10.6192323440748,"95%","1",TRUE,14,0.143056491660636
"2645",",
 ","ProxyRecord",7874.5,-10.92610014,0.317662308928226,77.5,0.158831154464113,38.75,-5924.5,1,"test_set",0.00211787177324396,-11.021177347256,-11.0899045230266,-10.9508471136288,-11.0158682658337,-11.3267434445127,-10.6928106862315,"95%","1",TRUE,14,0.143056491660636
"2646",",
 ","ProxyRecord",7909.475,-11.12823582,0.318881930258435,73.5499999999993,0.159440965129217,36.7749999999996,-5959.475,1,"test_set",0.00199633128423748,-11.1558237635738,-11.2272464807192,-11.0871697676236,-11.1486244089337,-11.4572785287557,-10.8280721378538,"95%","1",TRUE,14,0.143056491660636
"2647",",
 ","ProxyRecord",7985.025,-11.45261046,0.320852569852097,48.0250000000006,0.160426284926048,24.0125000000003,-6035.025,1,"test_set",0.00166461949779872,-11.3952134671052,-11.4824777906588,-11.3126117856436,-11.3968766633092,-11.7261292743027,-11.0681020753376,"95%","1",TRUE,14,0.143056491660636
"2648",",
 ","ProxyRecord",8079.5375,-11.57477541,0.32159807563747,108.537499999999,0.160799037818735,54.2687499999997,-6129.5375,1,"test_set",0.0011165059488949,-11.5695054405504,-11.7484520495923,-11.395679805613,-11.575815713686,-11.952548848376,-11.2185567884506,"95%","1",TRUE,14,0.143056491660636
"2649",",
 ","ProxyRecord",86.5125,-0.185732135,0.320420612992673,115.5125,0.160210306496337,57.75625,1863.4875,2,"test_set",0.000452001397958923,-0.146180674567796,-0.279454470030145,-0.0108755622603066,-0.145838344804469,-0.492878929648579,0.200821792238943,"95%","2",TRUE,14,0.143056491660636
"2650",",
 ","ProxyRecord",106.975,-0.224759024,0.320425871285962,117.05,0.160212935642981,58.525,1843.025,2,"test_set",0.000461676756251944,-0.164290885662457,-0.300207556639053,-0.0293300979316633,-0.160330466204296,-0.511045909561859,0.181784023812195,"95%","2",TRUE,14,0.143056491660636
"2651",",
 ","ProxyRecord",455.475,-0.498793716,0.319806047515963,262.525,0.159903023757982,131.2625,1494.525,2,"test_set",0.000394812883719453,-0.505203896528562,-0.628702052008103,-0.377603064766892,-0.502056411294899,-0.846959623021506,-0.158370356958881,"95%","2",TRUE,14,0.143056491660636
"2652",",
 ","ProxyRecord",489.9125,-0.538023586,0.319819761943323,257.1375,0.159909880971662,128.56875,1460.0875,2,"test_set",0.000364448177189724,-0.532992859002334,-0.664253271642869,-0.40159177279776,-0.533713555975628,-0.866709004237501,-0.189961191256868,"95%","2",TRUE,14,0.143056491660636
"2653",",
 ","ProxyRecord",3669.4875,-2.14043883,0.28892352842253,466.6125,0.144461764211265,233.30625,-1719.4875,2,"test_set",0.000689447585555669,-2.1456936116767,-2.20803957126694,-2.08453480179347,-2.14093258096436,-2.43471133738579,-1.84639740962959,"95%","2",TRUE,14,0.143056491660636
"2654",",
 ","ProxyRecord",4137.85,-2.654812297,0.289803103947138,343.15,0.144901551973569,171.575,-2187.85,2,"test_set",0.000483686965280228,-2.7338929386717,-2.82600763188987,-2.6459967858006,-2.73663694377534,-3.03756400844323,-2.44938319752195,"95%","2",TRUE,14,0.143056491660636
"2655",",
 ","ProxyRecord",5282.9875,-3.857965428,0.341436546111018,293.0125,0.170718273055509,146.50625,-3332.9875,2,"test_set",0.00133239066824054,-3.94048614353286,-4.0087143318267,-3.87412346133664,-3.94277744760084,-4.27498090909864,-3.63435321484042,"95%","2",TRUE,14,0.143056491660636
"2656",",
 ","ProxyRecord",5357.5,-4.056556677,0.341902928643201,296.525,0.1709514643216,148.2625,-3407.5,2,"test_set",0.00143169752564454,-4.15070312072401,-4.21195904776446,-4.09088851910428,-4.14465252923733,-4.47403740240354,-3.818396019937,"95%","2",TRUE,14,0.143056491660636
"2657",",
 ","ProxyRecord",5419.475,-4.374432822,0.342692479157206,270.525,0.171346239578603,135.2625,-3469.475,2,"test_set",0.00146558110434292,-4.33388773172545,-4.38991989007274,-4.27507770551133,-4.33453992266898,-4.69684427537291,-3.9758461799364,"95%","2",TRUE,14,0.143056491660636
"2658",",
 ","ProxyRecord",5425.5,-4.414179642,0.342794652632266,267.5,0.171397326316133,133.75,-3475.5,2,"test_set",0.00146651570995804,-4.35186471937384,-4.40739236599473,-4.29342067719043,-4.3570904742201,-4.70161672100123,-4.00649132515263,"95%","2",TRUE,14,0.143056491660636
"2659",",
 ","ProxyRecord",5450.5125,-4.612960677,0.343319504023197,259.5125,0.171659752011599,129.75625,-3500.5125,2,"test_set",0.00146592486174324,-4.42652318825788,-4.48316080412031,-4.36739001851913,-4.42472542130072,-4.75099389421746,-4.09524729037379,"95%","2",TRUE,14,0.143056491660636
"2660",",
 ","ProxyRecord",5521,-4.89137323,0.344089636619946,235,0.172044818309973,117.5,-3571,2,"test_set",0.00142549310881979,-4.63440275323884,-4.69517647586971,-4.57131073295381,-4.63579615381687,-4.98519360251824,-4.28869698032745,"95%","2",TRUE,14,0.143056491660636
"2661",",
 ","ProxyRecord",5540.55,-4.931154704,0.344202398,232.6,0.172101199126866,116.3,-3590.55,2,"test_set",0.00140414210199058,-4.6905846325767,-4.75332253995242,-4.62644402334787,-4.69114218236076,-5.02291831945501,-4.33510353235525,"95%","2",TRUE,14,0.143056491660636
"2662",",
 ","ProxyRecord",6898.4875,-7.123284212,0.344312050323254,37.5124999999998,0.172156025161627,18.7562499999999,-4948.4875,2,"test_set",0.00159289938419516,-7.22167327136365,-7.2753362646572,-7.1655447849492,-7.21575742315901,-7.5575471511399,-6.8678882542096,"95%","2",TRUE,14,0.143056491660636
"2663",",
 ","ProxyRecord",6901,-7.203151788,0.344632076022813,37,0.172316038011406,18.5,-4951,2,"test_set",0.00159202349110377,-7.22961584367876,-7.28326977405005,-7.17348851323232,-7.22847998872494,-7.56171387977362,-6.87412610812516,"95%","2",TRUE,14,0.143056491660636
"2664",",
 ","ProxyRecord",6955.4875,-7.442811919,0.345609326054903,54.5124999999998,0.172804663027451,27.2562499999999,-5005.4875,2,"test_set",0.00156650377196588,-7.39936107177224,-7.45253273916085,-7.34207189927029,-7.39535116818215,-7.74876619103008,-7.04453250596185,"95%","2",TRUE,14,0.143056491660636
"2665",",
 ","ProxyRecord",7069.4875,-7.722565125,0.346784271994654,50.5124999999998,0.173392135997327,25.2562499999999,-5119.4875,2,"test_set",0.00155409346946911,-7.74331852936684,-7.79345074301112,-7.69197307818777,-7.74643287252672,-8.08028738932019,-7.4042878774224,"95%","2",TRUE,14,0.143056491660636
"2666",",
 ","ProxyRecord",7073,-7.842510552,0.347298114098866,50,0.173649057049433,25,-5123,2,"test_set",0.0015548173604385,-7.753840685292,-7.80357326225055,-7.70291939539372,-7.75209618177106,-8.11064455468182,-7.40485845257451,"95%","2",TRUE,14,0.143056491660636
"2667",",
 ","ProxyRecord",7199.5,-8.442668627,0.34995908964487,94.5,0.174979544822435,47.25,-5249.5,2,"test_set",0.00162496719995353,-8.13938964172905,-8.19318710566627,-8.08610279403901,-8.14139793933423,-8.49404098284346,-7.81080226285067,"95%","2",TRUE,14,0.143056491660636
"2668",",
 ","ProxyRecord",7393,-8.682831134,0.342027151171328,58.0249999999996,0.171013575585664,29.0124999999998,-5443,2,"test_set",0.00189822697800324,-8.80199578050577,-8.86651671365625,-8.74106812473673,-8.79777542980757,-9.14474012865566,-8.45229085314112,"95%","2",TRUE,14,0.143056491660636
"2669",",
 ","ProxyRecord",7501.9875,-9.083584591,0.343965959128801,99.0124999999998,0.171982979564401,49.5062499999999,-5551.9875,2,"test_set",0.00214049638076474,-9.24787997121589,-9.30876426485501,-9.18850831915878,-9.2466948978857,-9.59509259918065,-8.88611209604045,"95%","2",TRUE,14,0.143056491660636
"2670",",
 ","ProxyRecord",7542.9875,-9.324212167,0.345159996659364,93.0124999999998,0.172579998329682,46.5062499999999,-5592.9875,2,"test_set",0.00223860564867451,-9.43397215413739,-9.49124450142729,-9.37985925255459,-9.4267213888895,-9.77259003173827,-9.06884726976466,"95%","2",TRUE,14,0.143056491660636
"2671",",
 ","ProxyRecord",7590.4875,-9.645368042,0.346786157617497,67.5124999999998,0.173393078808748,33.7562499999999,-5640.4875,2,"test_set",0.00232089615757047,-9.66035397968157,-9.71285116261803,-9.6108917011914,-9.65590354895465,-10.0074561587333,-9.30554215602939,"95%","2",TRUE,14,0.143056491660636
"2672",",
 ","ProxyRecord",7593,-9.685537385,0.346991817174247,66,0.173495908587123,33,-5643,2,"test_set",0.00232426812334374,-9.67256871091396,-9.72444935419306,-9.62300337328139,-9.67418480003367,-10.0324832709567,-9.32211441243902,"95%","2",TRUE,14,0.143056491660636
"2673",",
 ","ProxyRecord",7680.5,-10.20824852,0.349720836991891,52.5249999999996,0.174860418495946,26.2624999999998,-5730.5,2,"test_set",0.00238022554435169,-10.1052028768709,-10.1560414653185,-10.0541180228861,-10.1005746116643,-10.4567623937545,-9.75865508439525,"95%","2",TRUE,14,0.143056491660636
"2674",",
 ","ProxyRecord",7719.5,-10.40956333,0.350797820037471,54.5,0.175398910018735,27.25,-5769.5,2,"test_set",0.00236665977926265,-10.2979782655456,-10.352623067593,-10.2427649487502,-10.3021188667686,-10.648363612889,-9.95718031194227,"95%","2",TRUE,14,0.143056491660636
"2675",",
 ","ProxyRecord",7916,-11.16869893,0.319127252382136,72.0249999999996,0.159563626191068,36.0124999999998,-5966,2,"test_set",0.00193711927787277,-11.1608528490836,-11.2271969278566,-11.0913472818044,-11.1623029140309,-11.4867915348797,-10.844003113529,"95%","2",TRUE,14,0.143056491660636
"2676",",
 ","ProxyRecord",7950.525,-11.37136039,0.320357822,56.5250000000006,0.160178911062888,28.2625000000003,-6000.525,2,"test_set",0.00179939403808227,-11.2782263075447,-11.3475875926937,-11.2062603950212,-11.2819357897474,-11.604824684395,-10.9744905788072,"95%","2",TRUE,14,0.143056491660636
"2677",",
 ","ProxyRecord",7962.5125,-11.41196737,0.320605004,50.5124999999998,0.160302502121402,25.2562499999999,-6012.5125,2,"test_set",0.00174722224386414,-11.3156086723311,-11.3874055798869,-11.2410500939676,-11.3134162272406,-11.6387303904826,-10.9944273859609,"95%","2",TRUE,14,0.143056491660636
"2678",",
 ","ProxyRecord",43,-0.107832927,0.320413083395057,95,0.160206541697529,47.5,1907,3,"test_set",0.000415970459996875,-0.114798434062682,-0.250089792468963,0.0257435207459142,-0.108157212848872,-0.448927110613355,0.2399413041314,"95%","3",TRUE,14,0.143056491660636
"2679",",
 ","ProxyRecord",143.5,-0.26382257,0.320432262211112,116.5,0.160216131105556,58.25,1806.5,3,"test_set",0.000464486202495645,-0.20002682832003,-0.337067811253575,-0.0584638079937637,-0.197728304146329,-0.54645703797499,0.14962719300559,"95%","3",TRUE,14,0.143056491660636
"2680",",
 ","ProxyRecord",540.0125,-0.577269311,0.319834502900122,240.0375,0.159917251450061,120.01875,1409.9875,3,"test_set",0.000308706045604179,-0.566395953256328,-0.696349130432036,-0.436234113900156,-0.562865392940502,-0.894655315586133,-0.223186871121949,"95%","3",TRUE,14,0.143056491660636
"2681",",
 ","ProxyRecord",3370.9375,-1.745264165,0.288369911951494,556.1375,0.144184955975747,278.06875,-1420.9375,3,"test_set",0.000530402755516413,-1.7691558492255,-1.85093241405975,-1.6847928849106,-1.77319773693686,-2.07420163724912,-1.47071009503104,"95%","3",TRUE,14,0.143056491660636
"2682",",
 ","ProxyRecord",3507.4875,-1.942789411,0.288632722,522.5125,0.144316361053702,261.25625,-1557.4875,3,"test_set",0.000633308752678863,-1.92794551649592,-2.00511598365404,-1.84862797219497,-1.93214647986425,-2.21571388331081,-1.62219554820336,"95%","3",TRUE,14,0.143056491660636
"2683",",
 ","ProxyRecord",3856.425,-2.456892552,0.289443890618171,374.575,0.144721945309086,187.2875,-1906.425,3,"test_set",0.000667438670431952,-2.39999483988028,-2.48854848339348,-2.32155038186819,-2.39521336038263,-2.69384130181022,-2.11003640302028,"95%","3",TRUE,14,0.143056491660636
"2684",",
 ","ProxyRecord",3964.9625,-2.575635346,0.289656809549025,351.0625,0.144828404774512,175.53125,-2014.9625,3,"test_set",0.000605465806635674,-2.53905907818976,-2.64124745555936,-2.44771990117325,-2.5442490042883,-2.84990939801932,-2.24269968371582,"95%","3",TRUE,14,0.143056491660636
"2685",",
 ","ProxyRecord",4280.9125,-2.747481033,0.338253782539985,328.1875,0.169126891269993,164.09375,-2330.9125,3,"test_set",0.000380136579025692,-2.85083478943993,-2.93583230267936,-2.7661435255634,-2.8501506057556,-3.1766630723671,-2.50898268883661,"95%","3",TRUE,14,0.143056491660636
"2686",",
 ","ProxyRecord",4408.3875,-2.905967107,0.338527465937458,283.6375,0.169263732968729,141.81875,-2458.3875,3,"test_set",0.000324453708810957,-2.94250040035224,-3.03875195932243,-2.84901977071614,-2.94787515087245,-3.28804263269793,-2.59610807325122,"95%","3",TRUE,14,0.143056491660636
"2687",",
 ","ProxyRecord",4435,-2.945588849,0.33859826394738,280.025,0.16929913197369,140.0125,-2485,3,"test_set",0.000315534103523252,-2.95983152217138,-3.05823882367603,-2.85982215359656,-2.96727053166702,-3.3085461190238,-2.6197527600596,"95%","3",TRUE,14,0.143056491660636
"2688",",
 ","ProxyRecord",4599,-3.183441865,0.339041496327628,211.025,0.169520748163814,105.5125,-2649,3,"test_set",0.000281195503659681,-3.05634984583232,-3.16895212060735,-2.94133973182726,-3.05829648477098,-3.41643554453572,-2.71855127179542,"95%","3",TRUE,14,0.143056491660636
"2689",",
 ","ProxyRecord",4690.4875,-3.262750604,0.339196208492697,164.5375,0.169598104246349,82.2687500000002,-2740.4875,3,"test_set",0.000294789565524756,-3.10608829716924,-3.21734914584966,-2.99343954242168,-3.10416919581304,-3.47279057234897,-2.76050625126176,"95%","3",TRUE,14,0.143056491660636
"2690",",
 ","ProxyRecord",5395.5125,-4.255202499,0.342390587855401,282.5125,0.171195293927701,141.25625,-3445.5125,3,"test_set",0.00148879821382231,-4.27674585080972,-4.32946603361071,-4.22360388509984,-4.27835249520021,-4.6125295805791,-3.94407483830994,"95%","3",TRUE,14,0.143056491660636
"2691",",
 ","ProxyRecord",5410.475,-4.33468808,0.34259086707063,276.525,0.171295433535315,138.2625,-3460.475,3,"test_set",0.0014937486887634,-4.32231955694975,-4.37485246148945,-4.26867145084571,-4.31627072378466,-4.65026849292828,-3.98124634597836,"95%","3",TRUE,14,0.143056491660636
"2692",",
 ","ProxyRecord",6043.025,-5.488399286,0.34587172985261,202.025000000001,0.172935864926305,101.0125,-4093.025,3,"test_set",0.000238629419913039,-5.48173361512414,-5.55466133368861,-5.4067527235924,-5.48071480267581,-5.82299457847818,-5.1313132002575,"95%","3",TRUE,14,0.143056491660636
"2693",",
 ","ProxyRecord",6417.9875,-5.847043877,0.339602210489672,123.0125,0.169801105244836,61.5062499999999,-4467.9875,3,"test_set",0.000992396907428805,-5.83305597267643,-5.91187536027886,-5.7565065508113,-5.83306142086512,-6.18018173622207,-5.49407170411832,"95%","3",TRUE,14,0.143056491660636
"2694",",
 ","ProxyRecord",6439.475,-5.886892288,0.339737279826235,120.549999999999,0.169868639913118,60.2749999999996,-4489.475,3,"test_set",0.00105769313314408,-5.87815381894155,-5.95606748239172,-5.80323002881704,-5.87785026795405,-6.22739684697453,-5.52021114699945,"95%","3",TRUE,14,0.143056491660636
"2695",",
 ","ProxyRecord",6800.0125,-6.644358516,0.342452829835931,51.0124999999998,0.171226414917965,25.5062499999999,-4850.0125,3,"test_set",0.00162178239997424,-6.9288352105406,-6.98426621453211,-6.87525758727332,-6.92844687649778,-7.27309273461584,-6.58273532198132,"95%","3",TRUE,14,0.143056491660636
"2696",",
 ","ProxyRecord",6848.9875,-6.684252516,0.34260380174792,53.0124999999998,0.17130190087396,26.5062499999999,-4898.9875,3,"test_set",0.00162101267959791,-7.08893980383646,-7.14548934698173,-7.03251598793295,-7.08864105421349,-7.43789308351595,-6.74037494265258,"95%","3",FALSE,14,0.143056491660636
"2697",",
 ","ProxyRecord",6890.5,-6.883772216,0.343369408052847,37.5,0.171684704026423,18.75,-4940.5,3,"test_set",0.00160586456598999,-7.22292046721687,-7.28210143226695,-7.16693830674772,-7.22720549523548,-7.55162336473919,-6.90054874551519,"95%","3",FALSE,14,0.143056491660636
"2698",",
 ","ProxyRecord",7044,-7.522722574,0.345941793605715,51,0.172970896802857,25.5,-5094,3,"test_set",0.00152595008207079,-7.69150046403925,-7.74482713264717,-7.63886732420709,-7.68859310203987,-8.02673635011828,-7.32860515541366,"95%","3",TRUE,14,0.143056491660636
"2699",",
 ","ProxyRecord",7066.025,-7.682598569,0.346614444,51.0250000000006,0.173307222,25.5125000000003,-5116.025,3,"test_set",0.00152513783966413,-7.7563715476387,-7.80885134841317,-7.704048364258,-7.75410851402545,-8.08441473428728,-7.40720555792981,"95%","3",TRUE,14,0.143056491660636
"2700",",
 ","ProxyRecord",7074.0125,-7.882497373,0.34747131068946,49.0124999999998,0.17373565534473,24.5062499999999,-5124.0125,3,"test_set",0.00152559998369828,-7.77986662815761,-7.83235897410015,-7.72795634118498,-7.78427786922789,-8.12756454824048,-7.45135646682127,"95%","3",TRUE,14,0.143056491660636
"2701",",
 ","ProxyRecord",7081,-8.042470852,0.348169049616767,49.0249999999996,0.174084524808384,24.5124999999998,-5131,3,"test_set",0.00152633456611539,-7.80041723026053,-7.85300203488121,-7.74935675155633,-7.80715029453207,-8.16765387589883,-7.46478608085434,"95%","3",TRUE,14,0.143056491660636
"2702",",
 ","ProxyRecord",7430.5,-8.762952764,0.342409824875896,80.5,0.171204912437948,40.25,-5480.5,3,"test_set",0.00195636163504709,-8.94733788081841,-9.0104037916142,-8.88423476314391,-8.95012534208844,-9.29492080026069,-8.61162226861924,"95%","3",TRUE,14,0.143056491660636
"2703",",
 ","ProxyRecord",7459.4875,-8.883161883,0.342987579214241,92.5375000000004,0.17149378960712,46.2687500000002,-5509.4875,3,"test_set",0.00202666007615981,-9.06436157690201,-9.12712310516683,-9.00215433087633,-9.0668384878455,-9.41151142166056,-8.71618488101221,"95%","3",TRUE,14,0.143056491660636
"2704",",
 ","ProxyRecord",7576.0125,-9.524897074,0.34617240093023,76.0124999999998,0.173086200465115,38.0062499999999,-5626.0125,3,"test_set",0.00231673385413522,-9.58868079824012,-9.63891954691489,-9.53937993786317,-9.59227765903655,-9.93115958976022,-9.24211745769642,"95%","3",TRUE,14,0.143056491660636
"2705",",
 ","ProxyRecord",7605,-9.806066862,0.347612659721494,59,0.173806329860747,29.5,-5655,3,"test_set",0.00236169096239358,-9.73033008975042,-9.77827073894421,-9.68253691220304,-9.7264153161226,-10.0615251061928,-9.39103829354605,"95%","3",TRUE,14,0.143056491660636
"2706",",
 ","ProxyRecord",8060.5,-11.53399231,0.321349646637693,98.5,0.160674823318847,49.25,-6110.5,3,"test_set",0.00121664509906694,-11.5525682527768,-11.6965351830252,-11.4056175117856,-11.5473142950403,-11.9140749357454,-11.1955099135342,"95%","3",TRUE,14,0.143056491660636
"2707",",
 ","ProxyRecord",-68,-0.030352389,0.320409272640452,1,0.160204636320226,0.5,2018,4,"test_set",0.0206631843905319,-0.0557866876854725,-0.467080444917447,0.374611722076823,-0.0548672240523489,-0.580789982911241,0.471699762695143,"95%","4",TRUE,14,0.143056491660636
"2708",",
 ","ProxyRecord",65.5,-0.14675457,0.320416356065089,107.525,0.160208178032545,53.7625,1884.5,4,"test_set",0.0287265973176215,-0.142691541268134,-0.281855080784509,-0.0071824054005606,-0.140188672255322,-0.494579366024203,0.216953720970489,"95%","4",TRUE,14,0.143056491660636
"2709",",
 ","ProxyRecord",1706.475,-0.997324995,0.28675416817989,289.55,0.143377084089945,144.775,243.525,4,"test_set",0.012581903170561,-0.974389575015799,-1.1365725998699,-0.808718986489894,-0.970197504889847,-1.29690387931574,-0.63944996467902,"95%","4",TRUE,14,0.143056491660636
"2710",",
 ","ProxyRecord",2025.0375,-1.076058933,0.286813488023543,247.0625,0.143406744011772,123.53125,-75.0375,4,"test_set",0.00628108485679624,-1.04775056374312,-1.22641308759256,-0.86478500238155,-1.04702444910047,-1.37293650459278,-0.699960329853882,"95%","4",TRUE,14,0.143056491660636
"2711",",
 ","ProxyRecord",4191.45,-2.694404099,0.289878253,339.575,0.144939126,169.7875,-2241.45,4,"test_set",0.0325712114019661,-2.79803547169925,-2.88980537016237,-2.70461891403921,-2.79406253361047,-3.11838927731709,-2.4893501023835,"95%","4",TRUE,14,0.143056491660636
"2712",",
 ","ProxyRecord",4321.525,-2.787094202,0.338320892998089,312.55,0.169160446499044,156.275,-2371.525,4,"test_set",0.0267768286723147,-2.90456105026802,-2.98687964753284,-2.82031286435845,-2.9059931244841,-3.24561507851548,-2.56680715001322,"95%","4",TRUE,14,0.143056491660636
"2713",",
 ","ProxyRecord",4354.4125,-2.826712448,0.338389052265366,300.612499999999,0.169194526132683,150.30625,-2404.4125,4,"test_set",0.0256792623076096,-2.9285460344884,-3.0098389044954,-2.84416129630071,-2.9262570464419,-3.26910363689447,-2.58172980047258,"95%","4",TRUE,14,0.143056491660636
"2714",",
 ","ProxyRecord",5100.5125,-3.461085237,0.339599499341038,209.537499999999,0.169799749670519,104.76875,-3150.5125,4,"test_set",0.0637345705579495,-3.5566205871052,-3.64118570718064,-3.46963565488156,-3.56277733294356,-3.9130672183914,-3.19413254958623,"95%","4",TRUE,14,0.143056491660636
"2715",",
 ","ProxyRecord",5272.5,-3.818256486,0.341346113413569,290.525,0.170673056706785,145.2625,-3322.5,4,"test_set",0.0956896974344312,-3.92341220957338,-3.99703002743992,-3.84554676262132,-3.92677709296885,-4.29674450817517,-3.56183290638325,"95%","4",TRUE,14,0.143056491660636
"2716",",
 ","ProxyRecord",5429.025,-4.453935584,0.342897641735312,267.025000000001,0.171448820867656,133.5125,-3479.025,4,"test_set",0.109010809281784,-4.36236297082092,-4.42498771243776,-4.29988167251281,-4.36868005083525,-4.76693955261521,-3.96689175651808,"95%","4",TRUE,14,0.143056491660636
"2717",",
 ","ProxyRecord",5851.575,-5.169910325,0.344899204306193,229.599999999999,0.172449602153096,114.8,-3901.575,4,"test_set",0.0425059926676408,-5.35448505480502,-5.44518651826667,-5.26093110577553,-5.35763413969954,-5.72614134674748,-4.98660339331509,"95%","4",TRUE,14,0.143056491660636
"2718",",
 ","ProxyRecord",6463.5,-5.926729401,0.339872549353913,120.525,0.169936274676956,60.2624999999998,-4513.5,4,"test_set",0.0789738550944108,-5.91675530723379,-6.0018574605011,-5.8319929385463,-5.91205159091794,-6.29676602126591,-5.5329150457233,"95%","4",TRUE,14,0.143056491660636
"2719",",
 ","ProxyRecord",6512.95,-6.165855616,0.34070486802075,104.05,0.170352434010375,52.0250000000001,-4562.95,4,"test_set",0.0891179840887268,-6.03218192390767,-6.11460389990352,-5.95213956351445,-6.03419697800216,-6.42846304422303,-5.65548985819405,"95%","4",TRUE,14,0.143056491660636
"2720",",
 ","ProxyRecord",6521.0125,-6.20571608,0.340846172023142,100.0125,0.170423086011571,50.0062499999999,-4571.0125,4,"test_set",0.0906389333935831,-6.05225502288559,-6.13377142889026,-5.97285658109833,-6.05635289564624,-6.44315736804326,-5.65932797891506,"95%","4",TRUE,14,0.143056491660636
"2721",",
 ","ProxyRecord",6526.9875,-6.245590152,0.340988382903296,98.0124999999998,0.170494191451648,49.0062499999999,-4576.9875,4,"test_set",0.0917420319414663,-6.06734277174781,-6.14848054094434,-5.98849975741557,-6.07585694692148,-6.46687941486522,-5.70261764737953,"95%","4",TRUE,14,0.143056491660636
"2722",",
 ","ProxyRecord",6897.4875,-7.08335346,0.344153167249994,37.5124999999998,0.172076583624997,18.7562499999999,-4947.4875,4,"test_set",0.120140211622166,-7.20544770160595,-7.27251658929658,-7.13361383078646,-7.2055920201788,-7.61056348814012,-6.81064194964846,"95%","4",TRUE,14,0.143056491660636
"2723",",
 ","ProxyRecord",6903,-7.283028277,0.344955116399451,36,0.172477558199726,18,-4953,4,"test_set",0.119968277593196,-7.22317941297878,-7.29036680281915,-7.15146501742218,-7.22409605772243,-7.65180467920335,-6.79247206828092,"95%","4",TRUE,14,0.143056491660636
"2724",",
 ","ProxyRecord",6906.0125,-7.362912933,0.345280720801897,36.0124999999998,0.172640360400949,18.0062499999999,-4956.0125,4,"test_set",0.11986695286792,-7.23285223692298,-7.30032160744029,-7.16122404361365,-7.23134896508099,-7.64417464239861,-6.82405203146846,"95%","4",TRUE,14,0.143056491660636
"2725",",
 ","ProxyRecord",7063.5,-7.642624088,0.346445405898564,50.5249999999996,0.173222702949282,25.2624999999998,-5113.5,4,"test_set",0.115014356677312,-7.71948791630768,-7.78165015102122,-7.65351451681267,-7.72030826504468,-8.12363940102492,-7.2879492729316,"95%","4",TRUE,14,0.143056491660636
"2726",",
 ","ProxyRecord",7090,-8.282547459,0.349234831212595,48,0.174617415606297,24,-5140,4,"test_set",0.115208227215779,-7.79943992002205,-7.86230188106059,-7.73417140838942,-7.80344978019574,-8.20364548612651,-7.36632897272224,"95%","4",FALSE,14,0.143056491660636
"2727",",
 ","ProxyRecord",7100.0375,-8.362604116,0.349595550011948,52.0374999999995,0.174797775005974,26.0187499999997,-5150.0375,4,"test_set",0.11536586534433,-7.82975612271766,-7.89320374026404,-7.76561539336974,-7.82968250778323,-8.23939574285109,-7.4190358516753,"95%","4",FALSE,14,0.143056491660636
"2728",",
 ","ProxyRecord",7268.5,-8.482611111,0.341081271,87.5,0.170540635,43.75,-5318.5,4,"test_set",0.124915787710567,-8.35689736061802,-8.43119143798187,-8.281792579135,-8.35052340325818,-8.77395211621206,-7.93752904682744,"95%","4",TRUE,14,0.143056491660636
"2729",",
 ","ProxyRecord",7338,-8.602734373,0.341646440804731,60.0249999999996,0.170823220402366,30.0124999999998,-5388,4,"test_set",0.132652886471263,-8.59488229554451,-8.67629444678786,-8.51313624807435,-8.5907486261551,-9.00747214170324,-8.16312747260512,"95%","4",TRUE,14,0.143056491660636
"2730",",
 ","ProxyRecord",7415.05,-8.722890214,0.342218516,71.0500000000002,0.171109258016306,35.5250000000001,-5465.05,4,"test_set",0.143823071650129,-8.88176600940062,-8.96929727678394,-8.79688911910674,-8.87778123844737,-9.31073528993371,-8.44719328324576,"95%","4",TRUE,14,0.143056491660636
"2731",",
 ","ProxyRecord",7596.5,-9.725715756,0.34719796054297,63.5249999999996,0.173598980271485,31.7624999999998,-5646.5,4,"test_set",0.175545344619454,-9.68738576852219,-9.75700303716383,-9.61825154626439,-9.69346411273205,-10.1940478858035,-9.20971781235738,"95%","4",TRUE,14,0.143056491660636
"2732",",
 ","ProxyRecord",7793.5,-10.68396094,0.316216789064177,73.5249999999996,0.158108394532089,36.7624999999998,-5843.5,4,"test_set",0.17145806286587,-10.6601674607095,-10.7464444231855,-10.5739177252299,-10.6535114633778,-11.1552976646396,-10.2006083333072,"95%","4",TRUE,14,0.143056491660636
"2733",",
 ","ProxyRecord",7807.525,-10.72429601,0.316456439287178,75.5250000000005,0.158228219643589,37.7625000000003,-5857.525,4,"test_set",0.169227677271966,-10.7248597192452,-10.8144929636509,-10.6355281553052,-10.7350400447974,-11.20150174993,-10.2849527095089,"95%","4",TRUE,14,0.143056491660636
"2734",",
 ","ProxyRecord",7888,-11.0069002,0.318148605343717,77,0.159074302671859,38.5,-5938,4,"test_set",0.151446422634649,-11.0672561707424,-11.1570194806315,-10.9747437788816,-11.0635131122807,-11.4881076017553,-10.6275933508125,"95%","4",TRUE,14,0.143056491660636
"2735",",
 ","ProxyRecord",7934.9875,-11.29023581,0.319864531495081,66.0124999999998,0.15993226574754,33.0062499999999,-5984.9875,4,"test_set",0.137139757150351,-11.2379586888784,-11.3243864178477,-11.1508674906897,-11.2264785753453,-11.6518529650966,-10.8150377949476,"95%","4",TRUE,14,0.143056491660636
"2736",",
 ","ProxyRecord",14,-0.069005802,0.320410770700682,74,0.160205385350341,37,1936,5,"test_set",0.00038931546915387,-0.107220183932554,-0.252213769982407,0.035288418090337,-0.104798241940191,-0.443182828055259,0.244266285531353,"95%","5",TRUE,14,0.143056491660636
"2737",",
 ","ProxyRecord",1574.9625,-0.918623073,0.286699283275371,295.0375,0.143349641637685,147.51875,375.0375,5,"test_set",0.000192296883935739,-0.932556063927058,-1.05241939911704,-0.800074551077523,-0.934341072771092,-1.23464116346213,-0.628005143452353,"95%","5",TRUE,14,0.143056491660636
"2738",",
 ","ProxyRecord",2566.0125,-1.175272669,0.30049796406866,410.0125,0.15024898203433,205.00625,-616.0125,5,"test_set",0.00022247511585749,-1.21883995603367,-1.33944641967115,-1.09721859297883,-1.21812955474336,-1.53901730446733,-0.897943431959851,"95%","5",TRUE,14,0.143056491660636
"2739",",
 ","ProxyRecord",3395.5,-1.784757341,0.288420549773389,547.525,0.144210274886695,273.7625,-1445.5,5,"test_set",0.000549407364869303,-1.79991544799534,-1.8825072710433,-1.71885669895405,-1.79666325134276,-2.090981567948,-1.51264387855878,"95%","5",TRUE,14,0.143056491660636
"2740",",
 ","ProxyRecord",4383.425,-2.866337463,0.338457829204649,292.6,0.169228914602324,146.3,-2433.425,5,"test_set",0.000362027430966805,-2.93920845430857,-3.02031624330332,-2.8618900266334,-2.9364253807621,-3.26543053619635,-2.60583674701674,"95%","5",TRUE,14,0.143056491660636
"2741",",
 ","ProxyRecord",5386.5125,-4.175739411,0.342193393629715,283.5125,0.171096696814857,141.75625,-3436.5125,5,"test_set",0.00147656284388287,-4.24267622272199,-4.29603885099383,-4.18624420843849,-4.24843348509724,-4.59409903126162,-3.91359719578842,"95%","5",TRUE,14,0.143056491660636
"2742",",
 ","ProxyRecord",5391.975,-4.21547279,0.342291458284034,283.025,0.171145729142017,141.5125,-3441.975,5,"test_set",0.00147961325611678,-4.25913912030609,-4.31192546625343,-4.20285653664012,-4.254509552589,-4.59137819076181,-3.89947751082242,"95%","5",TRUE,14,0.143056491660636
"2743",",
 ","ProxyRecord",5446.4875,-4.573196685,0.343212915147096,262.5125,0.171606457573548,131.25625,-3496.4875,5,"test_set",0.00149051815943046,-4.42451223484063,-4.47781526368625,-4.36586606613602,-4.42800724964359,-4.76951546745631,-4.09525045037965,"95%","5",TRUE,14,0.143056491660636
"2744",",
 ","ProxyRecord",5464.5125,-4.69249573,0.343535620780583,253.5125,0.171767810390292,126.75625,-3514.5125,5,"test_set",0.00148631098781937,-4.47920064042743,-4.53259550226441,-4.42000501324976,-4.48159394403792,-4.8295107454903,-4.14880642441969,"95%","5",TRUE,14,0.143056491660636
"2745",",
 ","ProxyRecord",5935.9875,-5.329136603,0.345378910631829,224.1625,0.172689455315915,112.08125,-3985.9875,5,"test_set",0.000364977567968161,-5.43022738028809,-5.50758357423293,-5.34721427084848,-5.43135057672816,-5.77237617676869,-5.08826137730078,"95%","5",TRUE,14,0.143056491660636
"2746",",
 ","ProxyRecord",6885,-6.764058341,0.342908309835436,39,0.171454154917718,19.5,-4935,5,"test_set",0.00159547743385779,-7.18936863250124,-7.25128606459826,-7.13069694140589,-7.18927099215066,-7.51067711178376,-6.86707145136325,"95%","5",FALSE,14,0.143056491660636
"2747",",
 ","ProxyRecord",6888.5,-6.843862071,0.343214473416499,37.5,0.171607236708249,18.75,-4938.5,5,"test_set",0.00159426076489222,-7.20047028451073,-7.26198640299241,-7.14172092890289,-7.20937986642966,-7.56859419877555,-6.87610182485772,"95%","5",FALSE,14,0.143056491660636
"2748",",
 ","ProxyRecord",6891.5,-6.923682426,0.34352457919312,37.5,0.17176228959656,18.75,-4941.5,5,"test_set",0.00159314801708721,-7.20997220452301,-7.27102506534658,-7.15124359227308,-7.20769106089633,-7.53855832577733,-6.86354983350185,"95%","5",TRUE,14,0.143056491660636
"2749",",
 ","ProxyRecord",6895.5,-7.043428922,0.343994533991546,37.5,0.171997266995773,18.75,-4945.5,5,"test_set",0.0015915640003028,-7.22262082667818,-7.28315187501876,-7.16398775861489,-7.2220681765433,-7.56144141091463,-6.86960456465789,"95%","5",TRUE,14,0.143056491660636
"2750",",
 ","ProxyRecord",6899.0125,-7.163221243,0.344471405296577,37.0124999999998,0.172235702648289,18.5062499999999,-4949.0125,5,"test_set",0.00159007846125547,-7.23370771059896,-7.29429661608654,-7.17521838054621,-7.23275597644782,-7.58134479185555,-6.89979624253095,"95%","5",TRUE,14,0.143056491660636
"2751",",
 ","ProxyRecord",6904.9875,-7.322975101,0.345117061896691,36.0124999999998,0.172558530948346,18.0062499999999,-4954.9875,5,"test_set",0.00158734828779039,-7.25252176124265,-7.31318293863715,-7.19352908766341,-7.24558616679956,-7.58183135078158,-6.90194118339927,"95%","5",TRUE,14,0.143056491660636
"2752",",
 ","ProxyRecord",6920.0125,-7.402860803,0.345444413830338,42.0124999999998,0.172722206915169,21.0062499999999,-4970.0125,5,"test_set",0.00157935201936521,-7.29955776661752,-7.36055884172265,-7.2405484778126,-7.30143079591599,-7.6426621587237,-6.96120603643458,"95%","5",TRUE,14,0.143056491660636
"2753",",
 ","ProxyRecord",7084.4875,-8.122484742,0.348521892022329,48.5124999999998,0.174260946011165,24.2562499999999,-5134.4875,5,"test_set",0.00154177008047096,-7.79345417713977,-7.84685232977708,-7.74201539434107,-7.79289570192678,-8.13648093459466,-7.45104085502194,"95%","5",TRUE,14,0.143056491660636
"2754",",
 ","ProxyRecord",7086,-8.162494078,0.348698973973306,48.0249999999996,0.174349486986653,24.0124999999998,-5136,5,"test_set",0.00154215174095196,-7.7979282627791,-7.85135374905869,-7.74664267994111,-7.79757359787267,-8.14508491971996,-7.44919696526915,"95%","5",FALSE,14,0.143056491660636
"2755",",
 ","ProxyRecord",7093.5,-8.322571807,0.34941530143365,49.5,0.174707650716825,24.75,-5143.5,5,"test_set",0.00154424159699573,-7.82012595718862,-7.87368502629178,-7.76858430612937,-7.81737393850386,-8.17018435788557,-7.46862923237726,"95%","5",FALSE,14,0.143056491660636
"2756",",
 ","ProxyRecord",7441.9875,-8.8030171,0.342601958233598,86.0124999999998,0.171300979116799,43.0062499999999,-5491.9875,5,"test_set",0.00200350425973994,-8.98880157031787,-9.04836177830297,-8.92994557719905,-8.98280326656777,-9.31312191997121,-8.64649819634587,"95%","5",TRUE,14,0.143056491660636
"2757",",
 ","ProxyRecord",7488.5125,-9.003393483,0.343573632682052,98.5374999999994,0.171786816341026,49.2687499999997,-5538.5125,5,"test_set",0.00211846872746335,-9.18433591222912,-9.2417208338789,-9.1279379912655,-9.18080894690017,-9.49978852542776,-8.84158500698577,"95%","5",TRUE,14,0.143056491660636
"2758",",
 ","ProxyRecord",7559,-9.364339993,0.345361636045189,86.0249999999996,0.172680818022594,43.0124999999998,-5609,5,"test_set",0.00229274510648025,-9.50725653390387,-9.55934222242819,-9.45501752528929,-9.50828108040687,-9.83031255671872,-9.17482155701037,"95%","5",TRUE,14,0.143056491660636
"2759",",
 ","ProxyRecord",7569.9875,-9.444616361,0.345765475239243,79.0124999999998,0.172882737619621,39.5062499999999,-5619.9875,5,"test_set",0.00231347972254881,-9.56014702221074,-9.61166537642647,-9.50885107980265,-9.55978009830491,-9.89394411417536,-9.21570840884533,"95%","5",TRUE,14,0.143056491660636
"2760",",
 ","ProxyRecord",7582,-9.565044647,0.346376353275751,73,0.173188176637876,36.5,-5632,5,"test_set",0.0023338421515362,-9.61856885948304,-9.66935920509014,-9.56817504785086,-9.61198336577677,-9.95678481272361,-9.262223981332,"95%","5",TRUE,14,0.143056491660636
"2761",",
 ","ProxyRecord",7610,-9.846253579,0.347821223350451,55.0249999999996,0.173910611675225,27.5124999999998,-5660,5,"test_set",0.00237195225594178,-9.75672856463127,-9.80618631335852,-9.70886151299486,-9.76119327616072,-10.1078568079925,-9.40477532061427,"95%","5",TRUE,14,0.143056491660636
"2762",",
 ","ProxyRecord",7697,-10.28875477,0.350150107764999,55,0.175075053882499,27.5,-5747,5,"test_set",0.00240684309700256,-10.1939825739062,-10.2477561025647,-10.1414311736829,-10.1887732914348,-10.5240727784749,-9.84667455288501,"95%","5",TRUE,14,0.143056491660636
"2763",",
 ","ProxyRecord",7774.025,-10.6033048,0.315739941823423,67.0250000000005,0.157869970911711,33.5125000000003,-5824.025,5,"test_set",0.00233226346768589,-10.5725656436187,-10.6337772253175,-10.5116833211451,-10.5666152028142,-10.8765814883643,-10.2430989195005,"95%","5",TRUE,14,0.143056491660636
"2764",",
 ","ProxyRecord",7865,-10.88571459,0.317420490766427,72,0.158710245383213,36,-5915,5,"test_set",0.00211658609412524,-10.9794984263324,-11.0446036041878,-10.9163319751395,-10.9712934967784,-11.2876534823471,-10.660339428637,"95%","5",TRUE,14,0.143056491660636
"2765",",
 ","ProxyRecord",7928,-11.24970716,0.319618573,67,0.159809286,33.5,-5978,5,"test_set",0.00188624988108899,-11.2185905190845,-11.2848504960462,-11.1541982556898,-11.2187680560276,-11.5454013464698,-10.896351841996,"95%","5",TRUE,14,0.143056491660636
"2766",",
 ","ProxyRecord",386.4875,-0.420397887,0.319781865557516,238.5625,0.159890932778758,119.28125,1563.5125,6,"test_set",0.000433578763309184,-0.448103333423173,-0.556151564134811,-0.340325911544823,-0.450395334900437,-0.763483434363703,-0.124826394390756,"95%","6",TRUE,14,0.143056491660636
"2767",",
 ","ProxyRecord",2620.5,-1.21467617,0.300531211877705,433.6,0.150265605938852,216.8,-670.5,6,"test_set",0.000237953137460778,-1.24051468587219,-1.34573932108982,-1.13334625239222,-1.24930718586135,-1.56828443647672,-0.946396709971644,"95%","6",TRUE,14,0.143056491660636
"2768",",
 ","ProxyRecord",3136.4625,-1.530183704,0.300836598734054,537.5375,0.150418299367027,268.76875,-1186.4625,6,"test_set",0.000402939950078229,-1.56366402943245,-1.66206379602518,-1.47144144140165,-1.56519107995104,-1.89085982603908,-1.24923399312021,"95%","6",TRUE,14,0.143056491660636
"2769",",
 ","ProxyRecord",3424,-1.824260224,0.288472039568732,537.05,0.144236019784366,268.525,-1474,6,"test_set",0.000556929168338272,-1.83503105045742,-1.92635766903037,-1.74650918289039,-1.83156699744359,-2.13530719196925,-1.53982534314733,"95%","6",TRUE,14,0.143056491660636
"2770",",
 ","ProxyRecord",3624.9875,-2.061371665,0.288804013330107,479.0375,0.144402006665054,239.51875,-1674.9875,6,"test_set",0.000644302160224264,-2.07893028039299,-2.15205593538918,-2.0031076357333,-2.08538149857187,-2.37551980408539,-1.79617216197125,"95%","6",TRUE,14,0.143056491660636
"2771",",
 ","ProxyRecord",3721.4625,-2.219524348,0.289047480325488,448.5875,0.144523740162744,224.29375,-1771.4625,6,"test_set",0.00065667346005327,-2.20503968765188,-2.27449078766367,-2.13156948708699,-2.20124562137478,-2.48613069079343,-1.90177486018652,"95%","6",TRUE,14,0.143056491660636
"2772",",
 ","ProxyRecord",3752.4875,-2.298633897,0.289175402580346,439.5375,0.144587701290173,219.76875,-1802.4875,6,"test_set",0.000656572050061754,-2.24593958529198,-2.31834753981572,-2.17250636760473,-2.24963936668547,-2.53497399517381,-1.96217926489478,"95%","6",TRUE,14,0.143056491660636
"2773",",
 ","ProxyRecord",3805.4375,-2.377754547,0.28930718893556,399.6625,0.14465359446778,199.83125,-1855.4375,6,"test_set",0.000651812935970053,-2.31557444347773,-2.39393112145435,-2.23938302699893,-2.31666287313815,-2.61662381226504,-2.0396145796968,"95%","6",TRUE,14,0.143056491660636
"2774",",
 ","ProxyRecord",3909.325,-2.536051478,0.289584870766641,355.7,0.144792435383321,177.85,-1959.325,6,"test_set",0.000625670727616434,-2.44945820924301,-2.54208584979072,-2.36218731230185,-2.44307698635228,-2.75259153042494,-2.14994418281943,"95%","6",TRUE,14,0.143056491660636
"2775",",
 ","ProxyRecord",5045.05,-3.381744875,0.339435742587645,182.075,0.169717871293823,91.0374999999999,-3095.05,6,"test_set",0.0007262137000974,-3.44525036463788,-3.52284259432217,-3.36508216163525,-3.44263579210942,-3.79523875471127,-3.11078984766369,"95%","6",TRUE,14,0.143056491660636
"2776",",
 ","ProxyRecord",5223.5,-3.659498747,0.340023651799844,274.525,0.170011825899922,137.2625,-3273.5,6,"test_set",0.00120102960637913,-3.78840576890198,-3.86379695329203,-3.71434899047935,-3.79324576489246,-4.14572621416895,-3.44490151448473,"95%","6",TRUE,14,0.143056491660636
"2777",",
 ","ProxyRecord",5253.5125,-3.738856111,0.341167013120535,287.5125,0.170583506560267,143.75625,-3303.5125,6,"test_set",0.00127118922174096,-3.86374960931515,-3.93703401744813,-3.79289441307667,-3.86899096645582,-4.20488224711736,-3.55183782760055,"95%","6",TRUE,14,0.143056491660636
"2778",",
 ","ProxyRecord",5440.975,-4.533437045,0.343107092356876,264.049999999999,0.171553546178438,132.025,-3490.975,6,"test_set",0.00147099134166773,-4.39985915715515,-4.45968875378052,-4.34191360310318,-4.40361934985076,-4.74172445000574,-4.06601996846264,"95%","6",TRUE,14,0.143056491660636
"2779",",
 ","ProxyRecord",5469.4875,-4.732269606,0.34364463779127,251.5125,0.171822318895635,125.75625,-3519.4875,6,"test_set",0.00146536701024491,-4.48510107982478,-4.54596353628606,-4.42622261050882,-4.48111903097571,-4.81451910729449,-4.13944626800431,"95%","6",TRUE,14,0.143056491660636
"2780",",
 ","ProxyRecord",5482.5125,-4.772046295,0.343754642647718,243.5125,0.171877321323859,121.75625,-3532.5125,6,"test_set",0.00145963364623913,-4.52385974545363,-4.58551133612289,-4.46428945362022,-4.52725289824044,-4.86321649307243,-4.17504368134573,"95%","6",TRUE,14,0.143056491660636
"2781",",
 ","ProxyRecord",5510,-4.851600007,0.343977162579867,236,0.171988581289933,118,-3560,6,"test_set",0.00144102158337045,-4.60496724689988,-4.66956285339264,-4.54325998140372,-4.60906833379363,-4.95779494975942,-4.26384162602402,"95%","6",TRUE,14,0.143056491660636
"2782",",
 ","ProxyRecord",5832.025,-5.130111674,0.344781272868479,227.05,0.172390636434239,113.525,-3882.025,6,"test_set",0.000621361598041048,-5.32161391405109,-5.41116560470673,-5.23224945686908,-5.31960466883051,-5.67111939960278,-4.96530911226468,"95%","6",TRUE,14,0.143056491660636
"2783",",
 ","ProxyRecord",6086,-5.528218646,0.345997335052248,187.025,0.172998667526124,93.5124999999998,-4136,6,"test_set",0.000270410337410709,-5.4983214135049,-5.57205664365354,-5.42173678347685,-5.49403068214755,-5.83390219811954,-5.13628045699899,"95%","6",TRUE,14,0.143056491660636
"2784",",
 ","ProxyRecord",6507.475,-6.125994293,0.340564026510113,104.525,0.170282013255057,52.2624999999998,-4557.475,6,"test_set",0.00120116377826385,-6.04023682516939,-6.11070108366173,-5.97254383623486,-6.04112327446201,-6.37657335326996,-5.68743215450546,"95%","6",TRUE,14,0.143056491660636
"2785",",
 ","ProxyRecord",6724.5,-6.48481342,0.341857871416384,49.5249999999996,0.170928935708192,24.7624999999998,-4774.5,6,"test_set",0.00154359577730911,-6.6629100731668,-6.71533822722561,-6.60810346028185,-6.67095320699183,-7.0067196409865,-6.32138800324213,"95%","6",TRUE,14,0.143056491660636
"2786",",
 ","ProxyRecord",6894,-7.003509672,0.343837082444669,37,0.171918541222335,18.5,-4944,6,"test_set",0.00158770315334955,-7.20305046522365,-7.2587383605621,-7.14738603146536,-7.20444513435178,-7.53821932192836,-6.86463196075774,"95%","6",TRUE,14,0.143056491660636
"2787",",
 ","ProxyRecord",7071.0125,-7.762544206,0.346955222393991,50.0124999999998,0.173477611196996,25.0062499999999,-5121.0125,6,"test_set",0.00154822902440621,-7.74117269132346,-7.79209773626268,-7.69181726833045,-7.74333833359713,-8.08851550384599,-7.40150516426188,"95%","6",TRUE,14,0.143056491660636
"2788",",
 ","ProxyRecord",7072,-7.802531821,0.347126117252899,50,0.173563058626449,25,-5122,6,"test_set",0.00154845349826793,-7.74412142827268,-7.79503440770856,-7.69482141711795,-7.74203901944408,-8.09682516331537,-7.40843271550018,"95%","6",TRUE,14,0.143056491660636
"2789",",
 ","ProxyRecord",7082.9875,-8.082471263,0.348345391893485,49.0124999999998,0.174172695946742,24.5062499999999,-5132.9875,6,"test_set",0.00155131698253985,-7.77695087961487,-7.82726010946049,-7.72857479110931,-7.77369675361674,-8.11376751965862,-7.4180387896759,"95%","6",TRUE,14,0.143056491660636
"2790",",
 ","ProxyRecord",7087,-8.202512229,0.348877000744633,48.0249999999996,0.174438500372316,24.0124999999998,-5137,6,"test_set",0.00155253004829881,-7.7889513386798,-7.83952584944203,-7.74069898587431,-7.77808034815163,-8.10985914669313,-7.44498735242443,"95%","6",FALSE,14,0.143056491660636
"2791",",
 ","ProxyRecord",7468.025,-8.923237509,0.343182358880579,94.0250000000006,0.17159117944029,47.0125000000003,-5518.025,6,"test_set",0.00207565871135351,-9.09904386773862,-9.15863300317045,-9.03860953163652,-9.10186930600093,-9.45984996237192,-8.75337956474409,"95%","6",TRUE,14,0.143056491660636
"2792",",
 ","ProxyRecord",7478.0375,-8.963317834,0.343377864874404,98.0374999999994,0.171688932437202,49.0187499999997,-5528.0375,6,"test_set",0.00210029210343521,-9.14181196286508,-9.20079215827492,-9.08189849319464,-9.15147044766335,-9.49940071122601,-8.80642438104119,"95%","6",TRUE,14,0.143056491660636
"2793",",
 ","ProxyRecord",7845,-10.80497827,0.316937688842211,77,0.158468844421106,38.5,-5895,6,"test_set",0.00217716388708489,-10.896721329076,-10.9602017877735,-10.8341104611602,-10.9012398255424,-11.2229166291282,-10.5904438544681,"95%","6",TRUE,14,0.143056491660636
"2794",",
 ","ProxyRecord",7896.5,-11.04732685,0.318392066237282,76.5249999999996,0.159196033118641,38.2624999999998,-5946.5,6,"test_set",0.00201323573967294,-11.1056244588925,-11.1706181354224,-11.0406637608841,-11.1052994182708,-11.4310642410931,-10.8023200021781,"95%","6",TRUE,14,0.143056491660636
"2795",",
 ","ProxyRecord",847.125,-0.695083187,0.319884878215016,253.125,0.159942439107508,126.5625,1102.875,7,"test_set",0.00013574579892095,-0.681750400062792,-0.850836697026374,-0.515798975325533,-0.676385820822785,-1.03677718718708,-0.324720768591583,"95%","7",TRUE,14,0.143056491660636
"2796",",
 ","ProxyRecord",1516.4625,-0.879284769,0.286673489851659,291.5875,0.143336744925829,145.79375,433.5375,7,"test_set",0.000200396840319139,-0.908372523959647,-1.03045135286421,-0.782649008379821,-0.905964385660902,-1.2080299871984,-0.600110111132907,"95%","7",TRUE,14,0.143056491660636
"2797",",
 ","ProxyRecord",2489.5125,-1.135875216,0.30046558039297,369.5125,0.150232790196485,184.75625,-539.5125,7,"test_set",0.000168041304160482,-1.17909803227139,-1.32569306697711,-1.0295831186055,-1.17584015750182,-1.50505764021233,-0.844129847963428,"95%","7",TRUE,14,0.143056491660636
"2798",",
 ","ProxyRecord",2751.4125,-1.33293653,0.300637532720803,478.6125,0.150318766360402,239.30625,-801.4125,7,"test_set",0.000250273931529099,-1.29087275252155,-1.42055149537293,-1.1627501274368,-1.29362078014586,-1.63224853299385,-0.960999765468694,"95%","7",TRUE,14,0.143056491660636
"2799",",
 ","ProxyRecord",2796.5125,-1.372378102,0.300675145598983,477.5125,0.150337572799491,238.75625,-846.5125,7,"test_set",0.000268063522812501,-1.31472490076609,-1.4508871448927,-1.18319657847325,-1.31286535788267,-1.62521697516824,-0.998931739938096,"95%","7",TRUE,14,0.143056491660636
"2800",",
 ","ProxyRecord",2840.475,-1.411810407,0.30071411651296,479.525,0.15035705825648,239.7625,-890.475,7,"test_set",0.000286430635498824,-1.33943417585176,-1.48238574315963,-1.20347714931017,-1.33321389639774,-1.64776894654701,-0.993794967690934,"95%","7",TRUE,14,0.143056491660636
"2801",",
 ","ProxyRecord",3303.5,-1.666295442,0.288272126175546,553.525,0.144136063087773,276.7625,-1353.5,7,"test_set",0.000513517071321079,-1.70351210750071,-1.78594019025618,-1.6222282033446,-1.70227404298741,-1.98338462909326,-1.41531308577599,"95%","7",TRUE,14,0.143056491660636
"2802",",
 ","ProxyRecord",3878.425,-2.496469688,0.289513860602869,365.625,0.144756930301435,182.8125,-1928.425,7,"test_set",0.000633987009368564,-2.42555947034806,-2.50350182772615,-2.34413640519707,-2.43128117420766,-2.71954883610973,-2.13905449220824,"95%","7",TRUE,14,0.143056491660636
"2803",",
 ","ProxyRecord",4537.4625,-3.104147077,0.338890106207929,242.5625,0.169445053103964,121.28125,-2587.4625,7,"test_set",0.000314496490327887,-3.03024423357533,-3.12836147924286,-2.93390979765843,-3.02531969459963,-3.36920691654303,-2.69005287555594,"95%","7",TRUE,14,0.143056491660636
"2804",",
 ","ProxyRecord",4958.525,-3.342076191,0.339354657792045,177.575000000001,0.169677328896023,88.7875000000004,-3008.525,7,"test_set",0.000573124758551646,-3.32575770915562,-3.40932620161571,-3.24808309694838,-3.31856227829121,-3.6749235191548,-2.97358654657777,"95%","7",TRUE,14,0.143056491660636
"2805",",
 ","ProxyRecord",5201,-3.619811057,0.339937131124243,263,0.169968565562121,131.5,-3251,7,"test_set",0.00116997036068156,-3.73798761235072,-3.81180658138225,-3.6658709606691,-3.74506584039438,-4.08842973022498,-3.39711017275639,"95%","7",TRUE,14,0.143056491660636
"2806",",
 ","ProxyRecord",5692.025,-5.010731089,0.344431279151665,261.025000000001,0.172215639575833,130.5125,-3742.025,7,"test_set",0.00109294384036396,-5.109623616252,-5.19526565914912,-5.02892790950447,-5.11041865219393,-5.452147104021,-4.75200563499748,"95%","7",TRUE,14,0.143056491660636
"2807",",
 ","ProxyRecord",6473.4875,-5.966574007,0.340009225945833,117.5125,0.170004612972917,58.7562499999999,-4523.4875,7,"test_set",0.00112463764854187,-5.94733665661477,-6.01973728692675,-5.8705621736156,-5.94041249547302,-6.27934651659358,-5.59514424419356,"95%","7",TRUE,14,0.143056491660636
"2808",",
 ","ProxyRecord",6498,-6.086131553,0.340423833661309,108,0.170211916830655,54,-4548,7,"test_set",0.00118799674486691,-6.00557284402429,-6.0757864870964,-5.93140059729626,-5.99965872895752,-6.34313365306694,-5.65456306693784,"95%","7",TRUE,14,0.143056491660636
"2809",",
 ","ProxyRecord",6892,-6.96359469,0.343680553311825,38,0.171840276655912,19,-4942,7,"test_set",0.00161300614556215,-7.2017382793154,-7.25568187850746,-7.14948658427296,-7.210587891958,-7.54736697521708,-6.87554360363553,"95%","7",TRUE,14,0.143056491660636
"2810",",
 ","ProxyRecord",7088.9875,-8.242522251,0.349055583,48.0124999999998,0.174527791574334,24.0062499999999,-5138.9875,7,"test_set",0.00156676963707358,-7.80687149897558,-7.85468314392199,-7.7570835861058,-7.81128995071081,-8.15922272863077,-7.45774937887397,"95%","7",FALSE,14,0.143056491660636
"2811",",
 ","ProxyRecord",7303.5,-8.522639728,0.341268713146706,72.5249999999996,0.170634356573353,36.2624999999998,-5353.5,7,"test_set",0.00174653329265695,-8.4856910444432,-8.54877636376997,-8.42602893981514,-8.48558746667425,-8.8413751522104,-8.13992810423814,"95%","7",TRUE,14,0.143056491660636
"2812",",
 ","ProxyRecord",7322,-8.562682971,0.341457053963497,65,0.170728526981748,32.5,-5372,7,"test_set",0.00177375205403507,-8.54965864150341,-8.61391074279197,-8.48878070755162,-8.54803703231989,-8.89815477257155,-8.21476377528839,"95%","7",TRUE,14,0.143056491660636
"2813",",
 ","ProxyRecord",7355.5,-8.642775035,0.341836322185815,56.5,0.170918161092907,28.25,-5405.5,7,"test_set",0.00182777443540338,-8.66880367708159,-8.73482578947736,-8.60435976050028,-8.66961984588684,-9.00724927314533,-8.34030868445521,"95%","7",TRUE,14,0.143056491660636
"2814",",
 ","ProxyRecord",7450.5,-8.843079696,0.342794840287658,91.5,0.171397420143829,45.75,-5500.5,7,"test_set",0.00201414940286249,-9.03421365899479,-9.10148673575961,-8.96745034408658,-9.04020457329919,-9.3839276183034,-8.69598899791428,"95%","7",TRUE,14,0.143056491660636
"2815",",
 ","ProxyRecord",7496.0125,-9.043484911,0.343769106,99.0374999999994,0.171884553,49.5187499999997,-5546.0125,7,"test_set",0.00212081806525433,-9.22638269002461,-9.2914709595364,-9.1636800100462,-9.23090172525294,-9.590723033856,-8.89678288297954,"95%","7",TRUE,14,0.143056491660636
"2816",",
 ","ProxyRecord",7517.025,-9.163784268,0.344361290824923,96.0250000000006,0.172180645412462,48.0125000000003,-5567.025,7,"test_set",0.00217368496673309,-9.31938803491186,-9.3819619008483,-9.25778284141578,-9.31558592216579,-9.6530539220093,-8.97480035047414,"95%","7",TRUE,14,0.143056491660636
"2817",",
 ","ProxyRecord",7520.9875,-9.203880679,0.344559865209497,97.0124999999998,0.172279932604749,48.5062499999999,-5570.9875,7,"test_set",0.00218345160045708,-9.33724268034028,-9.3989861757714,-9.27574061600359,-9.33204557058859,-9.68097969636397,-8.98280476498174,"95%","7",TRUE,14,0.143056491660636
"2818",",
 ","ProxyRecord",7572.5,-9.484752232,0.345968667861325,78.5,0.172984333930663,39.25,-5622.5,7,"test_set",0.00228847104506436,-9.5771747965103,-9.63330416326829,-9.52017079332316,-9.58106971808287,-9.91973094998068,-9.25221921215721,"95%","7",TRUE,14,0.143056491660636
"2819",",
 ","ProxyRecord",7615.5,-9.886457368,0.348029551077181,51.5,0.17401477553859,25.75,-5665.5,7,"test_set",0.00234492410196019,-9.78574997709191,-9.83985636209896,-9.73250860698229,-9.78391811154816,-10.1254758034524,-9.44354116954118,"95%","7",TRUE,14,0.143056491660636
"2820",",
 ","ProxyRecord",7621.975,-9.92665478,0.348238250285579,48.0249999999996,0.17411912514279,24.0124999999998,-5671.975,7,"test_set",0.0023509645896258,-9.81758225323737,-9.87181839185082,-9.76458868573675,-9.81659009467275,-10.1587163388033,-9.45994204484971,"95%","7",TRUE,14,0.143056491660636
"2821",",
 ","ProxyRecord",7660,-10.08751181,0.349082609237231,50,0.174541304618615,25,-5710,7,"test_set",0.00237344245608284,-10.0057159571073,-10.0596098757742,-9.95173537658817,-10.0140358434933,-10.3662345232588,-9.67228189402088,"95%","7",TRUE,14,0.143056491660636
"2822",",
 ","ProxyRecord",7755.0125,-10.52272384,0.315264165620434,64.0124999999998,0.157632082810217,32.0062499999999,-5805.0125,7,"test_set",0.00233253064818584,-10.4722590961387,-10.5310763432699,-10.4130995427768,-10.4700353882618,-10.7966613641264,-10.1526122834434,"95%","7",TRUE,14,0.143056491660636
"2823",",
 ","ProxyRecord",7765.5125,-10.56300702,0.315501818036251,66.5124999999998,0.157750909018125,33.2562499999999,-5815.5125,7,"test_set",0.00231950088496191,-10.5223818650287,-10.5827744872436,-10.4632885923888,-10.5315975449701,-10.8522075956558,-10.2123394078277,"95%","7",TRUE,14,0.143056491660636
"2824",",
 ","ProxyRecord",583.5125,-0.616526198,0.31985027938865,235.5125,0.159925139694325,117.75625,1366.4875,8,"test_set",0.000271851671462819,-0.582950076638151,-0.718795062463936,-0.44211332391494,-0.582718096039193,-0.929024392533197,-0.236190126901125,"95%","8",TRUE,14,0.143056491660636
"2825",",
 ","ProxyRecord",1074,-0.734375889,0.319903829030286,223,0.159951914515143,111.5,876,8,"test_set",0.000146620447774581,-0.722607346693186,-0.959835421987245,-0.494664680412878,-0.725304244987567,-1.11760916728469,-0.33841305631667,"95%","8",TRUE,14,0.143056491660636
"2826",",
 ","ProxyRecord",3476.475,-1.903281447,0.288578229984398,525.55,0.144289114992199,262.775,-1526.475,8,"test_set",0.000608135854401892,-1.89236764406696,-1.97884205116837,-1.80664281717422,-1.8981019037446,-2.2024634407835,-1.6080659854369,"95%","8",TRUE,14,0.143056491660636
"2827",",
 ","ProxyRecord",3547.35,-1.982305466,0.288688593716257,511.65,0.144344296858129,255.825,-1597.35,8,"test_set",0.000646933909426162,-1.98122287365206,-2.06178423963438,-1.90264105195008,-1.98569092221637,-2.27410381035202,-1.67832534740314,"95%","8",TRUE,14,0.143056491660636
"2828",",
 ","ProxyRecord",3699.3875,-2.179977648,0.288984919316642,457.6375,0.144492459658321,228.81875,-1749.3875,8,"test_set",0.000684881766777057,-2.18514081846551,-2.25400370206147,-2.11985987408598,-2.19175622003789,-2.47875308046547,-1.89903387308143,"95%","8",TRUE,14,0.143056491660636
"2829",",
 ","ProxyRecord",3737.95,-2.259077298,0.289110972963226,445.05,0.144555486481613,222.525,-1787.95,8,"test_set",0.000684686883001273,-2.23806199608135,-2.30484448641479,-2.17261433634833,-2.23654131776925,-2.51401620734351,-1.9431698993874,"95%","8",TRUE,14,0.143056491660636
"2830",",
 ","ProxyRecord",4453,-2.985223345,0.338669928952243,277.1,0.169334964476122,138.55,-2503,8,"test_set",0.000325607443474318,-2.97795246287102,-3.06998917823958,-2.88200816976934,-2.97824629768838,-3.31578231685018,-2.61895626802769,"95%","8",TRUE,14,0.143056491660636
"2831",",
 ","ProxyRecord",4484.975,-3.024857872,0.338742591363626,263.049999999999,0.169371295681813,131.525,-2534.975,8,"test_set",0.000316368750630236,-2.99829388891418,-3.09351858934873,-2.89734075744632,-2.99991378160423,-3.35657908027032,-2.64286227380959,"95%","8",TRUE,14,0.143056491660636
"2832",",
 ","ProxyRecord",4566.475,-3.143788366,0.338965562775759,229.525,0.16948278138788,114.7625,-2616.475,8,"test_set",0.000297955903871827,-3.04701901880647,-3.15282166080642,-2.935910894431,-3.04558161595296,-3.40945745912598,-2.68027535922377,"95%","8",TRUE,14,0.143056491660636
"2833",",
 ","ProxyRecord",5074.9875,-3.421408449,0.339517185021476,194.0125,0.169758592510738,97.0062499999999,-3124.9875,8,"test_set",0.000839850548717269,-3.48830362275989,-3.56796828705276,-3.40404465567635,-3.48556613663643,-3.81624007514785,-3.15438240500025,"95%","8",TRUE,14,0.143056491660636
"2834",",
 ","ProxyRecord",5119.9875,-3.500760109,0.339682621925716,216.0125,0.169841310962858,108.00625,-3169.9875,8,"test_set",0.000954929914387392,-3.56885358535234,-3.64730606004072,-3.48780959563957,-3.56775115071024,-3.90989463009546,-3.22138628671721,"95%","8",TRUE,14,0.143056491660636
"2835",",
 ","ProxyRecord",5163.4875,-3.580127755,0.339851546253422,245.5125,0.169925773126711,122.75625,-3213.4875,8,"test_set",0.0010765757033071,-3.6576805846466,-3.73488408171882,-3.57931881351552,-3.65905397699831,-4.00400906939098,-3.31296210426375,"95%","8",TRUE,14,0.143056491660636
"2836",",
 ","ProxyRecord",5296.5,-3.93739353,0.341620480675429,295.5,0.170810240337715,147.75,-3346.5,8,"test_set",0.00139324397683271,-3.9965304160488,-4.0620753093466,-3.93167785525025,-3.99255770234839,-4.33736097875641,-3.65135978802544,"95%","8",TRUE,14,0.143056491660636
"2837",",
 ","ProxyRecord",5370.0125,-4.096279378,0.341998759939205,290.0125,0.170999379969603,145.00625,-3420.0125,8,"test_set",0.00147716178744428,-4.21347067495323,-4.27088874523765,-4.15596325974683,-4.21459596707835,-4.54438770552621,-3.88360053568846,"95%","8",TRUE,14,0.143056491660636
"2838",",
 ","ProxyRecord",5381,-4.136006945,0.342095604,286,0.171047802,143,-3431,8,"test_set",0.00148404970430338,-4.24683531392492,-4.30465603302788,-4.18996281147994,-4.2516469580567,-4.59433001373632,-3.91413708696016,"95%","8",TRUE,14,0.143056491660636
"2839",",
 ","ProxyRecord",5593,-4.970941183,0.344316526986243,255,0.172158263493122,127.5,-3643,8,"test_set",0.00132902523322098,-4.87768378684705,-4.94995721933652,-4.8049827550526,-4.88259786610673,-5.25000835053252,-4.53523417476193,"95%","8",TRUE,14,0.143056491660636
"2840",",
 ","ProxyRecord",5811.9875,-5.090313648,0.344663343498686,232.0375,0.172331671749343,116.01875,-3861.9875,8,"test_set",0.000624497844015082,-5.32377297423818,-5.41578223467598,-5.23180081066423,-5.32258058716349,-5.67490017647947,-4.98434534264998,"95%","8",TRUE,14,0.143056491660636
"2841",",
 ","ProxyRecord",6144,-5.607876288,0.346250177934013,172.05,0.173125088967007,86.0250000000001,-4194,8,"test_set",0.000236200086267679,-5.5001921350787,-5.57571655904502,-5.42676303951121,-5.49261155947687,-5.84100622612373,-5.15104721705116,"95%","8",TRUE,14,0.143056491660636
"2842",",
 ","ProxyRecord",6224.4875,-5.687542718,0.34650676041386,175.5375,0.17325338020693,87.7687500000002,-4274.4875,8,"test_set",0.000368694889862908,-5.54214098457013,-5.620100506713,-5.46349716882823,-5.54383303761561,-5.88060491319139,-5.19895174403798,"95%","8",TRUE,14,0.143056491660636
"2843",",
 ","ProxyRecord",6541.4625,-6.3253188,0.341274634737221,92.5375000000004,0.17063731736861,46.2687500000002,-4591.4625,8,"test_set",0.00133610256647376,-6.09413129324204,-6.16414961256475,-6.02626541412354,-6.09334766946112,-6.43208674876706,-5.73678340638295,"95%","8",TRUE,14,0.143056491660636
"2844",",
 ","ProxyRecord",6548.9875,-6.365185827,0.341419404877928,88.0124999999998,0.170709702438964,44.0062499999999,-4598.9875,8,"test_set",0.0013529570270121,-6.11498629167183,-6.18414827038043,-6.04812228268073,-6.12037810742684,-6.46491284668496,-5.78011069868074,"95%","8",TRUE,14,0.143056491660636
"2845",",
 ","ProxyRecord",6606.975,-6.405062003,0.341564503947161,81.0499999999993,0.170782251973581,40.5249999999996,-4656.975,8,"test_set",0.0014673221116368,-6.28375455560787,-6.34628680387793,-6.22354909400271,-6.28412642349221,-6.63182796052869,-5.94089193120261,"95%","8",TRUE,14,0.143056491660636
"2846",",
 ","ProxyRecord",6887.475,-6.80395828,0.343060954135525,37.5249999999996,0.171530477067762,18.7624999999998,-4937.475,8,"test_set",0.00163276814917346,-7.19900588267518,-7.25136974413974,-7.14231558655972,-7.20265053745226,-7.55148404086702,-6.830918176791,"95%","8",FALSE,14,0.143056491660636
"2847",",
 ","ProxyRecord",7050.4875,-7.562680895,0.346108904598418,49.5124999999998,0.173054452299209,24.7562499999999,-5100.4875,8,"test_set",0.00154000350907069,-7.70335053252089,-7.75449704917274,-7.65138890613512,-7.69899385380392,-8.04882303739988,-7.34352633743422,"95%","8",TRUE,14,0.143056491660636
"2848",",
 ","ProxyRecord",7566,-9.404470798,0.345563160794744,81,0.172781580397372,40.5,-5616,8,"test_set",0.00229506706830307,-9.53721057857865,-9.58861476606059,-9.48364274415441,-9.54208277358008,-9.88991634790935,-9.19734651016069,"95%","8",TRUE,14,0.143056491660636
"2849",",
 ","ProxyRecord",7601.5,-9.765890009,0.347405288437699,61.5,0.173702644218849,30.75,-5651.5,8,"test_set",0.00235354298991908,-9.70978869945397,-9.7572545555953,-9.65876773817764,-9.71493717353436,-10.0511322311054,-9.38584963235606,"95%","8",TRUE,14,0.143056491660636
"2850",",
 ","ProxyRecord",7689.4875,-10.24849435,0.349935022654488,53.5124999999998,0.174967511327244,26.7562499999999,-5739.4875,8,"test_set",0.00240692995916447,-10.1494748250286,-10.1979393497436,-10.0987289080333,-10.1477483666908,-10.4887303655115,-9.77893864390519,"95%","8",TRUE,14,0.143056491660636
"2851",",
 ","ProxyRecord",7921.5,-11.20918651,0.31937371267617,69.5,0.159686856338085,34.75,-5971.5,8,"test_set",0.00192215686780628,-11.1885799229493,-11.2513444153365,-11.1245234336766,-11.1897321638247,-11.5016285619997,-10.8641514227028,"95%","8",TRUE,14,0.143056491660636
"2852",",
 ","ProxyRecord",7942.475,-11.33078558,0.3201107,60.5499999999993,0.16005535,30.2749999999996,-5992.475,8,"test_set",0.00183362158372446,-11.2600790130578,-11.3238656852798,-11.1937073189692,-11.2589692310192,-11.5861626229418,-10.9360369442207,"95%","8",TRUE,14,0.143056491660636
"2853",",
 ","ProxyRecord",261.05,-0.302951103,0.319753405,187.05,0.159876702302196,93.525,1688.95,9,"test_set",0.000467223719900767,-0.334482231949543,-0.471092436700353,-0.206824183508286,-0.333983008921406,-0.677732144437169,-0.00626861963673334,"95%","9",TRUE,14,0.143056491660636
"2854",",
 ","ProxyRecord",354.925,-0.381224695,0.319771362832019,224.125,0.15988568141601,112.0625,1595.075,9,"test_set",0.00043845056077324,-0.423524303727548,-0.54584831094189,-0.313675751052378,-0.425588138984894,-0.763877472777039,-0.075892920216776,"95%","9",TRUE,14,0.143056491660636
"2855",",
 ","ProxyRecord",1254.55,-0.800639634,0.286625488321054,213.575,0.143312744160527,106.7875,695.45,9,"test_set",0.000185473286939963,-0.795807450044759,-1.01285145212054,-0.58295660512505,-0.801797818842298,-1.14853996790131,-0.454653931360226,"95%","9",TRUE,14,0.143056491660636
"2856",",
 ","ProxyRecord",1438.0125,-0.839957544,0.286648866939431,294.0125,0.143324433469715,147.00625,511.9875,9,"test_set",0.000192774298560239,-0.874424737411033,-1.02386606022063,-0.725951558215531,-0.873867590474761,-1.18825993543737,-0.561546823953033,"95%","9",TRUE,14,0.143056491660636
"2857",",
 ","ProxyRecord",1831.4875,-1.036690097,0.286783231865505,286.5125,0.143391615932753,143.25625,118.5125,9,"test_set",0.000111562141835719,-1.00656363610584,-1.15715664570805,-0.856577984093135,-1.00699954998697,-1.32872501181662,-0.682981204990666,"95%","9",TRUE,14,0.143056491660636
"2858",",
 ","ProxyRecord",2292.0375,-1.096484017,0.300434440477865,271.0375,0.150217220238933,135.51875,-342.0375,9,"test_set",0.000155792448491843,-1.10240470158135,-1.33454956570415,-0.88344392008,-1.10512468726309,-1.47293188157955,-0.741184203418478,"95%","9",TRUE,14,0.143056491660636
"2859",",
 ","ProxyRecord",2713.5,-1.293514541,0.300601118461603,468.525,0.150300559230802,234.2625,-763.5,9,"test_set",0.000265895258216853,-1.28813033146314,-1.39657268377769,-1.18470579171648,-1.28375134881162,-1.58635144187596,-0.975447071899833,"95%","9",TRUE,14,0.143056491660636
"2860",",
 ","ProxyRecord",3448.3625,-1.86376971,0.288524667101224,531.6375,0.144262333550612,265.81875,-1498.3625,9,"test_set",0.00059375552169949,-1.85573185868693,-1.93820636979968,-1.77564054590729,-1.85274480009569,-2.14366939833651,-1.55340194077162,"95%","9",TRUE,14,0.143056491660636
"2861",",
 ","ProxyRecord",3593.4875,-2.021836245,0.288745940919015,495.5625,0.144372970459508,247.78125,-1643.4875,9,"test_set",0.000669726497737333,-2.03990934909763,-2.11343608257473,-1.97108657063661,-2.0348698905893,-2.32911482057348,-1.7254725450495,"95%","9",TRUE,14,0.143056491660636
"2862",",
 ","ProxyRecord",3828.4875,-2.417322012,0.289374959537354,387.5625,0.144687479768677,193.78125,-1878.4875,9,"test_set",0.000673564555708772,-2.362437715747,-2.4400394704813,-2.28821902766696,-2.36726809610828,-2.67102911204017,-2.07056209832028,"95%","9",TRUE,14,0.143056491660636
"2863",",
 ","ProxyRecord",4227.425,-2.734003631,0.28995434625047,334.6,0.144977173125235,167.3,-2277.425,9,"test_set",0.000428838109090002,-2.81361069758842,-2.89407557835009,-2.73487423616009,-2.80922833181531,-3.11771614632951,-2.5201415447014,"95%","9",TRUE,14,0.143056491660636
"2864",",
 ","ProxyRecord",4645.975,-3.223096834,0.339118288230522,180.025,0.169559144115261,90.0124999999998,-2695.975,9,"test_set",0.000266412235583324,-3.08802745271187,-3.1874575357297,-2.98665034507898,-3.08685586429332,-3.41599787691737,-2.73337288424021,"95%","9",TRUE,14,0.143056491660636
"2865",",
 ","ProxyRecord",5288.5,-3.897681316,0.341527995239457,294.5,0.170763997619729,147.25,-3338.5,9,"test_set",0.00138994579886864,-3.95957519280423,-4.02045250255487,-3.89774597613912,-3.96048205713011,-4.31225531170749,-3.61124130048735,"95%","9",TRUE,14,0.143056491660636
"2866",",
 ","ProxyRecord",5497.475,-4.811821559,0.343865587281485,239.525,0.171932793640742,119.7625,-3547.475,9,"test_set",0.00147178678358006,-4.58967120466055,-4.6468895536196,-4.53043438345071,-4.59569623354397,-4.94230457011191,-4.24090230182962,"95%","9",TRUE,14,0.143056491660636
"2867",",
 ","ProxyRecord",6113.525,-5.568045569,0.346123576551459,181.525000000001,0.173061788275729,90.7625000000003,-4163.525,9,"test_set",0.00025520460691375,-5.48976529324108,-5.56029488978476,-5.41096381357277,-5.48907984061405,-5.84984813838845,-5.15371941755993,"95%","9",TRUE,14,0.143056491660636
"2868",",
 ","ProxyRecord",6315.5375,-5.727524105,0.339202350042406,166.5625,0.169601175021203,83.28125,-4365.5375,9,"test_set",0.000674999544414412,-5.65049672927186,-5.73255441451295,-5.55948929104115,-5.64525459013638,-6.00052135743856,-5.2930959022041,"95%","9",TRUE,14,0.143056491660636
"2869",",
 ","ProxyRecord",6492,-6.046279297,0.340284880886553,110.025,0.170142440443276,55.0124999999998,-4542,9,"test_set",0.00122028344002878,-5.99904964584939,-6.07064010596289,-5.92024708456574,-6.00276817582453,-6.34641340296704,-5.66716080208637,"95%","9",TRUE,14,0.143056491660636
"2870",",
 ","ProxyRecord",6534,-6.285451714,0.341130709960747,96,0.170565354980374,48,-4584,9,"test_set",0.00131569959078703,-6.10900974299852,-6.17628747705617,-6.03589435356896,-6.10523369845071,-6.43156441560833,-5.7694199500494,"95%","9",TRUE,14,0.143056491660636
"2871",",
 ","ProxyRecord",6664.4875,-6.444935284,0.341711094596268,70.5124999999998,0.170855547298134,35.2562499999999,-4714.4875,9,"test_set",0.00152584597286065,-6.49376077600627,-6.55096903107126,-6.43652868891317,-6.49461464906935,-6.83221044033252,-6.13698725372461,"95%","9",TRUE,14,0.143056491660636
"2872",",
 ","ProxyRecord",6753.4875,-6.524692068,0.342005575347281,36.5124999999998,0.17100278767364,18.2562499999999,-4803.4875,9,"test_set",0.00159428028818631,-6.77856106529198,-6.83442991240726,-6.72592663922561,-6.7846281726028,-7.14127496778288,-6.43831152114895,"95%","9",TRUE,14,0.143056491660636
"2873",",
 ","ProxyRecord",6766.9875,-6.604468054,0.342303101619817,38.0124999999998,0.171151550809909,19.0062499999999,-4816.9875,9,"test_set",0.00159935527879185,-6.82239651282314,-6.87879252740122,-6.77012626514006,-6.81810881872566,-7.15207258002308,-6.4888345649059,"95%","9",TRUE,14,0.143056491660636
"2874",",
 ","ProxyRecord",6880,-6.72415441,0.342755673935356,41,0.171377836967678,20.5,-4930,9,"test_set",0.00158702089174678,-7.18684390306608,-7.24307755295725,-7.13276005013762,-7.1824980782213,-7.51815735941082,-6.83508855756397,"95%","9",FALSE,14,0.143056491660636
"2875",",
 ","ProxyRecord",6902.5,-7.243088214,0.344793575364147,36.5,0.172396787682073,18.25,-4952.5,9,"test_set",0.0015728747793764,-7.2575286233147,-7.31399270373795,-7.2024211089864,-7.25475835013642,-7.58279411558477,-6.91442678803277,"95%","9",TRUE,14,0.143056491660636
"2876",",
 ","ProxyRecord",7077.5125,-7.962482349,0.3478192753668,49.5124999999998,0.1739096376834,24.7562499999999,-5127.5125,9,"test_set",0.00151353127191278,-7.77845841931133,-7.82654438817097,-7.73100053224354,-7.77964462039108,-8.11617810410429,-7.42728504567852,"95%","9",TRUE,14,0.143056491660636
"2877",",
 ","ProxyRecord",7526.9875,-9.243994205,0.344758772676624,97.0124999999998,0.172379386338312,48.5062499999999,-5576.9875,9,"test_set",0.00223407475181681,-9.35788653150988,-9.41003336182355,-9.30321914892411,-9.35923484896775,-9.70167049598657,-9.01500039099063,"95%","9",TRUE,14,0.143056491660636
"2878",",
 ","ProxyRecord",7535.5,-9.284107444,0.344958883798887,94.5,0.172479441899443,47.25,-5585.5,9,"test_set",0.00225382166223476,-9.39755084478245,-9.4487641964174,-9.3437214433695,-9.3960066415185,-9.74719251569926,-9.03781747618284,"95%","9",TRUE,14,0.143056491660636
"2879",",
 ","ProxyRecord",7651.9875,-10.04729486,0.348870386384677,46.0124999999998,0.174435193192338,23.0062499999999,-5701.9875,9,"test_set",0.00240786290870432,-9.96830757704575,-10.0152430512101,-9.91879830546244,-9.96901769457217,-10.312763939492,-9.62230587965064,"95%","9",TRUE,14,0.143056491660636
"2880",",
 ","ProxyRecord",7882.475,-10.96649002,0.317905458091809,75.5249999999996,0.158952729045904,37.7624999999998,-5932.475,9,"test_set",0.00207455129443979,-11.0452187200351,-11.1081182570566,-10.9846889406979,-11.0433753063567,-11.3512903445699,-10.7190572943153,"95%","9",TRUE,14,0.143056491660636
"2881",",
 ","ProxyRecord",8096.0125,-11.61562273,0.321847961468769,116.037499999999,0.160923980734384,58.0187499999997,-6146.0125,9,"test_set",0.00101321069334581,-11.5955706844768,-11.8089207855498,-11.3748383228428,-11.5874753871484,-11.9694351749905,-11.1956752459124,"95%","9",TRUE,14,0.143056491660636
"2882",",
 ","ProxyRecord",314.525,-0.342078769,0.319761861512691,215.55,0.159880930756345,107.775,1635.475,10,"test_set",0.000458151027601938,-0.382889080943724,-0.50133587119992,-0.265717745878401,-0.378939886273586,-0.712971998563047,-0.0647154341058846,"95%","10",TRUE,14,0.143056491660636
"2883",",
 ","ProxyRecord",424.5125,-0.459588663,0.319793408523136,253.6125,0.159896704261568,126.80625,1525.4875,10,"test_set",0.00039944966107458,-0.481562555545081,-0.598403911130446,-0.36344864961293,-0.486713388353011,-0.829936851462913,-0.153457177070246,"95%","10",TRUE,14,0.143056491660636
"2884",",
 ","ProxyRecord",688.9375,-0.655797012,0.319867015494004,243.0875,0.159933507747002,121.54375,1261.0625,10,"test_set",0.000184863629609788,-0.63164263931069,-0.782249950857821,-0.485887508325818,-0.639389356304089,-0.993959168746131,-0.292576927727153,"95%","10",TRUE,14,0.143056491660636
"2885",",
 ","ProxyRecord",3050.05,-1.490715379,0.300794773612641,534.075,0.15039738680632,267.0375,-1100.05,10,"test_set",0.000356645213911433,-1.50290197397741,-1.61333228264771,-1.39816619772028,-1.5056228636401,-1.82306760868977,-1.17670949737587,"95%","10",TRUE,14,0.143056491660636
"2886",",
 ","ProxyRecord",3176.9625,-1.569650617,0.300879806101973,536.0875,0.150439903050987,268.04375,-1226.9625,10,"test_set",0.000411067565347922,-1.5997460889986,-1.69566584680129,-1.50935834801111,-1.60164212269843,-1.91403895882386,-1.30062445315186,"95%","10",TRUE,14,0.143056491660636
"2887",",
 ","ProxyRecord",3241.4625,-1.609122975,0.300923926058793,549.5375,0.150461963029397,274.76875,-1291.4625,10,"test_set",0.000444852665376638,-1.6546159687845,-1.74073191000887,-1.57071868263084,-1.65326323257549,-1.95174681612626,-1.35543328565074,"95%","10",TRUE,14,0.143056491660636
"2888",",
 ","ProxyRecord",3652.4375,-2.100903267,0.288863245235775,474.5875,0.144431622617888,237.29375,-1702.4375,10,"test_set",0.000670868332219854,-2.12165563493884,-2.18825168048568,-2.05664176595884,-2.12338944819482,-2.41573494898152,-1.81709104976887,"95%","10",TRUE,14,0.143056491660636
"2889",",
 ","ProxyRecord",3774.9125,-2.338190529,0.289240700413988,423.0875,0.144620350206994,211.54375,-1824.9125,10,"test_set",0.000674681679313505,-2.28684956255005,-2.3559287644845,-2.21669569990886,-2.29095038681853,-2.57567501627466,-1.99818936149268,"95%","10",TRUE,14,0.143056491660636
"2890",",
 ","ProxyRecord",4062.9625,-2.615220506,0.289729574654109,362.0625,0.144864787327055,181.03125,-2112.9625,10,"test_set",0.000538704582420113,-2.6472871552003,-2.74329660053994,-2.54858383872127,-2.6473242618842,-2.95407393085668,-2.35498849697417,"95%","10",TRUE,14,0.143056491660636
"2891",",
 ","ProxyRecord",5139.95,-3.540440188,0.339766772285827,226.075,0.169883386142914,113.0375,-3189.95,10,"test_set",0.000993125234782788,-3.60978697948904,-3.69060519191805,-3.52791554112035,-3.60797854036134,-3.92297017314158,-3.27085983706611,"95%","10",TRUE,14,0.143056491660636
"2892",",
 ","ProxyRecord",5240.525,-3.699188863,0.340110731013885,284.525000000001,0.170055365506943,142.2625,-3290.525,10,"test_set",0.00127117608628158,-3.84135319822053,-3.91490080781662,-3.76786502420267,-3.84734199706008,-4.18858364916143,-3.52110449861846,"95%","10",TRUE,14,0.143056491660636
"2893",",
 ","ProxyRecord",5263.0125,-3.778548902,0.341256009309266,290.0125,0.170628004654633,145.00625,-3313.0125,10,"test_set",0.0013199307523859,-3.90069595653609,-3.97217667288267,-3.82973948228976,-3.89585346933079,-4.23437445512801,-3.54693561359932,"95%","10",TRUE,14,0.143056491660636
"2894",",
 ","ProxyRecord",5305.5125,-3.977108146,0.341713889121346,297.5125,0.170856944560673,148.75625,-3355.5125,10,"test_set",0.00139549134352546,-4.01855211753916,-4.08529631532328,-3.95117436534078,-4.02229019373391,-4.37796222942975,-3.66961326861383,"95%","10",TRUE,14,0.143056491660636
"2895",",
 ","ProxyRecord",5325.9875,-4.016826921,0.341808042,301.0375,0.17090402117789,150.51875,-3375.9875,10,"test_set",0.00142415218624681,-4.0775249973137,-4.14157827034189,-4.01363290876836,-4.07259920890106,-4.40976808736306,-3.7172330397913,"95%","10",TRUE,14,0.143056491660636
"2896",",
 ","ProxyRecord",5403.975,-4.294945935,0.342490488566976,279.025,0.171245244283488,139.5125,-3453.975,10,"test_set",0.00148721538701935,-4.31061611347958,-4.36742446685661,-4.25416791782875,-4.30729026451158,-4.63939816630764,-3.957607333312,"95%","10",TRUE,14,0.143056491660636
"2897",",
 ","ProxyRecord",5458.0125,-4.652727697,0.343427072137768,257.0125,0.171713536068884,128.50625,-3508.0125,10,"test_set",0.00148807779856153,-4.47537218823195,-4.53106577479847,-4.41695276933306,-4.4772284731312,-4.81425541808609,-4.13088820823623,"95%","10",TRUE,14,0.143056491660636
"2898",",
 ","ProxyRecord",5876.425,-5.20971416,0.345018016928655,233.575,0.172509008464327,116.7875,-3926.425,10,"test_set",0.0004678153986859,-5.39178807625349,-5.47851436717333,-5.30637788522708,-5.3949741500782,-5.76445017428387,-5.04965624607147,"95%","10",TRUE,14,0.143056491660636
"2899",",
 ","ProxyRecord",5959.5125,-5.368946419,0.345500796548822,219.537499999999,0.172750398274411,109.76875,-4009.5125,10,"test_set",0.000304955420760145,-5.44874464482975,-5.52919016095493,-5.36845842665022,-5.452909114274,-5.7989671482796,-5.08667431339679,"95%","10",TRUE,14,0.143056491660636
"2900",",
 ","ProxyRecord",6007.0125,-5.44857656,0.345747603325205,207.0625,0.172873801662603,103.53125,-4057.0125,10,"test_set",0.000252309742010404,-5.47105528505662,-5.54887348456707,-5.39158198981427,-5.47613394562022,-5.81114419104037,-5.12171254200652,"95%","10",TRUE,14,0.143056491660636
"2901",",
 ","ProxyRecord",6173.5,-5.647710547,0.346378582693799,166.5,0.1731892913469,83.25,-4223.5,10,"test_set",0.000300162902466816,-5.53967232168919,-5.61653778204448,-5.4629329766521,-5.5291221606781,-5.87457608088817,-5.16739336170728,"95%","10",TRUE,14,0.143056491660636
"2902",",
 ","ProxyRecord",6376,-5.767361799,0.339334572475942,137.05,0.169667286237971,68.5250000000001,-4426,10,"test_set",0.00083686041976172,-5.74778298469414,-5.8300820817094,-5.66476779688447,-5.7444947933824,-6.07773475247537,-5.41895372369132,"95%","10",TRUE,14,0.143056491660636
"2903",",
 ","ProxyRecord",7509.5125,-9.123676882,0.344163563135009,97.5124999999998,0.172081781567504,48.7562499999999,-5559.5125,10,"test_set",0.00216039393619027,-9.27270766542969,-9.32840856658085,-9.2166500585909,-9.27700916868386,-9.6022855796917,-8.93845810890333,"95%","10",TRUE,14,0.143056491660636
"2904",",
 ","ProxyRecord",7626.475,-9.966857902,0.348448225001148,45.5249999999996,0.174224112500574,22.7624999999998,-5676.475,10,"test_set",0.00237731649592732,-9.83023431623626,-9.87650934254767,-9.78222417017007,-9.82350475038915,-10.1831161365307,-9.48284523796713,"95%","10",TRUE,14,0.143056491660636
"2905",",
 ","ProxyRecord",7638.9875,-10.00707729,0.348658753653181,45.0124999999998,0.174329376826591,22.5062499999999,-5688.9875,10,"test_set",0.00238753015571191,-9.89260139802685,-9.93918630521311,-9.84398266319157,-9.89815700613783,-10.2444891815445,-9.5656338647706,"95%","10",TRUE,14,0.143056491660636
"2906",",
 ","ProxyRecord",7668.0125,-10.12775327,0.349294603306728,51.0124999999998,0.174647301653364,25.5062499999999,-5718.0125,10,"test_set",0.00240154390205305,-10.0378967873257,-10.0870263220032,-9.98844324394438,-10.0422217540609,-10.3678491446928,-9.68109126794591,"95%","10",TRUE,14,0.143056491660636
"2907",",
 ","ProxyRecord",7673.5125,-10.16799711,0.34950763406825,51.5124999999998,0.174753817034125,25.7562499999999,-5723.5125,10,"test_set",0.0024026749890993,-10.0654617209481,-10.1142731586962,-10.0161176895687,-10.0645403389019,-10.421720003035,-9.70841954797543,"95%","10",TRUE,14,0.143056491660636
"2908",",
 ","ProxyRecord",7785.5125,-10.64362138,0.315978194872758,70.5374999999995,0.157989097436379,35.2687499999997,-5835.5125,10,"test_set",0.00232006048910272,-10.6148871778764,-10.6726555949422,-10.5549038698953,-10.6137133083028,-10.9264616988073,-10.2933351567948,"95%","10",TRUE,14,0.143056491660636
"2909",",
 ","ProxyRecord",7901.9875,-11.08776593,0.318636706627967,76.0124999999998,0.159318353313984,38.0062499999999,-5951.9875,10,"test_set",0.00202050886151106,-11.11648674971,-11.179507347221,-11.0537889411196,-11.1186936756721,-11.4611498502437,-10.7987727117847,"95%","10",TRUE,14,0.143056491660636
"2910",",
 ","ProxyRecord",8033.5,-11.49327452,0.321101327885253,79.5249999999996,0.160550663942626,39.7624999999998,-6083.5,10,"test_set",0.0014204651299643,-11.5111190786653,-11.6273908541094,-11.3998478459625,-11.5067362377235,-11.8421899203108,-11.1769768778926,"95%","10",TRUE,14,0.143056491660636
"2911",",
 ","ProxyRecord",1641.5375,-0.957970181,0.286726175796548,296.5375,0.143363087898274,148.26875,308.4625,1,"test_set",0.000154336102209385,-0.944948276184653,-1.08210269617128,-0.805582585312845,-0.941250672783898,-1.25846384088035,-0.63072215176015,"95%","1",TRUE,15,0.145053633697745
"2912",",
 ","ProxyRecord",2665.525,-1.254088565,0.300565543276673,450.55,0.150282771638337,225.275,-715.525,1,"test_set",0.000209255939503938,-1.26267510044598,-1.3889319362527,-1.14167788731196,-1.26685678334151,-1.5946752382664,-0.945644615005835,"95%","1",TRUE,15,0.145053633697745
"2913",",
 ","ProxyRecord",2895,-1.451256277,0.300753825014529,485.025,0.150376912507265,242.5125,-945,1,"test_set",0.000281728161571904,-1.37607472647658,-1.48280452772202,-1.26874777299078,-1.37939662022289,-1.69503425992508,-1.07082729852587,"95%","1",TRUE,15,0.145053633697745
"2914",",
 ","ProxyRecord",3340.9625,-1.705778615,0.288320523167636,558.0875,0.144160261583818,279.04375,-1390.9625,1,"test_set",0.000549436613178633,-1.73689622748623,-1.82561408947106,-1.64386434693505,-1.73590699216597,-2.03813253331007,-1.43734654436894,"95%","1",TRUE,15,0.145053633697745
"2915",",
 ","ProxyRecord",4515.375,-3.064499745,0.338816014431289,249.625,0.169408007215644,124.8125,-2565.375,1,"test_set",9.50609343242092e-05,-2.95072800175149,-3.03845229968597,-2.86649763763932,-2.95460843156031,-3.30846568189908,-2.61295359446923,"95%","1",TRUE,15,0.145053633697745
"2916",",
 ","ProxyRecord",4791.55,-3.302407786,0.339275250705151,158.55,0.169637625352575,79.2750000000001,-2841.55,1,"test_set",0.000435772533735612,-3.06000351334021,-3.19289393898299,-2.92839292115449,-3.0665763761236,-3.4095854204503,-2.7164956461973,"95%","1",TRUE,15,0.145053633697745
"2917",",
 ","ProxyRecord",5436.4875,-4.493687003,0.343001634708074,263.5375,0.171500817354037,131.76875,-3486.4875,1,"test_set",0.00130929530359758,-4.39267597076962,-4.4556566050692,-4.33325082786062,-4.3966794786886,-4.72986963592543,-4.07633678422264,"95%","1",TRUE,15,0.145053633697745
"2918",",
 ","ProxyRecord",5769.0125,-5.050516198,0.344546861642985,237.0125,0.172273430821493,118.50625,-3819.0125,1,"test_set",0.000969288881713659,-5.19333357329065,-5.28049572930284,-5.10439948131011,-5.19198599349758,-5.54666899822092,-4.84921525743219,"95%","1",TRUE,15,0.145053633697745
"2919",",
 ","ProxyRecord",5894.5625,-5.249518632,0.345137240098874,229.6875,0.172568620049437,114.84375,-3944.5625,1,"test_set",0.000688834291495688,-5.40224206126208,-5.50680138940996,-5.30005462961155,-5.39955661791502,-5.76259725717077,-5.04192192856609,"95%","1",TRUE,15,0.145053633697745
"2920",",
 ","ProxyRecord",5915.5375,-5.289326617,0.345257715571853,227.537499999999,0.172628857785926,113.76875,-3965.5375,1,"test_set",0.000633853134934803,-5.42937146953918,-5.53449815541558,-5.32734585231914,-5.43329983489693,-5.77977856625391,-5.08688343884156,"95%","1",TRUE,15,0.145053633697745
"2921",",
 ","ProxyRecord",5982.9625,-5.408760694,0.345623638613531,213.0375,0.172811819306765,106.51875,-4032.9625,1,"test_set",0.000476430199558564,-5.50070157011271,-5.60467781405497,-5.40007004197908,-5.49365656981801,-5.84991485363051,-5.15061881117598,"95%","1",TRUE,15,0.145053633697745
"2922",",
 ","ProxyRecord",6401.5125,-5.807199824,0.339467945253441,126.5125,0.169733972626721,63.2562499999999,-4451.5125,1,"test_set",0.000701557432636335,-5.8270462413907,-5.9048335927379,-5.75353675607402,-5.82934100411705,-6.17272332606447,-5.48492851602878,"95%","1",TRUE,15,0.145053633697745
"2923",",
 ","ProxyRecord",6483.5,-6.006430847,0.340146513072739,115.525,0.17007325653637,57.7624999999998,-4533.5,1,"test_set",0.000984101697953932,-5.96576283061669,-6.04421025174282,-5.89155002828534,-5.96219757378621,-6.30903226684093,-5.61842614755866,"95%","1",TRUE,15,0.145053633697745
"2924",",
 ","ProxyRecord",6757.9875,-6.564574788,0.342153890162499,35.0124999999998,0.171076945081249,17.5062499999999,-4807.9875,1,"test_set",0.00162835562087515,-6.73359205848447,-6.78562271058221,-6.68256591396022,-6.73520511376226,-7.05117723841833,-6.4032681708394,"95%","1",TRUE,15,0.145053633697745
"2925",",
 ","ProxyRecord",7009,-7.482762399,0.34577545544023,63.0249999999996,0.172887727720115,31.5124999999998,-5059,1,"test_set",0.00163311680874134,-7.57993745166335,-7.6340572014717,-7.52544824078109,-7.5843366613899,-7.92736164932764,-7.24587335313959,"95%","1",TRUE,15,0.145053633697745
"2926",",
 ","ProxyRecord",7056.5,-7.602653996,0.346276162220291,50.5,0.173138081110145,25.25,-5106.5,1,"test_set",0.00159149302820794,-7.72874386488328,-7.78364709071451,-7.67516679817622,-7.72755605519383,-8.06157815621427,-7.37485886679133,"95%","1",TRUE,15,0.145053633697745
"2927",",
 ","ProxyRecord",7077,-7.922489889,0.34764481511105,49,0.173822407555525,24.5,-5127,1,"test_set",0.00157913980751712,-7.79142417285392,-7.84627892346947,-7.73920676463697,-7.79598953287366,-8.13987522718876,-7.43749230748851,"95%","1",TRUE,15,0.145053633697745
"2928",",
 ","ProxyRecord",7079,-8.002475328,0.347993704941651,50,0.173996852470826,25,-5129,1,"test_set",0.00157811573624489,-7.79750085940497,-7.85237522262651,-7.74554597393192,-7.79511167887737,-8.13145493887615,-7.45534925084441,"95%","1",TRUE,15,0.145053633697745
"2929",",
 ","ProxyRecord",7126.5125,-8.402640694,0.349777152545626,66.5374999999995,0.174888576272813,33.2687499999997,-5176.5125,1,"test_set",0.00156325609772523,-7.94043975905243,-7.99537059815988,-7.89044677023623,-7.9298427142143,-8.27021524235893,-7.57897270914489,"95%","1",FALSE,15,0.145053633697745
"2930",",
 ","ProxyRecord",7586.9875,-9.605206156,0.34658136976361,69.0375000000004,0.173290684881805,34.5187500000002,-5636.9875,1,"test_set",0.00234216049226355,-9.61156514368543,-9.66179442607163,-9.56236201276987,-9.60678050438888,-9.96034871438904,-9.25855651535251,"95%","1",TRUE,15,0.145053633697745
"2931",",
 ","ProxyRecord",7704.9875,-10.32901506,0.350365765765407,55.0375000000004,0.175182882882703,27.5187500000002,-5754.9875,1,"test_set",0.00248871750949675,-10.2252047650643,-10.2801143218255,-10.1698021680468,-10.2222931746862,-10.5406789646156,-9.88836673186749,"95%","1",TRUE,15,0.145053633697745
"2932",",
 ","ProxyRecord",7710.9875,-10.36928899,0.350581118951387,56.0124999999998,0.175290559475694,28.0062499999999,-5760.9875,1,"test_set",0.00248804009581605,-10.2567956200785,-10.3124685547892,-10.201188549078,-10.2479023820836,-10.5817523381537,-9.89528004365113,"95%","1",TRUE,15,0.145053633697745
"2933",",
 ","ProxyRecord",7737.4875,-10.44985038,0.351013938377691,56.5124999999998,0.175506969188846,28.2562499999999,-5787.4875,1,"test_set",0.0024756375651247,-10.3953574322384,-10.4565148433004,-10.3358745840216,-10.3902424624932,-10.7573691987726,-10.030772676569,"95%","1",TRUE,15,0.145053633697745
"2934",",
 ","ProxyRecord",7822.5,-10.76462635,0.31669658463322,75.5249999999996,0.15834829231661,37.7624999999998,-5872.5,1,"test_set",0.00233226536625608,-10.8170925330522,-10.8890842892829,-10.7451441184895,-10.8178713256011,-11.137318566064,-10.4952954247984,"95%","1",TRUE,15,0.145053633697745
"2935",",
 ","ProxyRecord",7855.9875,-10.84533785,0.317178678190513,72.0124999999998,0.158589339095256,36.0062499999999,-5905.9875,1,"test_set",0.00223242915735611,-10.9674067121538,-11.0417884771397,-10.8922539077234,-10.9713394219943,-11.3148442774793,-10.6485590450365,"95%","1",TRUE,15,0.145053633697745
"2936",",
 ","ProxyRecord",7874.5,-10.92610014,0.317662308928226,77.5,0.158831154464113,38.75,-5924.5,1,"test_set",0.00216671929398338,-11.0452277619753,-11.1187149562028,-10.9704520874804,-11.0479103803713,-11.3509393264761,-10.7242452645017,"95%","1",TRUE,15,0.145053633697745
"2937",",
 ","ProxyRecord",7909.475,-11.12823582,0.318881930258435,73.5499999999993,0.159440965129217,36.7749999999996,-5959.475,1,"test_set",0.00202213515856364,-11.1802249189253,-11.2515888509504,-11.1063153176889,-11.1820874409566,-11.5118428503582,-10.8673277151506,"95%","1",TRUE,15,0.145053633697745
"2938",",
 ","ProxyRecord",7985.025,-11.45261046,0.320852569852097,48.0250000000006,0.160426284926048,24.0125000000003,-6035.025,1,"test_set",0.00161857715084146,-11.4063898752657,-11.4958407823329,-11.3184912221588,-11.4039218631356,-11.7379481599912,-11.0777898571853,"95%","1",TRUE,15,0.145053633697745
"2939",",
 ","ProxyRecord",8079.5375,-11.57477541,0.32159807563747,108.537499999999,0.160799037818735,54.2687499999997,-6129.5375,1,"test_set",0.000938103811209956,-11.5273821786364,-11.7141248314163,-11.3427446255804,-11.5266756083737,-11.8965043162254,-11.1762666973225,"95%","1",TRUE,15,0.145053633697745
"2940",",
 ","ProxyRecord",86.5125,-0.185732135,0.320420612992673,115.5125,0.160210306496337,57.75625,1863.4875,2,"test_set",0.000450517004502854,-0.142562534021766,-0.287253079572838,0.00402262583646339,-0.135936146774685,-0.485016075400605,0.211329397877218,"95%","2",TRUE,15,0.145053633697745
"2941",",
 ","ProxyRecord",106.975,-0.224759024,0.320425871285962,117.05,0.160212935642981,58.525,1843.025,2,"test_set",0.000460513518285577,-0.160821270128296,-0.305737617756375,-0.0105470894392408,-0.153599508102817,-0.494831270709652,0.196759313570599,"95%","2",TRUE,15,0.145053633697745
"2942",",
 ","ProxyRecord",455.475,-0.498793716,0.319806047515963,262.525,0.159903023757982,131.2625,1494.525,2,"test_set",0.000377826812041071,-0.501688102906299,-0.629696470836852,-0.370872427499203,-0.504005459738731,-0.838893522806455,-0.181779599202992,"95%","2",TRUE,15,0.145053633697745
"2943",",
 ","ProxyRecord",489.9125,-0.538023586,0.319819761943323,257.1375,0.159909880971662,128.56875,1460.0875,2,"test_set",0.000344297795673576,-0.528043950995869,-0.66394409010186,-0.387721800032933,-0.529161695125483,-0.855700829118218,-0.160293963759223,"95%","2",TRUE,15,0.145053633697745
"2944",",
 ","ProxyRecord",3669.4875,-2.14043883,0.28892352842253,466.6125,0.144461764211265,233.30625,-1719.4875,2,"test_set",0.000692083806974608,-2.14921354042468,-2.22155025209237,-2.07558293539041,-2.15290538125203,-2.44388396369283,-1.85874409728666,"95%","2",TRUE,15,0.145053633697745
"2945",",
 ","ProxyRecord",4137.85,-2.654812297,0.289803103947138,343.15,0.144901551973569,171.575,-2187.85,2,"test_set",0.000507969629059968,-2.7670490292211,-2.86027695944789,-2.67838728066793,-2.76622898542721,-3.07492563750331,-2.44727398122046,"95%","2",TRUE,15,0.145053633697745
"2946",",
 ","ProxyRecord",5282.9875,-3.857965428,0.341436546111018,293.0125,0.170718273055509,146.50625,-3332.9875,2,"test_set",0.00119668959007724,-3.98560139268889,-4.04776358566416,-3.9244697302754,-3.97127281086538,-4.30365267212391,-3.63100310756366,"95%","2",TRUE,15,0.145053633697745
"2947",",
 ","ProxyRecord",5357.5,-4.056556677,0.341902928643201,296.525,0.1709514643216,148.2625,-3407.5,2,"test_set",0.00123706266337287,-4.16989136018339,-4.23305735836862,-4.10683958682953,-4.17098587821944,-4.50373362899172,-3.82116355411463,"95%","2",TRUE,15,0.145053633697745
"2948",",
 ","ProxyRecord",5419.475,-4.374432822,0.342692479157206,270.525,0.171346239578603,135.2625,-3469.475,2,"test_set",0.00125376075479355,-4.32706507553638,-4.39348313935763,-4.26388955839779,-4.33191109818303,-4.67510665130648,-3.98678701092333,"95%","2",TRUE,15,0.145053633697745
"2949",",
 ","ProxyRecord",5425.5,-4.414179642,0.342794652632266,267.5,0.171397326316133,133.75,-3475.5,2,"test_set",0.0012543200390569,-4.34244326091354,-4.40867231302923,-4.27920613538667,-4.33834455348643,-4.67850727809225,-3.99857030953572,"95%","2",TRUE,15,0.145053633697745
"2950",",
 ","ProxyRecord",5450.5125,-4.612960677,0.343319504023197,259.5125,0.171659752011599,129.75625,-3500.5125,2,"test_set",0.00125457848301203,-4.40633405506232,-4.47235971302406,-4.34259509840873,-4.40766575246317,-4.7757517462872,-4.04884087044499,"95%","2",TRUE,15,0.145053633697745
"2951",",
 ","ProxyRecord",5521,-4.89137323,0.344089636619946,235,0.172044818309973,117.5,-3571,2,"test_set",0.00123741497799479,-4.58550365982949,-4.64906894932105,-4.52231184945978,-4.57917626978546,-4.92056671559858,-4.24336607837217,"95%","2",TRUE,15,0.145053633697745
"2952",",
 ","ProxyRecord",5540.55,-4.931154704,0.344202398,232.6,0.172101199126866,116.3,-3590.55,2,"test_set",0.00122797607982061,-4.63458007477887,-4.69849310111584,-4.57107933515652,-4.6343163010845,-4.97425147650208,-4.30393173099875,"95%","2",TRUE,15,0.145053633697745
"2953",",
 ","ProxyRecord",6898.4875,-7.123284212,0.344312050323254,37.5124999999998,0.172156025161627,18.7562499999999,-4948.4875,2,"test_set",0.00170275385122931,-7.21494096660366,-7.2683340520853,-7.16035398543828,-7.2171589002733,-7.55236347233705,-6.89063410489151,"95%","2",TRUE,15,0.145053633697745
"2954",",
 ","ProxyRecord",6901,-7.203151788,0.344632076022813,37,0.172316038011406,18.5,-4951,2,"test_set",0.00170255247764484,-7.22353598451007,-7.27715213854712,-7.16905682652734,-7.21931489802662,-7.54943121200737,-6.88297002054586,"95%","2",TRUE,15,0.145053633697745
"2955",",
 ","ProxyRecord",6955.4875,-7.442811919,0.345609326054903,54.5124999999998,0.172804663027451,27.2562499999999,-5005.4875,2,"test_set",0.00168507527593675,-7.40821661215823,-7.46456029983375,-7.35098148004575,-7.41306560808123,-7.7629554962898,-7.05791382806688,"95%","2",TRUE,15,0.145053633697745
"2956",",
 ","ProxyRecord",7069.4875,-7.722565125,0.346784271994654,50.5124999999998,0.173392135997327,25.2562499999999,-5119.4875,2,"test_set",0.00159807565915937,-7.77488775365539,-7.83014499919634,-7.71890865111953,-7.77331531502651,-8.11026856266453,-7.42251746114773,"95%","2",TRUE,15,0.145053633697745
"2957",",
 ","ProxyRecord",7073,-7.842510552,0.347298114098866,50,0.173649057049433,25,-5123,2,"test_set",0.00159627858360434,-7.78573051336262,-7.84071964168877,-7.7297942880813,-7.79465386699075,-8.13671697856353,-7.43288442912198,"95%","2",TRUE,15,0.145053633697745
"2958",",
 ","ProxyRecord",7199.5,-8.442668627,0.34995908964487,94.5,0.174979544822435,47.25,-5249.5,2,"test_set",0.00159320804793417,-8.17029600076133,-8.22515014374187,-8.11925211796669,-8.16344558268022,-8.50581065719523,-7.81096840971406,"95%","2",TRUE,15,0.145053633697745
"2959",",
 ","ProxyRecord",7393,-8.682831134,0.342027151171328,58.0249999999996,0.171013575585664,29.0124999999998,-5443,2,"test_set",0.00182061742006745,-8.8027674289032,-8.86293710216563,-8.74284774388467,-8.80239346698493,-9.1448828112225,-8.4711250142517,"95%","2",TRUE,15,0.145053633697745
"2960",",
 ","ProxyRecord",7501.9875,-9.083584591,0.343965959128801,99.0124999999998,0.171982979564401,49.5062499999999,-5551.9875,2,"test_set",0.00207228177817598,-9.22952667184789,-9.28991774521333,-9.17056316434356,-9.227725337594,-9.56001297920855,-8.88926441791325,"95%","2",TRUE,15,0.145053633697745
"2961",",
 ","ProxyRecord",7542.9875,-9.324212167,0.345159996659364,93.0124999999998,0.172579998329682,46.5062499999999,-5592.9875,2,"test_set",0.00219000663794766,-9.41024084298409,-9.46647785721305,-9.35427910859692,-9.41057227595753,-9.75869072630623,-9.076301489245,"95%","2",TRUE,15,0.145053633697745
"2962",",
 ","ProxyRecord",7590.4875,-9.645368042,0.346786157617497,67.5124999999998,0.173393078808748,33.7562499999999,-5640.4875,2,"test_set",0.00232085658948833,-9.63537632693082,-9.68621774715482,-9.58310004819851,-9.63577777867908,-9.97844126111154,-9.28129700663768,"95%","2",TRUE,15,0.145053633697745
"2963",",
 ","ProxyRecord",7593,-9.685537385,0.346991817174247,66,0.173495908587123,33,-5643,2,"test_set",0.0023265235973291,-9.64769756937848,-9.69817340672731,-9.5955752305714,-9.6467654932445,-9.99858816685253,-9.29215142292902,"95%","2",TRUE,15,0.145053633697745
"2964",",
 ","ProxyRecord",7680.5,-10.20824852,0.349720836991891,52.5249999999996,0.174860418495946,26.2624999999998,-5730.5,2,"test_set",0.0024416575031605,-10.0918524643297,-10.1427498567162,-10.04266185653,-10.0946159055822,-10.4658090844862,-9.7624168078971,"95%","2",TRUE,15,0.145053633697745
"2965",",
 ","ProxyRecord",7719.5,-10.40956333,0.350797820037471,54.5,0.175398910018735,27.25,-5769.5,2,"test_set",0.00244146974517356,-10.292877165388,-10.3448175982466,-10.2392862475515,-10.2960060701726,-10.6414964795358,-9.94015303309382,"95%","2",TRUE,15,0.145053633697745
"2966",",
 ","ProxyRecord",7916,-11.16869893,0.319127252382136,72.0249999999996,0.159563626191068,36.0124999999998,-5966,2,"test_set",0.00195741574176012,-11.1847594551644,-11.2512029300284,-11.1179244182638,-11.1830351088879,-11.520196762148,-10.8647797162048,"95%","2",TRUE,15,0.145053633697745
"2967",",
 ","ProxyRecord",7950.525,-11.37136039,0.320357822,56.5250000000006,0.160178911062888,28.2625000000003,-6000.525,2,"test_set",0.00178909856249909,-11.2990468504651,-11.3705799568032,-11.2291222521263,-11.3003636676603,-11.6219591440909,-10.9744078055194,"95%","2",TRUE,15,0.145053633697745
"2968",",
 ","ProxyRecord",7962.5125,-11.41196737,0.320605004,50.5124999999998,0.160302502121402,25.2562499999999,-6012.5125,2,"test_set",0.00172483590481498,-11.3344070533261,-11.4094057219923,-11.2613435629271,-11.334005071038,-11.6556888882974,-11.0002010647276,"95%","2",TRUE,15,0.145053633697745
"2969",",
 ","ProxyRecord",43,-0.107832927,0.320413083395057,95,0.160206541697529,47.5,1907,3,"test_set",0.000417794920246767,-0.119774784591925,-0.262243381916425,0.0176107545290002,-0.122040607735519,-0.463986724873318,0.227904093945687,"95%","3",TRUE,15,0.145053633697745
"2970",",
 ","ProxyRecord",143.5,-0.26382257,0.320432262211112,116.5,0.160216131105556,58.25,1806.5,3,"test_set",0.000463391977151978,-0.205923799617858,-0.35706364073622,-0.06445477164561,-0.202574815663963,-0.55879510765159,0.147050783585901,"95%","3",TRUE,15,0.145053633697745
"2971",",
 ","ProxyRecord",540.0125,-0.577269311,0.319834502900122,240.0375,0.159917251450061,120.01875,1409.9875,3,"test_set",0.000300419838977772,-0.558084972154969,-0.694514171246001,-0.421560160768675,-0.553479963875292,-0.891257435867087,-0.216081303336456,"95%","3",TRUE,15,0.145053633697745
"2972",",
 ","ProxyRecord",3370.9375,-1.745264165,0.288369911951494,556.1375,0.144184955975747,278.06875,-1420.9375,3,"test_set",0.000551104978141481,-1.7707840058392,-1.8551581388951,-1.68739915352493,-1.7705049315187,-2.06790944039485,-1.48570221594026,"95%","3",TRUE,15,0.145053633697745
"2973",",
 ","ProxyRecord",3507.4875,-1.942789411,0.288632722,522.5125,0.144316361053702,261.25625,-1557.4875,3,"test_set",0.000620410263063587,-1.93035436338036,-1.99990655449439,-1.86287623324593,-1.92861189900978,-2.21120008480135,-1.62753192513066,"95%","3",TRUE,15,0.145053633697745
"2974",",
 ","ProxyRecord",3856.425,-2.456892552,0.289443890618171,374.575,0.144721945309086,187.2875,-1906.425,3,"test_set",0.000716488245577906,-2.41032906386848,-2.48596173668068,-2.3324657146379,-2.40938979402134,-2.70708825110013,-2.12640740102614,"95%","3",TRUE,15,0.145053633697745
"2975",",
 ","ProxyRecord",3964.9625,-2.575635346,0.289656809549025,351.0625,0.144828404774512,175.53125,-2014.9625,3,"test_set",0.000674164114466969,-2.56420329048783,-2.63995388496308,-2.48744505236891,-2.56134867480812,-2.85697981536235,-2.27589105768523,"95%","3",TRUE,15,0.145053633697745
"2976",",
 ","ProxyRecord",4280.9125,-2.747481033,0.338253782539985,328.1875,0.169126891269993,164.09375,-2330.9125,3,"test_set",0.000278032506728643,-2.88959801730021,-2.99196988521733,-2.78626676281902,-2.886558064477,-3.25125345139772,-2.53056564394775,"95%","3",TRUE,15,0.145053633697745
"2977",",
 ","ProxyRecord",4408.3875,-2.905967107,0.338527465937458,283.6375,0.169263732968729,141.81875,-2458.3875,3,"test_set",9.99225303388584e-05,-2.93284165585809,-3.02660898646123,-2.83562216841716,-2.9304179524526,-3.28087976779854,-2.59735044186401,"95%","3",TRUE,15,0.145053633697745
"2978",",
 ","ProxyRecord",4435,-2.945588849,0.33859826394738,280.025,0.16929913197369,140.0125,-2485,3,"test_set",8.09035296089888e-05,-2.93701187256609,-3.02765925697731,-2.84286768727327,-2.93608317940294,-3.29164740451462,-2.58001121509059,"95%","3",TRUE,15,0.145053633697745
"2979",",
 ","ProxyRecord",4599,-3.183441865,0.339041496327628,211.025,0.169520748163814,105.5125,-2649,3,"test_set",0.000102452400607689,-2.95593817035376,-3.05349132985865,-2.85074509708276,-2.95493059000523,-3.30642064857403,-2.59760618018747,"95%","3",TRUE,15,0.145053633697745
"2980",",
 ","ProxyRecord",4690.4875,-3.262750604,0.339196208492697,164.5375,0.169598104246349,82.2687500000002,-2740.4875,3,"test_set",0.000218221770920124,-2.98149762713811,-3.10082461485417,-2.86376345190656,-2.98333770170834,-3.33572991961716,-2.61010508504348,"95%","3",TRUE,15,0.145053633697745
"2981",",
 ","ProxyRecord",5395.5125,-4.255202499,0.342390587855401,282.5125,0.171195293927701,141.25625,-3445.5125,3,"test_set",0.00129984476915368,-4.29200629205209,-4.35416095931678,-4.23359493486257,-4.29277231749326,-4.62221744342684,-3.94956544703271,"95%","3",TRUE,15,0.145053633697745
"2982",",
 ","ProxyRecord",5410.475,-4.33468808,0.34259086707063,276.525,0.171295433535315,138.2625,-3460.475,3,"test_set",0.00129644847279842,-4.33124637716165,-4.39352898502298,-4.27251068163334,-4.33580518064462,-4.67838636047675,-3.98127487489054,"95%","3",TRUE,15,0.145053633697745
"2983",",
 ","ProxyRecord",6043.025,-5.488399286,0.34587172985261,202.025000000001,0.172935864926305,101.0125,-4093.025,3,"test_set",0.000398422928427067,-5.51714275956537,-5.60318494954103,-5.43517236872775,-5.51443203478848,-5.87152465832319,-5.16279290065974,"95%","3",TRUE,15,0.145053633697745
"2984",",
 ","ProxyRecord",6417.9875,-5.847043877,0.339602210489672,123.0125,0.169801105244836,61.5062499999999,-4467.9875,3,"test_set",0.000796712734763005,-5.85438692427719,-5.92873709165716,-5.77771820876005,-5.8559223769188,-6.1957180758384,-5.53249726227809,"95%","3",TRUE,15,0.145053633697745
"2985",",
 ","ProxyRecord",6439.475,-5.886892288,0.339737279826235,120.549999999999,0.169868639913118,60.2749999999996,-4489.475,3,"test_set",0.000867247173341745,-5.89043373889137,-5.96558014033748,-5.81146500976092,-5.88938729540955,-6.22937914129262,-5.55536804211779,"95%","3",TRUE,15,0.145053633697745
"2986",",
 ","ProxyRecord",6800.0125,-6.644358516,0.342452829835931,51.0124999999998,0.171226414917965,25.5062499999999,-4850.0125,3,"test_set",0.00168487853018373,-6.89866363339133,-6.9484283525587,-6.84387500635287,-6.89716785693365,-7.23336998256416,-6.56086492058418,"95%","3",TRUE,15,0.145053633697745
"2987",",
 ","ProxyRecord",6848.9875,-6.684252516,0.34260380174792,53.0124999999998,0.17130190087396,26.5062499999999,-4898.9875,3,"test_set",0.00170796562366515,-7.06697965210256,-7.11637613414984,-7.01228291748921,-7.06627968641175,-7.40611686164024,-6.72527120976677,"95%","3",FALSE,15,0.145053633697745
"2988",",
 ","ProxyRecord",6890.5,-6.883772216,0.343369408052847,37.5,0.171684704026423,18.75,-4940.5,3,"test_set",0.00171091314158378,-7.20988810201588,-7.2621788777021,-7.15590174089299,-7.2127343111998,-7.55786331953891,-6.88047147399466,"95%","3",TRUE,15,0.145053633697745
"2989",",
 ","ProxyRecord",7044,-7.522722574,0.345941793605715,51,0.172970896802857,25.5,-5094,3,"test_set",0.00160067661134633,-7.71625898978254,-7.77247936301124,-7.6620132712387,-7.71878096052104,-8.06679100906201,-7.37708699144177,"95%","3",TRUE,15,0.145053633697745
"2990",",
 ","ProxyRecord",7066.025,-7.682598569,0.346614444,51.0250000000006,0.173307222,25.5125000000003,-5116.025,3,"test_set",0.00158390227631422,-7.78422115091377,-7.84061294341421,-7.73093676341473,-7.78155914331562,-8.13844548680008,-7.43712564597817,"95%","3",TRUE,15,0.145053633697745
"2991",",
 ","ProxyRecord",7074.0125,-7.882497373,0.34747131068946,49.0124999999998,0.17373565534473,24.5062499999999,-5124.0125,3,"test_set",0.00157879309672371,-7.80863342890491,-7.86501981156964,-7.75548788333359,-7.8045001787274,-8.14350362722777,-7.46359442503793,"95%","3",TRUE,15,0.145053633697745
"2992",",
 ","ProxyRecord",7081,-8.042470852,0.348169049616767,49.0249999999996,0.174084524808384,24.5124999999998,-5131,3,"test_set",0.00157474876543162,-7.82990050914242,-7.88624026917971,-7.7769173213158,-7.82760965925913,-8.18312751757854,-7.46235882577021,"95%","3",TRUE,15,0.145053633697745
"2993",",
 ","ProxyRecord",7430.5,-8.762952764,0.342409824875896,80.5,0.171204912437948,40.25,-5480.5,3,"test_set",0.00187874774457697,-8.94636110728212,-9.00679522161533,-8.88704125441063,-8.94879260848853,-9.28885519182895,-8.61216026139131,"95%","3",TRUE,15,0.145053633697745
"2994",",
 ","ProxyRecord",7459.4875,-8.883161883,0.342987579214241,92.5375000000004,0.17149378960712,46.2687500000002,-5509.4875,3,"test_set",0.00194854429818037,-9.0583706859102,-9.11867774063578,-8.99899970852111,-9.06002076198345,-9.38879011056723,-8.71462513051801,"95%","3",TRUE,15,0.145053633697745
"2995",",
 ","ProxyRecord",7576.0125,-9.524897074,0.34617240093023,76.0124999999998,0.173086200465115,38.0062499999999,-5626.0125,3,"test_set",0.00228928125172168,-9.56773954844484,-9.6201600736553,-9.515583498669,-9.57124942092934,-9.9200987747195,-9.22675035296702,"95%","3",TRUE,15,0.145053633697745
"2996",",
 ","ProxyRecord",7605,-9.806066862,0.347612659721494,59,0.173806329860747,29.5,-5655,3,"test_set",0.00236002804103741,-9.70994034349398,-9.76024018191513,-9.65956216958941,-9.70494671261088,-10.0402495072611,-9.35263516718143,"95%","3",TRUE,15,0.145053633697745
"2997",",
 ","ProxyRecord",8060.5,-11.53399231,0.321349646637693,98.5,0.160674823318847,49.25,-6110.5,3,"test_set",0.00109529182341639,-11.5299655924988,-11.6710597579631,-11.3889038717984,-11.5342112370111,-11.8841399057018,-11.1746109098706,"95%","3",TRUE,15,0.145053633697745
"2998",",
 ","ProxyRecord",-68,-0.030352389,0.320409272640452,1,0.160204636320226,0.5,2018,4,"test_set",0.02229468800681,-0.066975385243732,-0.517488331221869,0.412158132069521,-0.0664976435182237,-0.625512628901801,0.483556611232196,"95%","4",TRUE,15,0.145053633697745
"2999",",
 ","ProxyRecord",65.5,-0.14675457,0.320416356065089,107.525,0.160208178032545,53.7625,1884.5,4,"test_set",0.0298774628929743,-0.143343966215954,-0.293533538635161,-0.0061144968641728,-0.144569030183851,-0.494715790262443,0.198049472165914,"95%","4",TRUE,15,0.145053633697745
"3000",",
 ","ProxyRecord",1706.475,-0.997324995,0.28675416817989,289.55,0.143377084089945,144.775,243.525,4,"test_set",0.00724535287920935,-0.966039099271302,-1.11509858964769,-0.805426802518638,-0.969242392631631,-1.28788211810555,-0.641200259940448,"95%","4",TRUE,15,0.145053633697745
"3001",",
 ","ProxyRecord",2025.0375,-1.076058933,0.286813488023543,247.0625,0.143406744011772,123.53125,-75.0375,4,"test_set",0.00649115747938245,-1.00438564126556,-1.23045717783855,-0.78213215030604,-1.0048912710071,-1.36154402846302,-0.628854886876638,"95%","4",TRUE,15,0.145053633697745
"3002",",
 ","ProxyRecord",4191.45,-2.694404099,0.289878253,339.575,0.144939126,169.7875,-2241.45,4,"test_set",0.0356180006191087,-2.84097901885169,-2.94126113436628,-2.74161807624963,-2.8413948000801,-3.17266902848394,-2.53580966645779,"95%","4",TRUE,15,0.145053633697745
"3003",",
 ","ProxyRecord",4321.525,-2.787094202,0.338320892998089,312.55,0.169160446499044,156.275,-2371.525,4,"test_set",0.0196984436115599,-2.94208508974533,-3.05193871010747,-2.8333276526591,-2.94595990927624,-3.30134720006656,-2.59848414900745,"95%","4",TRUE,15,0.145053633697745
"3004",",
 ","ProxyRecord",4354.4125,-2.826712448,0.338389052265366,300.612499999999,0.169194526132683,150.30625,-2404.4125,4,"test_set",0.0153389540949123,-2.95887336893847,-3.06672746038726,-2.85414425336108,-2.96210208175563,-3.3203174050468,-2.59330169457875,"95%","4",TRUE,15,0.145053633697745
"3005",",
 ","ProxyRecord",5100.5125,-3.461085237,0.339599499341038,209.537499999999,0.169799749670519,104.76875,-3150.5125,4,"test_set",0.0820725835407154,-3.57542924310742,-3.66621398153193,-3.47979047907957,-3.57454893925579,-3.95062286968577,-3.21513442511653,"95%","4",TRUE,15,0.145053633697745
"3006",",
 ","ProxyRecord",5272.5,-3.818256486,0.341346113413569,290.525,0.170673056706785,145.2625,-3322.5,4,"test_set",0.0951188613346199,-3.98139974367298,-4.04572035891685,-3.91397919382858,-3.97701517470619,-4.37941875637215,-3.59906179589777,"95%","4",TRUE,15,0.145053633697745
"3007",",
 ","ProxyRecord",5429.025,-4.453935584,0.342897641735312,267.025000000001,0.171448820867656,133.5125,-3479.025,4,"test_set",0.0951986344988054,-4.38006537224518,-4.44663297373913,-4.30876402130409,-4.37716810026627,-4.77875333883365,-3.95702365536143,"95%","4",TRUE,15,0.145053633697745
"3008",",
 ","ProxyRecord",5851.575,-5.169910325,0.344899204306193,229.599999999999,0.172449602153096,114.8,-3901.575,4,"test_set",0.0570089417731623,-5.29627999262049,-5.38870128302403,-5.20730922240388,-5.29767585436741,-5.65696896010533,-4.92035901549606,"95%","4",TRUE,15,0.145053633697745
"3009",",
 ","ProxyRecord",6463.5,-5.926729401,0.339872549353913,120.525,0.169936274676956,60.2624999999998,-4513.5,4,"test_set",0.0659405377650302,-5.91844192419517,-6.00098330463305,-5.82772728459816,-5.91518252635439,-6.28256914322024,-5.54462159517535,"95%","4",TRUE,15,0.145053633697745
"3010",",
 ","ProxyRecord",6512.95,-6.165855616,0.34070486802075,104.05,0.170352434010375,52.0250000000001,-4562.95,4,"test_set",0.0791945097244451,-6.01802450774796,-6.10101880453807,-5.92723400129362,-6.02584950170285,-6.39954638625706,-5.65198779155011,"95%","4",TRUE,15,0.145053633697745
"3011",",
 ","ProxyRecord",6521.0125,-6.20571608,0.340846172023142,100.0125,0.170423086011571,50.0062499999999,-4571.0125,4,"test_set",0.0812328514327998,-6.03596676231743,-6.11851694358818,-5.94498108785081,-6.03879873743231,-6.42736051352359,-5.65750645047592,"95%","4",TRUE,15,0.145053633697745
"3012",",
 ","ProxyRecord",6526.9875,-6.245590152,0.340988382903296,98.0124999999998,0.170494191451648,49.0062499999999,-4576.9875,4,"test_set",0.0827154911812844,-6.04955525877488,-6.13210777959579,-5.95851643559976,-6.04679827700332,-6.43739398604808,-5.66768464552378,"95%","4",TRUE,15,0.145053633697745
"3013",",
 ","ProxyRecord",6897.4875,-7.08335346,0.344153167249994,37.5124999999998,0.172076583624997,18.7562499999999,-4947.4875,4,"test_set",0.128178095279363,-7.19893453497093,-7.2621870325438,-7.13310117983839,-7.20435084280883,-7.62546914826117,-6.76760839918079,"95%","4",TRUE,15,0.145053633697745
"3014",",
 ","ProxyRecord",6903,-7.283028277,0.344955116399451,36,0.172477558199726,18,-4953,4,"test_set",0.128163904563916,-7.21796070768326,-7.28187750931251,-7.15189067092936,-7.21983998378618,-7.64164174919549,-6.7820157243841,"95%","4",TRUE,15,0.145053633697745
"3015",",
 ","ProxyRecord",6906.0125,-7.362912933,0.345280720801897,36.0124999999998,0.172640360400949,18.0062499999999,-4956.0125,4,"test_set",0.128147592929029,-7.22834970361642,-7.29261310126847,-7.16193250964332,-7.22257107174341,-7.64323477388105,-6.80807067669409,"95%","4",TRUE,15,0.145053633697745
"3016",",
 ","ProxyRecord",7063.5,-7.642624088,0.346445405898564,50.5249999999996,0.173222702949282,25.2624999999998,-5113.5,4,"test_set",0.120158009550364,-7.74974226241154,-7.81871080195463,-7.68179536468944,-7.75565110348262,-8.17611483104591,-7.34087322958735,"95%","4",TRUE,15,0.145053633697745
"3017",",
 ","ProxyRecord",7090,-8.282547459,0.349234831212595,48,0.174617415606297,24,-5140,4,"test_set",0.118927094493548,-7.8319098312736,-7.90026385461737,-7.76454892552272,-7.82385043549738,-8.26444618583307,-7.40722067648345,"95%","4",FALSE,15,0.145053633697745
"3018",",
 ","ProxyRecord",7100.0375,-8.362604116,0.349595550011948,52.0374999999995,0.174797775005974,26.0187499999997,-5150.0375,4,"test_set",0.118570450244837,-7.86274144087776,-7.9296875113642,-7.79656316249214,-7.86721192066758,-8.30780703499686,-7.43780522314117,"95%","4",FALSE,15,0.145053633697745
"3019",",
 ","ProxyRecord",7268.5,-8.482611111,0.341081271,87.5,0.170540635,43.75,-5318.5,4,"test_set",0.121570714066266,-8.37800462322503,-8.44615197882407,-8.31044067660605,-8.37606451067478,-8.80672229315319,-7.9614757938385,"95%","4",TRUE,15,0.145053633697745
"3020",",
 ","ProxyRecord",7338,-8.602734373,0.341646440804731,60.0249999999996,0.170823220402366,30.0124999999998,-5388,4,"test_set",0.127750628542334,-8.60380452976415,-8.67643610860401,-8.53025945623737,-8.60433120175778,-9.02620577185703,-8.19629959740128,"95%","4",TRUE,15,0.145053633697745
"3021",",
 ","ProxyRecord",7415.05,-8.722890214,0.342218516,71.0500000000002,0.171109258016306,35.5250000000001,-5465.05,4,"test_set",0.137976159962072,-8.87567969346985,-8.9516335837771,-8.79654705684334,-8.87431906453848,-9.33077744337473,-8.43086758213489,"95%","4",TRUE,15,0.145053633697745
"3022",",
 ","ProxyRecord",7596.5,-9.725715756,0.34719796054297,63.5249999999996,0.173598980271485,31.7624999999998,-5646.5,4,"test_set",0.174318366104664,-9.65871089444558,-9.72834534993271,-9.59245818036773,-9.66385080321657,-10.1641459046771,-9.17865164705458,"95%","4",TRUE,15,0.145053633697745
"3023",",
 ","ProxyRecord",7793.5,-10.68396094,0.316216789064177,73.5249999999996,0.158108394532089,36.7624999999998,-5843.5,4,"test_set",0.176233202067344,-10.67146059211,-10.7570067518813,-10.5839200472641,-10.6757352709323,-11.1516710744358,-10.1986351769007,"95%","4",TRUE,15,0.145053633697745
"3024",",
 ","ProxyRecord",7807.525,-10.72429601,0.316456439287178,75.5250000000005,0.158228219643589,37.7625000000003,-5857.525,4,"test_set",0.173888839612069,-10.7393956997032,-10.8272221527962,-10.6502635451411,-10.7440277617234,-11.2086613791863,-10.2785434954743,"95%","4",TRUE,15,0.145053633697745
"3025",",
 ","ProxyRecord",7888,-11.0069002,0.318148605343717,77,0.159074302671859,38.5,-5938,4,"test_set",0.154062734047677,-11.0948830391662,-11.1874655513921,-10.9997338021746,-11.0969777475766,-11.5807332885573,-10.6438136787209,"95%","4",TRUE,15,0.145053633697745
"3026",",
 ","ProxyRecord",7934.9875,-11.29023581,0.319864531495081,66.0124999999998,0.15993226574754,33.0062499999999,-5984.9875,4,"test_set",0.137466774511719,-11.2663855501629,-11.3560069248942,-11.1727978279655,-11.2665155286959,-11.6861751563171,-10.8490327239517,"95%","4",TRUE,15,0.145053633697745
"3027",",
 ","ProxyRecord",14,-0.069005802,0.320410770700682,74,0.160205385350341,37,1936,5,"test_set",0.000395280368543915,-0.106388237817508,-0.25189745688312,0.0365325199226585,-0.10838959763127,-0.451496010339095,0.225882509125562,"95%","5",TRUE,15,0.145053633697745
"3028",",
 ","ProxyRecord",1574.9625,-0.918623073,0.286699283275371,295.0375,0.143349641637685,147.51875,375.0375,5,"test_set",0.000161372447649022,-0.928498058736758,-1.0665420270103,-0.785452290702941,-0.931591409519196,-1.23735168543342,-0.61943704569573,"95%","5",TRUE,15,0.145053633697745
"3029",",
 ","ProxyRecord",2566.0125,-1.175272669,0.30049796406866,410.0125,0.15024898203433,205.00625,-616.0125,5,"test_set",0.000204628043820598,-1.23458716782101,-1.34806805815718,-1.11884316315231,-1.23506375977443,-1.55253915202518,-0.920747485856969,"95%","5",TRUE,15,0.145053633697745
"3030",",
 ","ProxyRecord",3395.5,-1.784757341,0.288420549773389,547.525,0.144210274886695,273.7625,-1445.5,5,"test_set",0.000579591688071313,-1.79670012113984,-1.8762333564854,-1.7176818547461,-1.7978492536214,-2.09334109363813,-1.49878132117105,"95%","5",TRUE,15,0.145053633697745
"3031",",
 ","ProxyRecord",4383.425,-2.866337463,0.338457829204649,292.6,0.169228914602324,146.3,-2433.425,5,"test_set",0.000185613190017975,-2.93310715599689,-3.02282993488687,-2.84463128346103,-2.93585772192302,-3.30340164683358,-2.58235869748251,"95%","5",TRUE,15,0.145053633697745
"3032",",
 ","ProxyRecord",5386.5125,-4.175739411,0.342193393629715,283.5125,0.171096696814857,141.75625,-3436.5125,5,"test_set",0.00126357511114339,-4.25128477756933,-4.31352978704161,-4.19078740667303,-4.24424212331474,-4.57049469020514,-3.91256497212314,"95%","5",TRUE,15,0.145053633697745
"3033",",
 ","ProxyRecord",5391.975,-4.21547279,0.342291458284034,283.025,0.171145729142017,141.5125,-3441.975,5,"test_set",0.00126457746592035,-4.26521846134493,-4.32763735766186,-4.20445102068873,-4.26695369083716,-4.61690590034411,-3.92080787204833,"95%","5",TRUE,15,0.145053633697745
"3034",",
 ","ProxyRecord",5446.4875,-4.573196685,0.343212915147096,262.5125,0.171606457573548,131.25625,-3496.4875,5,"test_set",0.00126618089613117,-4.40470779190241,-4.46654337385952,-4.34321389047811,-4.3980710268604,-4.73993626046298,-4.04522488296272,"95%","5",TRUE,15,0.145053633697745
"3035",",
 ","ProxyRecord",5464.5125,-4.69249573,0.343535620780583,253.5125,0.171767810390292,126.75625,-3514.5125,5,"test_set",0.00126335197798699,-4.45081923701255,-4.5133143181934,-4.3893815582134,-4.45076563477746,-4.79119092348338,-4.1360361408337,"95%","5",TRUE,15,0.145053633697745
"3036",",
 ","ProxyRecord",5935.9875,-5.329136603,0.345378910631829,224.1625,0.172689455315915,112.08125,-3985.9875,5,"test_set",0.000598818602348672,-5.42395776773743,-5.51500747585376,-5.33001400868833,-5.42538154794502,-5.7845216282373,-5.06660468232844,"95%","5",TRUE,15,0.145053633697745
"3037",",
 ","ProxyRecord",6885,-6.764058341,0.342908309835436,39,0.171454154917718,19.5,-4935,5,"test_set",0.00169527244602285,-7.17323725787539,-7.22743333893796,-7.11956020203608,-7.16679872445621,-7.50289194233946,-6.81120508711636,"95%","5",FALSE,15,0.145053633697745
"3038",",
 ","ProxyRecord",6888.5,-6.843862071,0.343214473416499,37.5,0.171607236708249,18.75,-4938.5,5,"test_set",0.0016953751524218,-7.18515620717855,-7.23952487144824,-7.13180945251,-7.1895945493183,-7.53610466633812,-6.84916211511257,"95%","5",FALSE,15,0.145053633697745
"3039",",
 ","ProxyRecord",6891.5,-6.923682426,0.34352457919312,37.5,0.17176228959656,18.75,-4941.5,5,"test_set",0.00169538111467471,-7.19536725481309,-7.24991485361318,-7.14224574417838,-7.193268268521,-7.53865430980366,-6.85394755686333,"95%","5",TRUE,15,0.145053633697745
"3040",",
 ","ProxyRecord",6895.5,-7.043428922,0.343994533991546,37.5,0.171997266995773,18.75,-4945.5,5,"test_set",0.00169527121751667,-7.208973579622,-7.26325905494211,-7.155386443671,-7.20828616326749,-7.5352092152495,-6.88322133484426,"95%","5",TRUE,15,0.145053633697745
"3041",",
 ","ProxyRecord",6899.0125,-7.163221243,0.344471405296577,37.0124999999998,0.172235702648289,18.5062499999999,-4949.0125,5,"test_set",0.00169506365335081,-7.220912819252,-7.27538695910438,-7.16674926040616,-7.22092471086295,-7.57477090173672,-6.87383214388766,"95%","5",TRUE,15,0.145053633697745
"3042",",
 ","ProxyRecord",6904.9875,-7.322975101,0.345117061896691,36.0124999999998,0.172558530948346,18.0062499999999,-4954.9875,5,"test_set",0.00169447198423711,-7.2412008762884,-7.29602439719176,-7.18713503305187,-7.2374362214513,-7.56548897996012,-6.91039184035322,"95%","5",TRUE,15,0.145053633697745
"3043",",
 ","ProxyRecord",6920.0125,-7.402860803,0.345444413830338,42.0124999999998,0.172722206915169,21.0062499999999,-4970.0125,5,"test_set",0.00169165616088485,-7.29207413152682,-7.34709388821036,-7.23700757644511,-7.28736564368417,-7.62290329762444,-6.95867390987222,"95%","5",TRUE,15,0.145053633697745
"3044",",
 ","ProxyRecord",7084.4875,-8.122484742,0.348521892022329,48.5124999999998,0.174260946011165,24.2562499999999,-5134.4875,5,"test_set",0.00158418980489294,-7.82088533036108,-7.87638067347611,-7.76380246847112,-7.82371713937434,-8.17410351781847,-7.46622100519281,"95%","5",TRUE,15,0.145053633697745
"3045",",
 ","ProxyRecord",7086,-8.162494078,0.348698973973306,48.0249999999996,0.174349486986653,24.0124999999998,-5136,5,"test_set",0.00158359577424605,-7.8254908961117,-7.88100469480216,-7.76873275535524,-7.8217059753235,-8.17074851951878,-7.48205428561917,"95%","5",TRUE,15,0.145053633697745
"3046",",
 ","ProxyRecord",7093.5,-8.322571807,0.34941530143365,49.5,0.174707650716825,24.75,-5143.5,5,"test_set",0.00158090838149327,-7.84828784681851,-7.90392317582923,-7.79228360727181,-7.84950982637845,-8.21052431307859,-7.50701182414338,"95%","5",FALSE,15,0.145053633697745
"3047",",
 ","ProxyRecord",7441.9875,-8.8030171,0.342601958233598,86.0124999999998,0.171300979116799,43.0062499999999,-5491.9875,5,"test_set",0.00192994733492213,-8.98307824357163,-9.04339257209161,-8.92350245524213,-8.98200408542404,-9.3092871505088,-8.65205355528867,"95%","5",TRUE,15,0.145053633697745
"3048",",
 ","ProxyRecord",7488.5125,-9.003393483,0.343573632682052,98.5374999999994,0.171786816341026,49.2687499999997,-5538.5125,5,"test_set",0.00204675125905496,-9.17078397252059,-9.23152734520303,-9.11187082317058,-9.17138387461749,-9.52143368496539,-8.83930358200658,"95%","5",TRUE,15,0.145053633697745
"3049",",
 ","ProxyRecord",7559,-9.364339993,0.345361636045189,86.0249999999996,0.172680818022594,43.0124999999998,-5609,5,"test_set",0.00225445086026177,-9.48439390744613,-9.53969562046513,-9.43048420274206,-9.48420823795692,-9.81866447513022,-9.14387367110545,"95%","5",TRUE,15,0.145053633697745
"3050",",
 ","ProxyRecord",7569.9875,-9.444616361,0.345765475239243,79.0124999999998,0.172882737619621,39.5062499999999,-5619.9875,5,"test_set",0.00228626095850615,-9.53676230172839,-9.59092771913748,-9.48355472669609,-9.54070538564232,-9.89599725771039,-9.20095585216106,"95%","5",TRUE,15,0.145053633697745
"3051",",
 ","ProxyRecord",7582,-9.565044647,0.346376353275751,73,0.173188176637876,36.5,-5632,5,"test_set",0.00231804480135267,-9.59499144562898,-9.65009729229565,-9.54232546023291,-9.5927762095087,-9.94270736026166,-9.2533329581114,"95%","5",TRUE,15,0.145053633697745
"3052",",
 ","ProxyRecord",7610,-9.846253579,0.347821223350451,55.0249999999996,0.173910611675225,27.5124999999998,-5660,5,"test_set",0.0023799902270305,-9.73408487431379,-9.78457876307348,-9.68461929189839,-9.73148122411224,-10.0598578640521,-9.37793706587165,"95%","5",TRUE,15,0.145053633697745
"3053",",
 ","ProxyRecord",7697,-10.28875477,0.350150107764999,55,0.175075053882499,27.5,-5747,5,"test_set",0.0024640529989739,-10.18324565877,-10.2334909702874,-10.1308082022817,-10.1877912111293,-10.5414091524303,-9.8495846161383,"95%","5",TRUE,15,0.145053633697745
"3054",",
 ","ProxyRecord",7774.025,-10.6033048,0.315739941823423,67.0250000000005,0.157869970911711,33.5125000000003,-5824.025,5,"test_set",0.00240157986510781,-10.5773584694372,-10.6363587952054,-10.5147532669534,-10.5764573798204,-10.8919580468463,-10.2645726081427,"95%","5",TRUE,15,0.145053633697745
"3055",",
 ","ProxyRecord",7865,-10.88571459,0.317420490766427,72,0.158710245383213,36,-5915,5,"test_set",0.00216218256157141,-10.9984124921327,-11.0638572065188,-10.9287921566347,-10.9987257932666,-11.3162393976873,-10.6846249597772,"95%","5",TRUE,15,0.145053633697745
"3056",",
 ","ProxyRecord",7928,-11.24970716,0.319618573,67,0.159809286,33.5,-5978,5,"test_set",0.00189129016994194,-11.2387080793334,-11.3038261016694,-11.1667720224396,-11.2435191598301,-11.5691557071086,-10.9353796779826,"95%","5",TRUE,15,0.145053633697745
"3057",",
 ","ProxyRecord",386.4875,-0.420397887,0.319781865557516,238.5625,0.159890932778758,119.28125,1563.5125,6,"test_set",0.000427305948980106,-0.448795995984691,-0.555202404240495,-0.335341205144226,-0.447322215418751,-0.7770210082595,-0.114753409367417,"95%","6",TRUE,15,0.145053633697745
"3058",",
 ","ProxyRecord",2620.5,-1.21467617,0.300531211877705,433.6,0.150265605938852,216.8,-670.5,6,"test_set",0.000212036678859384,-1.2518304394735,-1.3676324300198,-1.1419508844386,-1.24998470184293,-1.5660222398792,-0.949132805316041,"95%","6",TRUE,15,0.145053633697745
"3059",",
 ","ProxyRecord",3136.4625,-1.530183704,0.300836598734054,537.5375,0.150418299367027,268.76875,-1186.4625,6,"test_set",0.000401861962917582,-1.54309882224511,-1.6516046632888,-1.4330439162675,-1.5425813140629,-1.85214593923939,-1.22683379551124,"95%","6",TRUE,15,0.145053633697745
"3060",",
 ","ProxyRecord",3424,-1.824260224,0.288472039568732,537.05,0.144236019784366,268.525,-1474,6,"test_set",0.000587429762621827,-1.83180550994338,-1.9097836902916,-1.75185656281622,-1.83591083426303,-2.13187288561385,-1.53283006253727,"95%","6",TRUE,15,0.145053633697745
"3061",",
 ","ProxyRecord",3624.9875,-2.061371665,0.288804013330107,479.0375,0.144402006665054,239.51875,-1674.9875,6,"test_set",0.000660767814764096,-2.08462882384585,-2.16320791800763,-2.00594473837321,-2.08013529662299,-2.38393700759094,-1.77417221429134,"95%","6",TRUE,15,0.145053633697745
"3062",",
 ","ProxyRecord",3721.4625,-2.219524348,0.289047480325488,448.5875,0.144523740162744,224.29375,-1771.4625,6,"test_set",0.000678557805344759,-2.21419240057284,-2.29933195814903,-2.12495284028017,-2.21107094483076,-2.50371672897857,-1.90511548404107,"95%","6",TRUE,15,0.145053633697745
"3063",",
 ","ProxyRecord",3752.4875,-2.298633897,0.289175402580346,439.5375,0.144587701290173,219.76875,-1802.4875,6,"test_set",0.000681797389523453,-2.25646704479199,-2.34301635888631,-2.16672886908861,-2.2538725552666,-2.55040275278159,-1.95515170886537,"95%","6",TRUE,15,0.145053633697745
"3064",",
 ","ProxyRecord",3805.4375,-2.377754547,0.28930718893556,399.6625,0.14465359446778,199.83125,-1855.4375,6,"test_set",0.000681934145552176,-2.32885557531843,-2.41675303528056,-2.23891890221246,-2.32258365732908,-2.62096539056763,-2.01972660163762,"95%","6",TRUE,15,0.145053633697745
"3065",",
 ","ProxyRecord",3909.325,-2.536051478,0.289584870766641,355.7,0.144792435383321,177.85,-1959.325,6,"test_set",0.000660564533649932,-2.46905816695077,-2.55276462268599,-2.3864406618351,-2.47053519209245,-2.76028793093548,-2.16461309242588,"95%","6",TRUE,15,0.145053633697745
"3066",",
 ","ProxyRecord",5045.05,-3.381744875,0.339435742587645,182.075,0.169717871293823,91.0374999999999,-3095.05,6,"test_set",0.000906126040411959,-3.48770264559049,-3.58762040176522,-3.38848988153943,-3.48664928910072,-3.82546257642223,-3.15304552867169,"95%","6",TRUE,15,0.145053633697745
"3067",",
 ","ProxyRecord",5223.5,-3.659498747,0.340023651799844,274.525,0.170011825899922,137.2625,-3273.5,6,"test_set",0.00111854579012416,-3.850732277015,-3.91199089081578,-3.7867704991443,-3.84877553426475,-4.18628849206539,-3.50432984945409,"95%","6",TRUE,15,0.145053633697745
"3068",",
 ","ProxyRecord",5253.5125,-3.738856111,0.341167013120535,287.5125,0.170583506560267,143.75625,-3303.5125,6,"test_set",0.00114550230383426,-3.91885619950089,-3.97909978028093,-3.85707264416262,-3.91732996835187,-4.26241368234087,-3.5768375402269,"95%","6",TRUE,15,0.145053633697745
"3069",",
 ","ProxyRecord",5440.975,-4.533437045,0.343107092356876,264.049999999999,0.171553546178438,132.025,-3490.975,6,"test_set",0.00125020262820019,-4.37606786659842,-4.4442010498529,-4.31210574323031,-4.36971110410199,-4.70343250990284,-4.02737248692074,"95%","6",TRUE,15,0.145053633697745
"3070",",
 ","ProxyRecord",5469.4875,-4.732269606,0.34364463779127,251.5125,0.171822318895635,125.75625,-3519.4875,6,"test_set",0.00125166291242707,-4.44850096004765,-4.51628437984963,-4.384564516767,-4.44726877362096,-4.77560197537926,-4.08652081404017,"95%","6",TRUE,15,0.145053633697745
"3071",",
 ","ProxyRecord",5482.5125,-4.772046295,0.343754642647718,243.5125,0.171877321323859,121.75625,-3532.5125,6,"test_set",0.00125076766070986,-4.4816130101502,-4.54928241486316,-4.41771522845206,-4.47817451686355,-4.83131424613382,-4.11483094857591,"95%","6",TRUE,15,0.145053633697745
"3072",",
 ","ProxyRecord",5510,-4.851600007,0.343977162579867,236,0.171988581289933,118,-3560,6,"test_set",0.00124566261787695,-4.55137828096549,-4.61744166750652,-4.48893132328007,-4.55251581091234,-4.89982821414548,-4.22116383354009,"95%","6",TRUE,15,0.145053633697745
"3073",",
 ","ProxyRecord",5832.025,-5.130111674,0.344781272868479,227.05,0.172390636434239,113.525,-3882.025,6,"test_set",0.000860836727212266,-5.27161482028668,-5.36235353593293,-5.18130242373002,-5.27606415488306,-5.62973989567231,-4.91583214932403,"95%","6",TRUE,15,0.145053633697745
"3074",",
 ","ProxyRecord",6086,-5.528218646,0.345997335052248,187.025,0.172998667526124,93.5124999999998,-4136,6,"test_set",0.000375360985271911,-5.55713377261493,-5.63769295717099,-5.4752624825565,-5.56490603689549,-5.91304804328323,-5.21061651326637,"95%","6",TRUE,15,0.145053633697745
"3075",",
 ","ProxyRecord",6507.475,-6.125994293,0.340564026510113,104.525,0.170282013255057,52.2624999999998,-4557.475,6,"test_set",0.00107317071869062,-6.01757460164495,-6.09195723990903,-5.94141119931475,-6.0146295010713,-6.35840278787682,-5.67662103471445,"95%","6",TRUE,15,0.145053633697745
"3076",",
 ","ProxyRecord",6724.5,-6.48481342,0.341857871416384,49.5249999999996,0.170928935708192,24.7624999999998,-4774.5,6,"test_set",0.00157870466830357,-6.6235374958796,-6.67919825833462,-6.56883667365938,-6.62263094214749,-6.9695497588154,-6.29922967098065,"95%","6",TRUE,15,0.145053633697745
"3077",",
 ","ProxyRecord",6894,-7.003509672,0.343837082444669,37,0.171918541222335,18.5,-4944,6,"test_set",0.00169913451750769,-7.19540424297978,-7.24784886727045,-7.14383995213181,-7.18977900909556,-7.53978235595484,-6.8547386303297,"95%","6",TRUE,15,0.145053633697745
"3078",",
 ","ProxyRecord",7071.0125,-7.762544206,0.346955222393991,50.0124999999998,0.173477611196996,25.0062499999999,-5121.0125,6,"test_set",0.00159997709796578,-7.77430411747329,-7.82822415971646,-7.72407374619505,-7.77604501206988,-8.11456323588708,-7.43087528158883,"95%","6",TRUE,15,0.145053633697745
"3079",",
 ","ProxyRecord",7072,-7.802531821,0.347126117252899,50,0.173563058626449,25,-5122,6,"test_set",0.00159951096727617,-7.77734866475503,-7.83130743231639,-7.7270679248385,-7.78223342887721,-8.13616413973985,-7.42749357515059,"95%","6",TRUE,15,0.145053633697745
"3080",",
 ","ProxyRecord",7082.9875,-8.082471263,0.348345391893485,49.0124999999998,0.174172695946742,24.5062499999999,-5132.9875,6,"test_set",0.00159481559329766,-7.81112890918988,-7.86461896661745,-7.76022530434067,-7.81370320865736,-8.15241132828969,-7.49340285320508,"95%","6",TRUE,15,0.145053633697745
"3081",",
 ","ProxyRecord",7087,-8.202512229,0.348877000744633,48.0249999999996,0.174438500372316,24.0124999999998,-5137,6,"test_set",0.00159332553346658,-7.82342474589235,-7.8760344433573,-7.77229263231905,-7.82305112405328,-8.1569139948194,-7.46406880775173,"95%","6",FALSE,15,0.145053633697745
"3082",",
 ","ProxyRecord",7468.025,-8.923237509,0.343182358880579,94.0250000000006,0.17159117944029,47.0125000000003,-5518.025,6,"test_set",0.00199938001341771,-9.08825737168895,-9.14812487599718,-9.02887069360979,-9.08683516260836,-9.41176415913875,-8.75683690022868,"95%","6",TRUE,15,0.145053633697745
"3083",",
 ","ProxyRecord",7478.0375,-8.963317834,0.343377864874404,98.0374999999994,0.171688932437202,49.0187499999997,-5528.0375,6,"test_set",0.00202466285292857,-9.12929209284923,-9.18941248751986,-9.07050383279391,-9.12979683072489,-9.44468773908615,-8.79397228948131,"95%","6",TRUE,15,0.145053633697745
"3084",",
 ","ProxyRecord",7845,-10.80497827,0.316937688842211,77,0.158468844421106,38.5,-5895,6,"test_set",0.00222775578615497,-10.9164817423009,-10.9812369091427,-10.8513060167145,-10.9181471774256,-11.236176394181,-10.6017302856099,"95%","6",TRUE,15,0.145053633697745
"3085",",
 ","ProxyRecord",7896.5,-11.04732685,0.318392066237282,76.5249999999996,0.159196033118641,38.2624999999998,-5946.5,6,"test_set",0.00203698621503712,-11.1291026093533,-11.197307038744,-11.0627826602831,-11.1359980507453,-11.4661568083382,-10.8121459881756,"95%","6",TRUE,15,0.145053633697745
"3086",",
 ","ProxyRecord",847.125,-0.695083187,0.319884878215016,253.125,0.159942439107508,126.5625,1102.875,7,"test_set",0.000141677638546001,-0.676056105435274,-0.875467001924525,-0.490878631781315,-0.680643612231284,-1.05029663887467,-0.323254318726562,"95%","7",TRUE,15,0.145053633697745
"3087",",
 ","ProxyRecord",1516.4625,-0.879284769,0.286673489851659,291.5875,0.143336744925829,145.79375,433.5375,7,"test_set",0.000183593246225189,-0.908322179080984,-1.04733865418006,-0.771030081131147,-0.906772858002316,-1.22461911976352,-0.601103381746497,"95%","7",TRUE,15,0.145053633697745
"3088",",
 ","ProxyRecord",2489.5125,-1.135875216,0.30046558039297,369.5125,0.150232790196485,184.75625,-539.5125,7,"test_set",0.000162333655617797,-1.19041345859393,-1.32338587886136,-1.05587304270767,-1.18853524567545,-1.50917750461012,-0.847241409260841,"95%","7",TRUE,15,0.145053633697745
"3089",",
 ","ProxyRecord",2751.4125,-1.33293653,0.300637532720803,478.6125,0.150318766360402,239.30625,-801.4125,7,"test_set",0.00023138083998786,-1.292799160925,-1.41769428752951,-1.15466360047198,-1.2821923806197,-1.60232110581227,-0.949562215639272,"95%","7",TRUE,15,0.145053633697745
"3090",",
 ","ProxyRecord",2796.5125,-1.372378102,0.300675145598983,477.5125,0.150337572799491,238.75625,-846.5125,7,"test_set",0.000248007773850922,-1.3144270965811,-1.43618590056245,-1.18085160728324,-1.31691420069261,-1.63335039599462,-1.00317752888035,"95%","7",TRUE,15,0.145053633697745
"3091",",
 ","ProxyRecord",2840.475,-1.411810407,0.30071411651296,479.525,0.15035705825648,239.7625,-890.475,7,"test_set",0.000265666465609771,-1.33697449023215,-1.45298440354593,-1.21239896311302,-1.33485162556022,-1.65188390875474,-1.0245024816221,"95%","7",TRUE,15,0.145053633697745
"3092",",
 ","ProxyRecord",3303.5,-1.666295442,0.288272126175546,553.525,0.144136063087773,276.7625,-1353.5,7,"test_set",0.000529104389257462,-1.69530498505263,-1.78944223359718,-1.60083915577775,-1.69680923179476,-2.00377876588019,-1.41079316519801,"95%","7",TRUE,15,0.145053633697745
"3093",",
 ","ProxyRecord",3878.425,-2.496469688,0.289513860602869,365.625,0.144756930301435,182.8125,-1928.425,7,"test_set",0.000683164063197683,-2.43608137357739,-2.50673445353284,-2.36450697091661,-2.43109953149941,-2.71152473315654,-2.12804471122604,"95%","7",TRUE,15,0.145053633697745
"3094",",
 ","ProxyRecord",4537.4625,-3.104147077,0.338890106207929,242.5625,0.169445053103964,121.28125,-2587.4625,7,"test_set",0.000141170140011138,-2.96516593921125,-3.05252239916731,-2.87556160076511,-2.97860638328039,-3.32330244170006,-2.63469788274749,"95%","7",TRUE,15,0.145053633697745
"3095",",
 ","ProxyRecord",4958.525,-3.342076191,0.339354657792045,177.575000000001,0.169677328896023,88.7875000000004,-3008.525,7,"test_set",0.000827895273725065,-3.30583506197824,-3.42780428656535,-3.1861577477099,-3.30150762742824,-3.64580448337935,-2.94567993308942,"95%","7",TRUE,15,0.145053633697745
"3096",",
 ","ProxyRecord",5201,-3.619811057,0.339937131124243,263,0.169968565562121,131.5,-3251,7,"test_set",0.0011719741031424,-3.80267977332728,-3.86700993869503,-3.73601393931322,-3.80295423787204,-4.15820714324383,-3.47599981041274,"95%","7",TRUE,15,0.145053633697745
"3097",",
 ","ProxyRecord",5692.025,-5.010731089,0.344431279151665,261.025000000001,0.172215639575833,130.5125,-3742.025,7,"test_set",0.00106959240702142,-5.01221674300534,-5.08580771964667,-4.93873946671728,-5.00522308596569,-5.34649281341047,-4.64588634995125,"95%","7",TRUE,15,0.145053633697745
"3098",",
 ","ProxyRecord",6473.4875,-5.966574007,0.340009225945833,117.5125,0.170004612972917,58.7562499999999,-4523.4875,7,"test_set",0.00096540181440119,-5.94174946380211,-6.01887854414747,-5.86384793683365,-5.94429708921019,-6.27112791895154,-5.60967399909027,"95%","7",TRUE,15,0.145053633697745
"3099",",
 ","ProxyRecord",6498,-6.086131553,0.340423833661309,108,0.170211916830655,54,-4548,7,"test_set",0.00105055659496145,-5.99210822691589,-6.06851831430556,-5.91528148366661,-5.98884815863372,-6.33956021639314,-5.64904598233607,"95%","7",TRUE,15,0.145053633697745
"3100",",
 ","ProxyRecord",6892,-6.96359469,0.343680553311825,38,0.171840276655912,19,-4942,7,"test_set",0.00171465600293796,-7.19239294933937,-7.24270030624155,-7.14156848347069,-7.19152973396609,-7.53264165296996,-6.84015693249133,"95%","7",TRUE,15,0.145053633697745
"3101",",
 ","ProxyRecord",7088.9875,-8.242522251,0.349055583,48.0124999999998,0.174527791574334,24.0062499999999,-5138.9875,7,"test_set",0.00160194499967403,-7.83741487214523,-7.88842108530669,-7.78651877846866,-7.83809230465651,-8.17975392625532,-7.47975115277598,"95%","7",FALSE,15,0.145053633697745
"3102",",
 ","ProxyRecord",7303.5,-8.522639728,0.341268713146706,72.5249999999996,0.170634356573353,36.2624999999998,-5353.5,7,"test_set",0.00168741886641399,-8.50133688951188,-8.55919947667225,-8.44258738170066,-8.50551104208108,-8.8440435529152,-8.16746091757214,"95%","7",TRUE,15,0.145053633697745
"3103",",
 ","ProxyRecord",7322,-8.562682971,0.341457053963497,65,0.170728526981748,32.5,-5372,7,"test_set",0.00171058738689389,-8.56228273304012,-8.62189032155726,-8.50241388096447,-8.56057788450819,-8.88408878435831,-8.22417113503085,"95%","7",TRUE,15,0.145053633697745
"3104",",
 ","ProxyRecord",7355.5,-8.642775035,0.341836322185815,56.5,0.170918161092907,28.25,-5405.5,7,"test_set",0.00175892491620644,-8.67566350044286,-8.7393640082944,-8.61345710453922,-8.67363986630119,-9.0209392624004,-8.33270651853193,"95%","7",TRUE,15,0.145053633697745
"3105",",
 ","ProxyRecord",7450.5,-8.843079696,0.342794840287658,91.5,0.171397420143829,45.75,-5500.5,7,"test_set",0.00194073701775821,-9.02426039966741,-9.09144007242427,-8.959173044641,-9.02614536881303,-9.36854557643629,-8.67217993776837,"95%","7",TRUE,15,0.145053633697745
"3106",",
 ","ProxyRecord",7496.0125,-9.043484911,0.343769106,99.0374999999994,0.171884553,49.5187499999997,-5546.0125,7,"test_set",0.00205127471932798,-9.20911166894368,-9.27643665842076,-9.14495959652783,-9.20183371601141,-9.55252286717431,-8.87917419248838,"95%","7",TRUE,15,0.145053633697745
"3107",",
 ","ProxyRecord",7517.025,-9.163784268,0.344361290824923,96.0250000000006,0.172180645412462,48.0125000000003,-5567.025,7,"test_set",0.00210743104345212,-9.29909942961829,-9.36478761916673,-9.23683741453406,-9.30101137332526,-9.6821857111685,-8.95084168416474,"95%","7",TRUE,15,0.145053633697745
"3108",",
 ","ProxyRecord",7520.9875,-9.203880679,0.344559865209497,97.0124999999998,0.172279932604749,48.5062499999999,-5570.9875,7,"test_set",0.00211838356425353,-9.31642094822187,-9.38148430618345,-9.2547443356442,-9.31453262135981,-9.65609791624707,-8.97337982194358,"95%","7",TRUE,15,0.145053633697745
"3109",",
 ","ProxyRecord",7572.5,-9.484752232,0.345968667861325,78.5,0.172984333930663,39.25,-5622.5,7,"test_set",0.00226532960985182,-9.5523614412742,-9.6131127467116,-9.49645019656393,-9.55276725785828,-9.88680891295937,-9.1991663548352,"95%","7",TRUE,15,0.145053633697745
"3110",",
 ","ProxyRecord",7615.5,-9.886457368,0.348029551077181,51.5,0.17401477553859,25.75,-5665.5,7,"test_set",0.00235797150516248,-9.76291677483398,-9.81905187365471,-9.7110228337672,-9.75853872911644,-10.0979976684164,-9.40559843725363,"95%","7",TRUE,15,0.145053633697745
"3111",",
 ","ProxyRecord",7621.975,-9.92665478,0.348238250285579,48.0249999999996,0.17411912514279,24.0124999999998,-5671.975,7,"test_set",0.00236870135634781,-9.79540216152532,-9.85090875209319,-9.743857427747,-9.79554901714346,-10.1383841542105,-9.46156793563612,"95%","7",TRUE,15,0.145053633697745
"3112",",
 ","ProxyRecord",7660,-10.08751181,0.349082609237231,50,0.174541304618615,25,-5710,7,"test_set",0.00241470353747886,-9.98883919307858,-10.0418194191918,-9.93933034835735,-9.98588434893234,-10.3348194632014,-9.64541283994627,"95%","7",TRUE,15,0.145053633697745
"3113",",
 ","ProxyRecord",7755.0125,-10.52272384,0.315264165620434,64.0124999999998,0.157632082810217,32.0062499999999,-5805.0125,7,"test_set",0.00240258381856151,-10.4747522667253,-10.5312847358779,-10.4177656460294,-10.4759772865514,-10.7931755472413,-10.1674969505968,"95%","7",TRUE,15,0.145053633697745
"3114",",
 ","ProxyRecord",7765.5125,-10.56300702,0.315501818036251,66.5124999999998,0.157750909018125,33.2562499999999,-5815.5125,7,"test_set",0.0023901075743904,-10.5271148728376,-10.5837521895464,-10.4697468763175,-10.530567243539,-10.8342744420184,-10.2198065890379,"95%","7",TRUE,15,0.145053633697745
"3115",",
 ","ProxyRecord",583.5125,-0.616526198,0.31985027938865,235.5125,0.159925139694325,117.75625,1366.4875,8,"test_set",0.000262317885557639,-0.579344721930078,-0.70845548212093,-0.444736435486701,-0.580440492843054,-0.913282045773469,-0.23562946451326,"95%","8",TRUE,15,0.145053633697745
"3116",",
 ","ProxyRecord",1074,-0.734375889,0.319903829030286,223,0.159951914515143,111.5,876,8,"test_set",0.0001702975991974,-0.742493188780677,-0.987242626956658,-0.490346362664537,-0.740629587072432,-1.12571751584519,-0.354650398629091,"95%","8",TRUE,15,0.145053633697745
"3117",",
 ","ProxyRecord",3476.475,-1.903281447,0.288578229984398,525.55,0.144289114992199,262.775,-1526.475,8,"test_set",0.000633204700273282,-1.89600620116274,-1.96804939254644,-1.8264047110048,-1.8942583907146,-2.19745327001019,-1.5871752298436,"95%","8",TRUE,15,0.145053633697745
"3118",",
 ","ProxyRecord",3547.35,-1.982305466,0.288688593716257,511.65,0.144344296858129,255.825,-1597.35,8,"test_set",0.000658758288130112,-1.9872079660289,-2.05556143267403,-1.91779877106984,-1.99028792002892,-2.27476363229933,-1.68655174035126,"95%","8",TRUE,15,0.145053633697745
"3119",",
 ","ProxyRecord",3699.3875,-2.179977648,0.288984919316642,457.6375,0.144492459658321,228.81875,-1749.3875,8,"test_set",0.000686396961335767,-2.19228413754699,-2.26983348259094,-2.11228733109475,-2.1884965304902,-2.49552965343437,-1.89761002698412,"95%","8",TRUE,15,0.145053633697745
"3120",",
 ","ProxyRecord",3737.95,-2.259077298,0.289110972963226,445.05,0.144555486481613,222.525,-1787.95,8,"test_set",0.000687513127628492,-2.24538958682498,-2.3214544695921,-2.16254328620204,-2.24482884402515,-2.53965709941215,-1.95723508848094,"95%","8",TRUE,15,0.145053633697745
"3121",",
 ","ProxyRecord",4453,-2.985223345,0.338669928952243,277.1,0.169334964476122,138.55,-2503,8,"test_set",0.000174997918611641,-2.94050632004249,-3.0281926584101,-2.85608038780817,-2.94000591470204,-3.2809407382799,-2.61099428734189,"95%","8",TRUE,15,0.145053633697745
"3122",",
 ","ProxyRecord",4484.975,-3.024857872,0.338742591363626,263.049999999999,0.169371295681813,131.525,-2534.975,8,"test_set",0.000170385176923027,-2.95097821797602,-3.03737648222856,-2.86680955119905,-2.95069821825656,-3.30478843312746,-2.60958512402167,"95%","8",TRUE,15,0.145053633697745
"3123",",
 ","ProxyRecord",4566.475,-3.143788366,0.338965562775759,229.525,0.16948278138788,114.7625,-2616.475,8,"test_set",0.00018977562992184,-2.97817974778529,-3.07151177404033,-2.88983142742432,-2.97684829887863,-3.31645641999105,-2.61888821976746,"95%","8",TRUE,15,0.145053633697745
"3124",",
 ","ProxyRecord",5074.9875,-3.421408449,0.339517185021476,194.0125,0.169758592510738,97.0062499999999,-3124.9875,8,"test_set",0.00100918556442675,-3.54112943663886,-3.63429196098656,-3.4445849921204,-3.53689637163147,-3.874587130549,-3.18367048658155,"95%","8",TRUE,15,0.145053633697745
"3125",",
 ","ProxyRecord",5119.9875,-3.500760109,0.339682621925716,216.0125,0.169841310962858,108.00625,-3169.9875,8,"test_set",0.00106780680640961,-3.63481175112606,-3.71676530712914,-3.54949353599518,-3.63232344274401,-3.98252679717746,-3.29384796875548,"95%","8",TRUE,15,0.145053633697745
"3126",",
 ","ProxyRecord",5163.4875,-3.580127755,0.339851546253422,245.5125,0.169925773126711,122.75625,-3213.4875,8,"test_set",0.00111735663046453,-3.73024236312803,-3.80355933794698,-3.65370915569427,-3.73458898327877,-4.07432438940692,-3.4118028477642,"95%","8",TRUE,15,0.145053633697745
"3127",",
 ","ProxyRecord",5296.5,-3.93739353,0.341620480675429,295.5,0.170810240337715,147.75,-3346.5,8,"test_set",0.00122546147562907,-4.04543807508045,-4.10918106431185,-3.98686352964921,-4.04357437051775,-4.37926692517409,-3.71479182809726,"95%","8",TRUE,15,0.145053633697745
"3128",",
 ","ProxyRecord",5370.0125,-4.096279378,0.341998759939205,290.0125,0.170999379969603,145.00625,-3420.0125,8,"test_set",0.00125713954064466,-4.23015555156188,-4.29241304990522,-4.17148157412171,-4.23049211143976,-4.57416988075043,-3.87589723115433,"95%","8",TRUE,15,0.145053633697745
"3129",",
 ","ProxyRecord",5381,-4.136006945,0.342095604,286,0.171047802,143,-3431,8,"test_set",0.00126012140617693,-4.25816198683301,-4.31943642149084,-4.1989007103125,-4.25728427045722,-4.59292160645493,-3.91335590506085,"95%","8",TRUE,15,0.145053633697745
"3130",",
 ","ProxyRecord",5593,-4.970941183,0.344316526986243,255,0.172158263493122,127.5,-3643,8,"test_set",0.00118764958740858,-4.79382928367181,-4.85736899222483,-4.73183460836462,-4.79452076725081,-5.14888606208045,-4.45033824159828,"95%","8",TRUE,15,0.145053633697745
"3131",",
 ","ProxyRecord",5811.9875,-5.090313648,0.344663343498686,232.0375,0.172331671749343,116.01875,-3861.9875,8,"test_set",0.000852471855528058,-5.25522465488536,-5.34337027698812,-5.16887043197456,-5.25479627445013,-5.60764425566883,-4.92256476885035,"95%","8",TRUE,15,0.145053633697745
"3132",",
 ","ProxyRecord",6144,-5.607876288,0.346250177934013,172.05,0.173125088967007,86.0250000000001,-4194,8,"test_set",0.000292708582683154,-5.5730024498487,-5.64751175293851,-5.4917400675445,-5.56687837712208,-5.91510818602858,-5.21638479732911,"95%","8",TRUE,15,0.145053633697745
"3133",",
 ","ProxyRecord",6224.4875,-5.687542718,0.34650676041386,175.5375,0.17325338020693,87.7687500000002,-4274.4875,8,"test_set",0.000337559065100024,-5.61756328409982,-5.68801976176853,-5.54273181638109,-5.61903177102353,-5.97371294368548,-5.28068868520185,"95%","8",TRUE,15,0.145053633697745
"3134",",
 ","ProxyRecord",6541.4625,-6.3253188,0.341274634737221,92.5375000000004,0.17063731736861,46.2687500000002,-4591.4625,8,"test_set",0.00122537611617624,-6.06222566454463,-6.139594177714,-5.98509278602243,-6.05401473706014,-6.3798236803032,-5.69807006619547,"95%","8",TRUE,15,0.145053633697745
"3135",",
 ","ProxyRecord",6548.9875,-6.365185827,0.341419404877928,88.0124999999998,0.170709702438964,44.0062499999999,-4598.9875,8,"test_set",0.00124945571915447,-6.08127784578942,-6.15835180532758,-6.00511754361514,-6.0797330269326,-6.40746722370382,-5.72961264876465,"95%","8",TRUE,15,0.145053633697745
"3136",",
 ","ProxyRecord",6606.975,-6.405062003,0.341564503947161,81.0499999999993,0.170782251973581,40.5249999999996,-4656.975,8,"test_set",0.0014162962796771,-6.23999638910081,-6.31245941524501,-6.17018204977463,-6.24488484029298,-6.59461965421878,-5.90761459329733,"95%","8",TRUE,15,0.145053633697745
"3137",",
 ","ProxyRecord",6887.475,-6.80395828,0.343060954135525,37.5249999999996,0.171530477067762,18.7624999999998,-4937.475,8,"test_set",0.00175556876118588,-7.18357886524874,-7.23606105569361,-7.13001584393376,-7.18453619200275,-7.51111079554874,-6.8383265072337,"95%","8",FALSE,15,0.145053633697745
"3138",",
 ","ProxyRecord",7050.4875,-7.562680895,0.346108904598418,49.5124999999998,0.173054452299209,24.7562499999999,-5100.4875,8,"test_set",0.00161371836262525,-7.73213885746881,-7.78603983684439,-7.67750210752224,-7.73493306415124,-8.08280386287384,-7.38365972726599,"95%","8",TRUE,15,0.145053633697745
"3139",",
 ","ProxyRecord",7566,-9.404470798,0.345563160794744,81,0.172781580397372,40.5,-5616,8,"test_set",0.00226395953681902,-9.51248625171062,-9.56607679677374,-9.45972233705078,-9.51172369016215,-9.84302523342481,-9.17964186135225,"95%","8",TRUE,15,0.145053633697745
"3140",",
 ","ProxyRecord",7601.5,-9.765890009,0.347405288437699,61.5,0.173702644218849,30.75,-5651.5,8,"test_set",0.00235879091232682,-9.68553173430046,-9.73682325510461,-9.63505807831875,-9.68265066766377,-10.0271514661813,-9.3284453348466,"95%","8",TRUE,15,0.145053633697745
"3141",",
 ","ProxyRecord",7689.4875,-10.24849435,0.349935022654488,53.5124999999998,0.174967511327244,26.7562499999999,-5739.4875,8,"test_set",0.00247173852478966,-10.137960333603,-10.1879226140481,-10.087250794808,-10.1391764360065,-10.4890931487842,-9.80171221182733,"95%","8",TRUE,15,0.145053633697745
"3142",",
 ","ProxyRecord",7921.5,-11.20918651,0.31937371267617,69.5,0.159686856338085,34.75,-5971.5,8,"test_set",0.00193528839997903,-11.213840539736,-11.2769216005883,-11.1487859471805,-11.217311447734,-11.5255453726632,-10.8946493201516,"95%","8",TRUE,15,0.145053633697745
"3143",",
 ","ProxyRecord",7942.475,-11.33078558,0.3201107,60.5499999999993,0.16005535,30.2749999999996,-5992.475,8,"test_set",0.00182716270065164,-11.2836825261941,-11.3478261148029,-11.2181832720457,-11.2787560346191,-11.59916546898,-10.9461892877909,"95%","8",TRUE,15,0.145053633697745
"3144",",
 ","ProxyRecord",261.05,-0.302951103,0.319753405,187.05,0.159876702302196,93.525,1688.95,9,"test_set",0.000476287148701293,-0.336942356335698,-0.460420594415589,-0.20432360313836,-0.331130953029798,-0.6701598996452,0.00215009971012833,"95%","9",TRUE,15,0.145053633697745
"3145",",
 ","ProxyRecord",354.925,-0.381224695,0.319771362832019,224.125,0.15988568141601,112.0625,1595.075,9,"test_set",0.00044308175117802,-0.424578434421726,-0.537869940404188,-0.309871907366804,-0.422089181837034,-0.780623644102636,-0.0722006247372581,"95%","9",TRUE,15,0.145053633697745
"3146",",
 ","ProxyRecord",1254.55,-0.800639634,0.286625488321054,213.575,0.143312744160527,106.7875,695.45,9,"test_set",0.000176255757269872,-0.813851370001563,-1.00678031796297,-0.624715484246443,-0.814589940347884,-1.14217520411017,-0.473852927180477,"95%","9",TRUE,15,0.145053633697745
"3147",",
 ","ProxyRecord",1438.0125,-0.839957544,0.286648866939431,294.0125,0.143324433469715,147.00625,511.9875,9,"test_set",0.000167657399954835,-0.882841433491145,-1.04419062576413,-0.722400851729556,-0.880600188478128,-1.2057430755971,-0.56119655853167,"95%","9",TRUE,15,0.145053633697745
"3148",",
 ","ProxyRecord",1831.4875,-1.036690097,0.286783231865505,286.5125,0.143391615932753,143.25625,118.5125,9,"test_set",0.000120771871564562,-0.992261860606013,-1.15645930729828,-0.827066432233606,-0.988758746448025,-1.32617393269521,-0.663494207331029,"95%","9",TRUE,15,0.145053633697745
"3149",",
 ","ProxyRecord",2292.0375,-1.096484017,0.300434440477865,271.0375,0.150217220238933,135.51875,-342.0375,9,"test_set",0.000173227278160715,-1.1178097415555,-1.33089372524768,-0.898126218104704,-1.12333962789565,-1.47829643895262,-0.75622171402832,"95%","9",TRUE,15,0.145053633697745
"3150",",
 ","ProxyRecord",2713.5,-1.293514541,0.300601118461603,468.525,0.150300559230802,234.2625,-763.5,9,"test_set",0.000225867647840605,-1.29176695627722,-1.40770774586339,-1.18324346459819,-1.28932454152163,-1.60400466695028,-0.963428388770839,"95%","9",TRUE,15,0.145053633697745
"3151",",
 ","ProxyRecord",3448.3625,-1.86376971,0.288524667101224,531.6375,0.144262333550612,265.81875,-1498.3625,9,"test_set",0.000598213111180357,-1.85742774559464,-1.93049148192287,-1.78516851755898,-1.86040121996125,-2.16098994289591,-1.58120488175377,"95%","9",TRUE,15,0.145053633697745
"3152",",
 ","ProxyRecord",3593.4875,-2.021836245,0.288745940919015,495.5625,0.144372970459508,247.78125,-1643.4875,9,"test_set",0.00066165266180418,-2.04187002656014,-2.11111003054483,-1.9722866264725,-2.04441032609466,-2.3368078228428,-1.76031650743374,"95%","9",TRUE,15,0.145053633697745
"3153",",
 ","ProxyRecord",3828.4875,-2.417322012,0.289374959537354,387.5625,0.144687479768677,193.78125,-1878.4875,9,"test_set",0.000713015514475224,-2.37130462751883,-2.44999285375817,-2.29362767232354,-2.36929861526304,-2.64754370560556,-2.07962431810065,"95%","9",TRUE,15,0.145053633697745
"3154",",
 ","ProxyRecord",4227.425,-2.734003631,0.28995434625047,334.6,0.144977173125235,167.3,-2277.425,9,"test_set",0.00038510501170208,-2.85022599439035,-2.95106039080457,-2.74802676161527,-2.84739121895426,-3.14901400001745,-2.54418360678086,"95%","9",TRUE,15,0.145053633697745
"3155",",
 ","ProxyRecord",4645.975,-3.223096834,0.339118288230522,180.025,0.169559144115261,90.0124999999998,-2695.975,9,"test_set",0.000195180668360884,-2.99849681107506,-3.10278573711951,-2.89492593246297,-2.99233230874251,-3.339719898199,-2.63259623528654,"95%","9",TRUE,15,0.145053633697745
"3156",",
 ","ProxyRecord",5288.5,-3.897681316,0.341527995239457,294.5,0.170763997619729,147.25,-3338.5,9,"test_set",0.00124364901623597,-4.00503317446142,-4.06132989081966,-3.94441434194562,-4.00944700878651,-4.34608905918254,-3.66422215185641,"95%","9",TRUE,15,0.145053633697745
"3157",",
 ","ProxyRecord",5497.475,-4.811821559,0.343865587281485,239.525,0.171932793640742,119.7625,-3547.475,9,"test_set",0.00126860842353249,-4.54305359876264,-4.60194627551999,-4.48407288622235,-4.53985945687441,-4.88014217143113,-4.19767756989908,"95%","9",TRUE,15,0.145053633697745
"3158",",
 ","ProxyRecord",6113.525,-5.568045569,0.346123576551459,181.525000000001,0.173061788275729,90.7625000000003,-4163.525,9,"test_set",0.000327247043729884,-5.55736185518715,-5.6381739580465,-5.48300539198442,-5.55776642227313,-5.90722158638674,-5.21508109407716,"95%","9",TRUE,15,0.145053633697745
"3159",",
 ","ProxyRecord",6315.5375,-5.727524105,0.339202350042406,166.5625,0.169601175021203,83.28125,-4365.5375,9,"test_set",0.000523992993173295,-5.70371616620151,-5.78012827363857,-5.62944112865888,-5.70626856514516,-6.04897077407356,-5.35542811251424,"95%","9",TRUE,15,0.145053633697745
"3160",",
 ","ProxyRecord",6492,-6.046279297,0.340284880886553,110.025,0.170142440443276,55.0124999999998,-4542,9,"test_set",0.0010749190750392,-5.9797944043477,-6.06051019437242,-5.90107436233984,-5.98203555350628,-6.31362538623396,-5.63409191310501,"95%","9",TRUE,15,0.145053633697745
"3161",",
 ","ProxyRecord",6534,-6.285451714,0.341130709960747,96,0.170565354980374,48,-4584,9,"test_set",0.00120938896510658,-6.07836719168553,-6.15680215118993,-6.00219992128751,-6.08360246593749,-6.41410863204019,-5.72014151478197,"95%","9",TRUE,15,0.145053633697745
"3162",",
 ","ProxyRecord",6664.4875,-6.444935284,0.341711094596268,70.5124999999998,0.170855547298134,35.2562499999999,-4714.4875,9,"test_set",0.00152416641634456,-6.44879630571911,-6.51273519521825,-6.38386744517048,-6.45504488325903,-6.79211527632874,-6.10108724591052,"95%","9",TRUE,15,0.145053633697745
"3163",",
 ","ProxyRecord",6753.4875,-6.524692068,0.342005575347281,36.5124999999998,0.17100278767364,18.2562499999999,-4803.4875,9,"test_set",0.0016494686278179,-6.7393453195493,-6.79316842255717,-6.68332670651755,-6.74012798252108,-7.08112417375777,-6.39291647144228,"95%","9",TRUE,15,0.145053633697745
"3164",",
 ","ProxyRecord",6766.9875,-6.604468054,0.342303101619817,38.0124999999998,0.171151550809909,19.0062499999999,-4816.9875,9,"test_set",0.00166214276260401,-6.78497785991418,-6.83841651970053,-6.72963581184463,-6.78409951362315,-7.12586389358036,-6.46100106934391,"95%","9",TRUE,15,0.145053633697745
"3165",",
 ","ProxyRecord",6880,-6.72415441,0.342755673935356,41,0.171377836967678,20.5,-4930,9,"test_set",0.00170281285081231,-7.17236392949464,-7.22342485136869,-7.11995760953668,-7.17220803432557,-7.50844563599766,-6.8338036464475,"95%","9",FALSE,15,0.145053633697745
"3166",",
 ","ProxyRecord",6902.5,-7.243088214,0.344793575364147,36.5,0.172396787682073,18.25,-4952.5,9,"test_set",0.00169695686447202,-7.24905384103417,-7.3018089463364,-7.19724790872979,-7.24618692582986,-7.58601188997269,-6.89284207873702,"95%","9",TRUE,15,0.145053633697745
"3167",",
 ","ProxyRecord",7077.5125,-7.962482349,0.3478192753668,49.5124999999998,0.1739096376834,24.7562499999999,-5127.5125,9,"test_set",0.00155550242111335,-7.80748794553034,-7.86017650371112,-7.7570289586547,-7.80770402469343,-8.15476234870037,-7.45638792932277,"95%","9",TRUE,15,0.145053633697745
"3168",",
 ","ProxyRecord",7526.9875,-9.243994205,0.344758772676624,97.0124999999998,0.172379386338312,48.5062499999999,-5576.9875,9,"test_set",0.00218187059060071,-9.33415402720163,-9.38846078556122,-9.27812612232539,-9.33346696407293,-9.67103034303516,-8.99714992776878,"95%","9",TRUE,15,0.145053633697745
"3169",",
 ","ProxyRecord",7535.5,-9.284107444,0.344958883798887,94.5,0.172479441899443,47.25,-5585.5,9,"test_set",0.00221004992213558,-9.37316014071981,-9.42708883886044,-9.31724112219879,-9.3758370511167,-9.72538371222657,-9.03940379453948,"95%","9",TRUE,15,0.145053633697745
"3170",",
 ","ProxyRecord",7651.9875,-10.04729486,0.348870386384677,46.0124999999998,0.174435193192338,23.0062499999999,-5701.9875,9,"test_set",0.00245859711749397,-9.9536927963489,-9.9991523531202,-9.90602593990826,-9.95682635313313,-10.3101731553686,-9.60486207428785,"95%","9",TRUE,15,0.145053633697745
"3171",",
 ","ProxyRecord",7882.475,-10.96649002,0.317905458091809,75.5249999999996,0.158952729045904,37.7624999999998,-5932.475,9,"test_set",0.00210052289419949,-11.0694310912094,-11.1328124733483,-11.0068059902932,-11.0622387703221,-11.3953008069779,-10.7386256928057,"95%","9",TRUE,15,0.145053633697745
"3172",",
 ","ProxyRecord",8096.0125,-11.61562273,0.321847961468769,116.037499999999,0.160923980734384,58.0187499999997,-6146.0125,9,"test_set",0.000766706089461166,-11.5208494261413,-11.7423929104038,-11.3178500115443,-11.5172331496332,-11.9155901764838,-11.1372148161954,"95%","9",TRUE,15,0.145053633697745
"3173",",
 ","ProxyRecord",314.525,-0.342078769,0.319761861512691,215.55,0.159880930756345,107.775,1635.475,10,"test_set",0.000458846460876794,-0.388466227365142,-0.510321716884897,-0.268342971776571,-0.390478526605933,-0.71739450458554,-0.0584777573976109,"95%","10",TRUE,15,0.145053633697745
"3174",",
 ","ProxyRecord",424.5125,-0.459588663,0.319793408523136,253.6125,0.159896704261568,126.80625,1525.4875,10,"test_set",0.00039045381153846,-0.48548206924363,-0.61185576425538,-0.358812937941264,-0.486884545101728,-0.811910503879983,-0.13563947320843,"95%","10",TRUE,15,0.145053633697745
"3175",",
 ","ProxyRecord",688.9375,-0.655797012,0.319867015494004,243.0875,0.159933507747002,121.54375,1261.0625,10,"test_set",0.000186387962908263,-0.63012000689626,-0.777434810203226,-0.484516999511777,-0.633968750053378,-0.977499365657867,-0.284676409453906,"95%","10",TRUE,15,0.145053633697745
"3176",",
 ","ProxyRecord",3050.05,-1.490715379,0.300794773612641,534.075,0.15039738680632,267.0375,-1100.05,10,"test_set",0.000352612506399064,-1.47477543813422,-1.58911500764102,-1.36523916684894,-1.47134514544137,-1.78763911595123,-1.15646916101976,"95%","10",TRUE,15,0.145053633697745
"3177",",
 ","ProxyRecord",3176.9625,-1.569650617,0.300879806101973,536.0875,0.150439903050987,268.04375,-1226.9625,10,"test_set",0.000436416581450771,-1.5740940601894,-1.69635899922558,-1.45065450635412,-1.57210643706213,-1.88897484897955,-1.24296119680611,"95%","10",TRUE,15,0.145053633697745
"3178",",
 ","ProxyRecord",3241.4625,-1.609122975,0.300923926058793,549.5375,0.150461963029397,274.76875,-1291.4625,10,"test_set",0.000484108691145568,-1.63339660280938,-1.75320875725012,-1.51391893472952,-1.63286118978404,-1.94459017132923,-1.31495788988513,"95%","10",TRUE,15,0.145053633697745
"3179",",
 ","ProxyRecord",3652.4375,-2.100903267,0.288863245235775,474.5875,0.144431622617888,237.29375,-1702.4375,10,"test_set",0.000678169334900058,-2.1258130824974,-2.20187406085206,-2.0513362197271,-2.13230018004336,-2.4150848337378,-1.82259630725218,"95%","10",TRUE,15,0.145053633697745
"3180",",
 ","ProxyRecord",3774.9125,-2.338190529,0.289240700413988,423.0875,0.144620350206994,211.54375,-1824.9125,10,"test_set",0.000697193869658719,-2.29566948506114,-2.37601006004062,-2.21282418564968,-2.29517783831724,-2.60364440350897,-2.00249395871234,"95%","10",TRUE,15,0.145053633697745
"3181",",
 ","ProxyRecord",4062.9625,-2.615220506,0.289729574654109,362.0625,0.144864787327055,181.03125,-2112.9625,10,"test_set",0.000580304330322079,-2.67797288647513,-2.76069948935688,-2.60100458525581,-2.6796672022858,-2.98853829442687,-2.36475844871709,"95%","10",TRUE,15,0.145053633697745
"3182",",
 ","ProxyRecord",5139.95,-3.540440188,0.339766772285827,226.075,0.169883386142914,113.0375,-3189.95,10,"test_set",0.0010907038341057,-3.67691705442903,-3.75440411490576,-3.6014960657177,-3.68475081017149,-4.00679743035053,-3.36276132153901,"95%","10",TRUE,15,0.145053633697745
"3183",",
 ","ProxyRecord",5240.525,-3.699188863,0.340110731013885,284.525000000001,0.170055365506943,142.2625,-3290.525,10,"test_set",0.00118972107016058,-3.90795319716072,-3.97415325576004,-3.84226152182502,-3.91258248969329,-4.26685988193698,-3.58685356735544,"95%","10",TRUE,15,0.145053633697745
"3184",",
 ","ProxyRecord",5263.0125,-3.778548902,0.341256009309266,290.0125,0.170628004654633,145.00625,-3313.0125,10,"test_set",0.00120659041605853,-3.96221280988899,-4.02653017496981,-3.89743970635201,-3.96214055754713,-4.30545101403671,-3.62263020189544,"95%","10",TRUE,15,0.145053633697745
"3185",",
 ","ProxyRecord",5305.5125,-3.977108146,0.341713889121346,297.5125,0.170856944560673,148.75625,-3355.5125,10,"test_set",0.00123321287528455,-4.06678871998818,-4.12859591700248,-4.00277274674723,-4.06642802939071,-4.41840232906089,-3.71558510308676,"95%","10",TRUE,15,0.145053633697745
"3186",",
 ","ProxyRecord",5325.9875,-4.016826921,0.341808042,301.0375,0.17090402117789,150.51875,-3375.9875,10,"test_set",0.00124358322766138,-4.11797966712528,-4.1791903087609,-4.0528968838223,-4.12302302670869,-4.45760809801426,-3.80680156161932,"95%","10",TRUE,15,0.145053633697745
"3187",",
 ","ProxyRecord",5403.975,-4.294945935,0.342490488566976,279.025,0.171245244283488,139.5125,-3453.975,10,"test_set",0.00126778583868781,-4.31642140760443,-4.37844762111199,-4.25352023612988,-4.31921646568025,-4.65565371332332,-3.96305731302657,"95%","10",TRUE,15,0.145053633697745
"3188",",
 ","ProxyRecord",5458.0125,-4.652727697,0.343427072137768,257.0125,0.171713536068884,128.50625,-3508.0125,10,"test_set",0.00126665551662963,-4.45542766597656,-4.51884609510248,-4.39149794223054,-4.45454443019547,-4.80897082590139,-4.10536191578894,"95%","10",TRUE,15,0.145053633697745
"3189",",
 ","ProxyRecord",5876.425,-5.20971416,0.345018016928655,233.575,0.172509008464327,116.7875,-3926.425,10,"test_set",0.000726162526065721,-5.36431476203024,-5.45952522034726,-5.26545687039286,-5.36471584253398,-5.72356949544872,-5.00814498995158,"95%","10",TRUE,15,0.145053633697745
"3190",",
 ","ProxyRecord",5959.5125,-5.368946419,0.345500796548822,219.537499999999,0.172750398274411,109.76875,-4009.5125,10,"test_set",0.00052088342699097,-5.46509035403366,-5.56205086603395,-5.36559518917072,-5.46424122908229,-5.82506105169193,-5.13080832687931,"95%","10",TRUE,15,0.145053633697745
"3191",",
 ","ProxyRecord",6007.0125,-5.44857656,0.345747603325205,207.0625,0.172873801662603,103.53125,-4057.0125,10,"test_set",0.000431239143194872,-5.5077327267498,-5.60020802696942,-5.41253990158062,-5.50714208707994,-5.86153172387065,-5.14469464255378,"95%","10",TRUE,15,0.145053633697745
"3192",",
 ","ProxyRecord",6173.5,-5.647710547,0.346378582693799,166.5,0.1731892913469,83.25,-4223.5,10,"test_set",0.000327170035818725,-5.61418672812008,-5.69261013070465,-5.53354341205663,-5.61475174699821,-5.97171346799523,-5.2529045733485,"95%","10",TRUE,15,0.145053633697745
"3193",",
 ","ProxyRecord",6376,-5.767361799,0.339334572475942,137.05,0.169667286237971,68.5250000000001,-4426,10,"test_set",0.000641310437798914,-5.78437418209293,-5.85881956141384,-5.70958863925694,-5.7795776264693,-6.11882263633745,-5.40701005133822,"95%","10",TRUE,15,0.145053633697745
"3194",",
 ","ProxyRecord",7509.5125,-9.123676882,0.344163563135009,97.5124999999998,0.172081781567504,48.7562499999999,-5559.5125,10,"test_set",0.0020905649528391,-9.25231530472666,-9.30933196031017,-9.19636803141307,-9.25036395092199,-9.60158405994693,-8.9059259483197,"95%","10",TRUE,15,0.145053633697745
"3195",",
 ","ProxyRecord",7626.475,-9.966857902,0.348448225001148,45.5249999999996,0.174224112500574,22.7624999999998,-5676.475,10,"test_set",0.00240574091501244,-9.80759710891335,-9.8563350801125,-9.75789882979654,-9.8135874396154,-10.1572067663716,-9.44933380644493,"95%","10",TRUE,15,0.145053633697745
"3196",",
 ","ProxyRecord",7638.9875,-10.00707729,0.348658753653181,45.0124999999998,0.174329376826591,22.5062499999999,-5688.9875,10,"test_set",0.00242488766928339,-9.87168219070902,-9.92149552950671,-9.8216522398264,-9.87118430496573,-10.2160335301207,-9.53069132728334,"95%","10",TRUE,15,0.145053633697745
"3197",",
 ","ProxyRecord",7668.0125,-10.12775327,0.349294603306728,51.0124999999998,0.174647301653364,25.5062499999999,-5718.0125,10,"test_set",0.00245635929840837,-10.0219402369,-10.072380294928,-9.97118641473563,-10.0214832670862,-10.3767841987631,-9.67825683840087,"95%","10",TRUE,15,0.145053633697745
"3198",",
 ","ProxyRecord",7673.5125,-10.16799711,0.34950763406825,51.5124999999998,0.174753817034125,25.7562499999999,-5723.5125,10,"test_set",0.00246028442099089,-10.0505732047947,-10.10217746215,-10.0001691215764,-10.052647861143,-10.3931848541944,-9.69520097401397,"95%","10",TRUE,15,0.145053633697745
"3199",",
 ","ProxyRecord",7785.5125,-10.64362138,0.315978194872758,70.5374999999995,0.157989097436379,35.2687499999997,-5835.5125,10,"test_set",0.00239893803688496,-10.6249172036522,-10.6890091272485,-10.5623142603671,-10.6284472375085,-10.938308217155,-10.3173988683829,"95%","10",TRUE,15,0.145053633697745
"3200",",
 ","ProxyRecord",7901.9875,-11.08776593,0.318636706627967,76.0124999999998,0.159318353313984,38.0062499999999,-5951.9875,10,"test_set",0.00204945754909147,-11.1405079322929,-11.2092718544748,-11.070819717822,-11.1329231536399,-11.4484594386991,-10.8101041277055,"95%","10",TRUE,15,0.145053633697745
"3201",",
 ","ProxyRecord",8033.5,-11.49327452,0.321101327885253,79.5249999999996,0.160550663942626,39.7624999999998,-6083.5,10,"test_set",0.00130474314001816,-11.5017589600661,-11.6140013804198,-11.3878960960023,-11.5004381925663,-11.8353000681568,-11.1608781281557,"95%","10",TRUE,15,0.145053633697745
